TimeQuest Timing Analyzer report for top
Thu Sep 17 10:32:59 2026
Quartus Prime Version 17.1.0 Build 590 10/25/2017 SJ Lite Edition


---------------------
; Table of Contents ;
---------------------
  1. Legal Notice
  2. TimeQuest Timing Analyzer Summary
  3. Parallel Compilation
  4. Clocks
  5. Slow 1200mV 85C Model Fmax Summary
  6. Timing Closure Recommendations
  7. Slow 1200mV 85C Model Setup Summary
  8. Slow 1200mV 85C Model Hold Summary
  9. Slow 1200mV 85C Model Recovery Summary
 10. Slow 1200mV 85C Model Removal Summary
 11. Slow 1200mV 85C Model Minimum Pulse Width Summary
 12. Slow 1200mV 85C Model Setup: 'clk'
 13. Slow 1200mV 85C Model Setup: 'u_pll|altpll_component|auto_generated|pll1|clk[0]'
 14. Slow 1200mV 85C Model Hold: 'clk'
 15. Slow 1200mV 85C Model Hold: 'u_pll|altpll_component|auto_generated|pll1|clk[0]'
 16. Slow 1200mV 85C Model Metastability Summary
 17. Slow 1200mV 0C Model Fmax Summary
 18. Slow 1200mV 0C Model Setup Summary
 19. Slow 1200mV 0C Model Hold Summary
 20. Slow 1200mV 0C Model Recovery Summary
 21. Slow 1200mV 0C Model Removal Summary
 22. Slow 1200mV 0C Model Minimum Pulse Width Summary
 23. Slow 1200mV 0C Model Setup: 'clk'
 24. Slow 1200mV 0C Model Setup: 'u_pll|altpll_component|auto_generated|pll1|clk[0]'
 25. Slow 1200mV 0C Model Hold: 'clk'
 26. Slow 1200mV 0C Model Hold: 'u_pll|altpll_component|auto_generated|pll1|clk[0]'
 27. Slow 1200mV 0C Model Metastability Summary
 28. Fast 1200mV 0C Model Setup Summary
 29. Fast 1200mV 0C Model Hold Summary
 30. Fast 1200mV 0C Model Recovery Summary
 31. Fast 1200mV 0C Model Removal Summary
 32. Fast 1200mV 0C Model Minimum Pulse Width Summary
 33. Fast 1200mV 0C Model Setup: 'clk'
 34. Fast 1200mV 0C Model Setup: 'u_pll|altpll_component|auto_generated|pll1|clk[0]'
 35. Fast 1200mV 0C Model Hold: 'clk'
 36. Fast 1200mV 0C Model Hold: 'u_pll|altpll_component|auto_generated|pll1|clk[0]'
 37. Fast 1200mV 0C Model Metastability Summary
 38. Multicorner Timing Analysis Summary
 39. Board Trace Model Assignments
 40. Input Transition Times
 41. Signal Integrity Metrics (Slow 1200mv 0c Model)
 42. Signal Integrity Metrics (Slow 1200mv 85c Model)
 43. Signal Integrity Metrics (Fast 1200mv 0c Model)
 44. Setup Transfers
 45. Hold Transfers
 46. Report TCCS
 47. Report RSKM
 48. Unconstrained Paths Summary
 49. Clock Status Summary
 50. Unconstrained Input Ports
 51. Unconstrained Output Ports
 52. Unconstrained Input Ports
 53. Unconstrained Output Ports
 54. TimeQuest Timing Analyzer Messages



----------------
; Legal Notice ;
----------------
Copyright (C) 2017  Intel Corporation. All rights reserved.
Your use of Intel Corporation's design tools, logic functions 
and other software and tools, and its AMPP partner logic 
functions, and any output files from any of the foregoing 
(including device programming or simulation files), and any 
associated documentation or information are expressly subject 
to the terms and conditions of the Intel Program License 
Subscription Agreement, the Intel Quartus Prime License Agreement,
the Intel FPGA IP License Agreement, or other applicable license
agreement, including, without limitation, that your use is for
the sole purpose of programming logic devices manufactured by
Intel and sold by Intel or its authorized distributors.  Please
refer to the applicable agreement for further details.



+-----------------------------------------------------------------------------+
; TimeQuest Timing Analyzer Summary                                           ;
+-----------------------+-----------------------------------------------------+
; Quartus Prime Version ; Version 17.1.0 Build 590 10/25/2017 SJ Lite Edition ;
; Timing Analyzer       ; TimeQuest                                           ;
; Revision Name         ; top                                                 ;
; Device Family         ; Cyclone IV E                                        ;
; Device Name           ; EP4CE115F29C7                                       ;
; Timing Models         ; Final                                               ;
; Delay Model           ; Combined                                            ;
; Rise/Fall Delays      ; Enabled                                             ;
+-----------------------+-----------------------------------------------------+


+------------------------------------------+
; Parallel Compilation                     ;
+----------------------------+-------------+
; Processors                 ; Number      ;
+----------------------------+-------------+
; Number detected on machine ; 8           ;
; Maximum allowed            ; 4           ;
;                            ;             ;
; Average used               ; 1.20        ;
; Maximum used               ; 4           ;
;                            ;             ;
; Usage by Processor         ; % Time Used ;
;     Processor 1            ; 100.0%      ;
;     Processor 2            ;   9.8%      ;
;     Processor 3            ;   6.0%      ;
;     Processor 4            ;   4.5%      ;
+----------------------------+-------------+


+------------------------------------------------------------------------------------------------------------------------------------------------------------------------------------------------------------------------------------------------------------------------------------------------------------------------+
; Clocks                                                                                                                                                                                                                                                                                                                 ;
+---------------------------------------------------+-----------+--------+-----------+-------+--------+------------+-----------+-------------+-------+--------+-----------+------------+----------+--------+-----------------------------------------------------+-------------------------------------------------------+
; Clock Name                                        ; Type      ; Period ; Frequency ; Rise  ; Fall   ; Duty Cycle ; Divide by ; Multiply by ; Phase ; Offset ; Edge List ; Edge Shift ; Inverted ; Master ; Source                                              ; Targets                                               ;
+---------------------------------------------------+-----------+--------+-----------+-------+--------+------------+-----------+-------------+-------+--------+-----------+------------+----------+--------+-----------------------------------------------------+-------------------------------------------------------+
; clk                                               ; Base      ; 20.000 ; 50.0 MHz  ; 0.000 ; 10.000 ;            ;           ;             ;       ;        ;           ;            ;          ;        ;                                                     ; { clk }                                               ;
; u_pll|altpll_component|auto_generated|pll1|clk[0] ; Generated ; 10.000 ; 100.0 MHz ; 0.000 ; 5.000  ; 50.00      ; 1         ; 2           ;       ;        ;           ;            ; false    ; clk    ; u_pll|altpll_component|auto_generated|pll1|inclk[0] ; { u_pll|altpll_component|auto_generated|pll1|clk[0] } ;
+---------------------------------------------------+-----------+--------+-----------+-------+--------+------------+-----------+-------------+-------+--------+-----------+------------+----------+--------+-----------------------------------------------------+-------------------------------------------------------+


+-------------------------------------------------+
; Slow 1200mV 85C Model Fmax Summary              ;
+-----------+-----------------+------------+------+
; Fmax      ; Restricted Fmax ; Clock Name ; Note ;
+-----------+-----------------+------------+------+
; 71.58 MHz ; 71.58 MHz       ; clk        ;      ;
+-----------+-----------------+------------+------+
This panel reports FMAX for every clock in the design, regardless of the user-specified clock periods.  FMAX is only computed for paths where the source and destination registers or ports are driven by the same clock.  Paths of different clocks, including generated clocks, are ignored.  For paths between a clock and its inversion, FMAX is computed as if the rising and falling edges are scaled along with FMAX, such that the duty cycle (in terms of a percentage) is maintained. Altera recommends that you always use clock constraints and other slack reports for sign-off analysis.


----------------------------------
; Timing Closure Recommendations ;
----------------------------------
HTML report is unavailable in plain text report export.


+----------------------------------------------------------------------------+
; Slow 1200mV 85C Model Setup Summary                                        ;
+---------------------------------------------------+--------+---------------+
; Clock                                             ; Slack  ; End Point TNS ;
+---------------------------------------------------+--------+---------------+
; clk                                               ; -4.976 ; -185.540      ;
; u_pll|altpll_component|auto_generated|pll1|clk[0] ; 2.506  ; 0.000         ;
+---------------------------------------------------+--------+---------------+


+---------------------------------------------------------------------------+
; Slow 1200mV 85C Model Hold Summary                                        ;
+---------------------------------------------------+-------+---------------+
; Clock                                             ; Slack ; End Point TNS ;
+---------------------------------------------------+-------+---------------+
; clk                                               ; 0.402 ; 0.000         ;
; u_pll|altpll_component|auto_generated|pll1|clk[0] ; 2.868 ; 0.000         ;
+---------------------------------------------------+-------+---------------+


------------------------------------------
; Slow 1200mV 85C Model Recovery Summary ;
------------------------------------------
No paths to report.


-----------------------------------------
; Slow 1200mV 85C Model Removal Summary ;
-----------------------------------------
No paths to report.


+---------------------------------------------------------------------------+
; Slow 1200mV 85C Model Minimum Pulse Width Summary                         ;
+---------------------------------------------------+-------+---------------+
; Clock                                             ; Slack ; End Point TNS ;
+---------------------------------------------------+-------+---------------+
; u_pll|altpll_component|auto_generated|pll1|clk[0] ; 4.750 ; 0.000         ;
; clk                                               ; 9.628 ; 0.000         ;
+---------------------------------------------------+-------+---------------+


+------------------------------------------------------------------------------------------------------------------------------------------------------------------------------------------------------------------------------------------------+
; Slow 1200mV 85C Model Setup: 'clk'                                                                                                                                                                                                             ;
+--------+------------------------------------------------------------------------------------------------------------------+---------+---------------------------------------------------+-------------+--------------+------------+------------+
; Slack  ; From Node                                                                                                        ; To Node ; Launch Clock                                      ; Latch Clock ; Relationship ; Clock Skew ; Data Delay ;
+--------+------------------------------------------------------------------------------------------------------------------+---------+---------------------------------------------------+-------------+--------------+------------+------------+
; -4.976 ; conv2_w:u_conv2w|altsyncram:altsyncram_component|altsyncram_2jk1:auto_generated|ram_block1a2~porta_address_reg0  ; acc[63] ; u_pll|altpll_component|auto_generated|pll1|clk[0] ; clk         ; 10.000       ; 2.634      ; 17.528     ;
; -4.963 ; conv2_w:u_conv2w|altsyncram:altsyncram_component|altsyncram_2jk1:auto_generated|ram_block1a2~porta_address_reg0  ; acc[60] ; u_pll|altpll_component|auto_generated|pll1|clk[0] ; clk         ; 10.000       ; 2.641      ; 17.522     ;
; -4.899 ; pool1:u_pool1|altsyncram:altsyncram_component|altsyncram_a9g1:auto_generated|ram_block1a0~porta_we_reg           ; acc[63] ; u_pll|altpll_component|auto_generated|pll1|clk[0] ; clk         ; 10.000       ; 2.651      ; 17.468     ;
; -4.898 ; pool1:u_pool1|altsyncram:altsyncram_component|altsyncram_a9g1:auto_generated|ram_block1a18~porta_we_reg          ; acc[63] ; u_pll|altpll_component|auto_generated|pll1|clk[0] ; clk         ; 10.000       ; 2.646      ; 17.462     ;
; -4.886 ; pool1:u_pool1|altsyncram:altsyncram_component|altsyncram_a9g1:auto_generated|ram_block1a0~porta_we_reg           ; acc[60] ; u_pll|altpll_component|auto_generated|pll1|clk[0] ; clk         ; 10.000       ; 2.658      ; 17.462     ;
; -4.885 ; pool1:u_pool1|altsyncram:altsyncram_component|altsyncram_a9g1:auto_generated|ram_block1a18~porta_we_reg          ; acc[60] ; u_pll|altpll_component|auto_generated|pll1|clk[0] ; clk         ; 10.000       ; 2.653      ; 17.456     ;
; -4.854 ; fc_w:u_fc_w|altsyncram:altsyncram_component|altsyncram_bak1:auto_generated|ram_block1a0~porta_address_reg0       ; acc[61] ; u_pll|altpll_component|auto_generated|pll1|clk[0] ; clk         ; 10.000       ; 2.679      ; 17.451     ;
; -4.845 ; conv2_w:u_conv2w|altsyncram:altsyncram_component|altsyncram_2jk1:auto_generated|ram_block1a2~porta_address_reg0  ; acc[62] ; u_pll|altpll_component|auto_generated|pll1|clk[0] ; clk         ; 10.000       ; 2.641      ; 17.404     ;
; -4.836 ; fc_w:u_fc_w|altsyncram:altsyncram_component|altsyncram_bak1:auto_generated|ram_block1a7~porta_address_reg0       ; acc[61] ; u_pll|altpll_component|auto_generated|pll1|clk[0] ; clk         ; 10.000       ; 2.680      ; 17.434     ;
; -4.832 ; fc_w:u_fc_w|altsyncram:altsyncram_component|altsyncram_bak1:auto_generated|ram_block1a0~porta_address_reg0       ; acc[62] ; u_pll|altpll_component|auto_generated|pll1|clk[0] ; clk         ; 10.000       ; 2.679      ; 17.429     ;
; -4.824 ; fc_w:u_fc_w|altsyncram:altsyncram_component|altsyncram_bak1:auto_generated|ram_block1a3~porta_address_reg0       ; acc[61] ; u_pll|altpll_component|auto_generated|pll1|clk[0] ; clk         ; 10.000       ; 2.684      ; 17.426     ;
; -4.820 ; fc_w:u_fc_w|altsyncram:altsyncram_component|altsyncram_bak1:auto_generated|ram_block1a1~porta_address_reg0       ; acc[61] ; u_pll|altpll_component|auto_generated|pll1|clk[0] ; clk         ; 10.000       ; 2.682      ; 17.420     ;
; -4.814 ; fc_w:u_fc_w|altsyncram:altsyncram_component|altsyncram_bak1:auto_generated|ram_block1a0~porta_address_reg0       ; acc[55] ; u_pll|altpll_component|auto_generated|pll1|clk[0] ; clk         ; 10.000       ; 2.684      ; 17.416     ;
; -4.814 ; fc_w:u_fc_w|altsyncram:altsyncram_component|altsyncram_bak1:auto_generated|ram_block1a7~porta_address_reg0       ; acc[62] ; u_pll|altpll_component|auto_generated|pll1|clk[0] ; clk         ; 10.000       ; 2.680      ; 17.412     ;
; -4.810 ; pool2:u_pool2|altsyncram:altsyncram_component|altsyncram_h2i1:auto_generated|ram_block1a14~porta_we_reg          ; acc[61] ; u_pll|altpll_component|auto_generated|pll1|clk[0] ; clk         ; 10.000       ; 2.662      ; 17.390     ;
; -4.802 ; fc_w:u_fc_w|altsyncram:altsyncram_component|altsyncram_bak1:auto_generated|ram_block1a3~porta_address_reg0       ; acc[62] ; u_pll|altpll_component|auto_generated|pll1|clk[0] ; clk         ; 10.000       ; 2.684      ; 17.404     ;
; -4.798 ; fc_w:u_fc_w|altsyncram:altsyncram_component|altsyncram_bak1:auto_generated|ram_block1a1~porta_address_reg0       ; acc[62] ; u_pll|altpll_component|auto_generated|pll1|clk[0] ; clk         ; 10.000       ; 2.682      ; 17.398     ;
; -4.796 ; fc_w:u_fc_w|altsyncram:altsyncram_component|altsyncram_bak1:auto_generated|ram_block1a7~porta_address_reg0       ; acc[55] ; u_pll|altpll_component|auto_generated|pll1|clk[0] ; clk         ; 10.000       ; 2.685      ; 17.399     ;
; -4.788 ; pool2:u_pool2|altsyncram:altsyncram_component|altsyncram_h2i1:auto_generated|ram_block1a14~porta_we_reg          ; acc[62] ; u_pll|altpll_component|auto_generated|pll1|clk[0] ; clk         ; 10.000       ; 2.662      ; 17.368     ;
; -4.784 ; fc_w:u_fc_w|altsyncram:altsyncram_component|altsyncram_bak1:auto_generated|ram_block1a3~porta_address_reg0       ; acc[55] ; u_pll|altpll_component|auto_generated|pll1|clk[0] ; clk         ; 10.000       ; 2.689      ; 17.391     ;
; -4.780 ; fc_w:u_fc_w|altsyncram:altsyncram_component|altsyncram_bak1:auto_generated|ram_block1a1~porta_address_reg0       ; acc[55] ; u_pll|altpll_component|auto_generated|pll1|clk[0] ; clk         ; 10.000       ; 2.687      ; 17.385     ;
; -4.775 ; conv2_w:u_conv2w|altsyncram:altsyncram_component|altsyncram_2jk1:auto_generated|ram_block1a2~porta_address_reg0  ; acc[59] ; u_pll|altpll_component|auto_generated|pll1|clk[0] ; clk         ; 10.000       ; 2.641      ; 17.334     ;
; -4.773 ; conv2_w:u_conv2w|altsyncram:altsyncram_component|altsyncram_2jk1:auto_generated|ram_block1a0~porta_address_reg0  ; acc[63] ; u_pll|altpll_component|auto_generated|pll1|clk[0] ; clk         ; 10.000       ; 2.631      ; 17.322     ;
; -4.770 ; pool2:u_pool2|altsyncram:altsyncram_component|altsyncram_h2i1:auto_generated|ram_block1a14~porta_we_reg          ; acc[55] ; u_pll|altpll_component|auto_generated|pll1|clk[0] ; clk         ; 10.000       ; 2.667      ; 17.355     ;
; -4.768 ; pool1:u_pool1|altsyncram:altsyncram_component|altsyncram_a9g1:auto_generated|ram_block1a0~porta_we_reg           ; acc[62] ; u_pll|altpll_component|auto_generated|pll1|clk[0] ; clk         ; 10.000       ; 2.658      ; 17.344     ;
; -4.767 ; pool1:u_pool1|altsyncram:altsyncram_component|altsyncram_a9g1:auto_generated|ram_block1a18~porta_we_reg          ; acc[62] ; u_pll|altpll_component|auto_generated|pll1|clk[0] ; clk         ; 10.000       ; 2.653      ; 17.338     ;
; -4.760 ; conv2_w:u_conv2w|altsyncram:altsyncram_component|altsyncram_2jk1:auto_generated|ram_block1a0~porta_address_reg0  ; acc[60] ; u_pll|altpll_component|auto_generated|pll1|clk[0] ; clk         ; 10.000       ; 2.638      ; 17.316     ;
; -4.759 ; fc_w:u_fc_w|altsyncram:altsyncram_component|altsyncram_bak1:auto_generated|ram_block1a9~porta_address_reg0       ; acc[61] ; u_pll|altpll_component|auto_generated|pll1|clk[0] ; clk         ; 10.000       ; 2.663      ; 17.340     ;
; -4.747 ; conv2_w:u_conv2w|altsyncram:altsyncram_component|altsyncram_2jk1:auto_generated|ram_block1a8~porta_address_reg0  ; acc[63] ; u_pll|altpll_component|auto_generated|pll1|clk[0] ; clk         ; 10.000       ; 2.632      ; 17.297     ;
; -4.737 ; fc_w:u_fc_w|altsyncram:altsyncram_component|altsyncram_bak1:auto_generated|ram_block1a9~porta_address_reg0       ; acc[62] ; u_pll|altpll_component|auto_generated|pll1|clk[0] ; clk         ; 10.000       ; 2.663      ; 17.318     ;
; -4.734 ; conv2_w:u_conv2w|altsyncram:altsyncram_component|altsyncram_2jk1:auto_generated|ram_block1a8~porta_address_reg0  ; acc[60] ; u_pll|altpll_component|auto_generated|pll1|clk[0] ; clk         ; 10.000       ; 2.639      ; 17.291     ;
; -4.733 ; conv2_w:u_conv2w|altsyncram:altsyncram_component|altsyncram_2jk1:auto_generated|ram_block1a2~porta_address_reg0  ; acc[61] ; u_pll|altpll_component|auto_generated|pll1|clk[0] ; clk         ; 10.000       ; 2.641      ; 17.292     ;
; -4.727 ; conv2_w:u_conv2w|altsyncram:altsyncram_component|altsyncram_2jk1:auto_generated|ram_block1a2~porta_address_reg0  ; acc[58] ; u_pll|altpll_component|auto_generated|pll1|clk[0] ; clk         ; 10.000       ; 2.634      ; 17.279     ;
; -4.719 ; fc_w:u_fc_w|altsyncram:altsyncram_component|altsyncram_bak1:auto_generated|ram_block1a9~porta_address_reg0       ; acc[55] ; u_pll|altpll_component|auto_generated|pll1|clk[0] ; clk         ; 10.000       ; 2.668      ; 17.305     ;
; -4.705 ; fc_w:u_fc_w|altsyncram:altsyncram_component|altsyncram_bak1:auto_generated|ram_block1a13~porta_address_reg0      ; acc[61] ; u_pll|altpll_component|auto_generated|pll1|clk[0] ; clk         ; 10.000       ; 2.666      ; 17.289     ;
; -4.698 ; pool1:u_pool1|altsyncram:altsyncram_component|altsyncram_a9g1:auto_generated|ram_block1a0~porta_we_reg           ; acc[59] ; u_pll|altpll_component|auto_generated|pll1|clk[0] ; clk         ; 10.000       ; 2.658      ; 17.274     ;
; -4.697 ; pool1:u_pool1|altsyncram:altsyncram_component|altsyncram_a9g1:auto_generated|ram_block1a18~porta_we_reg          ; acc[59] ; u_pll|altpll_component|auto_generated|pll1|clk[0] ; clk         ; 10.000       ; 2.653      ; 17.268     ;
; -4.689 ; conv2_w:u_conv2w|altsyncram:altsyncram_component|altsyncram_2jk1:auto_generated|ram_block1a10~porta_address_reg0 ; acc[63] ; u_pll|altpll_component|auto_generated|pll1|clk[0] ; clk         ; 10.000       ; 2.649      ; 17.256     ;
; -4.687 ; conv2_w:u_conv2w|altsyncram:altsyncram_component|altsyncram_2jk1:auto_generated|ram_block1a2~porta_address_reg0  ; acc[57] ; u_pll|altpll_component|auto_generated|pll1|clk[0] ; clk         ; 10.000       ; 2.634      ; 17.239     ;
; -4.683 ; fc_w:u_fc_w|altsyncram:altsyncram_component|altsyncram_bak1:auto_generated|ram_block1a13~porta_address_reg0      ; acc[62] ; u_pll|altpll_component|auto_generated|pll1|clk[0] ; clk         ; 10.000       ; 2.666      ; 17.267     ;
; -4.676 ; conv2_w:u_conv2w|altsyncram:altsyncram_component|altsyncram_2jk1:auto_generated|ram_block1a10~porta_address_reg0 ; acc[60] ; u_pll|altpll_component|auto_generated|pll1|clk[0] ; clk         ; 10.000       ; 2.656      ; 17.250     ;
; -4.665 ; conv2_w:u_conv2w|altsyncram:altsyncram_component|altsyncram_2jk1:auto_generated|ram_block1a4~porta_address_reg0  ; acc[63] ; u_pll|altpll_component|auto_generated|pll1|clk[0] ; clk         ; 10.000       ; 2.648      ; 17.231     ;
; -4.665 ; fc_w:u_fc_w|altsyncram:altsyncram_component|altsyncram_bak1:auto_generated|ram_block1a13~porta_address_reg0      ; acc[55] ; u_pll|altpll_component|auto_generated|pll1|clk[0] ; clk         ; 10.000       ; 2.671      ; 17.254     ;
; -4.664 ; conv2_w:u_conv2w|altsyncram:altsyncram_component|altsyncram_2jk1:auto_generated|ram_block1a12~porta_address_reg0 ; acc[63] ; u_pll|altpll_component|auto_generated|pll1|clk[0] ; clk         ; 10.000       ; 2.666      ; 17.248     ;
; -4.660 ; conv2_w:u_conv2w|altsyncram:altsyncram_component|altsyncram_2jk1:auto_generated|ram_block1a14~porta_address_reg0 ; acc[63] ; u_pll|altpll_component|auto_generated|pll1|clk[0] ; clk         ; 10.000       ; 2.662      ; 17.240     ;
; -4.657 ; conv2_w:u_conv2w|altsyncram:altsyncram_component|altsyncram_2jk1:auto_generated|ram_block1a6~porta_address_reg0  ; acc[63] ; u_pll|altpll_component|auto_generated|pll1|clk[0] ; clk         ; 10.000       ; 2.668      ; 17.243     ;
; -4.656 ; pool1:u_pool1|altsyncram:altsyncram_component|altsyncram_a9g1:auto_generated|ram_block1a0~porta_we_reg           ; acc[61] ; u_pll|altpll_component|auto_generated|pll1|clk[0] ; clk         ; 10.000       ; 2.658      ; 17.232     ;
; -4.655 ; pool1:u_pool1|altsyncram:altsyncram_component|altsyncram_a9g1:auto_generated|ram_block1a18~porta_we_reg          ; acc[61] ; u_pll|altpll_component|auto_generated|pll1|clk[0] ; clk         ; 10.000       ; 2.653      ; 17.226     ;
; -4.652 ; conv2_w:u_conv2w|altsyncram:altsyncram_component|altsyncram_2jk1:auto_generated|ram_block1a4~porta_address_reg0  ; acc[60] ; u_pll|altpll_component|auto_generated|pll1|clk[0] ; clk         ; 10.000       ; 2.655      ; 17.225     ;
; -4.651 ; conv2_w:u_conv2w|altsyncram:altsyncram_component|altsyncram_2jk1:auto_generated|ram_block1a12~porta_address_reg0 ; acc[60] ; u_pll|altpll_component|auto_generated|pll1|clk[0] ; clk         ; 10.000       ; 2.673      ; 17.242     ;
; -4.650 ; pool1:u_pool1|altsyncram:altsyncram_component|altsyncram_a9g1:auto_generated|ram_block1a0~porta_we_reg           ; acc[58] ; u_pll|altpll_component|auto_generated|pll1|clk[0] ; clk         ; 10.000       ; 2.651      ; 17.219     ;
; -4.649 ; pool1:u_pool1|altsyncram:altsyncram_component|altsyncram_a9g1:auto_generated|ram_block1a18~porta_we_reg          ; acc[58] ; u_pll|altpll_component|auto_generated|pll1|clk[0] ; clk         ; 10.000       ; 2.646      ; 17.213     ;
; -4.647 ; conv2_w:u_conv2w|altsyncram:altsyncram_component|altsyncram_2jk1:auto_generated|ram_block1a14~porta_address_reg0 ; acc[60] ; u_pll|altpll_component|auto_generated|pll1|clk[0] ; clk         ; 10.000       ; 2.669      ; 17.234     ;
; -4.644 ; conv2_w:u_conv2w|altsyncram:altsyncram_component|altsyncram_2jk1:auto_generated|ram_block1a6~porta_address_reg0  ; acc[60] ; u_pll|altpll_component|auto_generated|pll1|clk[0] ; clk         ; 10.000       ; 2.675      ; 17.237     ;
; -4.642 ; conv2_w:u_conv2w|altsyncram:altsyncram_component|altsyncram_2jk1:auto_generated|ram_block1a0~porta_address_reg0  ; acc[62] ; u_pll|altpll_component|auto_generated|pll1|clk[0] ; clk         ; 10.000       ; 2.638      ; 17.198     ;
; -4.622 ; conv2_w:u_conv2w|altsyncram:altsyncram_component|altsyncram_2jk1:auto_generated|ram_block1a2~porta_address_reg0  ; acc[56] ; u_pll|altpll_component|auto_generated|pll1|clk[0] ; clk         ; 10.000       ; 2.634      ; 17.174     ;
; -4.616 ; fc_w:u_fc_w|altsyncram:altsyncram_component|altsyncram_bak1:auto_generated|ram_block1a0~porta_address_reg0       ; acc[63] ; u_pll|altpll_component|auto_generated|pll1|clk[0] ; clk         ; 10.000       ; 2.672      ; 17.206     ;
; -4.616 ; conv2_w:u_conv2w|altsyncram:altsyncram_component|altsyncram_2jk1:auto_generated|ram_block1a8~porta_address_reg0  ; acc[62] ; u_pll|altpll_component|auto_generated|pll1|clk[0] ; clk         ; 10.000       ; 2.639      ; 17.173     ;
; -4.610 ; pool1:u_pool1|altsyncram:altsyncram_component|altsyncram_a9g1:auto_generated|ram_block1a0~porta_we_reg           ; acc[57] ; u_pll|altpll_component|auto_generated|pll1|clk[0] ; clk         ; 10.000       ; 2.651      ; 17.179     ;
; -4.609 ; pool1:u_pool1|altsyncram:altsyncram_component|altsyncram_a9g1:auto_generated|ram_block1a18~porta_we_reg          ; acc[57] ; u_pll|altpll_component|auto_generated|pll1|clk[0] ; clk         ; 10.000       ; 2.646      ; 17.173     ;
; -4.598 ; fc_w:u_fc_w|altsyncram:altsyncram_component|altsyncram_bak1:auto_generated|ram_block1a7~porta_address_reg0       ; acc[63] ; u_pll|altpll_component|auto_generated|pll1|clk[0] ; clk         ; 10.000       ; 2.673      ; 17.189     ;
; -4.586 ; pool1:u_pool1|altsyncram:altsyncram_component|altsyncram_a9g1:auto_generated|ram_block1a10~porta_we_reg          ; acc[63] ; u_pll|altpll_component|auto_generated|pll1|clk[0] ; clk         ; 10.000       ; 2.653      ; 17.157     ;
; -4.586 ; fc_w:u_fc_w|altsyncram:altsyncram_component|altsyncram_bak1:auto_generated|ram_block1a3~porta_address_reg0       ; acc[63] ; u_pll|altpll_component|auto_generated|pll1|clk[0] ; clk         ; 10.000       ; 2.677      ; 17.181     ;
; -4.582 ; fc_w:u_fc_w|altsyncram:altsyncram_component|altsyncram_bak1:auto_generated|ram_block1a1~porta_address_reg0       ; acc[63] ; u_pll|altpll_component|auto_generated|pll1|clk[0] ; clk         ; 10.000       ; 2.675      ; 17.175     ;
; -4.572 ; conv2_w:u_conv2w|altsyncram:altsyncram_component|altsyncram_2jk1:auto_generated|ram_block1a0~porta_address_reg0  ; acc[59] ; u_pll|altpll_component|auto_generated|pll1|clk[0] ; clk         ; 10.000       ; 2.638      ; 17.128     ;
; -4.572 ; pool2:u_pool2|altsyncram:altsyncram_component|altsyncram_h2i1:auto_generated|ram_block1a14~porta_we_reg          ; acc[63] ; u_pll|altpll_component|auto_generated|pll1|clk[0] ; clk         ; 10.000       ; 2.655      ; 17.145     ;
; -4.570 ; conv2_w:u_conv2w|altsyncram:altsyncram_component|altsyncram_2jk1:auto_generated|ram_block1a2~porta_address_reg0  ; acc[54] ; u_pll|altpll_component|auto_generated|pll1|clk[0] ; clk         ; 10.000       ; 2.672      ; 17.160     ;
; -4.569 ; fc_w:u_fc_w|altsyncram:altsyncram_component|altsyncram_bak1:auto_generated|ram_block1a0~porta_address_reg0       ; acc[54] ; u_pll|altpll_component|auto_generated|pll1|clk[0] ; clk         ; 10.000       ; 2.710      ; 17.197     ;
; -4.558 ; conv2_w:u_conv2w|altsyncram:altsyncram_component|altsyncram_2jk1:auto_generated|ram_block1a10~porta_address_reg0 ; acc[62] ; u_pll|altpll_component|auto_generated|pll1|clk[0] ; clk         ; 10.000       ; 2.656      ; 17.132     ;
; -4.558 ; pool1:u_pool1|altsyncram:altsyncram_component|altsyncram_a9g1:auto_generated|ram_block1a10~porta_we_reg          ; acc[60] ; u_pll|altpll_component|auto_generated|pll1|clk[0] ; clk         ; 10.000       ; 2.660      ; 17.136     ;
; -4.551 ; fc_w:u_fc_w|altsyncram:altsyncram_component|altsyncram_bak1:auto_generated|ram_block1a7~porta_address_reg0       ; acc[54] ; u_pll|altpll_component|auto_generated|pll1|clk[0] ; clk         ; 10.000       ; 2.711      ; 17.180     ;
; -4.546 ; conv2_w:u_conv2w|altsyncram:altsyncram_component|altsyncram_2jk1:auto_generated|ram_block1a8~porta_address_reg0  ; acc[59] ; u_pll|altpll_component|auto_generated|pll1|clk[0] ; clk         ; 10.000       ; 2.639      ; 17.103     ;
; -4.545 ; pool1:u_pool1|altsyncram:altsyncram_component|altsyncram_a9g1:auto_generated|ram_block1a0~porta_we_reg           ; acc[56] ; u_pll|altpll_component|auto_generated|pll1|clk[0] ; clk         ; 10.000       ; 2.651      ; 17.114     ;
; -4.544 ; pool1:u_pool1|altsyncram:altsyncram_component|altsyncram_a9g1:auto_generated|ram_block1a18~porta_we_reg          ; acc[56] ; u_pll|altpll_component|auto_generated|pll1|clk[0] ; clk         ; 10.000       ; 2.646      ; 17.108     ;
; -4.539 ; fc_w:u_fc_w|altsyncram:altsyncram_component|altsyncram_bak1:auto_generated|ram_block1a3~porta_address_reg0       ; acc[54] ; u_pll|altpll_component|auto_generated|pll1|clk[0] ; clk         ; 10.000       ; 2.715      ; 17.172     ;
; -4.535 ; fc_w:u_fc_w|altsyncram:altsyncram_component|altsyncram_bak1:auto_generated|ram_block1a1~porta_address_reg0       ; acc[54] ; u_pll|altpll_component|auto_generated|pll1|clk[0] ; clk         ; 10.000       ; 2.713      ; 17.166     ;
; -4.534 ; conv2_w:u_conv2w|altsyncram:altsyncram_component|altsyncram_2jk1:auto_generated|ram_block1a4~porta_address_reg0  ; acc[62] ; u_pll|altpll_component|auto_generated|pll1|clk[0] ; clk         ; 10.000       ; 2.655      ; 17.107     ;
; -4.533 ; conv2_w:u_conv2w|altsyncram:altsyncram_component|altsyncram_2jk1:auto_generated|ram_block1a12~porta_address_reg0 ; acc[62] ; u_pll|altpll_component|auto_generated|pll1|clk[0] ; clk         ; 10.000       ; 2.673      ; 17.124     ;
; -4.530 ; conv2_w:u_conv2w|altsyncram:altsyncram_component|altsyncram_2jk1:auto_generated|ram_block1a0~porta_address_reg0  ; acc[61] ; u_pll|altpll_component|auto_generated|pll1|clk[0] ; clk         ; 10.000       ; 2.638      ; 17.086     ;
; -4.529 ; conv2_w:u_conv2w|altsyncram:altsyncram_component|altsyncram_2jk1:auto_generated|ram_block1a14~porta_address_reg0 ; acc[62] ; u_pll|altpll_component|auto_generated|pll1|clk[0] ; clk         ; 10.000       ; 2.669      ; 17.116     ;
; -4.526 ; conv2_w:u_conv2w|altsyncram:altsyncram_component|altsyncram_2jk1:auto_generated|ram_block1a6~porta_address_reg0  ; acc[62] ; u_pll|altpll_component|auto_generated|pll1|clk[0] ; clk         ; 10.000       ; 2.675      ; 17.119     ;
; -4.525 ; pool2:u_pool2|altsyncram:altsyncram_component|altsyncram_h2i1:auto_generated|ram_block1a14~porta_we_reg          ; acc[54] ; u_pll|altpll_component|auto_generated|pll1|clk[0] ; clk         ; 10.000       ; 2.693      ; 17.136     ;
; -4.524 ; conv2_w:u_conv2w|altsyncram:altsyncram_component|altsyncram_2jk1:auto_generated|ram_block1a0~porta_address_reg0  ; acc[58] ; u_pll|altpll_component|auto_generated|pll1|clk[0] ; clk         ; 10.000       ; 2.631      ; 17.073     ;
; -4.521 ; fc_w:u_fc_w|altsyncram:altsyncram_component|altsyncram_bak1:auto_generated|ram_block1a9~porta_address_reg0       ; acc[63] ; u_pll|altpll_component|auto_generated|pll1|clk[0] ; clk         ; 10.000       ; 2.656      ; 17.095     ;
; -4.504 ; conv2_w:u_conv2w|altsyncram:altsyncram_component|altsyncram_2jk1:auto_generated|ram_block1a8~porta_address_reg0  ; acc[61] ; u_pll|altpll_component|auto_generated|pll1|clk[0] ; clk         ; 10.000       ; 2.639      ; 17.061     ;
; -4.498 ; conv2_w:u_conv2w|altsyncram:altsyncram_component|altsyncram_2jk1:auto_generated|ram_block1a8~porta_address_reg0  ; acc[58] ; u_pll|altpll_component|auto_generated|pll1|clk[0] ; clk         ; 10.000       ; 2.632      ; 17.048     ;
; -4.493 ; pool1:u_pool1|altsyncram:altsyncram_component|altsyncram_a9g1:auto_generated|ram_block1a0~porta_we_reg           ; acc[54] ; u_pll|altpll_component|auto_generated|pll1|clk[0] ; clk         ; 10.000       ; 2.689      ; 17.100     ;
; -4.492 ; fc_w:u_fc_w|altsyncram:altsyncram_component|altsyncram_bak1:auto_generated|ram_block1a5~porta_address_reg0       ; acc[61] ; u_pll|altpll_component|auto_generated|pll1|clk[0] ; clk         ; 10.000       ; 2.678      ; 17.088     ;
; -4.492 ; pool1:u_pool1|altsyncram:altsyncram_component|altsyncram_a9g1:auto_generated|ram_block1a18~porta_we_reg          ; acc[54] ; u_pll|altpll_component|auto_generated|pll1|clk[0] ; clk         ; 10.000       ; 2.684      ; 17.094     ;
; -4.488 ; conv2_w:u_conv2w|altsyncram:altsyncram_component|altsyncram_2jk1:auto_generated|ram_block1a10~porta_address_reg0 ; acc[59] ; u_pll|altpll_component|auto_generated|pll1|clk[0] ; clk         ; 10.000       ; 2.656      ; 17.062     ;
; -4.484 ; conv2_w:u_conv2w|altsyncram:altsyncram_component|altsyncram_2jk1:auto_generated|ram_block1a0~porta_address_reg0  ; acc[57] ; u_pll|altpll_component|auto_generated|pll1|clk[0] ; clk         ; 10.000       ; 2.631      ; 17.033     ;
; -4.474 ; fc_w:u_fc_w|altsyncram:altsyncram_component|altsyncram_bak1:auto_generated|ram_block1a9~porta_address_reg0       ; acc[54] ; u_pll|altpll_component|auto_generated|pll1|clk[0] ; clk         ; 10.000       ; 2.694      ; 17.086     ;
; -4.470 ; fc_w:u_fc_w|altsyncram:altsyncram_component|altsyncram_bak1:auto_generated|ram_block1a5~porta_address_reg0       ; acc[62] ; u_pll|altpll_component|auto_generated|pll1|clk[0] ; clk         ; 10.000       ; 2.678      ; 17.066     ;
; -4.467 ; fc_w:u_fc_w|altsyncram:altsyncram_component|altsyncram_bak1:auto_generated|ram_block1a13~porta_address_reg0      ; acc[63] ; u_pll|altpll_component|auto_generated|pll1|clk[0] ; clk         ; 10.000       ; 2.659      ; 17.044     ;
; -4.464 ; conv2_w:u_conv2w|altsyncram:altsyncram_component|altsyncram_2jk1:auto_generated|ram_block1a4~porta_address_reg0  ; acc[59] ; u_pll|altpll_component|auto_generated|pll1|clk[0] ; clk         ; 10.000       ; 2.655      ; 17.037     ;
; -4.463 ; conv2_w:u_conv2w|altsyncram:altsyncram_component|altsyncram_2jk1:auto_generated|ram_block1a12~porta_address_reg0 ; acc[59] ; u_pll|altpll_component|auto_generated|pll1|clk[0] ; clk         ; 10.000       ; 2.673      ; 17.054     ;
; -4.461 ; conv2_w:u_conv2w|altsyncram:altsyncram_component|altsyncram_2jk1:auto_generated|ram_block1a2~porta_address_reg0  ; acc[55] ; u_pll|altpll_component|auto_generated|pll1|clk[0] ; clk         ; 10.000       ; 2.646      ; 17.025     ;
; -4.459 ; conv2_w:u_conv2w|altsyncram:altsyncram_component|altsyncram_2jk1:auto_generated|ram_block1a14~porta_address_reg0 ; acc[59] ; u_pll|altpll_component|auto_generated|pll1|clk[0] ; clk         ; 10.000       ; 2.669      ; 17.046     ;
; -4.458 ; conv2_w:u_conv2w|altsyncram:altsyncram_component|altsyncram_2jk1:auto_generated|ram_block1a8~porta_address_reg0  ; acc[57] ; u_pll|altpll_component|auto_generated|pll1|clk[0] ; clk         ; 10.000       ; 2.632      ; 17.008     ;
; -4.456 ; conv2_w:u_conv2w|altsyncram:altsyncram_component|altsyncram_2jk1:auto_generated|ram_block1a6~porta_address_reg0  ; acc[59] ; u_pll|altpll_component|auto_generated|pll1|clk[0] ; clk         ; 10.000       ; 2.675      ; 17.049     ;
+--------+------------------------------------------------------------------------------------------------------------------+---------+---------------------------------------------------+-------------+--------------+------------+------------+


+----------------------------------------------------------------------------------------------------------------------------------------------------------------------------------------------------------------------------------------------------------------+
; Slow 1200mV 85C Model Setup: 'u_pll|altpll_component|auto_generated|pll1|clk[0]'                                                                                                                                                                               ;
+-------+--------------------+-----------------------------------------------------------------------------------------------------------------------+--------------+---------------------------------------------------+--------------+------------+------------+
; Slack ; From Node          ; To Node                                                                                                               ; Launch Clock ; Latch Clock                                       ; Relationship ; Clock Skew ; Data Delay ;
+-------+--------------------+-----------------------------------------------------------------------------------------------------------------------+--------------+---------------------------------------------------+--------------+------------+------------+
; 2.506 ; addr_img_conv1[9]  ; img_conv1:u_img_conv1|altsyncram:altsyncram_component|altsyncram_i5i1:auto_generated|ram_block1a30~porta_address_reg0 ; clk          ; u_pll|altpll_component|auto_generated|pll1|clk[0] ; 10.000       ; -2.866     ; 4.616      ;
; 2.790 ; addr_img_conv1[9]  ; img_conv1:u_img_conv1|altsyncram:altsyncram_component|altsyncram_i5i1:auto_generated|ram_block1a20~porta_address_reg0 ; clk          ; u_pll|altpll_component|auto_generated|pll1|clk[0] ; 10.000       ; -2.872     ; 4.326      ;
; 2.818 ; addr_img_conv1[9]  ; img_conv1:u_img_conv1|altsyncram:altsyncram_component|altsyncram_i5i1:auto_generated|ram_block1a10~porta_address_reg0 ; clk          ; u_pll|altpll_component|auto_generated|pll1|clk[0] ; 10.000       ; -2.877     ; 4.293      ;
; 2.834 ; addr_img_conv1[7]  ; img_conv1:u_img_conv1|altsyncram:altsyncram_component|altsyncram_i5i1:auto_generated|ram_block1a30~porta_address_reg0 ; clk          ; u_pll|altpll_component|auto_generated|pll1|clk[0] ; 10.000       ; -2.866     ; 4.288      ;
; 2.850 ; wren_img_conv1     ; img_conv1:u_img_conv1|altsyncram:altsyncram_component|altsyncram_i5i1:auto_generated|ram_block1a30~porta_we_reg       ; clk          ; u_pll|altpll_component|auto_generated|pll1|clk[0] ; 10.000       ; -2.854     ; 4.284      ;
; 2.859 ; addr_img_conv1[2]  ; img_conv1:u_img_conv1|altsyncram:altsyncram_component|altsyncram_i5i1:auto_generated|ram_block1a9~porta_address_reg0  ; clk          ; u_pll|altpll_component|auto_generated|pll1|clk[0] ; 10.000       ; -2.873     ; 4.256      ;
; 2.894 ; wren_img_conv1     ; img_conv1:u_img_conv1|altsyncram:altsyncram_component|altsyncram_i5i1:auto_generated|ram_block1a20~porta_we_reg       ; clk          ; u_pll|altpll_component|auto_generated|pll1|clk[0] ; 10.000       ; -2.860     ; 4.234      ;
; 3.112 ; addr_img_conv1[9]  ; img_conv1:u_img_conv1|altsyncram:altsyncram_component|altsyncram_i5i1:auto_generated|ram_block1a21~porta_address_reg0 ; clk          ; u_pll|altpll_component|auto_generated|pll1|clk[0] ; 10.000       ; -2.893     ; 3.983      ;
; 3.135 ; addr_img_conv1[7]  ; img_conv1:u_img_conv1|altsyncram:altsyncram_component|altsyncram_i5i1:auto_generated|ram_block1a20~porta_address_reg0 ; clk          ; u_pll|altpll_component|auto_generated|pll1|clk[0] ; 10.000       ; -2.872     ; 3.981      ;
; 3.153 ; addr_img_conv1[1]  ; img_conv1:u_img_conv1|altsyncram:altsyncram_component|altsyncram_i5i1:auto_generated|ram_block1a9~porta_address_reg0  ; clk          ; u_pll|altpll_component|auto_generated|pll1|clk[0] ; 10.000       ; -2.873     ; 3.962      ;
; 3.172 ; addr_img_conv1[7]  ; img_conv1:u_img_conv1|altsyncram:altsyncram_component|altsyncram_i5i1:auto_generated|ram_block1a10~porta_address_reg0 ; clk          ; u_pll|altpll_component|auto_generated|pll1|clk[0] ; 10.000       ; -2.877     ; 3.939      ;
; 3.173 ; addr_img_conv1[2]  ; img_conv1:u_img_conv1|altsyncram:altsyncram_component|altsyncram_i5i1:auto_generated|ram_block1a30~porta_address_reg0 ; clk          ; u_pll|altpll_component|auto_generated|pll1|clk[0] ; 10.000       ; -2.866     ; 3.949      ;
; 3.188 ; wren_img_conv1     ; img_conv1:u_img_conv1|altsyncram:altsyncram_component|altsyncram_i5i1:auto_generated|ram_block1a10~porta_we_reg       ; clk          ; u_pll|altpll_component|auto_generated|pll1|clk[0] ; 10.000       ; -2.865     ; 3.935      ;
; 3.193 ; addr_img_conv1[2]  ; img_conv1:u_img_conv1|altsyncram:altsyncram_component|altsyncram_i5i1:auto_generated|ram_block1a31~porta_address_reg0 ; clk          ; u_pll|altpll_component|auto_generated|pll1|clk[0] ; 10.000       ; -2.875     ; 3.920      ;
; 3.194 ; addr_img_conv1[7]  ; img_conv1:u_img_conv1|altsyncram:altsyncram_component|altsyncram_i5i1:auto_generated|ram_block1a21~porta_address_reg0 ; clk          ; u_pll|altpll_component|auto_generated|pll1|clk[0] ; 10.000       ; -2.893     ; 3.901      ;
; 3.201 ; addr_img_conv1[2]  ; img_conv1:u_img_conv1|altsyncram:altsyncram_component|altsyncram_i5i1:auto_generated|ram_block1a23~porta_address_reg0 ; clk          ; u_pll|altpll_component|auto_generated|pll1|clk[0] ; 10.000       ; -2.881     ; 3.906      ;
; 3.208 ; addr_img_conv1[1]  ; img_conv1:u_img_conv1|altsyncram:altsyncram_component|altsyncram_i5i1:auto_generated|ram_block1a31~porta_address_reg0 ; clk          ; u_pll|altpll_component|auto_generated|pll1|clk[0] ; 10.000       ; -2.875     ; 3.905      ;
; 3.213 ; wren_img_conv1     ; img_conv1:u_img_conv1|altsyncram:altsyncram_component|altsyncram_i5i1:auto_generated|ram_block1a11~porta_we_reg       ; clk          ; u_pll|altpll_component|auto_generated|pll1|clk[0] ; 10.000       ; -2.874     ; 3.901      ;
; 3.214 ; addr_img_conv1[9]  ; img_conv1:u_img_conv1|altsyncram:altsyncram_component|altsyncram_i5i1:auto_generated|ram_block1a9~porta_address_reg0  ; clk          ; u_pll|altpll_component|auto_generated|pll1|clk[0] ; 10.000       ; -2.873     ; 3.901      ;
; 3.240 ; addr_conv2w[2]     ; conv2_w:u_conv2w|altsyncram:altsyncram_component|altsyncram_2jk1:auto_generated|ram_block1a6~porta_address_reg0       ; clk          ; u_pll|altpll_component|auto_generated|pll1|clk[0] ; 10.000       ; -2.860     ; 3.888      ;
; 3.244 ; addr_img_conv1[1]  ; img_conv1:u_img_conv1|altsyncram:altsyncram_component|altsyncram_i5i1:auto_generated|ram_block1a23~porta_address_reg0 ; clk          ; u_pll|altpll_component|auto_generated|pll1|clk[0] ; 10.000       ; -2.881     ; 3.863      ;
; 3.281 ; addr_img_conv1[1]  ; img_conv1:u_img_conv1|altsyncram:altsyncram_component|altsyncram_i5i1:auto_generated|ram_block1a30~porta_address_reg0 ; clk          ; u_pll|altpll_component|auto_generated|pll1|clk[0] ; 10.000       ; -2.866     ; 3.841      ;
; 3.358 ; addr_img_conv1[5]  ; img_conv1:u_img_conv1|altsyncram:altsyncram_component|altsyncram_i5i1:auto_generated|ram_block1a30~porta_address_reg0 ; clk          ; u_pll|altpll_component|auto_generated|pll1|clk[0] ; 10.000       ; -2.866     ; 3.764      ;
; 3.408 ; addr_img_conv1[12] ; img_conv1:u_img_conv1|altsyncram:altsyncram_component|altsyncram_i5i1:auto_generated|ram_block1a9~porta_address_reg0  ; clk          ; u_pll|altpll_component|auto_generated|pll1|clk[0] ; 10.000       ; -2.873     ; 3.707      ;
; 3.418 ; addr_img_conv1[0]  ; img_conv1:u_img_conv1|altsyncram:altsyncram_component|altsyncram_i5i1:auto_generated|ram_block1a30~porta_address_reg0 ; clk          ; u_pll|altpll_component|auto_generated|pll1|clk[0] ; 10.000       ; -2.866     ; 3.704      ;
; 3.449 ; addr_img_conv1[12] ; img_conv1:u_img_conv1|altsyncram:altsyncram_component|altsyncram_i5i1:auto_generated|ram_block1a23~porta_address_reg0 ; clk          ; u_pll|altpll_component|auto_generated|pll1|clk[0] ; 10.000       ; -2.881     ; 3.658      ;
; 3.464 ; addr_img_conv1[7]  ; img_conv1:u_img_conv1|altsyncram:altsyncram_component|altsyncram_i5i1:auto_generated|ram_block1a11~porta_address_reg0 ; clk          ; u_pll|altpll_component|auto_generated|pll1|clk[0] ; 10.000       ; -2.886     ; 3.638      ;
; 3.476 ; addr_img_conv1[12] ; img_conv1:u_img_conv1|altsyncram:altsyncram_component|altsyncram_i5i1:auto_generated|ram_block1a31~porta_address_reg0 ; clk          ; u_pll|altpll_component|auto_generated|pll1|clk[0] ; 10.000       ; -2.875     ; 3.637      ;
; 3.493 ; addr_img_conv1[1]  ; img_conv1:u_img_conv1|altsyncram:altsyncram_component|altsyncram_i5i1:auto_generated|ram_block1a7~porta_address_reg0  ; clk          ; u_pll|altpll_component|auto_generated|pll1|clk[0] ; 10.000       ; -2.886     ; 3.609      ;
; 3.516 ; addr_img_conv1[9]  ; img_conv1:u_img_conv1|altsyncram:altsyncram_component|altsyncram_i5i1:auto_generated|ram_block1a23~porta_address_reg0 ; clk          ; u_pll|altpll_component|auto_generated|pll1|clk[0] ; 10.000       ; -2.881     ; 3.591      ;
; 3.526 ; addr_img_conv1[2]  ; img_conv1:u_img_conv1|altsyncram:altsyncram_component|altsyncram_i5i1:auto_generated|ram_block1a20~porta_address_reg0 ; clk          ; u_pll|altpll_component|auto_generated|pll1|clk[0] ; 10.000       ; -2.872     ; 3.590      ;
; 3.532 ; addr_img_conv1[9]  ; img_conv1:u_img_conv1|altsyncram:altsyncram_component|altsyncram_i5i1:auto_generated|ram_block1a31~porta_address_reg0 ; clk          ; u_pll|altpll_component|auto_generated|pll1|clk[0] ; 10.000       ; -2.875     ; 3.581      ;
; 3.539 ; addr_img_conv1[2]  ; img_conv1:u_img_conv1|altsyncram:altsyncram_component|altsyncram_i5i1:auto_generated|ram_block1a7~porta_address_reg0  ; clk          ; u_pll|altpll_component|auto_generated|pll1|clk[0] ; 10.000       ; -2.886     ; 3.563      ;
; 3.561 ; addr_img_conv1[8]  ; img_conv1:u_img_conv1|altsyncram:altsyncram_component|altsyncram_i5i1:auto_generated|ram_block1a1~porta_address_reg0  ; clk          ; u_pll|altpll_component|auto_generated|pll1|clk[0] ; 10.000       ; -2.862     ; 3.565      ;
; 3.582 ; addr_img_conv1[1]  ; img_conv1:u_img_conv1|altsyncram:altsyncram_component|altsyncram_i5i1:auto_generated|ram_block1a10~porta_address_reg0 ; clk          ; u_pll|altpll_component|auto_generated|pll1|clk[0] ; 10.000       ; -2.877     ; 3.529      ;
; 3.586 ; addr_img_conv1[1]  ; img_conv1:u_img_conv1|altsyncram:altsyncram_component|altsyncram_i5i1:auto_generated|ram_block1a20~porta_address_reg0 ; clk          ; u_pll|altpll_component|auto_generated|pll1|clk[0] ; 10.000       ; -2.872     ; 3.530      ;
; 3.590 ; addr_img_conv1[12] ; img_conv1:u_img_conv1|altsyncram:altsyncram_component|altsyncram_i5i1:auto_generated|ram_block1a5~porta_address_reg0  ; clk          ; u_pll|altpll_component|auto_generated|pll1|clk[0] ; 10.000       ; -2.891     ; 3.507      ;
; 3.592 ; addr_img_conv1[3]  ; img_conv1:u_img_conv1|altsyncram:altsyncram_component|altsyncram_i5i1:auto_generated|ram_block1a2~porta_address_reg0  ; clk          ; u_pll|altpll_component|auto_generated|pll1|clk[0] ; 10.000       ; -2.855     ; 3.541      ;
; 3.603 ; addr_conv2w[1]     ; conv2_w:u_conv2w|altsyncram:altsyncram_component|altsyncram_2jk1:auto_generated|ram_block1a6~porta_address_reg0       ; clk          ; u_pll|altpll_component|auto_generated|pll1|clk[0] ; 10.000       ; -2.860     ; 3.525      ;
; 3.605 ; addr_conv2w[1]     ; conv2_w:u_conv2w|altsyncram:altsyncram_component|altsyncram_2jk1:auto_generated|ram_block1a12~porta_address_reg0      ; clk          ; u_pll|altpll_component|auto_generated|pll1|clk[0] ; 10.000       ; -2.858     ; 3.525      ;
; 3.626 ; addr_img_conv1[12] ; img_conv1:u_img_conv1|altsyncram:altsyncram_component|altsyncram_i5i1:auto_generated|ram_block1a3~porta_address_reg0  ; clk          ; u_pll|altpll_component|auto_generated|pll1|clk[0] ; 10.000       ; -2.886     ; 3.476      ;
; 3.628 ; addr_img_conv1[12] ; img_conv1:u_img_conv1|altsyncram:altsyncram_component|altsyncram_i5i1:auto_generated|ram_block1a28~porta_address_reg0 ; clk          ; u_pll|altpll_component|auto_generated|pll1|clk[0] ; 10.000       ; -2.904     ; 3.456      ;
; 3.642 ; addr_img_conv1[2]  ; img_conv1:u_img_conv1|altsyncram:altsyncram_component|altsyncram_i5i1:auto_generated|ram_block1a29~porta_address_reg0 ; clk          ; u_pll|altpll_component|auto_generated|pll1|clk[0] ; 10.000       ; -2.904     ; 3.442      ;
; 3.683 ; addr_img_conv1[12] ; img_conv1:u_img_conv1|altsyncram:altsyncram_component|altsyncram_i5i1:auto_generated|ram_block1a30~porta_address_reg0 ; clk          ; u_pll|altpll_component|auto_generated|pll1|clk[0] ; 10.000       ; -2.866     ; 3.439      ;
; 3.683 ; addr_conv2w[1]     ; conv2_w:u_conv2w|altsyncram:altsyncram_component|altsyncram_2jk1:auto_generated|ram_block1a14~porta_address_reg0      ; clk          ; u_pll|altpll_component|auto_generated|pll1|clk[0] ; 10.000       ; -2.854     ; 3.451      ;
; 3.684 ; addr_img_conv1[5]  ; img_conv1:u_img_conv1|altsyncram:altsyncram_component|altsyncram_i5i1:auto_generated|ram_block1a20~porta_address_reg0 ; clk          ; u_pll|altpll_component|auto_generated|pll1|clk[0] ; 10.000       ; -2.872     ; 3.432      ;
; 3.686 ; addr_conv2w[4]     ; conv2_w:u_conv2w|altsyncram:altsyncram_component|altsyncram_2jk1:auto_generated|ram_block1a6~porta_address_reg0       ; clk          ; u_pll|altpll_component|auto_generated|pll1|clk[0] ; 10.000       ; -2.860     ; 3.442      ;
; 3.687 ; addr_img_conv1[5]  ; img_conv1:u_img_conv1|altsyncram:altsyncram_component|altsyncram_i5i1:auto_generated|ram_block1a10~porta_address_reg0 ; clk          ; u_pll|altpll_component|auto_generated|pll1|clk[0] ; 10.000       ; -2.877     ; 3.424      ;
; 3.688 ; addr_pool1[9]      ; pool1:u_pool1|altsyncram:altsyncram_component|altsyncram_a9g1:auto_generated|ram_block1a6~porta_address_reg0          ; clk          ; u_pll|altpll_component|auto_generated|pll1|clk[0] ; 10.000       ; -2.858     ; 3.442      ;
; 3.693 ; addr_img_conv1[0]  ; img_conv1:u_img_conv1|altsyncram:altsyncram_component|altsyncram_i5i1:auto_generated|ram_block1a9~porta_address_reg0  ; clk          ; u_pll|altpll_component|auto_generated|pll1|clk[0] ; 10.000       ; -2.873     ; 3.422      ;
; 3.698 ; addr_img_conv1[4]  ; img_conv1:u_img_conv1|altsyncram:altsyncram_component|altsyncram_i5i1:auto_generated|ram_block1a30~porta_address_reg0 ; clk          ; u_pll|altpll_component|auto_generated|pll1|clk[0] ; 10.000       ; -2.866     ; 3.424      ;
; 3.722 ; addr_conv2w[4]     ; conv2_w:u_conv2w|altsyncram:altsyncram_component|altsyncram_2jk1:auto_generated|ram_block1a12~porta_address_reg0      ; clk          ; u_pll|altpll_component|auto_generated|pll1|clk[0] ; 10.000       ; -2.858     ; 3.408      ;
; 3.724 ; addr_img_conv1[0]  ; img_conv1:u_img_conv1|altsyncram:altsyncram_component|altsyncram_i5i1:auto_generated|ram_block1a31~porta_address_reg0 ; clk          ; u_pll|altpll_component|auto_generated|pll1|clk[0] ; 10.000       ; -2.875     ; 3.389      ;
; 3.727 ; addr_img_conv1[11] ; img_conv1:u_img_conv1|altsyncram:altsyncram_component|altsyncram_i5i1:auto_generated|ram_block1a9~porta_address_reg0  ; clk          ; u_pll|altpll_component|auto_generated|pll1|clk[0] ; 10.000       ; -2.873     ; 3.388      ;
; 3.730 ; addr_img_conv1[12] ; img_conv1:u_img_conv1|altsyncram:altsyncram_component|altsyncram_i5i1:auto_generated|ram_block1a7~porta_address_reg0  ; clk          ; u_pll|altpll_component|auto_generated|pll1|clk[0] ; 10.000       ; -2.886     ; 3.372      ;
; 3.740 ; addr_img_conv1[0]  ; img_conv1:u_img_conv1|altsyncram:altsyncram_component|altsyncram_i5i1:auto_generated|ram_block1a10~porta_address_reg0 ; clk          ; u_pll|altpll_component|auto_generated|pll1|clk[0] ; 10.000       ; -2.877     ; 3.371      ;
; 3.745 ; addr_img_conv1[11] ; img_conv1:u_img_conv1|altsyncram:altsyncram_component|altsyncram_i5i1:auto_generated|ram_block1a23~porta_address_reg0 ; clk          ; u_pll|altpll_component|auto_generated|pll1|clk[0] ; 10.000       ; -2.881     ; 3.362      ;
; 3.748 ; addr_img_conv1[9]  ; img_conv1:u_img_conv1|altsyncram:altsyncram_component|altsyncram_i5i1:auto_generated|ram_block1a11~porta_address_reg0 ; clk          ; u_pll|altpll_component|auto_generated|pll1|clk[0] ; 10.000       ; -2.886     ; 3.354      ;
; 3.752 ; addr_img_conv1[0]  ; img_conv1:u_img_conv1|altsyncram:altsyncram_component|altsyncram_i5i1:auto_generated|ram_block1a11~porta_address_reg0 ; clk          ; u_pll|altpll_component|auto_generated|pll1|clk[0] ; 10.000       ; -2.886     ; 3.350      ;
; 3.753 ; wren_img_conv1     ; img_conv1:u_img_conv1|altsyncram:altsyncram_component|altsyncram_i5i1:auto_generated|ram_block1a31~porta_we_reg       ; clk          ; u_pll|altpll_component|auto_generated|pll1|clk[0] ; 10.000       ; -2.863     ; 3.372      ;
; 3.767 ; addr_img_conv1[11] ; img_conv1:u_img_conv1|altsyncram:altsyncram_component|altsyncram_i5i1:auto_generated|ram_block1a31~porta_address_reg0 ; clk          ; u_pll|altpll_component|auto_generated|pll1|clk[0] ; 10.000       ; -2.875     ; 3.346      ;
; 3.769 ; addr_conv2w[2]     ; conv2_w:u_conv2w|altsyncram:altsyncram_component|altsyncram_2jk1:auto_generated|ram_block1a12~porta_address_reg0      ; clk          ; u_pll|altpll_component|auto_generated|pll1|clk[0] ; 10.000       ; -2.858     ; 3.361      ;
; 3.772 ; addr_img_conv1[0]  ; img_conv1:u_img_conv1|altsyncram:altsyncram_component|altsyncram_i5i1:auto_generated|ram_block1a20~porta_address_reg0 ; clk          ; u_pll|altpll_component|auto_generated|pll1|clk[0] ; 10.000       ; -2.872     ; 3.344      ;
; 3.776 ; wren_pool1         ; pool1:u_pool1|altsyncram:altsyncram_component|altsyncram_a9g1:auto_generated|ram_block1a26~porta_we_reg               ; clk          ; u_pll|altpll_component|auto_generated|pll1|clk[0] ; 10.000       ; -2.844     ; 3.368      ;
; 3.803 ; addr_img_conv1[0]  ; img_conv1:u_img_conv1|altsyncram:altsyncram_component|altsyncram_i5i1:auto_generated|ram_block1a2~porta_address_reg0  ; clk          ; u_pll|altpll_component|auto_generated|pll1|clk[0] ; 10.000       ; -2.855     ; 3.330      ;
; 3.811 ; addr_img_conv1[2]  ; img_conv1:u_img_conv1|altsyncram:altsyncram_component|altsyncram_i5i1:auto_generated|ram_block1a10~porta_address_reg0 ; clk          ; u_pll|altpll_component|auto_generated|pll1|clk[0] ; 10.000       ; -2.877     ; 3.300      ;
; 3.815 ; addr_conv2w[0]     ; conv2_w:u_conv2w|altsyncram:altsyncram_component|altsyncram_2jk1:auto_generated|ram_block1a6~porta_address_reg0       ; clk          ; u_pll|altpll_component|auto_generated|pll1|clk[0] ; 10.000       ; -2.860     ; 3.313      ;
; 3.817 ; addr_img_conv1[7]  ; img_conv1:u_img_conv1|altsyncram:altsyncram_component|altsyncram_i5i1:auto_generated|ram_block1a31~porta_address_reg0 ; clk          ; u_pll|altpll_component|auto_generated|pll1|clk[0] ; 10.000       ; -2.875     ; 3.296      ;
; 3.819 ; addr_conv2w[6]     ; conv2_w:u_conv2w|altsyncram:altsyncram_component|altsyncram_2jk1:auto_generated|ram_block1a6~porta_address_reg0       ; clk          ; u_pll|altpll_component|auto_generated|pll1|clk[0] ; 10.000       ; -2.860     ; 3.309      ;
; 3.831 ; addr_img_conv1[7]  ; img_conv1:u_img_conv1|altsyncram:altsyncram_component|altsyncram_i5i1:auto_generated|ram_block1a23~porta_address_reg0 ; clk          ; u_pll|altpll_component|auto_generated|pll1|clk[0] ; 10.000       ; -2.881     ; 3.276      ;
; 3.841 ; wren_img_conv1     ; img_conv1:u_img_conv1|altsyncram:altsyncram_component|altsyncram_i5i1:auto_generated|ram_block1a21~porta_we_reg       ; clk          ; u_pll|altpll_component|auto_generated|pll1|clk[0] ; 10.000       ; -2.881     ; 3.266      ;
; 3.845 ; addr_conv2w[0]     ; conv2_w:u_conv2w|altsyncram:altsyncram_component|altsyncram_2jk1:auto_generated|ram_block1a12~porta_address_reg0      ; clk          ; u_pll|altpll_component|auto_generated|pll1|clk[0] ; 10.000       ; -2.858     ; 3.285      ;
; 3.850 ; addr_img_conv1[7]  ; img_conv1:u_img_conv1|altsyncram:altsyncram_component|altsyncram_i5i1:auto_generated|ram_block1a9~porta_address_reg0  ; clk          ; u_pll|altpll_component|auto_generated|pll1|clk[0] ; 10.000       ; -2.873     ; 3.265      ;
; 3.858 ; addr_img_conv1[9]  ; img_conv1:u_img_conv1|altsyncram:altsyncram_component|altsyncram_i5i1:auto_generated|ram_block1a13~porta_address_reg0 ; clk          ; u_pll|altpll_component|auto_generated|pll1|clk[0] ; 10.000       ; -2.895     ; 3.235      ;
; 3.863 ; addr_img_conv1[2]  ; img_conv1:u_img_conv1|altsyncram:altsyncram_component|altsyncram_i5i1:auto_generated|ram_block1a11~porta_address_reg0 ; clk          ; u_pll|altpll_component|auto_generated|pll1|clk[0] ; 10.000       ; -2.886     ; 3.239      ;
; 3.867 ; addr_img_conv1[8]  ; img_conv1:u_img_conv1|altsyncram:altsyncram_component|altsyncram_i5i1:auto_generated|ram_block1a8~porta_address_reg0  ; clk          ; u_pll|altpll_component|auto_generated|pll1|clk[0] ; 10.000       ; -2.880     ; 3.241      ;
; 3.882 ; addr_img_conv1[3]  ; img_conv1:u_img_conv1|altsyncram:altsyncram_component|altsyncram_i5i1:auto_generated|ram_block1a1~porta_address_reg0  ; clk          ; u_pll|altpll_component|auto_generated|pll1|clk[0] ; 10.000       ; -2.862     ; 3.244      ;
; 3.892 ; addr_img_conv1[8]  ; img_conv1:u_img_conv1|altsyncram:altsyncram_component|altsyncram_i5i1:auto_generated|ram_block1a6~porta_address_reg0  ; clk          ; u_pll|altpll_component|auto_generated|pll1|clk[0] ; 10.000       ; -2.875     ; 3.221      ;
; 3.894 ; addr_img_conv1[9]  ; img_conv1:u_img_conv1|altsyncram:altsyncram_component|altsyncram_i5i1:auto_generated|ram_block1a18~porta_address_reg0 ; clk          ; u_pll|altpll_component|auto_generated|pll1|clk[0] ; 10.000       ; -2.902     ; 3.192      ;
; 3.900 ; wren_img_conv1     ; img_conv1:u_img_conv1|altsyncram:altsyncram_component|altsyncram_i5i1:auto_generated|ram_block1a13~porta_we_reg       ; clk          ; u_pll|altpll_component|auto_generated|pll1|clk[0] ; 10.000       ; -2.883     ; 3.205      ;
; 3.902 ; addr_img_conv1[9]  ; img_conv1:u_img_conv1|altsyncram:altsyncram_component|altsyncram_i5i1:auto_generated|ram_block1a24~porta_address_reg0 ; clk          ; u_pll|altpll_component|auto_generated|pll1|clk[0] ; 10.000       ; -2.848     ; 3.238      ;
; 3.911 ; addr_img_conv1[9]  ; img_conv1:u_img_conv1|altsyncram:altsyncram_component|altsyncram_i5i1:auto_generated|ram_block1a27~porta_address_reg0 ; clk          ; u_pll|altpll_component|auto_generated|pll1|clk[0] ; 10.000       ; -2.850     ; 3.227      ;
; 3.930 ; addr_img_conv1[2]  ; img_conv1:u_img_conv1|altsyncram:altsyncram_component|altsyncram_i5i1:auto_generated|ram_block1a28~porta_address_reg0 ; clk          ; u_pll|altpll_component|auto_generated|pll1|clk[0] ; 10.000       ; -2.904     ; 3.154      ;
; 3.936 ; addr_img_conv1[12] ; img_conv1:u_img_conv1|altsyncram:altsyncram_component|altsyncram_i5i1:auto_generated|ram_block1a4~porta_address_reg0  ; clk          ; u_pll|altpll_component|auto_generated|pll1|clk[0] ; 10.000       ; -2.911     ; 3.141      ;
; 3.936 ; addr_img_conv1[2]  ; img_conv1:u_img_conv1|altsyncram:altsyncram_component|altsyncram_i5i1:auto_generated|ram_block1a8~porta_address_reg0  ; clk          ; u_pll|altpll_component|auto_generated|pll1|clk[0] ; 10.000       ; -2.880     ; 3.172      ;
; 3.938 ; addr_img_conv1[1]  ; img_conv1:u_img_conv1|altsyncram:altsyncram_component|altsyncram_i5i1:auto_generated|ram_block1a21~porta_address_reg0 ; clk          ; u_pll|altpll_component|auto_generated|pll1|clk[0] ; 10.000       ; -2.893     ; 3.157      ;
; 3.944 ; addr_img_conv1[2]  ; img_conv1:u_img_conv1|altsyncram:altsyncram_component|altsyncram_i5i1:auto_generated|ram_block1a4~porta_address_reg0  ; clk          ; u_pll|altpll_component|auto_generated|pll1|clk[0] ; 10.000       ; -2.911     ; 3.133      ;
; 3.945 ; addr_img_conv1[5]  ; img_conv1:u_img_conv1|altsyncram:altsyncram_component|altsyncram_i5i1:auto_generated|ram_block1a21~porta_address_reg0 ; clk          ; u_pll|altpll_component|auto_generated|pll1|clk[0] ; 10.000       ; -2.893     ; 3.150      ;
; 3.946 ; addr_pool1[8]      ; pool1:u_pool1|altsyncram:altsyncram_component|altsyncram_a9g1:auto_generated|ram_block1a26~porta_address_reg0         ; clk          ; u_pll|altpll_component|auto_generated|pll1|clk[0] ; 10.000       ; -2.858     ; 3.184      ;
; 3.946 ; addr_img_conv1[1]  ; img_conv1:u_img_conv1|altsyncram:altsyncram_component|altsyncram_i5i1:auto_generated|ram_block1a11~porta_address_reg0 ; clk          ; u_pll|altpll_component|auto_generated|pll1|clk[0] ; 10.000       ; -2.886     ; 3.156      ;
; 3.963 ; addr_img_conv1[2]  ; img_conv1:u_img_conv1|altsyncram:altsyncram_component|altsyncram_i5i1:auto_generated|ram_block1a3~porta_address_reg0  ; clk          ; u_pll|altpll_component|auto_generated|pll1|clk[0] ; 10.000       ; -2.886     ; 3.139      ;
; 3.964 ; addr_img_conv1[2]  ; img_conv1:u_img_conv1|altsyncram:altsyncram_component|altsyncram_i5i1:auto_generated|ram_block1a6~porta_address_reg0  ; clk          ; u_pll|altpll_component|auto_generated|pll1|clk[0] ; 10.000       ; -2.875     ; 3.149      ;
; 3.969 ; addr_img_conv1[5]  ; img_conv1:u_img_conv1|altsyncram:altsyncram_component|altsyncram_i5i1:auto_generated|ram_block1a19~porta_address_reg0 ; clk          ; u_pll|altpll_component|auto_generated|pll1|clk[0] ; 10.000       ; -2.853     ; 3.166      ;
; 3.978 ; addr_img_conv1[3]  ; img_conv1:u_img_conv1|altsyncram:altsyncram_component|altsyncram_i5i1:auto_generated|ram_block1a22~porta_address_reg0 ; clk          ; u_pll|altpll_component|auto_generated|pll1|clk[0] ; 10.000       ; -2.857     ; 3.153      ;
; 3.981 ; addr_img_conv1[1]  ; img_conv1:u_img_conv1|altsyncram:altsyncram_component|altsyncram_i5i1:auto_generated|ram_block1a13~porta_address_reg0 ; clk          ; u_pll|altpll_component|auto_generated|pll1|clk[0] ; 10.000       ; -2.895     ; 3.112      ;
; 3.985 ; addr_img_conv1[5]  ; img_conv1:u_img_conv1|altsyncram:altsyncram_component|altsyncram_i5i1:auto_generated|ram_block1a11~porta_address_reg0 ; clk          ; u_pll|altpll_component|auto_generated|pll1|clk[0] ; 10.000       ; -2.886     ; 3.117      ;
; 3.995 ; addr_img_conv1[4]  ; img_conv1:u_img_conv1|altsyncram:altsyncram_component|altsyncram_i5i1:auto_generated|ram_block1a20~porta_address_reg0 ; clk          ; u_pll|altpll_component|auto_generated|pll1|clk[0] ; 10.000       ; -2.872     ; 3.121      ;
; 3.998 ; addr_img_conv1[12] ; img_conv1:u_img_conv1|altsyncram:altsyncram_component|altsyncram_i5i1:auto_generated|ram_block1a10~porta_address_reg0 ; clk          ; u_pll|altpll_component|auto_generated|pll1|clk[0] ; 10.000       ; -2.877     ; 3.113      ;
; 4.003 ; addr_img_conv1[2]  ; img_conv1:u_img_conv1|altsyncram:altsyncram_component|altsyncram_i5i1:auto_generated|ram_block1a26~porta_address_reg0 ; clk          ; u_pll|altpll_component|auto_generated|pll1|clk[0] ; 10.000       ; -2.898     ; 3.087      ;
; 4.006 ; addr_img_conv1[5]  ; img_conv1:u_img_conv1|altsyncram:altsyncram_component|altsyncram_i5i1:auto_generated|ram_block1a22~porta_address_reg0 ; clk          ; u_pll|altpll_component|auto_generated|pll1|clk[0] ; 10.000       ; -2.857     ; 3.125      ;
+-------+--------------------+-----------------------------------------------------------------------------------------------------------------------+--------------+---------------------------------------------------+--------------+------------+------------+


+------------------------------------------------------------------------------------------------------------------------------+
; Slow 1200mV 85C Model Hold: 'clk'                                                                                            ;
+-------+------------------------+-----------------------+--------------+-------------+--------------+------------+------------+
; Slack ; From Node              ; To Node               ; Launch Clock ; Latch Clock ; Relationship ; Clock Skew ; Data Delay ;
+-------+------------------------+-----------------------+--------------+-------------+--------------+------------+------------+
; 0.402 ; best_digit[3]          ; best_digit[3]         ; clk          ; clk         ; 0.000        ; 0.081      ; 0.669      ;
; 0.402 ; best_digit[2]          ; best_digit[2]         ; clk          ; clk         ; 0.000        ; 0.081      ; 0.669      ;
; 0.402 ; best_digit[1]          ; best_digit[1]         ; clk          ; clk         ; 0.000        ; 0.081      ; 0.669      ;
; 0.402 ; best_digit[0]          ; best_digit[0]         ; clk          ; clk         ; 0.000        ; 0.081      ; 0.669      ;
; 0.402 ; state.S_FC             ; state.S_FC            ; clk          ; clk         ; 0.000        ; 0.081      ; 0.669      ;
; 0.402 ; state.S_CONV2          ; state.S_CONV2         ; clk          ; clk         ; 0.000        ; 0.081      ; 0.669      ;
; 0.402 ; col[4]                 ; col[4]                ; clk          ; clk         ; 0.000        ; 0.081      ; 0.669      ;
; 0.402 ; col[1]                 ; col[1]                ; clk          ; clk         ; 0.000        ; 0.081      ; 0.669      ;
; 0.402 ; col[0]                 ; col[0]                ; clk          ; clk         ; 0.000        ; 0.081      ; 0.669      ;
; 0.402 ; col[2]                 ; col[2]                ; clk          ; clk         ; 0.000        ; 0.081      ; 0.669      ;
; 0.402 ; col[3]                 ; col[3]                ; clk          ; clk         ; 0.000        ; 0.081      ; 0.669      ;
; 0.402 ; ch[3]                  ; ch[3]                 ; clk          ; clk         ; 0.000        ; 0.081      ; 0.669      ;
; 0.402 ; kh[1]                  ; kh[1]                 ; clk          ; clk         ; 0.000        ; 0.081      ; 0.669      ;
; 0.402 ; kh[0]                  ; kh[0]                 ; clk          ; clk         ; 0.000        ; 0.081      ; 0.669      ;
; 0.402 ; kw[1]                  ; kw[1]                 ; clk          ; clk         ; 0.000        ; 0.081      ; 0.669      ;
; 0.402 ; ic[2]                  ; ic[2]                 ; clk          ; clk         ; 0.000        ; 0.081      ; 0.669      ;
; 0.402 ; ic[1]                  ; ic[1]                 ; clk          ; clk         ; 0.000        ; 0.081      ; 0.669      ;
; 0.402 ; LED_R[0]~reg0          ; LED_R[0]~reg0         ; clk          ; clk         ; 0.000        ; 0.081      ; 0.669      ;
; 0.402 ; wren_pool1             ; wren_pool1            ; clk          ; clk         ; 0.000        ; 0.081      ; 0.669      ;
; 0.402 ; addr_fcw[0]            ; addr_fcw[0]           ; clk          ; clk         ; 0.000        ; 0.081      ; 0.669      ;
; 0.402 ; i[4]                   ; i[4]                  ; clk          ; clk         ; 0.000        ; 0.081      ; 0.669      ;
; 0.402 ; i[8]                   ; i[8]                  ; clk          ; clk         ; 0.000        ; 0.081      ; 0.669      ;
; 0.402 ; i[6]                   ; i[6]                  ; clk          ; clk         ; 0.000        ; 0.081      ; 0.669      ;
; 0.402 ; i[7]                   ; i[7]                  ; clk          ; clk         ; 0.000        ; 0.081      ; 0.669      ;
; 0.402 ; i[5]                   ; i[5]                  ; clk          ; clk         ; 0.000        ; 0.081      ; 0.669      ;
; 0.402 ; cls[1]                 ; cls[1]                ; clk          ; clk         ; 0.000        ; 0.081      ; 0.669      ;
; 0.402 ; cls[0]                 ; cls[0]                ; clk          ; clk         ; 0.000        ; 0.081      ; 0.669      ;
; 0.402 ; cls[2]                 ; cls[2]                ; clk          ; clk         ; 0.000        ; 0.081      ; 0.669      ;
; 0.402 ; cls[3]                 ; cls[3]                ; clk          ; clk         ; 0.000        ; 0.081      ; 0.669      ;
; 0.402 ; stt.00101              ; stt.00101             ; clk          ; clk         ; 0.000        ; 0.081      ; 0.669      ;
; 0.402 ; ch[1]                  ; ch[1]                 ; clk          ; clk         ; 0.000        ; 0.081      ; 0.669      ;
; 0.402 ; ch[2]                  ; ch[2]                 ; clk          ; clk         ; 0.000        ; 0.081      ; 0.669      ;
; 0.402 ; stt.00100              ; stt.00100             ; clk          ; clk         ; 0.000        ; 0.081      ; 0.669      ;
; 0.402 ; state.S_IDLE           ; state.S_IDLE          ; clk          ; clk         ; 0.000        ; 0.081      ; 0.669      ;
; 0.402 ; state.S_DONE           ; state.S_DONE          ; clk          ; clk         ; 0.000        ; 0.081      ; 0.669      ;
; 0.403 ; row[2]                 ; row[2]                ; clk          ; clk         ; 0.000        ; 0.080      ; 0.669      ;
; 0.403 ; row[3]                 ; row[3]                ; clk          ; clk         ; 0.000        ; 0.080      ; 0.669      ;
; 0.403 ; row[4]                 ; row[4]                ; clk          ; clk         ; 0.000        ; 0.080      ; 0.669      ;
; 0.403 ; wren_pool2             ; wren_pool2            ; clk          ; clk         ; 0.000        ; 0.080      ; 0.669      ;
; 0.403 ; wren_img_conv2         ; wren_img_conv2        ; clk          ; clk         ; 0.000        ; 0.080      ; 0.669      ;
; 0.403 ; addr_img_conv2[4]      ; addr_img_conv2[4]     ; clk          ; clk         ; 0.000        ; 0.080      ; 0.669      ;
; 0.403 ; addr_img_conv2[7]      ; addr_img_conv2[7]     ; clk          ; clk         ; 0.000        ; 0.080      ; 0.669      ;
; 0.403 ; wren_img_conv1         ; wren_img_conv1        ; clk          ; clk         ; 0.000        ; 0.080      ; 0.669      ;
; 0.403 ; stt.00110              ; stt.00110             ; clk          ; clk         ; 0.000        ; 0.080      ; 0.669      ;
; 0.407 ; state.S_POOL2          ; state.S_POOL2         ; clk          ; clk         ; 0.000        ; 0.081      ; 0.674      ;
; 0.407 ; state.S_POOL1          ; state.S_POOL1         ; clk          ; clk         ; 0.000        ; 0.081      ; 0.674      ;
; 0.407 ; kw[0]                  ; kw[0]                 ; clk          ; clk         ; 0.000        ; 0.081      ; 0.674      ;
; 0.407 ; ic[0]                  ; ic[0]                 ; clk          ; clk         ; 0.000        ; 0.081      ; 0.674      ;
; 0.407 ; ch[0]                  ; ch[0]                 ; clk          ; clk         ; 0.000        ; 0.081      ; 0.674      ;
; 0.427 ; score_rtl_0_bypass[25] ; best_score[16]        ; clk          ; clk         ; 0.000        ; 0.082      ; 0.695      ;
; 0.427 ; score_rtl_0_bypass[35] ; best_score[26]        ; clk          ; clk         ; 0.000        ; 0.082      ; 0.695      ;
; 0.427 ; score_rtl_0_bypass[20] ; best_score[11]        ; clk          ; clk         ; 0.000        ; 0.082      ; 0.695      ;
; 0.427 ; score_rtl_0_bypass[24] ; best_score[15]        ; clk          ; clk         ; 0.000        ; 0.082      ; 0.695      ;
; 0.428 ; score_rtl_0_bypass[32] ; best_score[23]        ; clk          ; clk         ; 0.000        ; 0.082      ; 0.696      ;
; 0.428 ; score_rtl_0_bypass[38] ; best_score[29]        ; clk          ; clk         ; 0.000        ; 0.082      ; 0.696      ;
; 0.428 ; score_rtl_0_bypass[21] ; best_score[12]        ; clk          ; clk         ; 0.000        ; 0.082      ; 0.696      ;
; 0.428 ; score_rtl_0_bypass[16] ; best_score[7]         ; clk          ; clk         ; 0.000        ; 0.081      ; 0.695      ;
; 0.430 ; score_rtl_0_bypass[13] ; best_score[4]         ; clk          ; clk         ; 0.000        ; 0.081      ; 0.697      ;
; 0.453 ; max_val[13]            ; data_w_pool2[13]      ; clk          ; clk         ; 0.000        ; 0.080      ; 0.719      ;
; 0.455 ; ic[1]                  ; ic[2]                 ; clk          ; clk         ; 0.000        ; 0.081      ; 0.722      ;
; 0.458 ; stt.00101              ; score_rtl_0_bypass[0] ; clk          ; clk         ; 0.000        ; 0.081      ; 0.725      ;
; 0.465 ; kw[0]                  ; kw[2]                 ; clk          ; clk         ; 0.000        ; 0.081      ; 0.732      ;
; 0.465 ; ch[0]                  ; ch[2]                 ; clk          ; clk         ; 0.000        ; 0.081      ; 0.732      ;
; 0.475 ; ic[0]                  ; ic[1]                 ; clk          ; clk         ; 0.000        ; 0.081      ; 0.742      ;
; 0.480 ; col[0]                 ; addr_img_conv2[5]     ; clk          ; clk         ; 0.000        ; 0.081      ; 0.747      ;
; 0.482 ; ic[0]                  ; addr_pool1[0]         ; clk          ; clk         ; 0.000        ; 0.081      ; 0.749      ;
; 0.564 ; state.S_IDLE           ; state.S_CONV1         ; clk          ; clk         ; 0.000        ; 0.081      ; 0.831      ;
; 0.591 ; ch[1]                  ; addr_pool2[1]         ; clk          ; clk         ; 0.000        ; 0.081      ; 0.858      ;
; 0.607 ; best_digit[3]          ; digit[3]              ; clk          ; clk         ; 0.000        ; 0.081      ; 0.874      ;
; 0.609 ; best_digit[2]          ; digit[2]              ; clk          ; clk         ; 0.000        ; 0.081      ; 0.876      ;
; 0.609 ; best_digit[0]          ; digit[0]              ; clk          ; clk         ; 0.000        ; 0.081      ; 0.876      ;
; 0.610 ; best_digit[1]          ; digit[1]              ; clk          ; clk         ; 0.000        ; 0.081      ; 0.877      ;
; 0.622 ; ic[0]                  ; addr_conv2w[4]        ; clk          ; clk         ; 0.000        ; 0.082      ; 0.890      ;
; 0.622 ; max_val[11]            ; data_w_pool2[11]      ; clk          ; clk         ; 0.000        ; 0.079      ; 0.887      ;
; 0.624 ; max_val[4]             ; data_w_pool2[4]       ; clk          ; clk         ; 0.000        ; 0.080      ; 0.890      ;
; 0.625 ; ic[1]                  ; addr_pool1[1]         ; clk          ; clk         ; 0.000        ; 0.082      ; 0.893      ;
; 0.627 ; ic[1]                  ; addr_conv2w[5]        ; clk          ; clk         ; 0.000        ; 0.082      ; 0.895      ;
; 0.627 ; max_val[9]             ; data_w_pool2[9]       ; clk          ; clk         ; 0.000        ; 0.079      ; 0.892      ;
; 0.631 ; max_val[10]            ; data_w_pool2[10]      ; clk          ; clk         ; 0.000        ; 0.079      ; 0.896      ;
; 0.636 ; score_rtl_0_bypass[37] ; best_score[28]        ; clk          ; clk         ; 0.000        ; 0.082      ; 0.904      ;
; 0.637 ; score_rtl_0_bypass[9]  ; best_score[0]         ; clk          ; clk         ; 0.000        ; 0.082      ; 0.905      ;
; 0.637 ; score_rtl_0_bypass[22] ; best_score[13]        ; clk          ; clk         ; 0.000        ; 0.082      ; 0.905      ;
; 0.637 ; score_rtl_0_bypass[39] ; best_score[30]        ; clk          ; clk         ; 0.000        ; 0.081      ; 0.904      ;
; 0.638 ; score_rtl_0_bypass[26] ; best_score[17]        ; clk          ; clk         ; 0.000        ; 0.082      ; 0.906      ;
; 0.638 ; score_rtl_0_bypass[27] ; best_score[18]        ; clk          ; clk         ; 0.000        ; 0.082      ; 0.906      ;
; 0.638 ; score_rtl_0_bypass[19] ; best_score[10]        ; clk          ; clk         ; 0.000        ; 0.082      ; 0.906      ;
; 0.638 ; score_rtl_0_bypass[31] ; best_score[22]        ; clk          ; clk         ; 0.000        ; 0.082      ; 0.906      ;
; 0.638 ; score_rtl_0_bypass[12] ; best_score[3]         ; clk          ; clk         ; 0.000        ; 0.080      ; 0.904      ;
; 0.638 ; score_rtl_0_bypass[17] ; best_score[8]         ; clk          ; clk         ; 0.000        ; 0.081      ; 0.905      ;
; 0.638 ; score_rtl_0_bypass[18] ; best_score[9]         ; clk          ; clk         ; 0.000        ; 0.081      ; 0.905      ;
; 0.639 ; score_rtl_0_bypass[29] ; best_score[20]        ; clk          ; clk         ; 0.000        ; 0.082      ; 0.907      ;
; 0.639 ; score_rtl_0_bypass[40] ; best_score[31]        ; clk          ; clk         ; 0.000        ; 0.082      ; 0.907      ;
; 0.639 ; score_rtl_0_bypass[33] ; best_score[24]        ; clk          ; clk         ; 0.000        ; 0.082      ; 0.907      ;
; 0.639 ; score_rtl_0_bypass[30] ; best_score[21]        ; clk          ; clk         ; 0.000        ; 0.082      ; 0.907      ;
; 0.640 ; score_rtl_0_bypass[14] ; best_score[5]         ; clk          ; clk         ; 0.000        ; 0.081      ; 0.907      ;
; 0.641 ; score_rtl_0_bypass[11] ; best_score[2]         ; clk          ; clk         ; 0.000        ; 0.080      ; 0.907      ;
; 0.668 ; state.S_POOL2          ; state.S_FC            ; clk          ; clk         ; 0.000        ; 0.081      ; 0.935      ;
; 0.674 ; ch[1]                  ; ch[2]                 ; clk          ; clk         ; 0.000        ; 0.081      ; 0.941      ;
; 0.682 ; col[2]                 ; addr_img_conv2[6]     ; clk          ; clk         ; 0.000        ; 0.081      ; 0.949      ;
; 0.682 ; ch[0]                  ; ch[1]                 ; clk          ; clk         ; 0.000        ; 0.081      ; 0.949      ;
+-------+------------------------+-----------------------+--------------+-------------+--------------+------------+------------+


+------------------------------------------------------------------------------------------------------------------------------------------------------------------------------------------------------------------------------------------------------------------+
; Slow 1200mV 85C Model Hold: 'u_pll|altpll_component|auto_generated|pll1|clk[0]'                                                                                                                                                                                  ;
+-------+----------------------+-----------------------------------------------------------------------------------------------------------------------+--------------+---------------------------------------------------+--------------+------------+------------+
; Slack ; From Node            ; To Node                                                                                                               ; Launch Clock ; Latch Clock                                       ; Relationship ; Clock Skew ; Data Delay ;
+-------+----------------------+-----------------------------------------------------------------------------------------------------------------------+--------------+---------------------------------------------------+--------------+------------+------------+
; 2.868 ; data_w_pool1[1]      ; pool1:u_pool1|altsyncram:altsyncram_component|altsyncram_a9g1:auto_generated|ram_block1a0~porta_datain_reg0           ; clk          ; u_pll|altpll_component|auto_generated|pll1|clk[0] ; 0.000        ; -2.245     ; 0.945      ;
; 2.877 ; addr_img_conv2[3]    ; img_conv2:u_img_conv2|altsyncram:altsyncram_component|altsyncram_45i1:auto_generated|ram_block1a1~porta_address_reg0  ; clk          ; u_pll|altpll_component|auto_generated|pll1|clk[0] ; 0.000        ; -2.251     ; 0.948      ;
; 2.910 ; data_w_img_conv2[3]  ; img_conv2:u_img_conv2|altsyncram:altsyncram_component|altsyncram_45i1:auto_generated|ram_block1a1~porta_datain_reg0   ; clk          ; u_pll|altpll_component|auto_generated|pll1|clk[0] ; 0.000        ; -2.243     ; 0.989      ;
; 2.914 ; addr_img_conv2[4]    ; img_conv2:u_img_conv2|altsyncram:altsyncram_component|altsyncram_45i1:auto_generated|ram_block1a1~porta_address_reg0  ; clk          ; u_pll|altpll_component|auto_generated|pll1|clk[0] ; 0.000        ; -2.252     ; 0.984      ;
; 2.915 ; data_w_img_conv2[5]  ; img_conv2:u_img_conv2|altsyncram:altsyncram_component|altsyncram_45i1:auto_generated|ram_block1a1~porta_datain_reg0   ; clk          ; u_pll|altpll_component|auto_generated|pll1|clk[0] ; 0.000        ; -2.243     ; 0.994      ;
; 2.928 ; data_w_img_conv2[1]  ; img_conv2:u_img_conv2|altsyncram:altsyncram_component|altsyncram_45i1:auto_generated|ram_block1a1~porta_datain_reg0   ; clk          ; u_pll|altpll_component|auto_generated|pll1|clk[0] ; 0.000        ; -2.243     ; 1.007      ;
; 2.928 ; addr_img[3]          ; image:u_image|altsyncram:altsyncram_component|altsyncram_1dm1:auto_generated|ram_block1a9~porta_address_reg0          ; clk          ; u_pll|altpll_component|auto_generated|pll1|clk[0] ; 0.000        ; -2.248     ; 1.002      ;
; 2.929 ; addr_img[1]          ; image:u_image|altsyncram:altsyncram_component|altsyncram_1dm1:auto_generated|ram_block1a0~porta_address_reg0          ; clk          ; u_pll|altpll_component|auto_generated|pll1|clk[0] ; 0.000        ; -2.248     ; 1.003      ;
; 2.933 ; addr_fcw[2]          ; fc_w:u_fc_w|altsyncram:altsyncram_component|altsyncram_bak1:auto_generated|ram_block1a13~porta_address_reg0           ; clk          ; u_pll|altpll_component|auto_generated|pll1|clk[0] ; 0.000        ; -2.248     ; 1.007      ;
; 2.933 ; addr_fcw[9]          ; fc_w:u_fc_w|altsyncram:altsyncram_component|altsyncram_bak1:auto_generated|ram_block1a13~porta_address_reg0           ; clk          ; u_pll|altpll_component|auto_generated|pll1|clk[0] ; 0.000        ; -2.248     ; 1.007      ;
; 2.935 ; addr_fcw[11]         ; fc_w:u_fc_w|altsyncram:altsyncram_component|altsyncram_bak1:auto_generated|ram_block1a13~porta_address_reg0           ; clk          ; u_pll|altpll_component|auto_generated|pll1|clk[0] ; 0.000        ; -2.248     ; 1.009      ;
; 2.940 ; addr_img[0]          ; image:u_image|altsyncram:altsyncram_component|altsyncram_1dm1:auto_generated|ram_block1a0~porta_address_reg0          ; clk          ; u_pll|altpll_component|auto_generated|pll1|clk[0] ; 0.000        ; -2.248     ; 1.014      ;
; 2.944 ; addr_fcw[0]          ; fc_w:u_fc_w|altsyncram:altsyncram_component|altsyncram_bak1:auto_generated|ram_block1a13~porta_address_reg0           ; clk          ; u_pll|altpll_component|auto_generated|pll1|clk[0] ; 0.000        ; -2.248     ; 1.018      ;
; 2.944 ; addr_fcw[6]          ; fc_w:u_fc_w|altsyncram:altsyncram_component|altsyncram_bak1:auto_generated|ram_block1a13~porta_address_reg0           ; clk          ; u_pll|altpll_component|auto_generated|pll1|clk[0] ; 0.000        ; -2.248     ; 1.018      ;
; 2.945 ; addr_pool1[1]        ; pool1:u_pool1|altsyncram:altsyncram_component|altsyncram_a9g1:auto_generated|ram_block1a0~porta_address_reg0          ; clk          ; u_pll|altpll_component|auto_generated|pll1|clk[0] ; 0.000        ; -2.249     ; 1.018      ;
; 2.946 ; addr_img[7]          ; image:u_image|altsyncram:altsyncram_component|altsyncram_1dm1:auto_generated|ram_block1a9~porta_address_reg0          ; clk          ; u_pll|altpll_component|auto_generated|pll1|clk[0] ; 0.000        ; -2.248     ; 1.020      ;
; 2.947 ; addr_img[4]          ; image:u_image|altsyncram:altsyncram_component|altsyncram_1dm1:auto_generated|ram_block1a9~porta_address_reg0          ; clk          ; u_pll|altpll_component|auto_generated|pll1|clk[0] ; 0.000        ; -2.248     ; 1.021      ;
; 2.951 ; data_w_img_conv2[2]  ; img_conv2:u_img_conv2|altsyncram:altsyncram_component|altsyncram_45i1:auto_generated|ram_block1a1~porta_datain_reg0   ; clk          ; u_pll|altpll_component|auto_generated|pll1|clk[0] ; 0.000        ; -2.243     ; 1.030      ;
; 2.952 ; addr_pool1[0]        ; pool1:u_pool1|altsyncram:altsyncram_component|altsyncram_a9g1:auto_generated|ram_block1a0~porta_address_reg0          ; clk          ; u_pll|altpll_component|auto_generated|pll1|clk[0] ; 0.000        ; -2.248     ; 1.026      ;
; 2.953 ; data_w_img_conv2[4]  ; img_conv2:u_img_conv2|altsyncram:altsyncram_component|altsyncram_45i1:auto_generated|ram_block1a1~porta_datain_reg0   ; clk          ; u_pll|altpll_component|auto_generated|pll1|clk[0] ; 0.000        ; -2.243     ; 1.032      ;
; 2.954 ; data_w_pool1[13]     ; pool1:u_pool1|altsyncram:altsyncram_component|altsyncram_a9g1:auto_generated|ram_block1a10~porta_datain_reg0          ; clk          ; u_pll|altpll_component|auto_generated|pll1|clk[0] ; 0.000        ; -2.238     ; 1.038      ;
; 2.959 ; addr_fcw[4]          ; fc_w:u_fc_w|altsyncram:altsyncram_component|altsyncram_bak1:auto_generated|ram_block1a9~porta_address_reg0            ; clk          ; u_pll|altpll_component|auto_generated|pll1|clk[0] ; 0.000        ; -2.245     ; 1.036      ;
; 2.962 ; addr_fcw[3]          ; fc_w:u_fc_w|altsyncram:altsyncram_component|altsyncram_bak1:auto_generated|ram_block1a13~porta_address_reg0           ; clk          ; u_pll|altpll_component|auto_generated|pll1|clk[0] ; 0.000        ; -2.248     ; 1.036      ;
; 2.966 ; addr_fcw[8]          ; fc_w:u_fc_w|altsyncram:altsyncram_component|altsyncram_bak1:auto_generated|ram_block1a9~porta_address_reg0            ; clk          ; u_pll|altpll_component|auto_generated|pll1|clk[0] ; 0.000        ; -2.245     ; 1.043      ;
; 2.968 ; data_w_img_conv1[19] ; img_conv1:u_img_conv1|altsyncram:altsyncram_component|altsyncram_i5i1:auto_generated|ram_block1a19~porta_datain_reg0  ; clk          ; u_pll|altpll_component|auto_generated|pll1|clk[0] ; 0.000        ; -2.241     ; 1.049      ;
; 2.969 ; addr_img[5]          ; image:u_image|altsyncram:altsyncram_component|altsyncram_1dm1:auto_generated|ram_block1a9~porta_address_reg0          ; clk          ; u_pll|altpll_component|auto_generated|pll1|clk[0] ; 0.000        ; -2.248     ; 1.043      ;
; 2.969 ; addr_img[8]          ; image:u_image|altsyncram:altsyncram_component|altsyncram_1dm1:auto_generated|ram_block1a9~porta_address_reg0          ; clk          ; u_pll|altpll_component|auto_generated|pll1|clk[0] ; 0.000        ; -2.248     ; 1.043      ;
; 2.973 ; data_w_img_conv1[22] ; img_conv1:u_img_conv1|altsyncram:altsyncram_component|altsyncram_i5i1:auto_generated|ram_block1a22~porta_datain_reg0  ; clk          ; u_pll|altpll_component|auto_generated|pll1|clk[0] ; 0.000        ; -2.244     ; 1.051      ;
; 2.974 ; addr_img_conv2[1]    ; img_conv2:u_img_conv2|altsyncram:altsyncram_component|altsyncram_45i1:auto_generated|ram_block1a1~porta_address_reg0  ; clk          ; u_pll|altpll_component|auto_generated|pll1|clk[0] ; 0.000        ; -2.251     ; 1.045      ;
; 2.976 ; addr_fcw[4]          ; fc_w:u_fc_w|altsyncram:altsyncram_component|altsyncram_bak1:auto_generated|ram_block1a11~porta_address_reg0           ; clk          ; u_pll|altpll_component|auto_generated|pll1|clk[0] ; 0.000        ; -2.244     ; 1.054      ;
; 2.976 ; data_w_pool1[30]     ; pool1:u_pool1|altsyncram:altsyncram_component|altsyncram_a9g1:auto_generated|ram_block1a0~porta_datain_reg0           ; clk          ; u_pll|altpll_component|auto_generated|pll1|clk[0] ; 0.000        ; -2.236     ; 1.062      ;
; 2.979 ; addr_pool1[0]        ; pool1:u_pool1|altsyncram:altsyncram_component|altsyncram_a9g1:auto_generated|ram_block1a22~porta_address_reg0         ; clk          ; u_pll|altpll_component|auto_generated|pll1|clk[0] ; 0.000        ; -2.243     ; 1.058      ;
; 2.982 ; addr_fcw[8]          ; fc_w:u_fc_w|altsyncram:altsyncram_component|altsyncram_bak1:auto_generated|ram_block1a11~porta_address_reg0           ; clk          ; u_pll|altpll_component|auto_generated|pll1|clk[0] ; 0.000        ; -2.244     ; 1.060      ;
; 2.986 ; data_w_pool1[31]     ; pool1:u_pool1|altsyncram:altsyncram_component|altsyncram_a9g1:auto_generated|ram_block1a0~porta_datain_reg0           ; clk          ; u_pll|altpll_component|auto_generated|pll1|clk[0] ; 0.000        ; -2.236     ; 1.072      ;
; 2.992 ; addr_fcw[7]          ; fc_w:u_fc_w|altsyncram:altsyncram_component|altsyncram_bak1:auto_generated|ram_block1a9~porta_address_reg0            ; clk          ; u_pll|altpll_component|auto_generated|pll1|clk[0] ; 0.000        ; -2.245     ; 1.069      ;
; 2.994 ; addr_fcw[1]          ; fc_w:u_fc_w|altsyncram:altsyncram_component|altsyncram_bak1:auto_generated|ram_block1a13~porta_address_reg0           ; clk          ; u_pll|altpll_component|auto_generated|pll1|clk[0] ; 0.000        ; -2.248     ; 1.068      ;
; 2.997 ; data_w_pool1[11]     ; pool1:u_pool1|altsyncram:altsyncram_component|altsyncram_a9g1:auto_generated|ram_block1a10~porta_datain_reg0          ; clk          ; u_pll|altpll_component|auto_generated|pll1|clk[0] ; 0.000        ; -2.238     ; 1.081      ;
; 3.003 ; addr_pool1[0]        ; pool1:u_pool1|altsyncram:altsyncram_component|altsyncram_a9g1:auto_generated|ram_block1a14~porta_address_reg0         ; clk          ; u_pll|altpll_component|auto_generated|pll1|clk[0] ; 0.000        ; -2.243     ; 1.082      ;
; 3.006 ; addr_fcw[7]          ; fc_w:u_fc_w|altsyncram:altsyncram_component|altsyncram_bak1:auto_generated|ram_block1a11~porta_address_reg0           ; clk          ; u_pll|altpll_component|auto_generated|pll1|clk[0] ; 0.000        ; -2.244     ; 1.084      ;
; 3.100 ; data_w_pool1[0]      ; pool1:u_pool1|altsyncram:altsyncram_component|altsyncram_a9g1:auto_generated|ram_block1a0~porta_datain_reg0           ; clk          ; u_pll|altpll_component|auto_generated|pll1|clk[0] ; 0.000        ; -2.234     ; 1.188      ;
; 3.114 ; data_w_img_conv1[27] ; img_conv1:u_img_conv1|altsyncram:altsyncram_component|altsyncram_i5i1:auto_generated|ram_block1a27~porta_datain_reg0  ; clk          ; u_pll|altpll_component|auto_generated|pll1|clk[0] ; 0.000        ; -2.236     ; 1.200      ;
; 3.120 ; data_w_pool1[10]     ; pool1:u_pool1|altsyncram:altsyncram_component|altsyncram_a9g1:auto_generated|ram_block1a10~porta_datain_reg0          ; clk          ; u_pll|altpll_component|auto_generated|pll1|clk[0] ; 0.000        ; -2.236     ; 1.206      ;
; 3.122 ; addr_img_conv2[5]    ; img_conv2:u_img_conv2|altsyncram:altsyncram_component|altsyncram_45i1:auto_generated|ram_block1a1~porta_address_reg0  ; clk          ; u_pll|altpll_component|auto_generated|pll1|clk[0] ; 0.000        ; -2.261     ; 1.183      ;
; 3.137 ; addr_img_conv1[10]   ; img_conv1:u_img_conv1|altsyncram:altsyncram_component|altsyncram_i5i1:auto_generated|ram_block1a2~porta_address_reg0  ; clk          ; u_pll|altpll_component|auto_generated|pll1|clk[0] ; 0.000        ; -2.260     ; 1.199      ;
; 3.138 ; addr_img_conv1[11]   ; img_conv1:u_img_conv1|altsyncram:altsyncram_component|altsyncram_i5i1:auto_generated|ram_block1a2~porta_address_reg0  ; clk          ; u_pll|altpll_component|auto_generated|pll1|clk[0] ; 0.000        ; -2.260     ; 1.200      ;
; 3.139 ; data_w_img_conv2[26] ; img_conv2:u_img_conv2|altsyncram:altsyncram_component|altsyncram_45i1:auto_generated|ram_block1a0~porta_datain_reg0   ; clk          ; u_pll|altpll_component|auto_generated|pll1|clk[0] ; 0.000        ; -2.246     ; 1.215      ;
; 3.143 ; addr_img_conv1[9]    ; img_conv1:u_img_conv1|altsyncram:altsyncram_component|altsyncram_i5i1:auto_generated|ram_block1a2~porta_address_reg0  ; clk          ; u_pll|altpll_component|auto_generated|pll1|clk[0] ; 0.000        ; -2.260     ; 1.205      ;
; 3.148 ; addr_fcw[5]          ; fc_w:u_fc_w|altsyncram:altsyncram_component|altsyncram_bak1:auto_generated|ram_block1a13~porta_address_reg0           ; clk          ; u_pll|altpll_component|auto_generated|pll1|clk[0] ; 0.000        ; -2.248     ; 1.222      ;
; 3.158 ; data_w_img_conv2[29] ; img_conv2:u_img_conv2|altsyncram:altsyncram_component|altsyncram_45i1:auto_generated|ram_block1a0~porta_datain_reg0   ; clk          ; u_pll|altpll_component|auto_generated|pll1|clk[0] ; 0.000        ; -2.246     ; 1.234      ;
; 3.161 ; data_w_img_conv2[0]  ; img_conv2:u_img_conv2|altsyncram:altsyncram_component|altsyncram_45i1:auto_generated|ram_block1a0~porta_datain_reg0   ; clk          ; u_pll|altpll_component|auto_generated|pll1|clk[0] ; 0.000        ; -2.246     ; 1.237      ;
; 3.162 ; addr_conv1w[5]       ; conv1:conv1_w|altsyncram:altsyncram_component|altsyncram_pnk1:auto_generated|ram_block1a0~porta_address_reg0          ; clk          ; u_pll|altpll_component|auto_generated|pll1|clk[0] ; 0.000        ; -2.255     ; 1.229      ;
; 3.164 ; data_w_img_conv2[28] ; img_conv2:u_img_conv2|altsyncram:altsyncram_component|altsyncram_45i1:auto_generated|ram_block1a0~porta_datain_reg0   ; clk          ; u_pll|altpll_component|auto_generated|pll1|clk[0] ; 0.000        ; -2.246     ; 1.240      ;
; 3.170 ; addr_img_conv1[7]    ; img_conv1:u_img_conv1|altsyncram:altsyncram_component|altsyncram_i5i1:auto_generated|ram_block1a2~porta_address_reg0  ; clk          ; u_pll|altpll_component|auto_generated|pll1|clk[0] ; 0.000        ; -2.260     ; 1.232      ;
; 3.171 ; addr_conv1w[4]       ; conv1:conv1_w|altsyncram:altsyncram_component|altsyncram_pnk1:auto_generated|ram_block1a0~porta_address_reg0          ; clk          ; u_pll|altpll_component|auto_generated|pll1|clk[0] ; 0.000        ; -2.255     ; 1.238      ;
; 3.172 ; addr_img_conv2[4]    ; img_conv2:u_img_conv2|altsyncram:altsyncram_component|altsyncram_45i1:auto_generated|ram_block1a0~porta_address_reg0  ; clk          ; u_pll|altpll_component|auto_generated|pll1|clk[0] ; 0.000        ; -2.254     ; 1.240      ;
; 3.176 ; addr_img_conv1[8]    ; img_conv1:u_img_conv1|altsyncram:altsyncram_component|altsyncram_i5i1:auto_generated|ram_block1a2~porta_address_reg0  ; clk          ; u_pll|altpll_component|auto_generated|pll1|clk[0] ; 0.000        ; -2.260     ; 1.238      ;
; 3.178 ; data_w_img_conv2[30] ; img_conv2:u_img_conv2|altsyncram:altsyncram_component|altsyncram_45i1:auto_generated|ram_block1a0~porta_datain_reg0   ; clk          ; u_pll|altpll_component|auto_generated|pll1|clk[0] ; 0.000        ; -2.246     ; 1.254      ;
; 3.180 ; addr_img_conv2[3]    ; img_conv2:u_img_conv2|altsyncram:altsyncram_component|altsyncram_45i1:auto_generated|ram_block1a0~porta_address_reg0  ; clk          ; u_pll|altpll_component|auto_generated|pll1|clk[0] ; 0.000        ; -2.253     ; 1.249      ;
; 3.188 ; data_w_img_conv2[31] ; img_conv2:u_img_conv2|altsyncram:altsyncram_component|altsyncram_45i1:auto_generated|ram_block1a0~porta_datain_reg0   ; clk          ; u_pll|altpll_component|auto_generated|pll1|clk[0] ; 0.000        ; -2.246     ; 1.264      ;
; 3.188 ; addr_pool2[3]        ; pool2:u_pool2|altsyncram:altsyncram_component|altsyncram_h2i1:auto_generated|ram_block1a14~porta_address_reg0         ; clk          ; u_pll|altpll_component|auto_generated|pll1|clk[0] ; 0.000        ; -2.245     ; 1.265      ;
; 3.188 ; addr_pool2[3]        ; pool2:u_pool2|altsyncram:altsyncram_component|altsyncram_h2i1:auto_generated|ram_block1a0~porta_address_reg0          ; clk          ; u_pll|altpll_component|auto_generated|pll1|clk[0] ; 0.000        ; -2.245     ; 1.265      ;
; 3.193 ; addr_img_conv2[7]    ; img_conv2:u_img_conv2|altsyncram:altsyncram_component|altsyncram_45i1:auto_generated|ram_block1a15~porta_address_reg0 ; clk          ; u_pll|altpll_component|auto_generated|pll1|clk[0] ; 0.000        ; -2.260     ; 1.255      ;
; 3.194 ; data_w_img_conv1[2]  ; img_conv1:u_img_conv1|altsyncram:altsyncram_component|altsyncram_i5i1:auto_generated|ram_block1a2~porta_datain_reg0   ; clk          ; u_pll|altpll_component|auto_generated|pll1|clk[0] ; 0.000        ; -2.240     ; 1.276      ;
; 3.202 ; data_w_img_conv2[27] ; img_conv2:u_img_conv2|altsyncram:altsyncram_component|altsyncram_45i1:auto_generated|ram_block1a0~porta_datain_reg0   ; clk          ; u_pll|altpll_component|auto_generated|pll1|clk[0] ; 0.000        ; -2.246     ; 1.278      ;
; 3.205 ; addr_img[9]          ; image:u_image|altsyncram:altsyncram_component|altsyncram_1dm1:auto_generated|ram_block1a9~porta_address_reg0          ; clk          ; u_pll|altpll_component|auto_generated|pll1|clk[0] ; 0.000        ; -2.248     ; 1.279      ;
; 3.207 ; addr_pool2[1]        ; pool2:u_pool2|altsyncram:altsyncram_component|altsyncram_h2i1:auto_generated|ram_block1a14~porta_address_reg0         ; clk          ; u_pll|altpll_component|auto_generated|pll1|clk[0] ; 0.000        ; -2.245     ; 1.284      ;
; 3.207 ; addr_pool2[1]        ; pool2:u_pool2|altsyncram:altsyncram_component|altsyncram_h2i1:auto_generated|ram_block1a0~porta_address_reg0          ; clk          ; u_pll|altpll_component|auto_generated|pll1|clk[0] ; 0.000        ; -2.245     ; 1.284      ;
; 3.208 ; addr_img_conv2[9]    ; img_conv2:u_img_conv2|altsyncram:altsyncram_component|altsyncram_45i1:auto_generated|ram_block1a1~porta_address_reg0  ; clk          ; u_pll|altpll_component|auto_generated|pll1|clk[0] ; 0.000        ; -2.252     ; 1.278      ;
; 3.224 ; addr_img[6]          ; image:u_image|altsyncram:altsyncram_component|altsyncram_1dm1:auto_generated|ram_block1a0~porta_address_reg0          ; clk          ; u_pll|altpll_component|auto_generated|pll1|clk[0] ; 0.000        ; -2.246     ; 1.300      ;
; 3.226 ; addr_img_conv1[1]    ; img_conv1:u_img_conv1|altsyncram:altsyncram_component|altsyncram_i5i1:auto_generated|ram_block1a2~porta_address_reg0  ; clk          ; u_pll|altpll_component|auto_generated|pll1|clk[0] ; 0.000        ; -2.260     ; 1.288      ;
; 3.226 ; addr_conv1w[7]       ; conv1:conv1_w|altsyncram:altsyncram_component|altsyncram_pnk1:auto_generated|ram_block1a0~porta_address_reg0          ; clk          ; u_pll|altpll_component|auto_generated|pll1|clk[0] ; 0.000        ; -2.255     ; 1.293      ;
; 3.228 ; addr_img_conv2[3]    ; img_conv2:u_img_conv2|altsyncram:altsyncram_component|altsyncram_45i1:auto_generated|ram_block1a6~porta_address_reg0  ; clk          ; u_pll|altpll_component|auto_generated|pll1|clk[0] ; 0.000        ; -2.264     ; 1.286      ;
; 3.228 ; addr_fcw[0]          ; fc_w:u_fc_w|altsyncram:altsyncram_component|altsyncram_bak1:auto_generated|ram_block1a9~porta_address_reg0            ; clk          ; u_pll|altpll_component|auto_generated|pll1|clk[0] ; 0.000        ; -2.245     ; 1.305      ;
; 3.230 ; addr_img_conv2[3]    ; img_conv2:u_img_conv2|altsyncram:altsyncram_component|altsyncram_45i1:auto_generated|ram_block1a15~porta_address_reg0 ; clk          ; u_pll|altpll_component|auto_generated|pll1|clk[0] ; 0.000        ; -2.259     ; 1.293      ;
; 3.231 ; addr_fcw[5]          ; fc_w:u_fc_w|altsyncram:altsyncram_component|altsyncram_bak1:auto_generated|ram_block1a11~porta_address_reg0           ; clk          ; u_pll|altpll_component|auto_generated|pll1|clk[0] ; 0.000        ; -2.244     ; 1.309      ;
; 3.236 ; addr_pool2[0]        ; pool2:u_pool2|altsyncram:altsyncram_component|altsyncram_h2i1:auto_generated|ram_block1a14~porta_address_reg0         ; clk          ; u_pll|altpll_component|auto_generated|pll1|clk[0] ; 0.000        ; -2.245     ; 1.313      ;
; 3.236 ; addr_pool2[6]        ; pool2:u_pool2|altsyncram:altsyncram_component|altsyncram_h2i1:auto_generated|ram_block1a14~porta_address_reg0         ; clk          ; u_pll|altpll_component|auto_generated|pll1|clk[0] ; 0.000        ; -2.244     ; 1.314      ;
; 3.236 ; addr_pool2[0]        ; pool2:u_pool2|altsyncram:altsyncram_component|altsyncram_h2i1:auto_generated|ram_block1a0~porta_address_reg0          ; clk          ; u_pll|altpll_component|auto_generated|pll1|clk[0] ; 0.000        ; -2.245     ; 1.313      ;
; 3.236 ; addr_pool2[6]        ; pool2:u_pool2|altsyncram:altsyncram_component|altsyncram_h2i1:auto_generated|ram_block1a0~porta_address_reg0          ; clk          ; u_pll|altpll_component|auto_generated|pll1|clk[0] ; 0.000        ; -2.244     ; 1.314      ;
; 3.238 ; data_w_img_conv1[24] ; img_conv1:u_img_conv1|altsyncram:altsyncram_component|altsyncram_i5i1:auto_generated|ram_block1a24~porta_datain_reg0  ; clk          ; u_pll|altpll_component|auto_generated|pll1|clk[0] ; 0.000        ; -2.235     ; 1.325      ;
; 3.239 ; addr_img[3]          ; image:u_image|altsyncram:altsyncram_component|altsyncram_1dm1:auto_generated|ram_block1a0~porta_address_reg0          ; clk          ; u_pll|altpll_component|auto_generated|pll1|clk[0] ; 0.000        ; -2.246     ; 1.315      ;
; 3.240 ; addr_img_conv2[7]    ; img_conv2:u_img_conv2|altsyncram:altsyncram_component|altsyncram_45i1:auto_generated|ram_block1a6~porta_address_reg0  ; clk          ; u_pll|altpll_component|auto_generated|pll1|clk[0] ; 0.000        ; -2.265     ; 1.297      ;
; 3.244 ; addr_fcw[9]          ; fc_w:u_fc_w|altsyncram:altsyncram_component|altsyncram_bak1:auto_generated|ram_block1a9~porta_address_reg0            ; clk          ; u_pll|altpll_component|auto_generated|pll1|clk[0] ; 0.000        ; -2.245     ; 1.321      ;
; 3.244 ; addr_img[0]          ; image:u_image|altsyncram:altsyncram_component|altsyncram_1dm1:auto_generated|ram_block1a9~porta_address_reg0          ; clk          ; u_pll|altpll_component|auto_generated|pll1|clk[0] ; 0.000        ; -2.250     ; 1.316      ;
; 3.246 ; addr_fcw[6]          ; fc_w:u_fc_w|altsyncram:altsyncram_component|altsyncram_bak1:auto_generated|ram_block1a9~porta_address_reg0            ; clk          ; u_pll|altpll_component|auto_generated|pll1|clk[0] ; 0.000        ; -2.245     ; 1.323      ;
; 3.246 ; data_w_img_conv1[25] ; img_conv1:u_img_conv1|altsyncram:altsyncram_component|altsyncram_i5i1:auto_generated|ram_block1a25~porta_datain_reg0  ; clk          ; u_pll|altpll_component|auto_generated|pll1|clk[0] ; 0.000        ; -2.254     ; 1.314      ;
; 3.248 ; addr_fcw[5]          ; fc_w:u_fc_w|altsyncram:altsyncram_component|altsyncram_bak1:auto_generated|ram_block1a9~porta_address_reg0            ; clk          ; u_pll|altpll_component|auto_generated|pll1|clk[0] ; 0.000        ; -2.245     ; 1.325      ;
; 3.252 ; data_w_img_conv1[1]  ; img_conv1:u_img_conv1|altsyncram:altsyncram_component|altsyncram_i5i1:auto_generated|ram_block1a1~porta_datain_reg0   ; clk          ; u_pll|altpll_component|auto_generated|pll1|clk[0] ; 0.000        ; -2.248     ; 1.326      ;
; 3.252 ; addr_pool1[9]        ; pool1:u_pool1|altsyncram:altsyncram_component|altsyncram_a9g1:auto_generated|ram_block1a0~porta_address_reg0          ; clk          ; u_pll|altpll_component|auto_generated|pll1|clk[0] ; 0.000        ; -2.251     ; 1.323      ;
; 3.255 ; addr_fcw[11]         ; fc_w:u_fc_w|altsyncram:altsyncram_component|altsyncram_bak1:auto_generated|ram_block1a11~porta_address_reg0           ; clk          ; u_pll|altpll_component|auto_generated|pll1|clk[0] ; 0.000        ; -2.244     ; 1.333      ;
; 3.256 ; addr_pool1[6]        ; pool1:u_pool1|altsyncram:altsyncram_component|altsyncram_a9g1:auto_generated|ram_block1a14~porta_address_reg0         ; clk          ; u_pll|altpll_component|auto_generated|pll1|clk[0] ; 0.000        ; -2.246     ; 1.332      ;
; 3.256 ; addr_img[4]          ; image:u_image|altsyncram:altsyncram_component|altsyncram_1dm1:auto_generated|ram_block1a0~porta_address_reg0          ; clk          ; u_pll|altpll_component|auto_generated|pll1|clk[0] ; 0.000        ; -2.246     ; 1.332      ;
; 3.257 ; data_w_pool2[2]      ; pool2:u_pool2|altsyncram:altsyncram_component|altsyncram_h2i1:auto_generated|ram_block1a0~porta_datain_reg0           ; clk          ; u_pll|altpll_component|auto_generated|pll1|clk[0] ; 0.000        ; -2.237     ; 1.342      ;
; 3.258 ; data_w_pool2[27]     ; pool2:u_pool2|altsyncram:altsyncram_component|altsyncram_h2i1:auto_generated|ram_block1a14~porta_datain_reg0          ; clk          ; u_pll|altpll_component|auto_generated|pll1|clk[0] ; 0.000        ; -2.237     ; 1.343      ;
; 3.259 ; data_w_pool2[23]     ; pool2:u_pool2|altsyncram:altsyncram_component|altsyncram_h2i1:auto_generated|ram_block1a14~porta_datain_reg0          ; clk          ; u_pll|altpll_component|auto_generated|pll1|clk[0] ; 0.000        ; -2.237     ; 1.344      ;
; 3.259 ; addr_fcw[9]          ; fc_w:u_fc_w|altsyncram:altsyncram_component|altsyncram_bak1:auto_generated|ram_block1a11~porta_address_reg0           ; clk          ; u_pll|altpll_component|auto_generated|pll1|clk[0] ; 0.000        ; -2.244     ; 1.337      ;
; 3.260 ; addr_pool1[0]        ; pool1:u_pool1|altsyncram:altsyncram_component|altsyncram_a9g1:auto_generated|ram_block1a10~porta_address_reg0         ; clk          ; u_pll|altpll_component|auto_generated|pll1|clk[0] ; 0.000        ; -2.250     ; 1.332      ;
; 3.261 ; data_w_pool2[24]     ; pool2:u_pool2|altsyncram:altsyncram_component|altsyncram_h2i1:auto_generated|ram_block1a14~porta_datain_reg0          ; clk          ; u_pll|altpll_component|auto_generated|pll1|clk[0] ; 0.000        ; -2.237     ; 1.346      ;
; 3.261 ; data_w_pool2[1]      ; pool2:u_pool2|altsyncram:altsyncram_component|altsyncram_h2i1:auto_generated|ram_block1a0~porta_datain_reg0           ; clk          ; u_pll|altpll_component|auto_generated|pll1|clk[0] ; 0.000        ; -2.237     ; 1.346      ;
; 3.261 ; addr_pool1[3]        ; pool1:u_pool1|altsyncram:altsyncram_component|altsyncram_a9g1:auto_generated|ram_block1a10~porta_address_reg0         ; clk          ; u_pll|altpll_component|auto_generated|pll1|clk[0] ; 0.000        ; -2.253     ; 1.330      ;
+-------+----------------------+-----------------------------------------------------------------------------------------------------------------------+--------------+---------------------------------------------------+--------------+------------+------------+


-----------------------------------------------
; Slow 1200mV 85C Model Metastability Summary ;
-----------------------------------------------
The design MTBF is not calculated because there are no specified synchronizers in the design.
Number of Synchronizer Chains Found: 128
Shortest Synchronizer Chain: 2 Registers
Fraction of Chains for which MTBFs Could Not be Calculated: 1.000
Worst Case Available Settling Time: 4.208 ns




+-------------------------------------------------+
; Slow 1200mV 0C Model Fmax Summary               ;
+-----------+-----------------+------------+------+
; Fmax      ; Restricted Fmax ; Clock Name ; Note ;
+-----------+-----------------+------------+------+
; 78.18 MHz ; 78.18 MHz       ; clk        ;      ;
+-----------+-----------------+------------+------+
This panel reports FMAX for every clock in the design, regardless of the user-specified clock periods.  FMAX is only computed for paths where the source and destination registers or ports are driven by the same clock.  Paths of different clocks, including generated clocks, are ignored.  For paths between a clock and its inversion, FMAX is computed as if the rising and falling edges are scaled along with FMAX, such that the duty cycle (in terms of a percentage) is maintained. Altera recommends that you always use clock constraints and other slack reports for sign-off analysis.


+----------------------------------------------------------------------------+
; Slow 1200mV 0C Model Setup Summary                                         ;
+---------------------------------------------------+--------+---------------+
; Clock                                             ; Slack  ; End Point TNS ;
+---------------------------------------------------+--------+---------------+
; clk                                               ; -3.683 ; -116.730      ;
; u_pll|altpll_component|auto_generated|pll1|clk[0] ; 3.168  ; 0.000         ;
+---------------------------------------------------+--------+---------------+


+---------------------------------------------------------------------------+
; Slow 1200mV 0C Model Hold Summary                                         ;
+---------------------------------------------------+-------+---------------+
; Clock                                             ; Slack ; End Point TNS ;
+---------------------------------------------------+-------+---------------+
; clk                                               ; 0.353 ; 0.000         ;
; u_pll|altpll_component|auto_generated|pll1|clk[0] ; 2.527 ; 0.000         ;
+---------------------------------------------------+-------+---------------+


-----------------------------------------
; Slow 1200mV 0C Model Recovery Summary ;
-----------------------------------------
No paths to report.


----------------------------------------
; Slow 1200mV 0C Model Removal Summary ;
----------------------------------------
No paths to report.


+---------------------------------------------------------------------------+
; Slow 1200mV 0C Model Minimum Pulse Width Summary                          ;
+---------------------------------------------------+-------+---------------+
; Clock                                             ; Slack ; End Point TNS ;
+---------------------------------------------------+-------+---------------+
; u_pll|altpll_component|auto_generated|pll1|clk[0] ; 4.752 ; 0.000         ;
; clk                                               ; 9.646 ; 0.000         ;
+---------------------------------------------------+-------+---------------+


+------------------------------------------------------------------------------------------------------------------------------------------------------------------------------------------------------------------------------------------------+
; Slow 1200mV 0C Model Setup: 'clk'                                                                                                                                                                                                              ;
+--------+------------------------------------------------------------------------------------------------------------------+---------+---------------------------------------------------+-------------+--------------+------------+------------+
; Slack  ; From Node                                                                                                        ; To Node ; Launch Clock                                      ; Latch Clock ; Relationship ; Clock Skew ; Data Delay ;
+--------+------------------------------------------------------------------------------------------------------------------+---------+---------------------------------------------------+-------------+--------------+------------+------------+
; -3.683 ; conv2_w:u_conv2w|altsyncram:altsyncram_component|altsyncram_2jk1:auto_generated|ram_block1a2~porta_address_reg0  ; acc[63] ; u_pll|altpll_component|auto_generated|pll1|clk[0] ; clk         ; 10.000       ; 2.303      ; 15.905     ;
; -3.612 ; pool1:u_pool1|altsyncram:altsyncram_component|altsyncram_a9g1:auto_generated|ram_block1a18~porta_we_reg          ; acc[63] ; u_pll|altpll_component|auto_generated|pll1|clk[0] ; clk         ; 10.000       ; 2.315      ; 15.846     ;
; -3.612 ; pool1:u_pool1|altsyncram:altsyncram_component|altsyncram_a9g1:auto_generated|ram_block1a0~porta_we_reg           ; acc[63] ; u_pll|altpll_component|auto_generated|pll1|clk[0] ; clk         ; 10.000       ; 2.320      ; 15.851     ;
; -3.577 ; conv2_w:u_conv2w|altsyncram:altsyncram_component|altsyncram_2jk1:auto_generated|ram_block1a2~porta_address_reg0  ; acc[60] ; u_pll|altpll_component|auto_generated|pll1|clk[0] ; clk         ; 10.000       ; 2.309      ; 15.805     ;
; -3.532 ; conv2_w:u_conv2w|altsyncram:altsyncram_component|altsyncram_2jk1:auto_generated|ram_block1a2~porta_address_reg0  ; acc[62] ; u_pll|altpll_component|auto_generated|pll1|clk[0] ; clk         ; 10.000       ; 2.309      ; 15.760     ;
; -3.531 ; conv2_w:u_conv2w|altsyncram:altsyncram_component|altsyncram_2jk1:auto_generated|ram_block1a2~porta_address_reg0  ; acc[59] ; u_pll|altpll_component|auto_generated|pll1|clk[0] ; clk         ; 10.000       ; 2.309      ; 15.759     ;
; -3.516 ; fc_w:u_fc_w|altsyncram:altsyncram_component|altsyncram_bak1:auto_generated|ram_block1a0~porta_address_reg0       ; acc[61] ; u_pll|altpll_component|auto_generated|pll1|clk[0] ; clk         ; 10.000       ; 2.349      ; 15.784     ;
; -3.506 ; pool1:u_pool1|altsyncram:altsyncram_component|altsyncram_a9g1:auto_generated|ram_block1a18~porta_we_reg          ; acc[60] ; u_pll|altpll_component|auto_generated|pll1|clk[0] ; clk         ; 10.000       ; 2.321      ; 15.746     ;
; -3.506 ; pool1:u_pool1|altsyncram:altsyncram_component|altsyncram_a9g1:auto_generated|ram_block1a0~porta_we_reg           ; acc[60] ; u_pll|altpll_component|auto_generated|pll1|clk[0] ; clk         ; 10.000       ; 2.326      ; 15.751     ;
; -3.502 ; fc_w:u_fc_w|altsyncram:altsyncram_component|altsyncram_bak1:auto_generated|ram_block1a7~porta_address_reg0       ; acc[61] ; u_pll|altpll_component|auto_generated|pll1|clk[0] ; clk         ; 10.000       ; 2.350      ; 15.771     ;
; -3.500 ; fc_w:u_fc_w|altsyncram:altsyncram_component|altsyncram_bak1:auto_generated|ram_block1a0~porta_address_reg0       ; acc[55] ; u_pll|altpll_component|auto_generated|pll1|clk[0] ; clk         ; 10.000       ; 2.355      ; 15.774     ;
; -3.497 ; fc_w:u_fc_w|altsyncram:altsyncram_component|altsyncram_bak1:auto_generated|ram_block1a0~porta_address_reg0       ; acc[62] ; u_pll|altpll_component|auto_generated|pll1|clk[0] ; clk         ; 10.000       ; 2.349      ; 15.765     ;
; -3.494 ; fc_w:u_fc_w|altsyncram:altsyncram_component|altsyncram_bak1:auto_generated|ram_block1a3~porta_address_reg0       ; acc[61] ; u_pll|altpll_component|auto_generated|pll1|clk[0] ; clk         ; 10.000       ; 2.352      ; 15.765     ;
; -3.493 ; conv2_w:u_conv2w|altsyncram:altsyncram_component|altsyncram_2jk1:auto_generated|ram_block1a2~porta_address_reg0  ; acc[61] ; u_pll|altpll_component|auto_generated|pll1|clk[0] ; clk         ; 10.000       ; 2.309      ; 15.721     ;
; -3.492 ; conv2_w:u_conv2w|altsyncram:altsyncram_component|altsyncram_2jk1:auto_generated|ram_block1a0~porta_address_reg0  ; acc[63] ; u_pll|altpll_component|auto_generated|pll1|clk[0] ; clk         ; 10.000       ; 2.302      ; 15.713     ;
; -3.491 ; pool2:u_pool2|altsyncram:altsyncram_component|altsyncram_h2i1:auto_generated|ram_block1a14~porta_we_reg          ; acc[61] ; u_pll|altpll_component|auto_generated|pll1|clk[0] ; clk         ; 10.000       ; 2.331      ; 15.741     ;
; -3.487 ; fc_w:u_fc_w|altsyncram:altsyncram_component|altsyncram_bak1:auto_generated|ram_block1a1~porta_address_reg0       ; acc[61] ; u_pll|altpll_component|auto_generated|pll1|clk[0] ; clk         ; 10.000       ; 2.351      ; 15.757     ;
; -3.486 ; fc_w:u_fc_w|altsyncram:altsyncram_component|altsyncram_bak1:auto_generated|ram_block1a7~porta_address_reg0       ; acc[55] ; u_pll|altpll_component|auto_generated|pll1|clk[0] ; clk         ; 10.000       ; 2.356      ; 15.761     ;
; -3.483 ; fc_w:u_fc_w|altsyncram:altsyncram_component|altsyncram_bak1:auto_generated|ram_block1a7~porta_address_reg0       ; acc[62] ; u_pll|altpll_component|auto_generated|pll1|clk[0] ; clk         ; 10.000       ; 2.350      ; 15.752     ;
; -3.478 ; fc_w:u_fc_w|altsyncram:altsyncram_component|altsyncram_bak1:auto_generated|ram_block1a3~porta_address_reg0       ; acc[55] ; u_pll|altpll_component|auto_generated|pll1|clk[0] ; clk         ; 10.000       ; 2.358      ; 15.755     ;
; -3.475 ; pool2:u_pool2|altsyncram:altsyncram_component|altsyncram_h2i1:auto_generated|ram_block1a14~porta_we_reg          ; acc[55] ; u_pll|altpll_component|auto_generated|pll1|clk[0] ; clk         ; 10.000       ; 2.337      ; 15.731     ;
; -3.475 ; fc_w:u_fc_w|altsyncram:altsyncram_component|altsyncram_bak1:auto_generated|ram_block1a3~porta_address_reg0       ; acc[62] ; u_pll|altpll_component|auto_generated|pll1|clk[0] ; clk         ; 10.000       ; 2.352      ; 15.746     ;
; -3.472 ; pool2:u_pool2|altsyncram:altsyncram_component|altsyncram_h2i1:auto_generated|ram_block1a14~porta_we_reg          ; acc[62] ; u_pll|altpll_component|auto_generated|pll1|clk[0] ; clk         ; 10.000       ; 2.331      ; 15.722     ;
; -3.471 ; fc_w:u_fc_w|altsyncram:altsyncram_component|altsyncram_bak1:auto_generated|ram_block1a1~porta_address_reg0       ; acc[55] ; u_pll|altpll_component|auto_generated|pll1|clk[0] ; clk         ; 10.000       ; 2.357      ; 15.747     ;
; -3.468 ; fc_w:u_fc_w|altsyncram:altsyncram_component|altsyncram_bak1:auto_generated|ram_block1a1~porta_address_reg0       ; acc[62] ; u_pll|altpll_component|auto_generated|pll1|clk[0] ; clk         ; 10.000       ; 2.351      ; 15.738     ;
; -3.467 ; conv2_w:u_conv2w|altsyncram:altsyncram_component|altsyncram_2jk1:auto_generated|ram_block1a8~porta_address_reg0  ; acc[63] ; u_pll|altpll_component|auto_generated|pll1|clk[0] ; clk         ; 10.000       ; 2.302      ; 15.688     ;
; -3.461 ; pool1:u_pool1|altsyncram:altsyncram_component|altsyncram_a9g1:auto_generated|ram_block1a18~porta_we_reg          ; acc[62] ; u_pll|altpll_component|auto_generated|pll1|clk[0] ; clk         ; 10.000       ; 2.321      ; 15.701     ;
; -3.461 ; pool1:u_pool1|altsyncram:altsyncram_component|altsyncram_a9g1:auto_generated|ram_block1a0~porta_we_reg           ; acc[62] ; u_pll|altpll_component|auto_generated|pll1|clk[0] ; clk         ; 10.000       ; 2.326      ; 15.706     ;
; -3.460 ; pool1:u_pool1|altsyncram:altsyncram_component|altsyncram_a9g1:auto_generated|ram_block1a18~porta_we_reg          ; acc[59] ; u_pll|altpll_component|auto_generated|pll1|clk[0] ; clk         ; 10.000       ; 2.321      ; 15.700     ;
; -3.460 ; pool1:u_pool1|altsyncram:altsyncram_component|altsyncram_a9g1:auto_generated|ram_block1a0~porta_we_reg           ; acc[59] ; u_pll|altpll_component|auto_generated|pll1|clk[0] ; clk         ; 10.000       ; 2.326      ; 15.705     ;
; -3.450 ; fc_w:u_fc_w|altsyncram:altsyncram_component|altsyncram_bak1:auto_generated|ram_block1a9~porta_address_reg0       ; acc[61] ; u_pll|altpll_component|auto_generated|pll1|clk[0] ; clk         ; 10.000       ; 2.332      ; 15.701     ;
; -3.445 ; conv2_w:u_conv2w|altsyncram:altsyncram_component|altsyncram_2jk1:auto_generated|ram_block1a2~porta_address_reg0  ; acc[57] ; u_pll|altpll_component|auto_generated|pll1|clk[0] ; clk         ; 10.000       ; 2.303      ; 15.667     ;
; -3.434 ; fc_w:u_fc_w|altsyncram:altsyncram_component|altsyncram_bak1:auto_generated|ram_block1a9~porta_address_reg0       ; acc[55] ; u_pll|altpll_component|auto_generated|pll1|clk[0] ; clk         ; 10.000       ; 2.338      ; 15.691     ;
; -3.433 ; conv2_w:u_conv2w|altsyncram:altsyncram_component|altsyncram_2jk1:auto_generated|ram_block1a10~porta_address_reg0 ; acc[63] ; u_pll|altpll_component|auto_generated|pll1|clk[0] ; clk         ; 10.000       ; 2.320      ; 15.672     ;
; -3.431 ; fc_w:u_fc_w|altsyncram:altsyncram_component|altsyncram_bak1:auto_generated|ram_block1a9~porta_address_reg0       ; acc[62] ; u_pll|altpll_component|auto_generated|pll1|clk[0] ; clk         ; 10.000       ; 2.332      ; 15.682     ;
; -3.422 ; pool1:u_pool1|altsyncram:altsyncram_component|altsyncram_a9g1:auto_generated|ram_block1a18~porta_we_reg          ; acc[61] ; u_pll|altpll_component|auto_generated|pll1|clk[0] ; clk         ; 10.000       ; 2.321      ; 15.662     ;
; -3.422 ; pool1:u_pool1|altsyncram:altsyncram_component|altsyncram_a9g1:auto_generated|ram_block1a0~porta_we_reg           ; acc[61] ; u_pll|altpll_component|auto_generated|pll1|clk[0] ; clk         ; 10.000       ; 2.326      ; 15.667     ;
; -3.412 ; conv2_w:u_conv2w|altsyncram:altsyncram_component|altsyncram_2jk1:auto_generated|ram_block1a4~porta_address_reg0  ; acc[63] ; u_pll|altpll_component|auto_generated|pll1|clk[0] ; clk         ; 10.000       ; 2.319      ; 15.650     ;
; -3.412 ; conv2_w:u_conv2w|altsyncram:altsyncram_component|altsyncram_2jk1:auto_generated|ram_block1a12~porta_address_reg0 ; acc[63] ; u_pll|altpll_component|auto_generated|pll1|clk[0] ; clk         ; 10.000       ; 2.335      ; 15.666     ;
; -3.405 ; fc_w:u_fc_w|altsyncram:altsyncram_component|altsyncram_bak1:auto_generated|ram_block1a13~porta_address_reg0      ; acc[61] ; u_pll|altpll_component|auto_generated|pll1|clk[0] ; clk         ; 10.000       ; 2.333      ; 15.657     ;
; -3.403 ; conv2_w:u_conv2w|altsyncram:altsyncram_component|altsyncram_2jk1:auto_generated|ram_block1a6~porta_address_reg0  ; acc[63] ; u_pll|altpll_component|auto_generated|pll1|clk[0] ; clk         ; 10.000       ; 2.337      ; 15.659     ;
; -3.403 ; conv2_w:u_conv2w|altsyncram:altsyncram_component|altsyncram_2jk1:auto_generated|ram_block1a14~porta_address_reg0 ; acc[63] ; u_pll|altpll_component|auto_generated|pll1|clk[0] ; clk         ; 10.000       ; 2.332      ; 15.654     ;
; -3.389 ; fc_w:u_fc_w|altsyncram:altsyncram_component|altsyncram_bak1:auto_generated|ram_block1a13~porta_address_reg0      ; acc[55] ; u_pll|altpll_component|auto_generated|pll1|clk[0] ; clk         ; 10.000       ; 2.339      ; 15.647     ;
; -3.386 ; conv2_w:u_conv2w|altsyncram:altsyncram_component|altsyncram_2jk1:auto_generated|ram_block1a2~porta_address_reg0  ; acc[58] ; u_pll|altpll_component|auto_generated|pll1|clk[0] ; clk         ; 10.000       ; 2.303      ; 15.608     ;
; -3.386 ; conv2_w:u_conv2w|altsyncram:altsyncram_component|altsyncram_2jk1:auto_generated|ram_block1a0~porta_address_reg0  ; acc[60] ; u_pll|altpll_component|auto_generated|pll1|clk[0] ; clk         ; 10.000       ; 2.308      ; 15.613     ;
; -3.386 ; fc_w:u_fc_w|altsyncram:altsyncram_component|altsyncram_bak1:auto_generated|ram_block1a13~porta_address_reg0      ; acc[62] ; u_pll|altpll_component|auto_generated|pll1|clk[0] ; clk         ; 10.000       ; 2.333      ; 15.638     ;
; -3.374 ; pool1:u_pool1|altsyncram:altsyncram_component|altsyncram_a9g1:auto_generated|ram_block1a18~porta_we_reg          ; acc[57] ; u_pll|altpll_component|auto_generated|pll1|clk[0] ; clk         ; 10.000       ; 2.315      ; 15.608     ;
; -3.374 ; pool1:u_pool1|altsyncram:altsyncram_component|altsyncram_a9g1:auto_generated|ram_block1a0~porta_we_reg           ; acc[57] ; u_pll|altpll_component|auto_generated|pll1|clk[0] ; clk         ; 10.000       ; 2.320      ; 15.613     ;
; -3.361 ; conv2_w:u_conv2w|altsyncram:altsyncram_component|altsyncram_2jk1:auto_generated|ram_block1a8~porta_address_reg0  ; acc[60] ; u_pll|altpll_component|auto_generated|pll1|clk[0] ; clk         ; 10.000       ; 2.308      ; 15.588     ;
; -3.347 ; pool1:u_pool1|altsyncram:altsyncram_component|altsyncram_a9g1:auto_generated|ram_block1a10~porta_we_reg          ; acc[63] ; u_pll|altpll_component|auto_generated|pll1|clk[0] ; clk         ; 10.000       ; 2.321      ; 15.587     ;
; -3.341 ; conv2_w:u_conv2w|altsyncram:altsyncram_component|altsyncram_2jk1:auto_generated|ram_block1a0~porta_address_reg0  ; acc[62] ; u_pll|altpll_component|auto_generated|pll1|clk[0] ; clk         ; 10.000       ; 2.308      ; 15.568     ;
; -3.340 ; conv2_w:u_conv2w|altsyncram:altsyncram_component|altsyncram_2jk1:auto_generated|ram_block1a0~porta_address_reg0  ; acc[59] ; u_pll|altpll_component|auto_generated|pll1|clk[0] ; clk         ; 10.000       ; 2.308      ; 15.567     ;
; -3.327 ; conv2_w:u_conv2w|altsyncram:altsyncram_component|altsyncram_2jk1:auto_generated|ram_block1a10~porta_address_reg0 ; acc[60] ; u_pll|altpll_component|auto_generated|pll1|clk[0] ; clk         ; 10.000       ; 2.326      ; 15.572     ;
; -3.324 ; conv2_w:u_conv2w|altsyncram:altsyncram_component|altsyncram_2jk1:auto_generated|ram_block1a2~porta_address_reg0  ; acc[56] ; u_pll|altpll_component|auto_generated|pll1|clk[0] ; clk         ; 10.000       ; 2.303      ; 15.546     ;
; -3.316 ; conv2_w:u_conv2w|altsyncram:altsyncram_component|altsyncram_2jk1:auto_generated|ram_block1a8~porta_address_reg0  ; acc[62] ; u_pll|altpll_component|auto_generated|pll1|clk[0] ; clk         ; 10.000       ; 2.308      ; 15.543     ;
; -3.315 ; conv2_w:u_conv2w|altsyncram:altsyncram_component|altsyncram_2jk1:auto_generated|ram_block1a8~porta_address_reg0  ; acc[59] ; u_pll|altpll_component|auto_generated|pll1|clk[0] ; clk         ; 10.000       ; 2.308      ; 15.542     ;
; -3.315 ; pool1:u_pool1|altsyncram:altsyncram_component|altsyncram_a9g1:auto_generated|ram_block1a18~porta_we_reg          ; acc[58] ; u_pll|altpll_component|auto_generated|pll1|clk[0] ; clk         ; 10.000       ; 2.315      ; 15.549     ;
; -3.315 ; pool1:u_pool1|altsyncram:altsyncram_component|altsyncram_a9g1:auto_generated|ram_block1a0~porta_we_reg           ; acc[58] ; u_pll|altpll_component|auto_generated|pll1|clk[0] ; clk         ; 10.000       ; 2.320      ; 15.554     ;
; -3.306 ; conv2_w:u_conv2w|altsyncram:altsyncram_component|altsyncram_2jk1:auto_generated|ram_block1a4~porta_address_reg0  ; acc[60] ; u_pll|altpll_component|auto_generated|pll1|clk[0] ; clk         ; 10.000       ; 2.325      ; 15.550     ;
; -3.306 ; conv2_w:u_conv2w|altsyncram:altsyncram_component|altsyncram_2jk1:auto_generated|ram_block1a12~porta_address_reg0 ; acc[60] ; u_pll|altpll_component|auto_generated|pll1|clk[0] ; clk         ; 10.000       ; 2.341      ; 15.566     ;
; -3.302 ; conv2_w:u_conv2w|altsyncram:altsyncram_component|altsyncram_2jk1:auto_generated|ram_block1a0~porta_address_reg0  ; acc[61] ; u_pll|altpll_component|auto_generated|pll1|clk[0] ; clk         ; 10.000       ; 2.308      ; 15.529     ;
; -3.297 ; conv2_w:u_conv2w|altsyncram:altsyncram_component|altsyncram_2jk1:auto_generated|ram_block1a6~porta_address_reg0  ; acc[60] ; u_pll|altpll_component|auto_generated|pll1|clk[0] ; clk         ; 10.000       ; 2.343      ; 15.559     ;
; -3.297 ; conv2_w:u_conv2w|altsyncram:altsyncram_component|altsyncram_2jk1:auto_generated|ram_block1a14~porta_address_reg0 ; acc[60] ; u_pll|altpll_component|auto_generated|pll1|clk[0] ; clk         ; 10.000       ; 2.338      ; 15.554     ;
; -3.283 ; fc_w:u_fc_w|altsyncram:altsyncram_component|altsyncram_bak1:auto_generated|ram_block1a0~porta_address_reg0       ; acc[63] ; u_pll|altpll_component|auto_generated|pll1|clk[0] ; clk         ; 10.000       ; 2.343      ; 15.545     ;
; -3.282 ; conv2_w:u_conv2w|altsyncram:altsyncram_component|altsyncram_2jk1:auto_generated|ram_block1a10~porta_address_reg0 ; acc[62] ; u_pll|altpll_component|auto_generated|pll1|clk[0] ; clk         ; 10.000       ; 2.326      ; 15.527     ;
; -3.281 ; conv2_w:u_conv2w|altsyncram:altsyncram_component|altsyncram_2jk1:auto_generated|ram_block1a10~porta_address_reg0 ; acc[59] ; u_pll|altpll_component|auto_generated|pll1|clk[0] ; clk         ; 10.000       ; 2.326      ; 15.526     ;
; -3.277 ; fc_w:u_fc_w|altsyncram:altsyncram_component|altsyncram_bak1:auto_generated|ram_block1a0~porta_address_reg0       ; acc[54] ; u_pll|altpll_component|auto_generated|pll1|clk[0] ; clk         ; 10.000       ; 2.379      ; 15.575     ;
; -3.277 ; conv2_w:u_conv2w|altsyncram:altsyncram_component|altsyncram_2jk1:auto_generated|ram_block1a8~porta_address_reg0  ; acc[61] ; u_pll|altpll_component|auto_generated|pll1|clk[0] ; clk         ; 10.000       ; 2.308      ; 15.504     ;
; -3.277 ; conv2_w:u_conv2w|altsyncram:altsyncram_component|altsyncram_2jk1:auto_generated|ram_block1a2~porta_address_reg0  ; acc[54] ; u_pll|altpll_component|auto_generated|pll1|clk[0] ; clk         ; 10.000       ; 2.339      ; 15.535     ;
; -3.269 ; fc_w:u_fc_w|altsyncram:altsyncram_component|altsyncram_bak1:auto_generated|ram_block1a7~porta_address_reg0       ; acc[63] ; u_pll|altpll_component|auto_generated|pll1|clk[0] ; clk         ; 10.000       ; 2.344      ; 15.532     ;
; -3.263 ; fc_w:u_fc_w|altsyncram:altsyncram_component|altsyncram_bak1:auto_generated|ram_block1a7~porta_address_reg0       ; acc[54] ; u_pll|altpll_component|auto_generated|pll1|clk[0] ; clk         ; 10.000       ; 2.380      ; 15.562     ;
; -3.261 ; conv2_w:u_conv2w|altsyncram:altsyncram_component|altsyncram_2jk1:auto_generated|ram_block1a4~porta_address_reg0  ; acc[62] ; u_pll|altpll_component|auto_generated|pll1|clk[0] ; clk         ; 10.000       ; 2.325      ; 15.505     ;
; -3.261 ; conv2_w:u_conv2w|altsyncram:altsyncram_component|altsyncram_2jk1:auto_generated|ram_block1a12~porta_address_reg0 ; acc[62] ; u_pll|altpll_component|auto_generated|pll1|clk[0] ; clk         ; 10.000       ; 2.341      ; 15.521     ;
; -3.261 ; fc_w:u_fc_w|altsyncram:altsyncram_component|altsyncram_bak1:auto_generated|ram_block1a3~porta_address_reg0       ; acc[63] ; u_pll|altpll_component|auto_generated|pll1|clk[0] ; clk         ; 10.000       ; 2.346      ; 15.526     ;
; -3.260 ; conv2_w:u_conv2w|altsyncram:altsyncram_component|altsyncram_2jk1:auto_generated|ram_block1a4~porta_address_reg0  ; acc[59] ; u_pll|altpll_component|auto_generated|pll1|clk[0] ; clk         ; 10.000       ; 2.325      ; 15.504     ;
; -3.260 ; conv2_w:u_conv2w|altsyncram:altsyncram_component|altsyncram_2jk1:auto_generated|ram_block1a12~porta_address_reg0 ; acc[59] ; u_pll|altpll_component|auto_generated|pll1|clk[0] ; clk         ; 10.000       ; 2.341      ; 15.520     ;
; -3.258 ; pool2:u_pool2|altsyncram:altsyncram_component|altsyncram_h2i1:auto_generated|ram_block1a14~porta_we_reg          ; acc[63] ; u_pll|altpll_component|auto_generated|pll1|clk[0] ; clk         ; 10.000       ; 2.325      ; 15.502     ;
; -3.255 ; fc_w:u_fc_w|altsyncram:altsyncram_component|altsyncram_bak1:auto_generated|ram_block1a3~porta_address_reg0       ; acc[54] ; u_pll|altpll_component|auto_generated|pll1|clk[0] ; clk         ; 10.000       ; 2.382      ; 15.556     ;
; -3.254 ; conv2_w:u_conv2w|altsyncram:altsyncram_component|altsyncram_2jk1:auto_generated|ram_block1a0~porta_address_reg0  ; acc[57] ; u_pll|altpll_component|auto_generated|pll1|clk[0] ; clk         ; 10.000       ; 2.302      ; 15.475     ;
; -3.254 ; fc_w:u_fc_w|altsyncram:altsyncram_component|altsyncram_bak1:auto_generated|ram_block1a1~porta_address_reg0       ; acc[63] ; u_pll|altpll_component|auto_generated|pll1|clk[0] ; clk         ; 10.000       ; 2.345      ; 15.518     ;
; -3.253 ; pool1:u_pool1|altsyncram:altsyncram_component|altsyncram_a9g1:auto_generated|ram_block1a18~porta_we_reg          ; acc[56] ; u_pll|altpll_component|auto_generated|pll1|clk[0] ; clk         ; 10.000       ; 2.315      ; 15.487     ;
; -3.253 ; pool1:u_pool1|altsyncram:altsyncram_component|altsyncram_a9g1:auto_generated|ram_block1a0~porta_we_reg           ; acc[56] ; u_pll|altpll_component|auto_generated|pll1|clk[0] ; clk         ; 10.000       ; 2.320      ; 15.492     ;
; -3.252 ; conv2_w:u_conv2w|altsyncram:altsyncram_component|altsyncram_2jk1:auto_generated|ram_block1a6~porta_address_reg0  ; acc[62] ; u_pll|altpll_component|auto_generated|pll1|clk[0] ; clk         ; 10.000       ; 2.343      ; 15.514     ;
; -3.252 ; conv2_w:u_conv2w|altsyncram:altsyncram_component|altsyncram_2jk1:auto_generated|ram_block1a14~porta_address_reg0 ; acc[62] ; u_pll|altpll_component|auto_generated|pll1|clk[0] ; clk         ; 10.000       ; 2.338      ; 15.509     ;
; -3.252 ; pool2:u_pool2|altsyncram:altsyncram_component|altsyncram_h2i1:auto_generated|ram_block1a14~porta_we_reg          ; acc[54] ; u_pll|altpll_component|auto_generated|pll1|clk[0] ; clk         ; 10.000       ; 2.361      ; 15.532     ;
; -3.251 ; conv2_w:u_conv2w|altsyncram:altsyncram_component|altsyncram_2jk1:auto_generated|ram_block1a6~porta_address_reg0  ; acc[59] ; u_pll|altpll_component|auto_generated|pll1|clk[0] ; clk         ; 10.000       ; 2.343      ; 15.513     ;
; -3.251 ; conv2_w:u_conv2w|altsyncram:altsyncram_component|altsyncram_2jk1:auto_generated|ram_block1a14~porta_address_reg0 ; acc[59] ; u_pll|altpll_component|auto_generated|pll1|clk[0] ; clk         ; 10.000       ; 2.338      ; 15.508     ;
; -3.248 ; fc_w:u_fc_w|altsyncram:altsyncram_component|altsyncram_bak1:auto_generated|ram_block1a1~porta_address_reg0       ; acc[54] ; u_pll|altpll_component|auto_generated|pll1|clk[0] ; clk         ; 10.000       ; 2.381      ; 15.548     ;
; -3.243 ; conv2_w:u_conv2w|altsyncram:altsyncram_component|altsyncram_2jk1:auto_generated|ram_block1a10~porta_address_reg0 ; acc[61] ; u_pll|altpll_component|auto_generated|pll1|clk[0] ; clk         ; 10.000       ; 2.326      ; 15.488     ;
; -3.241 ; pool1:u_pool1|altsyncram:altsyncram_component|altsyncram_a9g1:auto_generated|ram_block1a10~porta_we_reg          ; acc[60] ; u_pll|altpll_component|auto_generated|pll1|clk[0] ; clk         ; 10.000       ; 2.327      ; 15.487     ;
; -3.229 ; conv2_w:u_conv2w|altsyncram:altsyncram_component|altsyncram_2jk1:auto_generated|ram_block1a8~porta_address_reg0  ; acc[57] ; u_pll|altpll_component|auto_generated|pll1|clk[0] ; clk         ; 10.000       ; 2.302      ; 15.450     ;
; -3.222 ; conv2_w:u_conv2w|altsyncram:altsyncram_component|altsyncram_2jk1:auto_generated|ram_block1a2~porta_address_reg0  ; acc[55] ; u_pll|altpll_component|auto_generated|pll1|clk[0] ; clk         ; 10.000       ; 2.315      ; 15.456     ;
; -3.222 ; conv2_w:u_conv2w|altsyncram:altsyncram_component|altsyncram_2jk1:auto_generated|ram_block1a4~porta_address_reg0  ; acc[61] ; u_pll|altpll_component|auto_generated|pll1|clk[0] ; clk         ; 10.000       ; 2.325      ; 15.466     ;
; -3.222 ; conv2_w:u_conv2w|altsyncram:altsyncram_component|altsyncram_2jk1:auto_generated|ram_block1a12~porta_address_reg0 ; acc[61] ; u_pll|altpll_component|auto_generated|pll1|clk[0] ; clk         ; 10.000       ; 2.341      ; 15.482     ;
; -3.217 ; fc_w:u_fc_w|altsyncram:altsyncram_component|altsyncram_bak1:auto_generated|ram_block1a9~porta_address_reg0       ; acc[63] ; u_pll|altpll_component|auto_generated|pll1|clk[0] ; clk         ; 10.000       ; 2.326      ; 15.462     ;
; -3.213 ; conv2_w:u_conv2w|altsyncram:altsyncram_component|altsyncram_2jk1:auto_generated|ram_block1a6~porta_address_reg0  ; acc[61] ; u_pll|altpll_component|auto_generated|pll1|clk[0] ; clk         ; 10.000       ; 2.343      ; 15.475     ;
; -3.213 ; conv2_w:u_conv2w|altsyncram:altsyncram_component|altsyncram_2jk1:auto_generated|ram_block1a14~porta_address_reg0 ; acc[61] ; u_pll|altpll_component|auto_generated|pll1|clk[0] ; clk         ; 10.000       ; 2.338      ; 15.470     ;
; -3.211 ; fc_w:u_fc_w|altsyncram:altsyncram_component|altsyncram_bak1:auto_generated|ram_block1a9~porta_address_reg0       ; acc[54] ; u_pll|altpll_component|auto_generated|pll1|clk[0] ; clk         ; 10.000       ; 2.362      ; 15.492     ;
; -3.206 ; pool1:u_pool1|altsyncram:altsyncram_component|altsyncram_a9g1:auto_generated|ram_block1a18~porta_we_reg          ; acc[54] ; u_pll|altpll_component|auto_generated|pll1|clk[0] ; clk         ; 10.000       ; 2.351      ; 15.476     ;
; -3.206 ; pool1:u_pool1|altsyncram:altsyncram_component|altsyncram_a9g1:auto_generated|ram_block1a0~porta_we_reg           ; acc[54] ; u_pll|altpll_component|auto_generated|pll1|clk[0] ; clk         ; 10.000       ; 2.356      ; 15.481     ;
+--------+------------------------------------------------------------------------------------------------------------------+---------+---------------------------------------------------+-------------+--------------+------------+------------+


+----------------------------------------------------------------------------------------------------------------------------------------------------------------------------------------------------------------------------------------------------------------+
; Slow 1200mV 0C Model Setup: 'u_pll|altpll_component|auto_generated|pll1|clk[0]'                                                                                                                                                                                ;
+-------+--------------------+-----------------------------------------------------------------------------------------------------------------------+--------------+---------------------------------------------------+--------------+------------+------------+
; Slack ; From Node          ; To Node                                                                                                               ; Launch Clock ; Latch Clock                                       ; Relationship ; Clock Skew ; Data Delay ;
+-------+--------------------+-----------------------------------------------------------------------------------------------------------------------+--------------+---------------------------------------------------+--------------+------------+------------+
; 3.168 ; addr_img_conv1[9]  ; img_conv1:u_img_conv1|altsyncram:altsyncram_component|altsyncram_i5i1:auto_generated|ram_block1a30~porta_address_reg0 ; clk          ; u_pll|altpll_component|auto_generated|pll1|clk[0] ; 10.000       ; -2.508     ; 4.304      ;
; 3.431 ; addr_img_conv1[9]  ; img_conv1:u_img_conv1|altsyncram:altsyncram_component|altsyncram_i5i1:auto_generated|ram_block1a20~porta_address_reg0 ; clk          ; u_pll|altpll_component|auto_generated|pll1|clk[0] ; 10.000       ; -2.514     ; 4.035      ;
; 3.460 ; addr_img_conv1[9]  ; img_conv1:u_img_conv1|altsyncram:altsyncram_component|altsyncram_i5i1:auto_generated|ram_block1a10~porta_address_reg0 ; clk          ; u_pll|altpll_component|auto_generated|pll1|clk[0] ; 10.000       ; -2.518     ; 4.002      ;
; 3.499 ; addr_img_conv1[7]  ; img_conv1:u_img_conv1|altsyncram:altsyncram_component|altsyncram_i5i1:auto_generated|ram_block1a30~porta_address_reg0 ; clk          ; u_pll|altpll_component|auto_generated|pll1|clk[0] ; 10.000       ; -2.508     ; 3.973      ;
; 3.503 ; addr_img_conv1[2]  ; img_conv1:u_img_conv1|altsyncram:altsyncram_component|altsyncram_i5i1:auto_generated|ram_block1a9~porta_address_reg0  ; clk          ; u_pll|altpll_component|auto_generated|pll1|clk[0] ; 10.000       ; -2.515     ; 3.962      ;
; 3.507 ; wren_img_conv1     ; img_conv1:u_img_conv1|altsyncram:altsyncram_component|altsyncram_i5i1:auto_generated|ram_block1a30~porta_we_reg       ; clk          ; u_pll|altpll_component|auto_generated|pll1|clk[0] ; 10.000       ; -2.497     ; 3.976      ;
; 3.548 ; wren_img_conv1     ; img_conv1:u_img_conv1|altsyncram:altsyncram_component|altsyncram_i5i1:auto_generated|ram_block1a20~porta_we_reg       ; clk          ; u_pll|altpll_component|auto_generated|pll1|clk[0] ; 10.000       ; -2.503     ; 3.929      ;
; 3.730 ; addr_img_conv1[9]  ; img_conv1:u_img_conv1|altsyncram:altsyncram_component|altsyncram_i5i1:auto_generated|ram_block1a21~porta_address_reg0 ; clk          ; u_pll|altpll_component|auto_generated|pll1|clk[0] ; 10.000       ; -2.534     ; 3.716      ;
; 3.781 ; addr_img_conv1[9]  ; img_conv1:u_img_conv1|altsyncram:altsyncram_component|altsyncram_i5i1:auto_generated|ram_block1a9~porta_address_reg0  ; clk          ; u_pll|altpll_component|auto_generated|pll1|clk[0] ; 10.000       ; -2.514     ; 3.685      ;
; 3.783 ; addr_img_conv1[7]  ; img_conv1:u_img_conv1|altsyncram:altsyncram_component|altsyncram_i5i1:auto_generated|ram_block1a20~porta_address_reg0 ; clk          ; u_pll|altpll_component|auto_generated|pll1|clk[0] ; 10.000       ; -2.514     ; 3.683      ;
; 3.788 ; addr_img_conv1[2]  ; img_conv1:u_img_conv1|altsyncram:altsyncram_component|altsyncram_i5i1:auto_generated|ram_block1a30~porta_address_reg0 ; clk          ; u_pll|altpll_component|auto_generated|pll1|clk[0] ; 10.000       ; -2.509     ; 3.683      ;
; 3.819 ; addr_img_conv1[7]  ; img_conv1:u_img_conv1|altsyncram:altsyncram_component|altsyncram_i5i1:auto_generated|ram_block1a10~porta_address_reg0 ; clk          ; u_pll|altpll_component|auto_generated|pll1|clk[0] ; 10.000       ; -2.518     ; 3.643      ;
; 3.820 ; wren_img_conv1     ; img_conv1:u_img_conv1|altsyncram:altsyncram_component|altsyncram_i5i1:auto_generated|ram_block1a10~porta_we_reg       ; clk          ; u_pll|altpll_component|auto_generated|pll1|clk[0] ; 10.000       ; -2.507     ; 3.653      ;
; 3.821 ; addr_img_conv1[2]  ; img_conv1:u_img_conv1|altsyncram:altsyncram_component|altsyncram_i5i1:auto_generated|ram_block1a31~porta_address_reg0 ; clk          ; u_pll|altpll_component|auto_generated|pll1|clk[0] ; 10.000       ; -2.518     ; 3.641      ;
; 3.822 ; addr_img_conv1[2]  ; img_conv1:u_img_conv1|altsyncram:altsyncram_component|altsyncram_i5i1:auto_generated|ram_block1a23~porta_address_reg0 ; clk          ; u_pll|altpll_component|auto_generated|pll1|clk[0] ; 10.000       ; -2.525     ; 3.633      ;
; 3.827 ; addr_img_conv1[7]  ; img_conv1:u_img_conv1|altsyncram:altsyncram_component|altsyncram_i5i1:auto_generated|ram_block1a21~porta_address_reg0 ; clk          ; u_pll|altpll_component|auto_generated|pll1|clk[0] ; 10.000       ; -2.534     ; 3.619      ;
; 3.838 ; addr_img_conv1[1]  ; img_conv1:u_img_conv1|altsyncram:altsyncram_component|altsyncram_i5i1:auto_generated|ram_block1a9~porta_address_reg0  ; clk          ; u_pll|altpll_component|auto_generated|pll1|clk[0] ; 10.000       ; -2.515     ; 3.627      ;
; 3.843 ; wren_img_conv1     ; img_conv1:u_img_conv1|altsyncram:altsyncram_component|altsyncram_i5i1:auto_generated|ram_block1a11~porta_we_reg       ; clk          ; u_pll|altpll_component|auto_generated|pll1|clk[0] ; 10.000       ; -2.517     ; 3.620      ;
; 3.855 ; addr_conv2w[2]     ; conv2_w:u_conv2w|altsyncram:altsyncram_component|altsyncram_2jk1:auto_generated|ram_block1a6~porta_address_reg0       ; clk          ; u_pll|altpll_component|auto_generated|pll1|clk[0] ; 10.000       ; -2.501     ; 3.624      ;
; 3.871 ; addr_img_conv1[1]  ; img_conv1:u_img_conv1|altsyncram:altsyncram_component|altsyncram_i5i1:auto_generated|ram_block1a31~porta_address_reg0 ; clk          ; u_pll|altpll_component|auto_generated|pll1|clk[0] ; 10.000       ; -2.518     ; 3.591      ;
; 3.905 ; addr_img_conv1[1]  ; img_conv1:u_img_conv1|altsyncram:altsyncram_component|altsyncram_i5i1:auto_generated|ram_block1a23~porta_address_reg0 ; clk          ; u_pll|altpll_component|auto_generated|pll1|clk[0] ; 10.000       ; -2.525     ; 3.550      ;
; 3.941 ; addr_img_conv1[1]  ; img_conv1:u_img_conv1|altsyncram:altsyncram_component|altsyncram_i5i1:auto_generated|ram_block1a30~porta_address_reg0 ; clk          ; u_pll|altpll_component|auto_generated|pll1|clk[0] ; 10.000       ; -2.509     ; 3.530      ;
; 3.971 ; addr_img_conv1[12] ; img_conv1:u_img_conv1|altsyncram:altsyncram_component|altsyncram_i5i1:auto_generated|ram_block1a9~porta_address_reg0  ; clk          ; u_pll|altpll_component|auto_generated|pll1|clk[0] ; 10.000       ; -2.514     ; 3.495      ;
; 4.007 ; addr_img_conv1[12] ; img_conv1:u_img_conv1|altsyncram:altsyncram_component|altsyncram_i5i1:auto_generated|ram_block1a23~porta_address_reg0 ; clk          ; u_pll|altpll_component|auto_generated|pll1|clk[0] ; 10.000       ; -2.524     ; 3.449      ;
; 4.011 ; addr_img_conv1[0]  ; img_conv1:u_img_conv1|altsyncram:altsyncram_component|altsyncram_i5i1:auto_generated|ram_block1a30~porta_address_reg0 ; clk          ; u_pll|altpll_component|auto_generated|pll1|clk[0] ; 10.000       ; -2.509     ; 3.460      ;
; 4.033 ; addr_img_conv1[12] ; img_conv1:u_img_conv1|altsyncram:altsyncram_component|altsyncram_i5i1:auto_generated|ram_block1a31~porta_address_reg0 ; clk          ; u_pll|altpll_component|auto_generated|pll1|clk[0] ; 10.000       ; -2.517     ; 3.430      ;
; 4.058 ; addr_img_conv1[9]  ; img_conv1:u_img_conv1|altsyncram:altsyncram_component|altsyncram_i5i1:auto_generated|ram_block1a23~porta_address_reg0 ; clk          ; u_pll|altpll_component|auto_generated|pll1|clk[0] ; 10.000       ; -2.524     ; 3.398      ;
; 4.074 ; addr_img_conv1[9]  ; img_conv1:u_img_conv1|altsyncram:altsyncram_component|altsyncram_i5i1:auto_generated|ram_block1a31~porta_address_reg0 ; clk          ; u_pll|altpll_component|auto_generated|pll1|clk[0] ; 10.000       ; -2.517     ; 3.389      ;
; 4.077 ; addr_img_conv1[5]  ; img_conv1:u_img_conv1|altsyncram:altsyncram_component|altsyncram_i5i1:auto_generated|ram_block1a30~porta_address_reg0 ; clk          ; u_pll|altpll_component|auto_generated|pll1|clk[0] ; 10.000       ; -2.508     ; 3.395      ;
; 4.093 ; addr_img_conv1[7]  ; img_conv1:u_img_conv1|altsyncram:altsyncram_component|altsyncram_i5i1:auto_generated|ram_block1a11~porta_address_reg0 ; clk          ; u_pll|altpll_component|auto_generated|pll1|clk[0] ; 10.000       ; -2.528     ; 3.359      ;
; 4.119 ; addr_img_conv1[2]  ; img_conv1:u_img_conv1|altsyncram:altsyncram_component|altsyncram_i5i1:auto_generated|ram_block1a20~porta_address_reg0 ; clk          ; u_pll|altpll_component|auto_generated|pll1|clk[0] ; 10.000       ; -2.515     ; 3.346      ;
; 4.139 ; addr_img_conv1[2]  ; img_conv1:u_img_conv1|altsyncram:altsyncram_component|altsyncram_i5i1:auto_generated|ram_block1a7~porta_address_reg0  ; clk          ; u_pll|altpll_component|auto_generated|pll1|clk[0] ; 10.000       ; -2.528     ; 3.313      ;
; 4.161 ; addr_img_conv1[1]  ; img_conv1:u_img_conv1|altsyncram:altsyncram_component|altsyncram_i5i1:auto_generated|ram_block1a7~porta_address_reg0  ; clk          ; u_pll|altpll_component|auto_generated|pll1|clk[0] ; 10.000       ; -2.528     ; 3.291      ;
; 4.163 ; addr_img_conv1[12] ; img_conv1:u_img_conv1|altsyncram:altsyncram_component|altsyncram_i5i1:auto_generated|ram_block1a5~porta_address_reg0  ; clk          ; u_pll|altpll_component|auto_generated|pll1|clk[0] ; 10.000       ; -2.531     ; 3.286      ;
; 4.192 ; addr_img_conv1[8]  ; img_conv1:u_img_conv1|altsyncram:altsyncram_component|altsyncram_i5i1:auto_generated|ram_block1a1~porta_address_reg0  ; clk          ; u_pll|altpll_component|auto_generated|pll1|clk[0] ; 10.000       ; -2.503     ; 3.285      ;
; 4.199 ; addr_img_conv1[12] ; img_conv1:u_img_conv1|altsyncram:altsyncram_component|altsyncram_i5i1:auto_generated|ram_block1a3~porta_address_reg0  ; clk          ; u_pll|altpll_component|auto_generated|pll1|clk[0] ; 10.000       ; -2.526     ; 3.255      ;
; 4.200 ; addr_img_conv1[12] ; img_conv1:u_img_conv1|altsyncram:altsyncram_component|altsyncram_i5i1:auto_generated|ram_block1a28~porta_address_reg0 ; clk          ; u_pll|altpll_component|auto_generated|pll1|clk[0] ; 10.000       ; -2.546     ; 3.234      ;
; 4.201 ; addr_img_conv1[2]  ; img_conv1:u_img_conv1|altsyncram:altsyncram_component|altsyncram_i5i1:auto_generated|ram_block1a29~porta_address_reg0 ; clk          ; u_pll|altpll_component|auto_generated|pll1|clk[0] ; 10.000       ; -2.547     ; 3.232      ;
; 4.204 ; addr_conv2w[1]     ; conv2_w:u_conv2w|altsyncram:altsyncram_component|altsyncram_2jk1:auto_generated|ram_block1a6~porta_address_reg0       ; clk          ; u_pll|altpll_component|auto_generated|pll1|clk[0] ; 10.000       ; -2.501     ; 3.275      ;
; 4.206 ; addr_conv2w[1]     ; conv2_w:u_conv2w|altsyncram:altsyncram_component|altsyncram_2jk1:auto_generated|ram_block1a12~porta_address_reg0      ; clk          ; u_pll|altpll_component|auto_generated|pll1|clk[0] ; 10.000       ; -2.499     ; 3.275      ;
; 4.232 ; addr_img_conv1[1]  ; img_conv1:u_img_conv1|altsyncram:altsyncram_component|altsyncram_i5i1:auto_generated|ram_block1a10~porta_address_reg0 ; clk          ; u_pll|altpll_component|auto_generated|pll1|clk[0] ; 10.000       ; -2.519     ; 3.229      ;
; 4.235 ; addr_img_conv1[1]  ; img_conv1:u_img_conv1|altsyncram:altsyncram_component|altsyncram_i5i1:auto_generated|ram_block1a20~porta_address_reg0 ; clk          ; u_pll|altpll_component|auto_generated|pll1|clk[0] ; 10.000       ; -2.515     ; 3.230      ;
; 4.259 ; addr_img_conv1[12] ; img_conv1:u_img_conv1|altsyncram:altsyncram_component|altsyncram_i5i1:auto_generated|ram_block1a30~porta_address_reg0 ; clk          ; u_pll|altpll_component|auto_generated|pll1|clk[0] ; 10.000       ; -2.508     ; 3.213      ;
; 4.263 ; addr_img_conv1[3]  ; img_conv1:u_img_conv1|altsyncram:altsyncram_component|altsyncram_i5i1:auto_generated|ram_block1a2~porta_address_reg0  ; clk          ; u_pll|altpll_component|auto_generated|pll1|clk[0] ; 10.000       ; -2.494     ; 3.223      ;
; 4.266 ; addr_img_conv1[12] ; img_conv1:u_img_conv1|altsyncram:altsyncram_component|altsyncram_i5i1:auto_generated|ram_block1a7~porta_address_reg0  ; clk          ; u_pll|altpll_component|auto_generated|pll1|clk[0] ; 10.000       ; -2.527     ; 3.187      ;
; 4.272 ; addr_img_conv1[11] ; img_conv1:u_img_conv1|altsyncram:altsyncram_component|altsyncram_i5i1:auto_generated|ram_block1a9~porta_address_reg0  ; clk          ; u_pll|altpll_component|auto_generated|pll1|clk[0] ; 10.000       ; -2.514     ; 3.194      ;
; 4.276 ; addr_pool1[9]      ; pool1:u_pool1|altsyncram:altsyncram_component|altsyncram_a9g1:auto_generated|ram_block1a6~porta_address_reg0          ; clk          ; u_pll|altpll_component|auto_generated|pll1|clk[0] ; 10.000       ; -2.499     ; 3.205      ;
; 4.276 ; addr_conv2w[1]     ; conv2_w:u_conv2w|altsyncram:altsyncram_component|altsyncram_2jk1:auto_generated|ram_block1a14~porta_address_reg0      ; clk          ; u_pll|altpll_component|auto_generated|pll1|clk[0] ; 10.000       ; -2.496     ; 3.208      ;
; 4.280 ; addr_img_conv1[4]  ; img_conv1:u_img_conv1|altsyncram:altsyncram_component|altsyncram_i5i1:auto_generated|ram_block1a30~porta_address_reg0 ; clk          ; u_pll|altpll_component|auto_generated|pll1|clk[0] ; 10.000       ; -2.508     ; 3.192      ;
; 4.288 ; addr_img_conv1[11] ; img_conv1:u_img_conv1|altsyncram:altsyncram_component|altsyncram_i5i1:auto_generated|ram_block1a23~porta_address_reg0 ; clk          ; u_pll|altpll_component|auto_generated|pll1|clk[0] ; 10.000       ; -2.524     ; 3.168      ;
; 4.307 ; addr_img_conv1[11] ; img_conv1:u_img_conv1|altsyncram:altsyncram_component|altsyncram_i5i1:auto_generated|ram_block1a31~porta_address_reg0 ; clk          ; u_pll|altpll_component|auto_generated|pll1|clk[0] ; 10.000       ; -2.517     ; 3.156      ;
; 4.309 ; addr_conv2w[4]     ; conv2_w:u_conv2w|altsyncram:altsyncram_component|altsyncram_2jk1:auto_generated|ram_block1a6~porta_address_reg0       ; clk          ; u_pll|altpll_component|auto_generated|pll1|clk[0] ; 10.000       ; -2.501     ; 3.170      ;
; 4.312 ; addr_img_conv1[9]  ; img_conv1:u_img_conv1|altsyncram:altsyncram_component|altsyncram_i5i1:auto_generated|ram_block1a11~porta_address_reg0 ; clk          ; u_pll|altpll_component|auto_generated|pll1|clk[0] ; 10.000       ; -2.528     ; 3.140      ;
; 4.313 ; addr_img_conv1[0]  ; img_conv1:u_img_conv1|altsyncram:altsyncram_component|altsyncram_i5i1:auto_generated|ram_block1a10~porta_address_reg0 ; clk          ; u_pll|altpll_component|auto_generated|pll1|clk[0] ; 10.000       ; -2.519     ; 3.148      ;
; 4.314 ; addr_img_conv1[0]  ; img_conv1:u_img_conv1|altsyncram:altsyncram_component|altsyncram_i5i1:auto_generated|ram_block1a9~porta_address_reg0  ; clk          ; u_pll|altpll_component|auto_generated|pll1|clk[0] ; 10.000       ; -2.515     ; 3.151      ;
; 4.323 ; addr_img_conv1[0]  ; img_conv1:u_img_conv1|altsyncram:altsyncram_component|altsyncram_i5i1:auto_generated|ram_block1a11~porta_address_reg0 ; clk          ; u_pll|altpll_component|auto_generated|pll1|clk[0] ; 10.000       ; -2.529     ; 3.128      ;
; 4.341 ; addr_img_conv1[0]  ; img_conv1:u_img_conv1|altsyncram:altsyncram_component|altsyncram_i5i1:auto_generated|ram_block1a20~porta_address_reg0 ; clk          ; u_pll|altpll_component|auto_generated|pll1|clk[0] ; 10.000       ; -2.515     ; 3.124      ;
; 4.342 ; addr_img_conv1[0]  ; img_conv1:u_img_conv1|altsyncram:altsyncram_component|altsyncram_i5i1:auto_generated|ram_block1a31~porta_address_reg0 ; clk          ; u_pll|altpll_component|auto_generated|pll1|clk[0] ; 10.000       ; -2.518     ; 3.120      ;
; 4.343 ; wren_img_conv1     ; img_conv1:u_img_conv1|altsyncram:altsyncram_component|altsyncram_i5i1:auto_generated|ram_block1a31~porta_we_reg       ; clk          ; u_pll|altpll_component|auto_generated|pll1|clk[0] ; 10.000       ; -2.506     ; 3.131      ;
; 4.343 ; addr_img_conv1[7]  ; img_conv1:u_img_conv1|altsyncram:altsyncram_component|altsyncram_i5i1:auto_generated|ram_block1a31~porta_address_reg0 ; clk          ; u_pll|altpll_component|auto_generated|pll1|clk[0] ; 10.000       ; -2.517     ; 3.120      ;
; 4.345 ; addr_conv2w[2]     ; conv2_w:u_conv2w|altsyncram:altsyncram_component|altsyncram_2jk1:auto_generated|ram_block1a12~porta_address_reg0      ; clk          ; u_pll|altpll_component|auto_generated|pll1|clk[0] ; 10.000       ; -2.499     ; 3.136      ;
; 4.345 ; addr_conv2w[4]     ; conv2_w:u_conv2w|altsyncram:altsyncram_component|altsyncram_2jk1:auto_generated|ram_block1a12~porta_address_reg0      ; clk          ; u_pll|altpll_component|auto_generated|pll1|clk[0] ; 10.000       ; -2.499     ; 3.136      ;
; 4.356 ; addr_img_conv1[7]  ; img_conv1:u_img_conv1|altsyncram:altsyncram_component|altsyncram_i5i1:auto_generated|ram_block1a23~porta_address_reg0 ; clk          ; u_pll|altpll_component|auto_generated|pll1|clk[0] ; 10.000       ; -2.524     ; 3.100      ;
; 4.370 ; addr_img_conv1[5]  ; img_conv1:u_img_conv1|altsyncram:altsyncram_component|altsyncram_i5i1:auto_generated|ram_block1a20~porta_address_reg0 ; clk          ; u_pll|altpll_component|auto_generated|pll1|clk[0] ; 10.000       ; -2.514     ; 3.096      ;
; 4.371 ; wren_pool1         ; pool1:u_pool1|altsyncram:altsyncram_component|altsyncram_a9g1:auto_generated|ram_block1a26~porta_we_reg               ; clk          ; u_pll|altpll_component|auto_generated|pll1|clk[0] ; 10.000       ; -2.487     ; 3.122      ;
; 4.373 ; addr_img_conv1[5]  ; img_conv1:u_img_conv1|altsyncram:altsyncram_component|altsyncram_i5i1:auto_generated|ram_block1a10~porta_address_reg0 ; clk          ; u_pll|altpll_component|auto_generated|pll1|clk[0] ; 10.000       ; -2.518     ; 3.089      ;
; 4.378 ; addr_img_conv1[7]  ; img_conv1:u_img_conv1|altsyncram:altsyncram_component|altsyncram_i5i1:auto_generated|ram_block1a9~porta_address_reg0  ; clk          ; u_pll|altpll_component|auto_generated|pll1|clk[0] ; 10.000       ; -2.514     ; 3.088      ;
; 4.379 ; addr_img_conv1[2]  ; img_conv1:u_img_conv1|altsyncram:altsyncram_component|altsyncram_i5i1:auto_generated|ram_block1a10~porta_address_reg0 ; clk          ; u_pll|altpll_component|auto_generated|pll1|clk[0] ; 10.000       ; -2.519     ; 3.082      ;
; 4.408 ; addr_img_conv1[0]  ; img_conv1:u_img_conv1|altsyncram:altsyncram_component|altsyncram_i5i1:auto_generated|ram_block1a2~porta_address_reg0  ; clk          ; u_pll|altpll_component|auto_generated|pll1|clk[0] ; 10.000       ; -2.495     ; 3.077      ;
; 4.417 ; addr_img_conv1[9]  ; img_conv1:u_img_conv1|altsyncram:altsyncram_component|altsyncram_i5i1:auto_generated|ram_block1a13~porta_address_reg0 ; clk          ; u_pll|altpll_component|auto_generated|pll1|clk[0] ; 10.000       ; -2.537     ; 3.026      ;
; 4.422 ; wren_img_conv1     ; img_conv1:u_img_conv1|altsyncram:altsyncram_component|altsyncram_i5i1:auto_generated|ram_block1a21~porta_we_reg       ; clk          ; u_pll|altpll_component|auto_generated|pll1|clk[0] ; 10.000       ; -2.523     ; 3.035      ;
; 4.428 ; addr_img_conv1[2]  ; img_conv1:u_img_conv1|altsyncram:altsyncram_component|altsyncram_i5i1:auto_generated|ram_block1a11~porta_address_reg0 ; clk          ; u_pll|altpll_component|auto_generated|pll1|clk[0] ; 10.000       ; -2.529     ; 3.023      ;
; 4.456 ; addr_img_conv1[9]  ; img_conv1:u_img_conv1|altsyncram:altsyncram_component|altsyncram_i5i1:auto_generated|ram_block1a18~porta_address_reg0 ; clk          ; u_pll|altpll_component|auto_generated|pll1|clk[0] ; 10.000       ; -2.543     ; 2.981      ;
; 4.461 ; addr_conv2w[6]     ; conv2_w:u_conv2w|altsyncram:altsyncram_component|altsyncram_2jk1:auto_generated|ram_block1a6~porta_address_reg0       ; clk          ; u_pll|altpll_component|auto_generated|pll1|clk[0] ; 10.000       ; -2.501     ; 3.018      ;
; 4.463 ; addr_conv2w[0]     ; conv2_w:u_conv2w|altsyncram:altsyncram_component|altsyncram_2jk1:auto_generated|ram_block1a6~porta_address_reg0       ; clk          ; u_pll|altpll_component|auto_generated|pll1|clk[0] ; 10.000       ; -2.501     ; 3.016      ;
; 4.468 ; addr_img_conv1[2]  ; img_conv1:u_img_conv1|altsyncram:altsyncram_component|altsyncram_i5i1:auto_generated|ram_block1a28~porta_address_reg0 ; clk          ; u_pll|altpll_component|auto_generated|pll1|clk[0] ; 10.000       ; -2.547     ; 2.965      ;
; 4.470 ; addr_img_conv1[9]  ; img_conv1:u_img_conv1|altsyncram:altsyncram_component|altsyncram_i5i1:auto_generated|ram_block1a24~porta_address_reg0 ; clk          ; u_pll|altpll_component|auto_generated|pll1|clk[0] ; 10.000       ; -2.488     ; 3.022      ;
; 4.479 ; addr_img_conv1[9]  ; img_conv1:u_img_conv1|altsyncram:altsyncram_component|altsyncram_i5i1:auto_generated|ram_block1a27~porta_address_reg0 ; clk          ; u_pll|altpll_component|auto_generated|pll1|clk[0] ; 10.000       ; -2.491     ; 3.010      ;
; 4.481 ; addr_img_conv1[2]  ; img_conv1:u_img_conv1|altsyncram:altsyncram_component|altsyncram_i5i1:auto_generated|ram_block1a4~porta_address_reg0  ; clk          ; u_pll|altpll_component|auto_generated|pll1|clk[0] ; 10.000       ; -2.553     ; 2.946      ;
; 4.485 ; wren_img_conv1     ; img_conv1:u_img_conv1|altsyncram:altsyncram_component|altsyncram_i5i1:auto_generated|ram_block1a13~porta_we_reg       ; clk          ; u_pll|altpll_component|auto_generated|pll1|clk[0] ; 10.000       ; -2.526     ; 2.969      ;
; 4.485 ; addr_img_conv1[2]  ; img_conv1:u_img_conv1|altsyncram:altsyncram_component|altsyncram_i5i1:auto_generated|ram_block1a8~porta_address_reg0  ; clk          ; u_pll|altpll_component|auto_generated|pll1|clk[0] ; 10.000       ; -2.522     ; 2.973      ;
; 4.486 ; addr_img_conv1[8]  ; img_conv1:u_img_conv1|altsyncram:altsyncram_component|altsyncram_i5i1:auto_generated|ram_block1a8~porta_address_reg0  ; clk          ; u_pll|altpll_component|auto_generated|pll1|clk[0] ; 10.000       ; -2.521     ; 2.973      ;
; 4.487 ; addr_img_conv1[12] ; img_conv1:u_img_conv1|altsyncram:altsyncram_component|altsyncram_i5i1:auto_generated|ram_block1a4~porta_address_reg0  ; clk          ; u_pll|altpll_component|auto_generated|pll1|clk[0] ; 10.000       ; -2.552     ; 2.941      ;
; 4.491 ; addr_conv2w[0]     ; conv2_w:u_conv2w|altsyncram:altsyncram_component|altsyncram_2jk1:auto_generated|ram_block1a12~porta_address_reg0      ; clk          ; u_pll|altpll_component|auto_generated|pll1|clk[0] ; 10.000       ; -2.499     ; 2.990      ;
; 4.505 ; addr_img_conv1[2]  ; img_conv1:u_img_conv1|altsyncram:altsyncram_component|altsyncram_i5i1:auto_generated|ram_block1a6~porta_address_reg0  ; clk          ; u_pll|altpll_component|auto_generated|pll1|clk[0] ; 10.000       ; -2.516     ; 2.959      ;
; 4.510 ; addr_img_conv1[8]  ; img_conv1:u_img_conv1|altsyncram:altsyncram_component|altsyncram_i5i1:auto_generated|ram_block1a6~porta_address_reg0  ; clk          ; u_pll|altpll_component|auto_generated|pll1|clk[0] ; 10.000       ; -2.515     ; 2.955      ;
; 4.514 ; addr_img_conv1[2]  ; img_conv1:u_img_conv1|altsyncram:altsyncram_component|altsyncram_i5i1:auto_generated|ram_block1a3~porta_address_reg0  ; clk          ; u_pll|altpll_component|auto_generated|pll1|clk[0] ; 10.000       ; -2.527     ; 2.939      ;
; 4.515 ; addr_pool1[8]      ; pool1:u_pool1|altsyncram:altsyncram_component|altsyncram_a9g1:auto_generated|ram_block1a26~porta_address_reg0         ; clk          ; u_pll|altpll_component|auto_generated|pll1|clk[0] ; 10.000       ; -2.499     ; 2.966      ;
; 4.540 ; addr_img_conv1[2]  ; img_conv1:u_img_conv1|altsyncram:altsyncram_component|altsyncram_i5i1:auto_generated|ram_block1a26~porta_address_reg0 ; clk          ; u_pll|altpll_component|auto_generated|pll1|clk[0] ; 10.000       ; -2.539     ; 2.901      ;
; 4.540 ; addr_img_conv1[3]  ; img_conv1:u_img_conv1|altsyncram:altsyncram_component|altsyncram_i5i1:auto_generated|ram_block1a1~porta_address_reg0  ; clk          ; u_pll|altpll_component|auto_generated|pll1|clk[0] ; 10.000       ; -2.503     ; 2.937      ;
; 4.554 ; addr_img_conv1[12] ; img_conv1:u_img_conv1|altsyncram:altsyncram_component|altsyncram_i5i1:auto_generated|ram_block1a10~porta_address_reg0 ; clk          ; u_pll|altpll_component|auto_generated|pll1|clk[0] ; 10.000       ; -2.518     ; 2.908      ;
; 4.556 ; addr_img_conv1[4]  ; img_conv1:u_img_conv1|altsyncram:altsyncram_component|altsyncram_i5i1:auto_generated|ram_block1a20~porta_address_reg0 ; clk          ; u_pll|altpll_component|auto_generated|pll1|clk[0] ; 10.000       ; -2.514     ; 2.910      ;
; 4.559 ; addr_img_conv1[1]  ; img_conv1:u_img_conv1|altsyncram:altsyncram_component|altsyncram_i5i1:auto_generated|ram_block1a13~porta_address_reg0 ; clk          ; u_pll|altpll_component|auto_generated|pll1|clk[0] ; 10.000       ; -2.538     ; 2.883      ;
; 4.562 ; addr_img_conv1[5]  ; img_conv1:u_img_conv1|altsyncram:altsyncram_component|altsyncram_i5i1:auto_generated|ram_block1a19~porta_address_reg0 ; clk          ; u_pll|altpll_component|auto_generated|pll1|clk[0] ; 10.000       ; -2.494     ; 2.924      ;
; 4.562 ; addr_img_conv1[1]  ; img_conv1:u_img_conv1|altsyncram:altsyncram_component|altsyncram_i5i1:auto_generated|ram_block1a21~porta_address_reg0 ; clk          ; u_pll|altpll_component|auto_generated|pll1|clk[0] ; 10.000       ; -2.535     ; 2.883      ;
; 4.564 ; addr_img_conv1[1]  ; img_conv1:u_img_conv1|altsyncram:altsyncram_component|altsyncram_i5i1:auto_generated|ram_block1a11~porta_address_reg0 ; clk          ; u_pll|altpll_component|auto_generated|pll1|clk[0] ; 10.000       ; -2.529     ; 2.887      ;
; 4.570 ; addr_img_conv1[11] ; img_conv1:u_img_conv1|altsyncram:altsyncram_component|altsyncram_i5i1:auto_generated|ram_block1a7~porta_address_reg0  ; clk          ; u_pll|altpll_component|auto_generated|pll1|clk[0] ; 10.000       ; -2.527     ; 2.883      ;
; 4.578 ; addr_img_conv1[4]  ; img_conv1:u_img_conv1|altsyncram:altsyncram_component|altsyncram_i5i1:auto_generated|ram_block1a10~porta_address_reg0 ; clk          ; u_pll|altpll_component|auto_generated|pll1|clk[0] ; 10.000       ; -2.518     ; 2.884      ;
; 4.579 ; addr_img_conv1[4]  ; img_conv1:u_img_conv1|altsyncram:altsyncram_component|altsyncram_i5i1:auto_generated|ram_block1a11~porta_address_reg0 ; clk          ; u_pll|altpll_component|auto_generated|pll1|clk[0] ; 10.000       ; -2.528     ; 2.873      ;
; 4.582 ; addr_img_conv1[12] ; img_conv1:u_img_conv1|altsyncram:altsyncram_component|altsyncram_i5i1:auto_generated|ram_block1a21~porta_address_reg0 ; clk          ; u_pll|altpll_component|auto_generated|pll1|clk[0] ; 10.000       ; -2.534     ; 2.864      ;
+-------+--------------------+-----------------------------------------------------------------------------------------------------------------------+--------------+---------------------------------------------------+--------------+------------+------------+


+------------------------------------------------------------------------------------------------------------------------------+
; Slow 1200mV 0C Model Hold: 'clk'                                                                                             ;
+-------+------------------------+-----------------------+--------------+-------------+--------------+------------+------------+
; Slack ; From Node              ; To Node               ; Launch Clock ; Latch Clock ; Relationship ; Clock Skew ; Data Delay ;
+-------+------------------------+-----------------------+--------------+-------------+--------------+------------+------------+
; 0.353 ; best_digit[3]          ; best_digit[3]         ; clk          ; clk         ; 0.000        ; 0.073      ; 0.597      ;
; 0.353 ; best_digit[2]          ; best_digit[2]         ; clk          ; clk         ; 0.000        ; 0.073      ; 0.597      ;
; 0.353 ; best_digit[1]          ; best_digit[1]         ; clk          ; clk         ; 0.000        ; 0.073      ; 0.597      ;
; 0.353 ; best_digit[0]          ; best_digit[0]         ; clk          ; clk         ; 0.000        ; 0.073      ; 0.597      ;
; 0.353 ; state.S_FC             ; state.S_FC            ; clk          ; clk         ; 0.000        ; 0.073      ; 0.597      ;
; 0.353 ; state.S_CONV2          ; state.S_CONV2         ; clk          ; clk         ; 0.000        ; 0.073      ; 0.597      ;
; 0.353 ; col[4]                 ; col[4]                ; clk          ; clk         ; 0.000        ; 0.073      ; 0.597      ;
; 0.353 ; col[1]                 ; col[1]                ; clk          ; clk         ; 0.000        ; 0.073      ; 0.597      ;
; 0.353 ; col[0]                 ; col[0]                ; clk          ; clk         ; 0.000        ; 0.073      ; 0.597      ;
; 0.353 ; col[2]                 ; col[2]                ; clk          ; clk         ; 0.000        ; 0.073      ; 0.597      ;
; 0.353 ; col[3]                 ; col[3]                ; clk          ; clk         ; 0.000        ; 0.073      ; 0.597      ;
; 0.353 ; ic[2]                  ; ic[2]                 ; clk          ; clk         ; 0.000        ; 0.073      ; 0.597      ;
; 0.353 ; ic[1]                  ; ic[1]                 ; clk          ; clk         ; 0.000        ; 0.073      ; 0.597      ;
; 0.353 ; ch[1]                  ; ch[1]                 ; clk          ; clk         ; 0.000        ; 0.073      ; 0.597      ;
; 0.353 ; ch[2]                  ; ch[2]                 ; clk          ; clk         ; 0.000        ; 0.073      ; 0.597      ;
; 0.354 ; row[2]                 ; row[2]                ; clk          ; clk         ; 0.000        ; 0.072      ; 0.597      ;
; 0.354 ; row[3]                 ; row[3]                ; clk          ; clk         ; 0.000        ; 0.072      ; 0.597      ;
; 0.354 ; row[4]                 ; row[4]                ; clk          ; clk         ; 0.000        ; 0.072      ; 0.597      ;
; 0.354 ; ch[3]                  ; ch[3]                 ; clk          ; clk         ; 0.000        ; 0.072      ; 0.597      ;
; 0.354 ; kh[1]                  ; kh[1]                 ; clk          ; clk         ; 0.000        ; 0.072      ; 0.597      ;
; 0.354 ; kh[0]                  ; kh[0]                 ; clk          ; clk         ; 0.000        ; 0.072      ; 0.597      ;
; 0.354 ; kw[1]                  ; kw[1]                 ; clk          ; clk         ; 0.000        ; 0.072      ; 0.597      ;
; 0.354 ; LED_R[0]~reg0          ; LED_R[0]~reg0         ; clk          ; clk         ; 0.000        ; 0.072      ; 0.597      ;
; 0.354 ; wren_pool2             ; wren_pool2            ; clk          ; clk         ; 0.000        ; 0.072      ; 0.597      ;
; 0.354 ; wren_pool1             ; wren_pool1            ; clk          ; clk         ; 0.000        ; 0.072      ; 0.597      ;
; 0.354 ; wren_img_conv2         ; wren_img_conv2        ; clk          ; clk         ; 0.000        ; 0.072      ; 0.597      ;
; 0.354 ; addr_img_conv2[4]      ; addr_img_conv2[4]     ; clk          ; clk         ; 0.000        ; 0.072      ; 0.597      ;
; 0.354 ; addr_img_conv2[7]      ; addr_img_conv2[7]     ; clk          ; clk         ; 0.000        ; 0.072      ; 0.597      ;
; 0.354 ; wren_img_conv1         ; wren_img_conv1        ; clk          ; clk         ; 0.000        ; 0.072      ; 0.597      ;
; 0.354 ; addr_fcw[0]            ; addr_fcw[0]           ; clk          ; clk         ; 0.000        ; 0.072      ; 0.597      ;
; 0.354 ; i[4]                   ; i[4]                  ; clk          ; clk         ; 0.000        ; 0.072      ; 0.597      ;
; 0.354 ; i[8]                   ; i[8]                  ; clk          ; clk         ; 0.000        ; 0.072      ; 0.597      ;
; 0.354 ; i[6]                   ; i[6]                  ; clk          ; clk         ; 0.000        ; 0.072      ; 0.597      ;
; 0.354 ; i[7]                   ; i[7]                  ; clk          ; clk         ; 0.000        ; 0.072      ; 0.597      ;
; 0.354 ; i[5]                   ; i[5]                  ; clk          ; clk         ; 0.000        ; 0.072      ; 0.597      ;
; 0.354 ; cls[1]                 ; cls[1]                ; clk          ; clk         ; 0.000        ; 0.072      ; 0.597      ;
; 0.354 ; cls[0]                 ; cls[0]                ; clk          ; clk         ; 0.000        ; 0.072      ; 0.597      ;
; 0.354 ; cls[2]                 ; cls[2]                ; clk          ; clk         ; 0.000        ; 0.072      ; 0.597      ;
; 0.354 ; cls[3]                 ; cls[3]                ; clk          ; clk         ; 0.000        ; 0.072      ; 0.597      ;
; 0.354 ; stt.00110              ; stt.00110             ; clk          ; clk         ; 0.000        ; 0.072      ; 0.597      ;
; 0.354 ; stt.00101              ; stt.00101             ; clk          ; clk         ; 0.000        ; 0.072      ; 0.597      ;
; 0.354 ; stt.00100              ; stt.00100             ; clk          ; clk         ; 0.000        ; 0.072      ; 0.597      ;
; 0.354 ; state.S_IDLE           ; state.S_IDLE          ; clk          ; clk         ; 0.000        ; 0.072      ; 0.597      ;
; 0.354 ; state.S_DONE           ; state.S_DONE          ; clk          ; clk         ; 0.000        ; 0.072      ; 0.597      ;
; 0.364 ; state.S_POOL2          ; state.S_POOL2         ; clk          ; clk         ; 0.000        ; 0.073      ; 0.608      ;
; 0.364 ; state.S_POOL1          ; state.S_POOL1         ; clk          ; clk         ; 0.000        ; 0.073      ; 0.608      ;
; 0.364 ; ic[0]                  ; ic[0]                 ; clk          ; clk         ; 0.000        ; 0.073      ; 0.608      ;
; 0.364 ; ch[0]                  ; ch[0]                 ; clk          ; clk         ; 0.000        ; 0.073      ; 0.608      ;
; 0.365 ; kw[0]                  ; kw[0]                 ; clk          ; clk         ; 0.000        ; 0.072      ; 0.608      ;
; 0.394 ; score_rtl_0_bypass[25] ; best_score[16]        ; clk          ; clk         ; 0.000        ; 0.073      ; 0.638      ;
; 0.394 ; score_rtl_0_bypass[35] ; best_score[26]        ; clk          ; clk         ; 0.000        ; 0.073      ; 0.638      ;
; 0.394 ; score_rtl_0_bypass[24] ; best_score[15]        ; clk          ; clk         ; 0.000        ; 0.073      ; 0.638      ;
; 0.395 ; score_rtl_0_bypass[32] ; best_score[23]        ; clk          ; clk         ; 0.000        ; 0.073      ; 0.639      ;
; 0.395 ; score_rtl_0_bypass[20] ; best_score[11]        ; clk          ; clk         ; 0.000        ; 0.073      ; 0.639      ;
; 0.395 ; score_rtl_0_bypass[21] ; best_score[12]        ; clk          ; clk         ; 0.000        ; 0.073      ; 0.639      ;
; 0.396 ; score_rtl_0_bypass[38] ; best_score[29]        ; clk          ; clk         ; 0.000        ; 0.073      ; 0.640      ;
; 0.396 ; score_rtl_0_bypass[16] ; best_score[7]         ; clk          ; clk         ; 0.000        ; 0.072      ; 0.639      ;
; 0.398 ; score_rtl_0_bypass[13] ; best_score[4]         ; clk          ; clk         ; 0.000        ; 0.072      ; 0.641      ;
; 0.411 ; ic[1]                  ; ic[2]                 ; clk          ; clk         ; 0.000        ; 0.073      ; 0.655      ;
; 0.418 ; max_val[13]            ; data_w_pool2[13]      ; clk          ; clk         ; 0.000        ; 0.071      ; 0.660      ;
; 0.422 ; ch[0]                  ; ch[2]                 ; clk          ; clk         ; 0.000        ; 0.073      ; 0.666      ;
; 0.423 ; stt.00101              ; score_rtl_0_bypass[0] ; clk          ; clk         ; 0.000        ; 0.072      ; 0.666      ;
; 0.428 ; ic[0]                  ; ic[1]                 ; clk          ; clk         ; 0.000        ; 0.073      ; 0.672      ;
; 0.429 ; kw[0]                  ; kw[2]                 ; clk          ; clk         ; 0.000        ; 0.072      ; 0.672      ;
; 0.443 ; col[0]                 ; addr_img_conv2[5]     ; clk          ; clk         ; 0.000        ; 0.073      ; 0.687      ;
; 0.443 ; ic[0]                  ; addr_pool1[0]         ; clk          ; clk         ; 0.000        ; 0.073      ; 0.687      ;
; 0.512 ; state.S_IDLE           ; state.S_CONV1         ; clk          ; clk         ; 0.000        ; 0.072      ; 0.755      ;
; 0.542 ; ch[1]                  ; addr_pool2[1]         ; clk          ; clk         ; 0.000        ; 0.073      ; 0.786      ;
; 0.554 ; best_digit[3]          ; digit[3]              ; clk          ; clk         ; 0.000        ; 0.073      ; 0.798      ;
; 0.555 ; best_digit[2]          ; digit[2]              ; clk          ; clk         ; 0.000        ; 0.073      ; 0.799      ;
; 0.557 ; best_digit[1]          ; digit[1]              ; clk          ; clk         ; 0.000        ; 0.073      ; 0.801      ;
; 0.557 ; best_digit[0]          ; digit[0]              ; clk          ; clk         ; 0.000        ; 0.073      ; 0.801      ;
; 0.571 ; max_val[4]             ; data_w_pool2[4]       ; clk          ; clk         ; 0.000        ; 0.071      ; 0.813      ;
; 0.576 ; max_val[11]            ; data_w_pool2[11]      ; clk          ; clk         ; 0.000        ; 0.070      ; 0.817      ;
; 0.577 ; ic[1]                  ; addr_pool1[1]         ; clk          ; clk         ; 0.000        ; 0.074      ; 0.822      ;
; 0.577 ; ic[0]                  ; addr_conv2w[4]        ; clk          ; clk         ; 0.000        ; 0.074      ; 0.822      ;
; 0.578 ; ic[1]                  ; addr_conv2w[5]        ; clk          ; clk         ; 0.000        ; 0.074      ; 0.823      ;
; 0.580 ; max_val[9]             ; data_w_pool2[9]       ; clk          ; clk         ; 0.000        ; 0.070      ; 0.821      ;
; 0.581 ; score_rtl_0_bypass[12] ; best_score[3]         ; clk          ; clk         ; 0.000        ; 0.073      ; 0.825      ;
; 0.582 ; score_rtl_0_bypass[37] ; best_score[28]        ; clk          ; clk         ; 0.000        ; 0.073      ; 0.826      ;
; 0.582 ; score_rtl_0_bypass[39] ; best_score[30]        ; clk          ; clk         ; 0.000        ; 0.072      ; 0.825      ;
; 0.583 ; score_rtl_0_bypass[9]  ; best_score[0]         ; clk          ; clk         ; 0.000        ; 0.073      ; 0.827      ;
; 0.583 ; score_rtl_0_bypass[31] ; best_score[22]        ; clk          ; clk         ; 0.000        ; 0.073      ; 0.827      ;
; 0.584 ; score_rtl_0_bypass[26] ; best_score[17]        ; clk          ; clk         ; 0.000        ; 0.073      ; 0.828      ;
; 0.584 ; score_rtl_0_bypass[27] ; best_score[18]        ; clk          ; clk         ; 0.000        ; 0.073      ; 0.828      ;
; 0.584 ; score_rtl_0_bypass[40] ; best_score[31]        ; clk          ; clk         ; 0.000        ; 0.073      ; 0.828      ;
; 0.584 ; score_rtl_0_bypass[22] ; best_score[13]        ; clk          ; clk         ; 0.000        ; 0.073      ; 0.828      ;
; 0.584 ; score_rtl_0_bypass[17] ; best_score[8]         ; clk          ; clk         ; 0.000        ; 0.072      ; 0.827      ;
; 0.585 ; score_rtl_0_bypass[29] ; best_score[20]        ; clk          ; clk         ; 0.000        ; 0.073      ; 0.829      ;
; 0.585 ; score_rtl_0_bypass[33] ; best_score[24]        ; clk          ; clk         ; 0.000        ; 0.073      ; 0.829      ;
; 0.585 ; score_rtl_0_bypass[19] ; best_score[10]        ; clk          ; clk         ; 0.000        ; 0.073      ; 0.829      ;
; 0.585 ; score_rtl_0_bypass[30] ; best_score[21]        ; clk          ; clk         ; 0.000        ; 0.073      ; 0.829      ;
; 0.585 ; score_rtl_0_bypass[18] ; best_score[9]         ; clk          ; clk         ; 0.000        ; 0.072      ; 0.828      ;
; 0.586 ; score_rtl_0_bypass[11] ; best_score[2]         ; clk          ; clk         ; 0.000        ; 0.073      ; 0.830      ;
; 0.587 ; score_rtl_0_bypass[14] ; best_score[5]         ; clk          ; clk         ; 0.000        ; 0.072      ; 0.830      ;
; 0.587 ; max_val[10]            ; data_w_pool2[10]      ; clk          ; clk         ; 0.000        ; 0.070      ; 0.828      ;
; 0.609 ; state.S_POOL2          ; state.S_FC            ; clk          ; clk         ; 0.000        ; 0.073      ; 0.853      ;
; 0.615 ; ch[1]                  ; ch[2]                 ; clk          ; clk         ; 0.000        ; 0.073      ; 0.859      ;
; 0.623 ; col[2]                 ; addr_img_conv2[6]     ; clk          ; clk         ; 0.000        ; 0.073      ; 0.867      ;
; 0.623 ; ch[0]                  ; ch[1]                 ; clk          ; clk         ; 0.000        ; 0.073      ; 0.867      ;
+-------+------------------------+-----------------------+--------------+-------------+--------------+------------+------------+


+------------------------------------------------------------------------------------------------------------------------------------------------------------------------------------------------------------------------------------------------------------------+
; Slow 1200mV 0C Model Hold: 'u_pll|altpll_component|auto_generated|pll1|clk[0]'                                                                                                                                                                                   ;
+-------+----------------------+-----------------------------------------------------------------------------------------------------------------------+--------------+---------------------------------------------------+--------------+------------+------------+
; Slack ; From Node            ; To Node                                                                                                               ; Launch Clock ; Latch Clock                                       ; Relationship ; Clock Skew ; Data Delay ;
+-------+----------------------+-----------------------------------------------------------------------------------------------------------------------+--------------+---------------------------------------------------+--------------+------------+------------+
; 2.527 ; data_w_pool1[1]      ; pool1:u_pool1|altsyncram:altsyncram_component|altsyncram_a9g1:auto_generated|ram_block1a0~porta_datain_reg0           ; clk          ; u_pll|altpll_component|auto_generated|pll1|clk[0] ; 0.000        ; -1.948     ; 0.880      ;
; 2.546 ; addr_img_conv2[3]    ; img_conv2:u_img_conv2|altsyncram:altsyncram_component|altsyncram_45i1:auto_generated|ram_block1a1~porta_address_reg0  ; clk          ; u_pll|altpll_component|auto_generated|pll1|clk[0] ; 0.000        ; -1.953     ; 0.894      ;
; 2.575 ; data_w_img_conv2[3]  ; img_conv2:u_img_conv2|altsyncram:altsyncram_component|altsyncram_45i1:auto_generated|ram_block1a1~porta_datain_reg0   ; clk          ; u_pll|altpll_component|auto_generated|pll1|clk[0] ; 0.000        ; -1.946     ; 0.930      ;
; 2.577 ; addr_img_conv2[4]    ; img_conv2:u_img_conv2|altsyncram:altsyncram_component|altsyncram_45i1:auto_generated|ram_block1a1~porta_address_reg0  ; clk          ; u_pll|altpll_component|auto_generated|pll1|clk[0] ; 0.000        ; -1.954     ; 0.924      ;
; 2.581 ; data_w_img_conv2[5]  ; img_conv2:u_img_conv2|altsyncram:altsyncram_component|altsyncram_45i1:auto_generated|ram_block1a1~porta_datain_reg0   ; clk          ; u_pll|altpll_component|auto_generated|pll1|clk[0] ; 0.000        ; -1.946     ; 0.936      ;
; 2.581 ; addr_img[3]          ; image:u_image|altsyncram:altsyncram_component|altsyncram_1dm1:auto_generated|ram_block1a9~porta_address_reg0          ; clk          ; u_pll|altpll_component|auto_generated|pll1|clk[0] ; 0.000        ; -1.950     ; 0.932      ;
; 2.586 ; addr_img[1]          ; image:u_image|altsyncram:altsyncram_component|altsyncram_1dm1:auto_generated|ram_block1a0~porta_address_reg0          ; clk          ; u_pll|altpll_component|auto_generated|pll1|clk[0] ; 0.000        ; -1.951     ; 0.936      ;
; 2.592 ; data_w_img_conv2[1]  ; img_conv2:u_img_conv2|altsyncram:altsyncram_component|altsyncram_45i1:auto_generated|ram_block1a1~porta_datain_reg0   ; clk          ; u_pll|altpll_component|auto_generated|pll1|clk[0] ; 0.000        ; -1.946     ; 0.947      ;
; 2.593 ; addr_img[0]          ; image:u_image|altsyncram:altsyncram_component|altsyncram_1dm1:auto_generated|ram_block1a0~porta_address_reg0          ; clk          ; u_pll|altpll_component|auto_generated|pll1|clk[0] ; 0.000        ; -1.951     ; 0.943      ;
; 2.596 ; addr_fcw[2]          ; fc_w:u_fc_w|altsyncram:altsyncram_component|altsyncram_bak1:auto_generated|ram_block1a13~porta_address_reg0           ; clk          ; u_pll|altpll_component|auto_generated|pll1|clk[0] ; 0.000        ; -1.950     ; 0.947      ;
; 2.596 ; addr_fcw[9]          ; fc_w:u_fc_w|altsyncram:altsyncram_component|altsyncram_bak1:auto_generated|ram_block1a13~porta_address_reg0           ; clk          ; u_pll|altpll_component|auto_generated|pll1|clk[0] ; 0.000        ; -1.950     ; 0.947      ;
; 2.597 ; addr_fcw[11]         ; fc_w:u_fc_w|altsyncram:altsyncram_component|altsyncram_bak1:auto_generated|ram_block1a13~porta_address_reg0           ; clk          ; u_pll|altpll_component|auto_generated|pll1|clk[0] ; 0.000        ; -1.950     ; 0.948      ;
; 2.598 ; addr_pool1[1]        ; pool1:u_pool1|altsyncram:altsyncram_component|altsyncram_a9g1:auto_generated|ram_block1a0~porta_address_reg0          ; clk          ; u_pll|altpll_component|auto_generated|pll1|clk[0] ; 0.000        ; -1.951     ; 0.948      ;
; 2.598 ; addr_img[7]          ; image:u_image|altsyncram:altsyncram_component|altsyncram_1dm1:auto_generated|ram_block1a9~porta_address_reg0          ; clk          ; u_pll|altpll_component|auto_generated|pll1|clk[0] ; 0.000        ; -1.950     ; 0.949      ;
; 2.601 ; addr_fcw[0]          ; fc_w:u_fc_w|altsyncram:altsyncram_component|altsyncram_bak1:auto_generated|ram_block1a13~porta_address_reg0           ; clk          ; u_pll|altpll_component|auto_generated|pll1|clk[0] ; 0.000        ; -1.950     ; 0.952      ;
; 2.603 ; addr_fcw[6]          ; fc_w:u_fc_w|altsyncram:altsyncram_component|altsyncram_bak1:auto_generated|ram_block1a13~porta_address_reg0           ; clk          ; u_pll|altpll_component|auto_generated|pll1|clk[0] ; 0.000        ; -1.950     ; 0.954      ;
; 2.603 ; addr_img[4]          ; image:u_image|altsyncram:altsyncram_component|altsyncram_1dm1:auto_generated|ram_block1a9~porta_address_reg0          ; clk          ; u_pll|altpll_component|auto_generated|pll1|clk[0] ; 0.000        ; -1.950     ; 0.954      ;
; 2.604 ; addr_pool1[0]        ; pool1:u_pool1|altsyncram:altsyncram_component|altsyncram_a9g1:auto_generated|ram_block1a0~porta_address_reg0          ; clk          ; u_pll|altpll_component|auto_generated|pll1|clk[0] ; 0.000        ; -1.950     ; 0.955      ;
; 2.610 ; data_w_pool1[13]     ; pool1:u_pool1|altsyncram:altsyncram_component|altsyncram_a9g1:auto_generated|ram_block1a10~porta_datain_reg0          ; clk          ; u_pll|altpll_component|auto_generated|pll1|clk[0] ; 0.000        ; -1.940     ; 0.971      ;
; 2.612 ; addr_fcw[4]          ; fc_w:u_fc_w|altsyncram:altsyncram_component|altsyncram_bak1:auto_generated|ram_block1a9~porta_address_reg0            ; clk          ; u_pll|altpll_component|auto_generated|pll1|clk[0] ; 0.000        ; -1.949     ; 0.964      ;
; 2.613 ; data_w_img_conv2[2]  ; img_conv2:u_img_conv2|altsyncram:altsyncram_component|altsyncram_45i1:auto_generated|ram_block1a1~porta_datain_reg0   ; clk          ; u_pll|altpll_component|auto_generated|pll1|clk[0] ; 0.000        ; -1.946     ; 0.968      ;
; 2.613 ; data_w_img_conv2[4]  ; img_conv2:u_img_conv2|altsyncram:altsyncram_component|altsyncram_45i1:auto_generated|ram_block1a1~porta_datain_reg0   ; clk          ; u_pll|altpll_component|auto_generated|pll1|clk[0] ; 0.000        ; -1.946     ; 0.968      ;
; 2.618 ; addr_fcw[8]          ; fc_w:u_fc_w|altsyncram:altsyncram_component|altsyncram_bak1:auto_generated|ram_block1a9~porta_address_reg0            ; clk          ; u_pll|altpll_component|auto_generated|pll1|clk[0] ; 0.000        ; -1.949     ; 0.970      ;
; 2.620 ; addr_fcw[3]          ; fc_w:u_fc_w|altsyncram:altsyncram_component|altsyncram_bak1:auto_generated|ram_block1a13~porta_address_reg0           ; clk          ; u_pll|altpll_component|auto_generated|pll1|clk[0] ; 0.000        ; -1.950     ; 0.971      ;
; 2.620 ; addr_img[5]          ; image:u_image|altsyncram:altsyncram_component|altsyncram_1dm1:auto_generated|ram_block1a9~porta_address_reg0          ; clk          ; u_pll|altpll_component|auto_generated|pll1|clk[0] ; 0.000        ; -1.950     ; 0.971      ;
; 2.621 ; addr_img[8]          ; image:u_image|altsyncram:altsyncram_component|altsyncram_1dm1:auto_generated|ram_block1a9~porta_address_reg0          ; clk          ; u_pll|altpll_component|auto_generated|pll1|clk[0] ; 0.000        ; -1.950     ; 0.972      ;
; 2.624 ; data_w_img_conv1[19] ; img_conv1:u_img_conv1|altsyncram:altsyncram_component|altsyncram_i5i1:auto_generated|ram_block1a19~porta_datain_reg0  ; clk          ; u_pll|altpll_component|auto_generated|pll1|clk[0] ; 0.000        ; -1.944     ; 0.981      ;
; 2.629 ; addr_fcw[4]          ; fc_w:u_fc_w|altsyncram:altsyncram_component|altsyncram_bak1:auto_generated|ram_block1a11~porta_address_reg0           ; clk          ; u_pll|altpll_component|auto_generated|pll1|clk[0] ; 0.000        ; -1.947     ; 0.983      ;
; 2.630 ; data_w_img_conv1[22] ; img_conv1:u_img_conv1|altsyncram:altsyncram_component|altsyncram_i5i1:auto_generated|ram_block1a22~porta_datain_reg0  ; clk          ; u_pll|altpll_component|auto_generated|pll1|clk[0] ; 0.000        ; -1.948     ; 0.983      ;
; 2.632 ; addr_pool1[0]        ; pool1:u_pool1|altsyncram:altsyncram_component|altsyncram_a9g1:auto_generated|ram_block1a22~porta_address_reg0         ; clk          ; u_pll|altpll_component|auto_generated|pll1|clk[0] ; 0.000        ; -1.945     ; 0.988      ;
; 2.632 ; data_w_pool1[30]     ; pool1:u_pool1|altsyncram:altsyncram_component|altsyncram_a9g1:auto_generated|ram_block1a0~porta_datain_reg0           ; clk          ; u_pll|altpll_component|auto_generated|pll1|clk[0] ; 0.000        ; -1.939     ; 0.994      ;
; 2.633 ; addr_fcw[8]          ; fc_w:u_fc_w|altsyncram:altsyncram_component|altsyncram_bak1:auto_generated|ram_block1a11~porta_address_reg0           ; clk          ; u_pll|altpll_component|auto_generated|pll1|clk[0] ; 0.000        ; -1.947     ; 0.987      ;
; 2.635 ; addr_img_conv2[1]    ; img_conv2:u_img_conv2|altsyncram:altsyncram_component|altsyncram_45i1:auto_generated|ram_block1a1~porta_address_reg0  ; clk          ; u_pll|altpll_component|auto_generated|pll1|clk[0] ; 0.000        ; -1.953     ; 0.983      ;
; 2.641 ; data_w_pool1[31]     ; pool1:u_pool1|altsyncram:altsyncram_component|altsyncram_a9g1:auto_generated|ram_block1a0~porta_datain_reg0           ; clk          ; u_pll|altpll_component|auto_generated|pll1|clk[0] ; 0.000        ; -1.939     ; 1.003      ;
; 2.648 ; addr_fcw[7]          ; fc_w:u_fc_w|altsyncram:altsyncram_component|altsyncram_bak1:auto_generated|ram_block1a9~porta_address_reg0            ; clk          ; u_pll|altpll_component|auto_generated|pll1|clk[0] ; 0.000        ; -1.949     ; 1.000      ;
; 2.651 ; data_w_pool1[11]     ; pool1:u_pool1|altsyncram:altsyncram_component|altsyncram_a9g1:auto_generated|ram_block1a10~porta_datain_reg0          ; clk          ; u_pll|altpll_component|auto_generated|pll1|clk[0] ; 0.000        ; -1.940     ; 1.012      ;
; 2.652 ; addr_fcw[1]          ; fc_w:u_fc_w|altsyncram:altsyncram_component|altsyncram_bak1:auto_generated|ram_block1a13~porta_address_reg0           ; clk          ; u_pll|altpll_component|auto_generated|pll1|clk[0] ; 0.000        ; -1.950     ; 1.003      ;
; 2.656 ; addr_pool1[0]        ; pool1:u_pool1|altsyncram:altsyncram_component|altsyncram_a9g1:auto_generated|ram_block1a14~porta_address_reg0         ; clk          ; u_pll|altpll_component|auto_generated|pll1|clk[0] ; 0.000        ; -1.946     ; 1.011      ;
; 2.660 ; addr_fcw[7]          ; fc_w:u_fc_w|altsyncram:altsyncram_component|altsyncram_bak1:auto_generated|ram_block1a11~porta_address_reg0           ; clk          ; u_pll|altpll_component|auto_generated|pll1|clk[0] ; 0.000        ; -1.947     ; 1.014      ;
; 2.718 ; data_w_pool1[0]      ; pool1:u_pool1|altsyncram:altsyncram_component|altsyncram_a9g1:auto_generated|ram_block1a0~porta_datain_reg0           ; clk          ; u_pll|altpll_component|auto_generated|pll1|clk[0] ; 0.000        ; -1.938     ; 1.081      ;
; 2.728 ; data_w_img_conv1[27] ; img_conv1:u_img_conv1|altsyncram:altsyncram_component|altsyncram_i5i1:auto_generated|ram_block1a27~porta_datain_reg0  ; clk          ; u_pll|altpll_component|auto_generated|pll1|clk[0] ; 0.000        ; -1.940     ; 1.089      ;
; 2.732 ; data_w_pool1[10]     ; pool1:u_pool1|altsyncram:altsyncram_component|altsyncram_a9g1:auto_generated|ram_block1a10~porta_datain_reg0          ; clk          ; u_pll|altpll_component|auto_generated|pll1|clk[0] ; 0.000        ; -1.939     ; 1.094      ;
; 2.759 ; addr_img_conv2[5]    ; img_conv2:u_img_conv2|altsyncram:altsyncram_component|altsyncram_45i1:auto_generated|ram_block1a1~porta_address_reg0  ; clk          ; u_pll|altpll_component|auto_generated|pll1|clk[0] ; 0.000        ; -1.963     ; 1.097      ;
; 2.767 ; data_w_img_conv2[26] ; img_conv2:u_img_conv2|altsyncram:altsyncram_component|altsyncram_45i1:auto_generated|ram_block1a0~porta_datain_reg0   ; clk          ; u_pll|altpll_component|auto_generated|pll1|clk[0] ; 0.000        ; -1.949     ; 1.119      ;
; 2.772 ; addr_img_conv1[10]   ; img_conv1:u_img_conv1|altsyncram:altsyncram_component|altsyncram_i5i1:auto_generated|ram_block1a2~porta_address_reg0  ; clk          ; u_pll|altpll_component|auto_generated|pll1|clk[0] ; 0.000        ; -1.962     ; 1.111      ;
; 2.774 ; addr_img_conv1[11]   ; img_conv1:u_img_conv1|altsyncram:altsyncram_component|altsyncram_i5i1:auto_generated|ram_block1a2~porta_address_reg0  ; clk          ; u_pll|altpll_component|auto_generated|pll1|clk[0] ; 0.000        ; -1.962     ; 1.113      ;
; 2.781 ; addr_img_conv1[9]    ; img_conv1:u_img_conv1|altsyncram:altsyncram_component|altsyncram_i5i1:auto_generated|ram_block1a2~porta_address_reg0  ; clk          ; u_pll|altpll_component|auto_generated|pll1|clk[0] ; 0.000        ; -1.962     ; 1.120      ;
; 2.782 ; data_w_img_conv2[29] ; img_conv2:u_img_conv2|altsyncram:altsyncram_component|altsyncram_45i1:auto_generated|ram_block1a0~porta_datain_reg0   ; clk          ; u_pll|altpll_component|auto_generated|pll1|clk[0] ; 0.000        ; -1.949     ; 1.134      ;
; 2.784 ; data_w_img_conv2[0]  ; img_conv2:u_img_conv2|altsyncram:altsyncram_component|altsyncram_45i1:auto_generated|ram_block1a0~porta_datain_reg0   ; clk          ; u_pll|altpll_component|auto_generated|pll1|clk[0] ; 0.000        ; -1.949     ; 1.136      ;
; 2.784 ; addr_fcw[5]          ; fc_w:u_fc_w|altsyncram:altsyncram_component|altsyncram_bak1:auto_generated|ram_block1a13~porta_address_reg0           ; clk          ; u_pll|altpll_component|auto_generated|pll1|clk[0] ; 0.000        ; -1.950     ; 1.135      ;
; 2.786 ; addr_conv1w[5]       ; conv1:conv1_w|altsyncram:altsyncram_component|altsyncram_pnk1:auto_generated|ram_block1a0~porta_address_reg0          ; clk          ; u_pll|altpll_component|auto_generated|pll1|clk[0] ; 0.000        ; -1.958     ; 1.129      ;
; 2.788 ; data_w_img_conv2[28] ; img_conv2:u_img_conv2|altsyncram:altsyncram_component|altsyncram_45i1:auto_generated|ram_block1a0~porta_datain_reg0   ; clk          ; u_pll|altpll_component|auto_generated|pll1|clk[0] ; 0.000        ; -1.949     ; 1.140      ;
; 2.794 ; addr_conv1w[4]       ; conv1:conv1_w|altsyncram:altsyncram_component|altsyncram_pnk1:auto_generated|ram_block1a0~porta_address_reg0          ; clk          ; u_pll|altpll_component|auto_generated|pll1|clk[0] ; 0.000        ; -1.958     ; 1.137      ;
; 2.801 ; data_w_img_conv2[30] ; img_conv2:u_img_conv2|altsyncram:altsyncram_component|altsyncram_45i1:auto_generated|ram_block1a0~porta_datain_reg0   ; clk          ; u_pll|altpll_component|auto_generated|pll1|clk[0] ; 0.000        ; -1.949     ; 1.153      ;
; 2.806 ; addr_img_conv1[7]    ; img_conv1:u_img_conv1|altsyncram:altsyncram_component|altsyncram_i5i1:auto_generated|ram_block1a2~porta_address_reg0  ; clk          ; u_pll|altpll_component|auto_generated|pll1|clk[0] ; 0.000        ; -1.962     ; 1.145      ;
; 2.811 ; data_w_img_conv2[31] ; img_conv2:u_img_conv2|altsyncram:altsyncram_component|altsyncram_45i1:auto_generated|ram_block1a0~porta_datain_reg0   ; clk          ; u_pll|altpll_component|auto_generated|pll1|clk[0] ; 0.000        ; -1.949     ; 1.163      ;
; 2.812 ; addr_img_conv1[8]    ; img_conv1:u_img_conv1|altsyncram:altsyncram_component|altsyncram_i5i1:auto_generated|ram_block1a2~porta_address_reg0  ; clk          ; u_pll|altpll_component|auto_generated|pll1|clk[0] ; 0.000        ; -1.962     ; 1.151      ;
; 2.813 ; addr_img[9]          ; image:u_image|altsyncram:altsyncram_component|altsyncram_1dm1:auto_generated|ram_block1a9~porta_address_reg0          ; clk          ; u_pll|altpll_component|auto_generated|pll1|clk[0] ; 0.000        ; -1.950     ; 1.164      ;
; 2.815 ; addr_img_conv2[4]    ; img_conv2:u_img_conv2|altsyncram:altsyncram_component|altsyncram_45i1:auto_generated|ram_block1a0~porta_address_reg0  ; clk          ; u_pll|altpll_component|auto_generated|pll1|clk[0] ; 0.000        ; -1.957     ; 1.159      ;
; 2.820 ; data_w_img_conv2[27] ; img_conv2:u_img_conv2|altsyncram:altsyncram_component|altsyncram_45i1:auto_generated|ram_block1a0~porta_datain_reg0   ; clk          ; u_pll|altpll_component|auto_generated|pll1|clk[0] ; 0.000        ; -1.949     ; 1.172      ;
; 2.823 ; addr_img_conv2[3]    ; img_conv2:u_img_conv2|altsyncram:altsyncram_component|altsyncram_45i1:auto_generated|ram_block1a0~porta_address_reg0  ; clk          ; u_pll|altpll_component|auto_generated|pll1|clk[0] ; 0.000        ; -1.956     ; 1.168      ;
; 2.829 ; data_w_img_conv1[2]  ; img_conv1:u_img_conv1|altsyncram:altsyncram_component|altsyncram_i5i1:auto_generated|ram_block1a2~porta_datain_reg0   ; clk          ; u_pll|altpll_component|auto_generated|pll1|clk[0] ; 0.000        ; -1.943     ; 1.187      ;
; 2.830 ; addr_pool2[3]        ; pool2:u_pool2|altsyncram:altsyncram_component|altsyncram_h2i1:auto_generated|ram_block1a14~porta_address_reg0         ; clk          ; u_pll|altpll_component|auto_generated|pll1|clk[0] ; 0.000        ; -1.949     ; 1.182      ;
; 2.830 ; addr_pool2[3]        ; pool2:u_pool2|altsyncram:altsyncram_component|altsyncram_h2i1:auto_generated|ram_block1a0~porta_address_reg0          ; clk          ; u_pll|altpll_component|auto_generated|pll1|clk[0] ; 0.000        ; -1.949     ; 1.182      ;
; 2.830 ; addr_img_conv2[9]    ; img_conv2:u_img_conv2|altsyncram:altsyncram_component|altsyncram_45i1:auto_generated|ram_block1a1~porta_address_reg0  ; clk          ; u_pll|altpll_component|auto_generated|pll1|clk[0] ; 0.000        ; -1.955     ; 1.176      ;
; 2.831 ; addr_pool2[1]        ; pool2:u_pool2|altsyncram:altsyncram_component|altsyncram_h2i1:auto_generated|ram_block1a14~porta_address_reg0         ; clk          ; u_pll|altpll_component|auto_generated|pll1|clk[0] ; 0.000        ; -1.949     ; 1.183      ;
; 2.831 ; addr_pool2[1]        ; pool2:u_pool2|altsyncram:altsyncram_component|altsyncram_h2i1:auto_generated|ram_block1a0~porta_address_reg0          ; clk          ; u_pll|altpll_component|auto_generated|pll1|clk[0] ; 0.000        ; -1.949     ; 1.183      ;
; 2.836 ; addr_img_conv2[7]    ; img_conv2:u_img_conv2|altsyncram:altsyncram_component|altsyncram_45i1:auto_generated|ram_block1a15~porta_address_reg0 ; clk          ; u_pll|altpll_component|auto_generated|pll1|clk[0] ; 0.000        ; -1.964     ; 1.173      ;
; 2.836 ; addr_conv1w[7]       ; conv1:conv1_w|altsyncram:altsyncram_component|altsyncram_pnk1:auto_generated|ram_block1a0~porta_address_reg0          ; clk          ; u_pll|altpll_component|auto_generated|pll1|clk[0] ; 0.000        ; -1.958     ; 1.179      ;
; 2.855 ; addr_img[6]          ; image:u_image|altsyncram:altsyncram_component|altsyncram_1dm1:auto_generated|ram_block1a0~porta_address_reg0          ; clk          ; u_pll|altpll_component|auto_generated|pll1|clk[0] ; 0.000        ; -1.949     ; 1.207      ;
; 2.860 ; data_w_img_conv1[24] ; img_conv1:u_img_conv1|altsyncram:altsyncram_component|altsyncram_i5i1:auto_generated|ram_block1a24~porta_datain_reg0  ; clk          ; u_pll|altpll_component|auto_generated|pll1|clk[0] ; 0.000        ; -1.938     ; 1.223      ;
; 2.863 ; addr_img_conv1[1]    ; img_conv1:u_img_conv1|altsyncram:altsyncram_component|altsyncram_i5i1:auto_generated|ram_block1a2~porta_address_reg0  ; clk          ; u_pll|altpll_component|auto_generated|pll1|clk[0] ; 0.000        ; -1.962     ; 1.202      ;
; 2.865 ; addr_img_conv2[3]    ; img_conv2:u_img_conv2|altsyncram:altsyncram_component|altsyncram_45i1:auto_generated|ram_block1a15~porta_address_reg0 ; clk          ; u_pll|altpll_component|auto_generated|pll1|clk[0] ; 0.000        ; -1.963     ; 1.203      ;
; 2.866 ; addr_img[0]          ; image:u_image|altsyncram:altsyncram_component|altsyncram_1dm1:auto_generated|ram_block1a9~porta_address_reg0          ; clk          ; u_pll|altpll_component|auto_generated|pll1|clk[0] ; 0.000        ; -1.952     ; 1.215      ;
; 2.869 ; addr_img_conv2[3]    ; img_conv2:u_img_conv2|altsyncram:altsyncram_component|altsyncram_45i1:auto_generated|ram_block1a6~porta_address_reg0  ; clk          ; u_pll|altpll_component|auto_generated|pll1|clk[0] ; 0.000        ; -1.967     ; 1.203      ;
; 2.869 ; addr_fcw[0]          ; fc_w:u_fc_w|altsyncram:altsyncram_component|altsyncram_bak1:auto_generated|ram_block1a9~porta_address_reg0            ; clk          ; u_pll|altpll_component|auto_generated|pll1|clk[0] ; 0.000        ; -1.949     ; 1.221      ;
; 2.870 ; addr_pool2[6]        ; pool2:u_pool2|altsyncram:altsyncram_component|altsyncram_h2i1:auto_generated|ram_block1a14~porta_address_reg0         ; clk          ; u_pll|altpll_component|auto_generated|pll1|clk[0] ; 0.000        ; -1.949     ; 1.222      ;
; 2.870 ; addr_pool2[6]        ; pool2:u_pool2|altsyncram:altsyncram_component|altsyncram_h2i1:auto_generated|ram_block1a0~porta_address_reg0          ; clk          ; u_pll|altpll_component|auto_generated|pll1|clk[0] ; 0.000        ; -1.949     ; 1.222      ;
; 2.870 ; data_w_img_conv1[25] ; img_conv1:u_img_conv1|altsyncram:altsyncram_component|altsyncram_i5i1:auto_generated|ram_block1a25~porta_datain_reg0  ; clk          ; u_pll|altpll_component|auto_generated|pll1|clk[0] ; 0.000        ; -1.957     ; 1.214      ;
; 2.871 ; addr_fcw[5]          ; fc_w:u_fc_w|altsyncram:altsyncram_component|altsyncram_bak1:auto_generated|ram_block1a11~porta_address_reg0           ; clk          ; u_pll|altpll_component|auto_generated|pll1|clk[0] ; 0.000        ; -1.947     ; 1.225      ;
; 2.872 ; addr_fcw[6]          ; fc_w:u_fc_w|altsyncram:altsyncram_component|altsyncram_bak1:auto_generated|ram_block1a9~porta_address_reg0            ; clk          ; u_pll|altpll_component|auto_generated|pll1|clk[0] ; 0.000        ; -1.949     ; 1.224      ;
; 2.872 ; addr_img[3]          ; image:u_image|altsyncram:altsyncram_component|altsyncram_1dm1:auto_generated|ram_block1a0~porta_address_reg0          ; clk          ; u_pll|altpll_component|auto_generated|pll1|clk[0] ; 0.000        ; -1.949     ; 1.224      ;
; 2.874 ; addr_fcw[9]          ; fc_w:u_fc_w|altsyncram:altsyncram_component|altsyncram_bak1:auto_generated|ram_block1a9~porta_address_reg0            ; clk          ; u_pll|altpll_component|auto_generated|pll1|clk[0] ; 0.000        ; -1.949     ; 1.226      ;
; 2.878 ; addr_pool2[0]        ; pool2:u_pool2|altsyncram:altsyncram_component|altsyncram_h2i1:auto_generated|ram_block1a14~porta_address_reg0         ; clk          ; u_pll|altpll_component|auto_generated|pll1|clk[0] ; 0.000        ; -1.949     ; 1.230      ;
; 2.878 ; addr_pool2[0]        ; pool2:u_pool2|altsyncram:altsyncram_component|altsyncram_h2i1:auto_generated|ram_block1a0~porta_address_reg0          ; clk          ; u_pll|altpll_component|auto_generated|pll1|clk[0] ; 0.000        ; -1.949     ; 1.230      ;
; 2.881 ; addr_fcw[11]         ; fc_w:u_fc_w|altsyncram:altsyncram_component|altsyncram_bak1:auto_generated|ram_block1a11~porta_address_reg0           ; clk          ; u_pll|altpll_component|auto_generated|pll1|clk[0] ; 0.000        ; -1.947     ; 1.235      ;
; 2.882 ; addr_img_conv2[7]    ; img_conv2:u_img_conv2|altsyncram:altsyncram_component|altsyncram_45i1:auto_generated|ram_block1a6~porta_address_reg0  ; clk          ; u_pll|altpll_component|auto_generated|pll1|clk[0] ; 0.000        ; -1.968     ; 1.215      ;
; 2.884 ; addr_img[4]          ; image:u_image|altsyncram:altsyncram_component|altsyncram_1dm1:auto_generated|ram_block1a0~porta_address_reg0          ; clk          ; u_pll|altpll_component|auto_generated|pll1|clk[0] ; 0.000        ; -1.949     ; 1.236      ;
; 2.885 ; data_w_img_conv1[1]  ; img_conv1:u_img_conv1|altsyncram:altsyncram_component|altsyncram_i5i1:auto_generated|ram_block1a1~porta_datain_reg0   ; clk          ; u_pll|altpll_component|auto_generated|pll1|clk[0] ; 0.000        ; -1.952     ; 1.234      ;
; 2.885 ; addr_pool1[9]        ; pool1:u_pool1|altsyncram:altsyncram_component|altsyncram_a9g1:auto_generated|ram_block1a0~porta_address_reg0          ; clk          ; u_pll|altpll_component|auto_generated|pll1|clk[0] ; 0.000        ; -1.953     ; 1.233      ;
; 2.886 ; addr_pool1[6]        ; pool1:u_pool1|altsyncram:altsyncram_component|altsyncram_a9g1:auto_generated|ram_block1a14~porta_address_reg0         ; clk          ; u_pll|altpll_component|auto_generated|pll1|clk[0] ; 0.000        ; -1.949     ; 1.238      ;
; 2.887 ; addr_fcw[5]          ; fc_w:u_fc_w|altsyncram:altsyncram_component|altsyncram_bak1:auto_generated|ram_block1a9~porta_address_reg0            ; clk          ; u_pll|altpll_component|auto_generated|pll1|clk[0] ; 0.000        ; -1.949     ; 1.239      ;
; 2.889 ; data_w_pool2[2]      ; pool2:u_pool2|altsyncram:altsyncram_component|altsyncram_h2i1:auto_generated|ram_block1a0~porta_datain_reg0           ; clk          ; u_pll|altpll_component|auto_generated|pll1|clk[0] ; 0.000        ; -1.942     ; 1.248      ;
; 2.889 ; addr_fcw[9]          ; fc_w:u_fc_w|altsyncram:altsyncram_component|altsyncram_bak1:auto_generated|ram_block1a11~porta_address_reg0           ; clk          ; u_pll|altpll_component|auto_generated|pll1|clk[0] ; 0.000        ; -1.947     ; 1.243      ;
; 2.890 ; addr_pool1[3]        ; pool1:u_pool1|altsyncram:altsyncram_component|altsyncram_a9g1:auto_generated|ram_block1a10~porta_address_reg0         ; clk          ; u_pll|altpll_component|auto_generated|pll1|clk[0] ; 0.000        ; -1.954     ; 1.237      ;
; 2.891 ; data_w_pool2[1]      ; pool2:u_pool2|altsyncram:altsyncram_component|altsyncram_h2i1:auto_generated|ram_block1a0~porta_datain_reg0           ; clk          ; u_pll|altpll_component|auto_generated|pll1|clk[0] ; 0.000        ; -1.942     ; 1.250      ;
; 2.891 ; addr_img[8]          ; image:u_image|altsyncram:altsyncram_component|altsyncram_1dm1:auto_generated|ram_block1a0~porta_address_reg0          ; clk          ; u_pll|altpll_component|auto_generated|pll1|clk[0] ; 0.000        ; -1.949     ; 1.243      ;
; 2.892 ; data_w_pool2[23]     ; pool2:u_pool2|altsyncram:altsyncram_component|altsyncram_h2i1:auto_generated|ram_block1a14~porta_datain_reg0          ; clk          ; u_pll|altpll_component|auto_generated|pll1|clk[0] ; 0.000        ; -1.943     ; 1.250      ;
; 2.892 ; addr_fcw[11]         ; fc_w:u_fc_w|altsyncram:altsyncram_component|altsyncram_bak1:auto_generated|ram_block1a9~porta_address_reg0            ; clk          ; u_pll|altpll_component|auto_generated|pll1|clk[0] ; 0.000        ; -1.949     ; 1.244      ;
; 2.892 ; addr_pool1[0]        ; pool1:u_pool1|altsyncram:altsyncram_component|altsyncram_a9g1:auto_generated|ram_block1a10~porta_address_reg0         ; clk          ; u_pll|altpll_component|auto_generated|pll1|clk[0] ; 0.000        ; -1.951     ; 1.242      ;
+-------+----------------------+-----------------------------------------------------------------------------------------------------------------------+--------------+---------------------------------------------------+--------------+------------+------------+


----------------------------------------------
; Slow 1200mV 0C Model Metastability Summary ;
----------------------------------------------
The design MTBF is not calculated because there are no specified synchronizers in the design.
Number of Synchronizer Chains Found: 128
Shortest Synchronizer Chain: 2 Registers
Fraction of Chains for which MTBFs Could Not be Calculated: 1.000
Worst Case Available Settling Time: 4.750 ns




+---------------------------------------------------------------------------+
; Fast 1200mV 0C Model Setup Summary                                        ;
+---------------------------------------------------+-------+---------------+
; Clock                                             ; Slack ; End Point TNS ;
+---------------------------------------------------+-------+---------------+
; clk                                               ; 2.802 ; 0.000         ;
; u_pll|altpll_component|auto_generated|pll1|clk[0] ; 5.846 ; 0.000         ;
+---------------------------------------------------+-------+---------------+


+---------------------------------------------------------------------------+
; Fast 1200mV 0C Model Hold Summary                                         ;
+---------------------------------------------------+-------+---------------+
; Clock                                             ; Slack ; End Point TNS ;
+---------------------------------------------------+-------+---------------+
; clk                                               ; 0.181 ; 0.000         ;
; u_pll|altpll_component|auto_generated|pll1|clk[0] ; 1.486 ; 0.000         ;
+---------------------------------------------------+-------+---------------+


-----------------------------------------
; Fast 1200mV 0C Model Recovery Summary ;
-----------------------------------------
No paths to report.


----------------------------------------
; Fast 1200mV 0C Model Removal Summary ;
----------------------------------------
No paths to report.


+---------------------------------------------------------------------------+
; Fast 1200mV 0C Model Minimum Pulse Width Summary                          ;
+---------------------------------------------------+-------+---------------+
; Clock                                             ; Slack ; End Point TNS ;
+---------------------------------------------------+-------+---------------+
; u_pll|altpll_component|auto_generated|pll1|clk[0] ; 4.751 ; 0.000         ;
; clk                                               ; 9.374 ; 0.000         ;
+---------------------------------------------------+-------+---------------+


+-----------------------------------------------------------------------------------------------------------------------------------------------------------------------------------------------------------------------------------------------+
; Fast 1200mV 0C Model Setup: 'clk'                                                                                                                                                                                                             ;
+-------+------------------------------------------------------------------------------------------------------------------+---------+---------------------------------------------------+-------------+--------------+------------+------------+
; Slack ; From Node                                                                                                        ; To Node ; Launch Clock                                      ; Latch Clock ; Relationship ; Clock Skew ; Data Delay ;
+-------+------------------------------------------------------------------------------------------------------------------+---------+---------------------------------------------------+-------------+--------------+------------+------------+
; 2.802 ; conv2_w:u_conv2w|altsyncram:altsyncram_component|altsyncram_2jk1:auto_generated|ram_block1a2~porta_address_reg0  ; acc[63] ; u_pll|altpll_component|auto_generated|pll1|clk[0] ; clk         ; 10.000       ; 1.435      ; 8.540      ;
; 2.836 ; conv2_w:u_conv2w|altsyncram:altsyncram_component|altsyncram_2jk1:auto_generated|ram_block1a2~porta_address_reg0  ; acc[60] ; u_pll|altpll_component|auto_generated|pll1|clk[0] ; clk         ; 10.000       ; 1.439      ; 8.510      ;
; 2.874 ; pool1:u_pool1|altsyncram:altsyncram_component|altsyncram_a9g1:auto_generated|ram_block1a0~porta_we_reg           ; acc[63] ; u_pll|altpll_component|auto_generated|pll1|clk[0] ; clk         ; 10.000       ; 1.448      ; 8.481      ;
; 2.878 ; pool1:u_pool1|altsyncram:altsyncram_component|altsyncram_a9g1:auto_generated|ram_block1a18~porta_we_reg          ; acc[63] ; u_pll|altpll_component|auto_generated|pll1|clk[0] ; clk         ; 10.000       ; 1.444      ; 8.473      ;
; 2.904 ; conv2_w:u_conv2w|altsyncram:altsyncram_component|altsyncram_2jk1:auto_generated|ram_block1a0~porta_address_reg0  ; acc[63] ; u_pll|altpll_component|auto_generated|pll1|clk[0] ; clk         ; 10.000       ; 1.435      ; 8.438      ;
; 2.908 ; pool1:u_pool1|altsyncram:altsyncram_component|altsyncram_a9g1:auto_generated|ram_block1a0~porta_we_reg           ; acc[60] ; u_pll|altpll_component|auto_generated|pll1|clk[0] ; clk         ; 10.000       ; 1.452      ; 8.451      ;
; 2.910 ; conv2_w:u_conv2w|altsyncram:altsyncram_component|altsyncram_2jk1:auto_generated|ram_block1a8~porta_address_reg0  ; acc[63] ; u_pll|altpll_component|auto_generated|pll1|clk[0] ; clk         ; 10.000       ; 1.435      ; 8.432      ;
; 2.912 ; pool1:u_pool1|altsyncram:altsyncram_component|altsyncram_a9g1:auto_generated|ram_block1a18~porta_we_reg          ; acc[60] ; u_pll|altpll_component|auto_generated|pll1|clk[0] ; clk         ; 10.000       ; 1.448      ; 8.443      ;
; 2.915 ; conv2_w:u_conv2w|altsyncram:altsyncram_component|altsyncram_2jk1:auto_generated|ram_block1a2~porta_address_reg0  ; acc[62] ; u_pll|altpll_component|auto_generated|pll1|clk[0] ; clk         ; 10.000       ; 1.439      ; 8.431      ;
; 2.938 ; conv2_w:u_conv2w|altsyncram:altsyncram_component|altsyncram_2jk1:auto_generated|ram_block1a0~porta_address_reg0  ; acc[60] ; u_pll|altpll_component|auto_generated|pll1|clk[0] ; clk         ; 10.000       ; 1.439      ; 8.408      ;
; 2.944 ; conv2_w:u_conv2w|altsyncram:altsyncram_component|altsyncram_2jk1:auto_generated|ram_block1a8~porta_address_reg0  ; acc[60] ; u_pll|altpll_component|auto_generated|pll1|clk[0] ; clk         ; 10.000       ; 1.439      ; 8.402      ;
; 2.949 ; conv2_w:u_conv2w|altsyncram:altsyncram_component|altsyncram_2jk1:auto_generated|ram_block1a2~porta_address_reg0  ; acc[58] ; u_pll|altpll_component|auto_generated|pll1|clk[0] ; clk         ; 10.000       ; 1.435      ; 8.393      ;
; 2.954 ; conv2_w:u_conv2w|altsyncram:altsyncram_component|altsyncram_2jk1:auto_generated|ram_block1a10~porta_address_reg0 ; acc[63] ; u_pll|altpll_component|auto_generated|pll1|clk[0] ; clk         ; 10.000       ; 1.454      ; 8.407      ;
; 2.971 ; conv2_w:u_conv2w|altsyncram:altsyncram_component|altsyncram_2jk1:auto_generated|ram_block1a12~porta_address_reg0 ; acc[63] ; u_pll|altpll_component|auto_generated|pll1|clk[0] ; clk         ; 10.000       ; 1.466      ; 8.402      ;
; 2.972 ; conv2_w:u_conv2w|altsyncram:altsyncram_component|altsyncram_2jk1:auto_generated|ram_block1a2~porta_address_reg0  ; acc[56] ; u_pll|altpll_component|auto_generated|pll1|clk[0] ; clk         ; 10.000       ; 1.435      ; 8.370      ;
; 2.976 ; conv2_w:u_conv2w|altsyncram:altsyncram_component|altsyncram_2jk1:auto_generated|ram_block1a2~porta_address_reg0  ; acc[59] ; u_pll|altpll_component|auto_generated|pll1|clk[0] ; clk         ; 10.000       ; 1.439      ; 8.370      ;
; 2.978 ; conv2_w:u_conv2w|altsyncram:altsyncram_component|altsyncram_2jk1:auto_generated|ram_block1a2~porta_address_reg0  ; acc[54] ; u_pll|altpll_component|auto_generated|pll1|clk[0] ; clk         ; 10.000       ; 1.450      ; 8.379      ;
; 2.978 ; conv2_w:u_conv2w|altsyncram:altsyncram_component|altsyncram_2jk1:auto_generated|ram_block1a4~porta_address_reg0  ; acc[63] ; u_pll|altpll_component|auto_generated|pll1|clk[0] ; clk         ; 10.000       ; 1.453      ; 8.382      ;
; 2.979 ; conv2_w:u_conv2w|altsyncram:altsyncram_component|altsyncram_2jk1:auto_generated|ram_block1a14~porta_address_reg0 ; acc[63] ; u_pll|altpll_component|auto_generated|pll1|clk[0] ; clk         ; 10.000       ; 1.463      ; 8.391      ;
; 2.980 ; conv2_w:u_conv2w|altsyncram:altsyncram_component|altsyncram_2jk1:auto_generated|ram_block1a6~porta_address_reg0  ; acc[63] ; u_pll|altpll_component|auto_generated|pll1|clk[0] ; clk         ; 10.000       ; 1.467      ; 8.394      ;
; 2.987 ; pool1:u_pool1|altsyncram:altsyncram_component|altsyncram_a9g1:auto_generated|ram_block1a0~porta_we_reg           ; acc[62] ; u_pll|altpll_component|auto_generated|pll1|clk[0] ; clk         ; 10.000       ; 1.452      ; 8.372      ;
; 2.988 ; conv2_w:u_conv2w|altsyncram:altsyncram_component|altsyncram_2jk1:auto_generated|ram_block1a10~porta_address_reg0 ; acc[60] ; u_pll|altpll_component|auto_generated|pll1|clk[0] ; clk         ; 10.000       ; 1.458      ; 8.377      ;
; 2.991 ; pool1:u_pool1|altsyncram:altsyncram_component|altsyncram_a9g1:auto_generated|ram_block1a18~porta_we_reg          ; acc[62] ; u_pll|altpll_component|auto_generated|pll1|clk[0] ; clk         ; 10.000       ; 1.448      ; 8.364      ;
; 2.999 ; conv2_w:u_conv2w|altsyncram:altsyncram_component|altsyncram_2jk1:auto_generated|ram_block1a2~porta_address_reg0  ; acc[61] ; u_pll|altpll_component|auto_generated|pll1|clk[0] ; clk         ; 10.000       ; 1.439      ; 8.347      ;
; 3.000 ; conv2_w:u_conv2w|altsyncram:altsyncram_component|altsyncram_2jk1:auto_generated|ram_block1a2~porta_address_reg0  ; acc[57] ; u_pll|altpll_component|auto_generated|pll1|clk[0] ; clk         ; 10.000       ; 1.435      ; 8.342      ;
; 3.005 ; conv2_w:u_conv2w|altsyncram:altsyncram_component|altsyncram_2jk1:auto_generated|ram_block1a12~porta_address_reg0 ; acc[60] ; u_pll|altpll_component|auto_generated|pll1|clk[0] ; clk         ; 10.000       ; 1.470      ; 8.372      ;
; 3.012 ; conv2_w:u_conv2w|altsyncram:altsyncram_component|altsyncram_2jk1:auto_generated|ram_block1a4~porta_address_reg0  ; acc[60] ; u_pll|altpll_component|auto_generated|pll1|clk[0] ; clk         ; 10.000       ; 1.457      ; 8.352      ;
; 3.013 ; conv2_w:u_conv2w|altsyncram:altsyncram_component|altsyncram_2jk1:auto_generated|ram_block1a14~porta_address_reg0 ; acc[60] ; u_pll|altpll_component|auto_generated|pll1|clk[0] ; clk         ; 10.000       ; 1.467      ; 8.361      ;
; 3.014 ; conv2_w:u_conv2w|altsyncram:altsyncram_component|altsyncram_2jk1:auto_generated|ram_block1a6~porta_address_reg0  ; acc[60] ; u_pll|altpll_component|auto_generated|pll1|clk[0] ; clk         ; 10.000       ; 1.471      ; 8.364      ;
; 3.017 ; conv2_w:u_conv2w|altsyncram:altsyncram_component|altsyncram_2jk1:auto_generated|ram_block1a0~porta_address_reg0  ; acc[62] ; u_pll|altpll_component|auto_generated|pll1|clk[0] ; clk         ; 10.000       ; 1.439      ; 8.329      ;
; 3.021 ; pool1:u_pool1|altsyncram:altsyncram_component|altsyncram_a9g1:auto_generated|ram_block1a0~porta_we_reg           ; acc[58] ; u_pll|altpll_component|auto_generated|pll1|clk[0] ; clk         ; 10.000       ; 1.448      ; 8.334      ;
; 3.023 ; conv2_w:u_conv2w|altsyncram:altsyncram_component|altsyncram_2jk1:auto_generated|ram_block1a8~porta_address_reg0  ; acc[62] ; u_pll|altpll_component|auto_generated|pll1|clk[0] ; clk         ; 10.000       ; 1.439      ; 8.323      ;
; 3.025 ; pool1:u_pool1|altsyncram:altsyncram_component|altsyncram_a9g1:auto_generated|ram_block1a18~porta_we_reg          ; acc[58] ; u_pll|altpll_component|auto_generated|pll1|clk[0] ; clk         ; 10.000       ; 1.444      ; 8.326      ;
; 3.028 ; fc_w:u_fc_w|altsyncram:altsyncram_component|altsyncram_bak1:auto_generated|ram_block1a0~porta_address_reg0       ; acc[62] ; u_pll|altpll_component|auto_generated|pll1|clk[0] ; clk         ; 10.000       ; 1.473      ; 8.352      ;
; 3.039 ; fc_w:u_fc_w|altsyncram:altsyncram_component|altsyncram_bak1:auto_generated|ram_block1a7~porta_address_reg0       ; acc[62] ; u_pll|altpll_component|auto_generated|pll1|clk[0] ; clk         ; 10.000       ; 1.474      ; 8.342      ;
; 3.041 ; fc_w:u_fc_w|altsyncram:altsyncram_component|altsyncram_bak1:auto_generated|ram_block1a0~porta_address_reg0       ; acc[55] ; u_pll|altpll_component|auto_generated|pll1|clk[0] ; clk         ; 10.000       ; 1.475      ; 8.341      ;
; 3.044 ; pool1:u_pool1|altsyncram:altsyncram_component|altsyncram_a9g1:auto_generated|ram_block1a0~porta_we_reg           ; acc[56] ; u_pll|altpll_component|auto_generated|pll1|clk[0] ; clk         ; 10.000       ; 1.448      ; 8.311      ;
; 3.048 ; pool1:u_pool1|altsyncram:altsyncram_component|altsyncram_a9g1:auto_generated|ram_block1a18~porta_we_reg          ; acc[56] ; u_pll|altpll_component|auto_generated|pll1|clk[0] ; clk         ; 10.000       ; 1.444      ; 8.303      ;
; 3.048 ; pool1:u_pool1|altsyncram:altsyncram_component|altsyncram_a9g1:auto_generated|ram_block1a0~porta_we_reg           ; acc[59] ; u_pll|altpll_component|auto_generated|pll1|clk[0] ; clk         ; 10.000       ; 1.452      ; 8.311      ;
; 3.049 ; fc_w:u_fc_w|altsyncram:altsyncram_component|altsyncram_bak1:auto_generated|ram_block1a3~porta_address_reg0       ; acc[62] ; u_pll|altpll_component|auto_generated|pll1|clk[0] ; clk         ; 10.000       ; 1.477      ; 8.335      ;
; 3.050 ; pool1:u_pool1|altsyncram:altsyncram_component|altsyncram_a9g1:auto_generated|ram_block1a0~porta_we_reg           ; acc[54] ; u_pll|altpll_component|auto_generated|pll1|clk[0] ; clk         ; 10.000       ; 1.463      ; 8.320      ;
; 3.051 ; conv2_w:u_conv2w|altsyncram:altsyncram_component|altsyncram_2jk1:auto_generated|ram_block1a0~porta_address_reg0  ; acc[58] ; u_pll|altpll_component|auto_generated|pll1|clk[0] ; clk         ; 10.000       ; 1.435      ; 8.291      ;
; 3.052 ; pool1:u_pool1|altsyncram:altsyncram_component|altsyncram_a9g1:auto_generated|ram_block1a18~porta_we_reg          ; acc[59] ; u_pll|altpll_component|auto_generated|pll1|clk[0] ; clk         ; 10.000       ; 1.448      ; 8.303      ;
; 3.052 ; pool2:u_pool2|altsyncram:altsyncram_component|altsyncram_h2i1:auto_generated|ram_block1a14~porta_we_reg          ; acc[62] ; u_pll|altpll_component|auto_generated|pll1|clk[0] ; clk         ; 10.000       ; 1.455      ; 8.310      ;
; 3.052 ; fc_w:u_fc_w|altsyncram:altsyncram_component|altsyncram_bak1:auto_generated|ram_block1a7~porta_address_reg0       ; acc[55] ; u_pll|altpll_component|auto_generated|pll1|clk[0] ; clk         ; 10.000       ; 1.476      ; 8.331      ;
; 3.054 ; pool1:u_pool1|altsyncram:altsyncram_component|altsyncram_a9g1:auto_generated|ram_block1a18~porta_we_reg          ; acc[54] ; u_pll|altpll_component|auto_generated|pll1|clk[0] ; clk         ; 10.000       ; 1.459      ; 8.312      ;
; 3.057 ; conv2_w:u_conv2w|altsyncram:altsyncram_component|altsyncram_2jk1:auto_generated|ram_block1a8~porta_address_reg0  ; acc[58] ; u_pll|altpll_component|auto_generated|pll1|clk[0] ; clk         ; 10.000       ; 1.435      ; 8.285      ;
; 3.062 ; fc_w:u_fc_w|altsyncram:altsyncram_component|altsyncram_bak1:auto_generated|ram_block1a3~porta_address_reg0       ; acc[55] ; u_pll|altpll_component|auto_generated|pll1|clk[0] ; clk         ; 10.000       ; 1.479      ; 8.324      ;
; 3.064 ; fc_w:u_fc_w|altsyncram:altsyncram_component|altsyncram_bak1:auto_generated|ram_block1a1~porta_address_reg0       ; acc[62] ; u_pll|altpll_component|auto_generated|pll1|clk[0] ; clk         ; 10.000       ; 1.475      ; 8.318      ;
; 3.065 ; pool2:u_pool2|altsyncram:altsyncram_component|altsyncram_h2i1:auto_generated|ram_block1a14~porta_we_reg          ; acc[55] ; u_pll|altpll_component|auto_generated|pll1|clk[0] ; clk         ; 10.000       ; 1.457      ; 8.299      ;
; 3.067 ; conv2_w:u_conv2w|altsyncram:altsyncram_component|altsyncram_2jk1:auto_generated|ram_block1a10~porta_address_reg0 ; acc[62] ; u_pll|altpll_component|auto_generated|pll1|clk[0] ; clk         ; 10.000       ; 1.458      ; 8.298      ;
; 3.068 ; pool1:u_pool1|altsyncram:altsyncram_component|altsyncram_a9g1:auto_generated|ram_block1a10~porta_we_reg          ; acc[63] ; u_pll|altpll_component|auto_generated|pll1|clk[0] ; clk         ; 10.000       ; 1.450      ; 8.289      ;
; 3.071 ; pool1:u_pool1|altsyncram:altsyncram_component|altsyncram_a9g1:auto_generated|ram_block1a0~porta_we_reg           ; acc[61] ; u_pll|altpll_component|auto_generated|pll1|clk[0] ; clk         ; 10.000       ; 1.452      ; 8.288      ;
; 3.072 ; pool1:u_pool1|altsyncram:altsyncram_component|altsyncram_a9g1:auto_generated|ram_block1a0~porta_we_reg           ; acc[57] ; u_pll|altpll_component|auto_generated|pll1|clk[0] ; clk         ; 10.000       ; 1.448      ; 8.283      ;
; 3.074 ; conv2_w:u_conv2w|altsyncram:altsyncram_component|altsyncram_2jk1:auto_generated|ram_block1a0~porta_address_reg0  ; acc[56] ; u_pll|altpll_component|auto_generated|pll1|clk[0] ; clk         ; 10.000       ; 1.435      ; 8.268      ;
; 3.075 ; pool1:u_pool1|altsyncram:altsyncram_component|altsyncram_a9g1:auto_generated|ram_block1a18~porta_we_reg          ; acc[61] ; u_pll|altpll_component|auto_generated|pll1|clk[0] ; clk         ; 10.000       ; 1.448      ; 8.280      ;
; 3.076 ; pool1:u_pool1|altsyncram:altsyncram_component|altsyncram_a9g1:auto_generated|ram_block1a18~porta_we_reg          ; acc[57] ; u_pll|altpll_component|auto_generated|pll1|clk[0] ; clk         ; 10.000       ; 1.444      ; 8.275      ;
; 3.077 ; fc_w:u_fc_w|altsyncram:altsyncram_component|altsyncram_bak1:auto_generated|ram_block1a0~porta_address_reg0       ; acc[61] ; u_pll|altpll_component|auto_generated|pll1|clk[0] ; clk         ; 10.000       ; 1.473      ; 8.303      ;
; 3.077 ; fc_w:u_fc_w|altsyncram:altsyncram_component|altsyncram_bak1:auto_generated|ram_block1a1~porta_address_reg0       ; acc[55] ; u_pll|altpll_component|auto_generated|pll1|clk[0] ; clk         ; 10.000       ; 1.477      ; 8.307      ;
; 3.078 ; conv2_w:u_conv2w|altsyncram:altsyncram_component|altsyncram_2jk1:auto_generated|ram_block1a0~porta_address_reg0  ; acc[59] ; u_pll|altpll_component|auto_generated|pll1|clk[0] ; clk         ; 10.000       ; 1.439      ; 8.268      ;
; 3.080 ; conv2_w:u_conv2w|altsyncram:altsyncram_component|altsyncram_2jk1:auto_generated|ram_block1a8~porta_address_reg0  ; acc[56] ; u_pll|altpll_component|auto_generated|pll1|clk[0] ; clk         ; 10.000       ; 1.435      ; 8.262      ;
; 3.080 ; conv2_w:u_conv2w|altsyncram:altsyncram_component|altsyncram_2jk1:auto_generated|ram_block1a0~porta_address_reg0  ; acc[54] ; u_pll|altpll_component|auto_generated|pll1|clk[0] ; clk         ; 10.000       ; 1.450      ; 8.277      ;
; 3.084 ; conv2_w:u_conv2w|altsyncram:altsyncram_component|altsyncram_2jk1:auto_generated|ram_block1a12~porta_address_reg0 ; acc[62] ; u_pll|altpll_component|auto_generated|pll1|clk[0] ; clk         ; 10.000       ; 1.470      ; 8.293      ;
; 3.084 ; conv2_w:u_conv2w|altsyncram:altsyncram_component|altsyncram_2jk1:auto_generated|ram_block1a8~porta_address_reg0  ; acc[59] ; u_pll|altpll_component|auto_generated|pll1|clk[0] ; clk         ; 10.000       ; 1.439      ; 8.262      ;
; 3.085 ; fc_w:u_fc_w|altsyncram:altsyncram_component|altsyncram_bak1:auto_generated|ram_block1a9~porta_address_reg0       ; acc[62] ; u_pll|altpll_component|auto_generated|pll1|clk[0] ; clk         ; 10.000       ; 1.456      ; 8.278      ;
; 3.086 ; conv2_w:u_conv2w|altsyncram:altsyncram_component|altsyncram_2jk1:auto_generated|ram_block1a8~porta_address_reg0  ; acc[54] ; u_pll|altpll_component|auto_generated|pll1|clk[0] ; clk         ; 10.000       ; 1.450      ; 8.271      ;
; 3.088 ; fc_w:u_fc_w|altsyncram:altsyncram_component|altsyncram_bak1:auto_generated|ram_block1a7~porta_address_reg0       ; acc[61] ; u_pll|altpll_component|auto_generated|pll1|clk[0] ; clk         ; 10.000       ; 1.474      ; 8.293      ;
; 3.091 ; conv2_w:u_conv2w|altsyncram:altsyncram_component|altsyncram_2jk1:auto_generated|ram_block1a4~porta_address_reg0  ; acc[62] ; u_pll|altpll_component|auto_generated|pll1|clk[0] ; clk         ; 10.000       ; 1.457      ; 8.273      ;
; 3.092 ; conv2_w:u_conv2w|altsyncram:altsyncram_component|altsyncram_2jk1:auto_generated|ram_block1a14~porta_address_reg0 ; acc[62] ; u_pll|altpll_component|auto_generated|pll1|clk[0] ; clk         ; 10.000       ; 1.467      ; 8.282      ;
; 3.093 ; conv2_w:u_conv2w|altsyncram:altsyncram_component|altsyncram_2jk1:auto_generated|ram_block1a6~porta_address_reg0  ; acc[62] ; u_pll|altpll_component|auto_generated|pll1|clk[0] ; clk         ; 10.000       ; 1.471      ; 8.285      ;
; 3.098 ; conv2_w:u_conv2w|altsyncram:altsyncram_component|altsyncram_2jk1:auto_generated|ram_block1a2~porta_address_reg0  ; acc[55] ; u_pll|altpll_component|auto_generated|pll1|clk[0] ; clk         ; 10.000       ; 1.441      ; 8.250      ;
; 3.098 ; fc_w:u_fc_w|altsyncram:altsyncram_component|altsyncram_bak1:auto_generated|ram_block1a9~porta_address_reg0       ; acc[55] ; u_pll|altpll_component|auto_generated|pll1|clk[0] ; clk         ; 10.000       ; 1.458      ; 8.267      ;
; 3.098 ; fc_w:u_fc_w|altsyncram:altsyncram_component|altsyncram_bak1:auto_generated|ram_block1a3~porta_address_reg0       ; acc[61] ; u_pll|altpll_component|auto_generated|pll1|clk[0] ; clk         ; 10.000       ; 1.477      ; 8.286      ;
; 3.101 ; conv2_w:u_conv2w|altsyncram:altsyncram_component|altsyncram_2jk1:auto_generated|ram_block1a10~porta_address_reg0 ; acc[58] ; u_pll|altpll_component|auto_generated|pll1|clk[0] ; clk         ; 10.000       ; 1.454      ; 8.260      ;
; 3.101 ; conv2_w:u_conv2w|altsyncram:altsyncram_component|altsyncram_2jk1:auto_generated|ram_block1a0~porta_address_reg0  ; acc[61] ; u_pll|altpll_component|auto_generated|pll1|clk[0] ; clk         ; 10.000       ; 1.439      ; 8.245      ;
; 3.101 ; pool2:u_pool2|altsyncram:altsyncram_component|altsyncram_h2i1:auto_generated|ram_block1a14~porta_we_reg          ; acc[61] ; u_pll|altpll_component|auto_generated|pll1|clk[0] ; clk         ; 10.000       ; 1.455      ; 8.261      ;
; 3.102 ; conv2_w:u_conv2w|altsyncram:altsyncram_component|altsyncram_2jk1:auto_generated|ram_block1a0~porta_address_reg0  ; acc[57] ; u_pll|altpll_component|auto_generated|pll1|clk[0] ; clk         ; 10.000       ; 1.435      ; 8.240      ;
; 3.102 ; pool1:u_pool1|altsyncram:altsyncram_component|altsyncram_a9g1:auto_generated|ram_block1a10~porta_we_reg          ; acc[60] ; u_pll|altpll_component|auto_generated|pll1|clk[0] ; clk         ; 10.000       ; 1.454      ; 8.259      ;
; 3.106 ; fc_w:u_fc_w|altsyncram:altsyncram_component|altsyncram_bak1:auto_generated|ram_block1a13~porta_address_reg0      ; acc[62] ; u_pll|altpll_component|auto_generated|pll1|clk[0] ; clk         ; 10.000       ; 1.457      ; 8.258      ;
; 3.107 ; conv2_w:u_conv2w|altsyncram:altsyncram_component|altsyncram_2jk1:auto_generated|ram_block1a8~porta_address_reg0  ; acc[61] ; u_pll|altpll_component|auto_generated|pll1|clk[0] ; clk         ; 10.000       ; 1.439      ; 8.239      ;
; 3.108 ; conv2_w:u_conv2w|altsyncram:altsyncram_component|altsyncram_2jk1:auto_generated|ram_block1a8~porta_address_reg0  ; acc[57] ; u_pll|altpll_component|auto_generated|pll1|clk[0] ; clk         ; 10.000       ; 1.435      ; 8.234      ;
; 3.113 ; fc_w:u_fc_w|altsyncram:altsyncram_component|altsyncram_bak1:auto_generated|ram_block1a1~porta_address_reg0       ; acc[61] ; u_pll|altpll_component|auto_generated|pll1|clk[0] ; clk         ; 10.000       ; 1.475      ; 8.269      ;
; 3.118 ; conv2_w:u_conv2w|altsyncram:altsyncram_component|altsyncram_2jk1:auto_generated|ram_block1a12~porta_address_reg0 ; acc[58] ; u_pll|altpll_component|auto_generated|pll1|clk[0] ; clk         ; 10.000       ; 1.466      ; 8.255      ;
; 3.119 ; fc_w:u_fc_w|altsyncram:altsyncram_component|altsyncram_bak1:auto_generated|ram_block1a13~porta_address_reg0      ; acc[55] ; u_pll|altpll_component|auto_generated|pll1|clk[0] ; clk         ; 10.000       ; 1.459      ; 8.247      ;
; 3.124 ; conv2_w:u_conv2w|altsyncram:altsyncram_component|altsyncram_2jk1:auto_generated|ram_block1a10~porta_address_reg0 ; acc[56] ; u_pll|altpll_component|auto_generated|pll1|clk[0] ; clk         ; 10.000       ; 1.454      ; 8.237      ;
; 3.125 ; conv2_w:u_conv2w|altsyncram:altsyncram_component|altsyncram_2jk1:auto_generated|ram_block1a4~porta_address_reg0  ; acc[58] ; u_pll|altpll_component|auto_generated|pll1|clk[0] ; clk         ; 10.000       ; 1.453      ; 8.235      ;
; 3.126 ; conv2_w:u_conv2w|altsyncram:altsyncram_component|altsyncram_2jk1:auto_generated|ram_block1a14~porta_address_reg0 ; acc[58] ; u_pll|altpll_component|auto_generated|pll1|clk[0] ; clk         ; 10.000       ; 1.463      ; 8.244      ;
; 3.127 ; conv2_w:u_conv2w|altsyncram:altsyncram_component|altsyncram_2jk1:auto_generated|ram_block1a6~porta_address_reg0  ; acc[58] ; u_pll|altpll_component|auto_generated|pll1|clk[0] ; clk         ; 10.000       ; 1.467      ; 8.247      ;
; 3.128 ; conv2_w:u_conv2w|altsyncram:altsyncram_component|altsyncram_2jk1:auto_generated|ram_block1a10~porta_address_reg0 ; acc[59] ; u_pll|altpll_component|auto_generated|pll1|clk[0] ; clk         ; 10.000       ; 1.458      ; 8.237      ;
; 3.130 ; conv2_w:u_conv2w|altsyncram:altsyncram_component|altsyncram_2jk1:auto_generated|ram_block1a10~porta_address_reg0 ; acc[54] ; u_pll|altpll_component|auto_generated|pll1|clk[0] ; clk         ; 10.000       ; 1.469      ; 8.246      ;
; 3.132 ; pool1:u_pool1|altsyncram:altsyncram_component|altsyncram_a9g1:auto_generated|ram_block1a22~porta_we_reg          ; acc[63] ; u_pll|altpll_component|auto_generated|pll1|clk[0] ; clk         ; 10.000       ; 1.444      ; 8.219      ;
; 3.134 ; fc_w:u_fc_w|altsyncram:altsyncram_component|altsyncram_bak1:auto_generated|ram_block1a9~porta_address_reg0       ; acc[61] ; u_pll|altpll_component|auto_generated|pll1|clk[0] ; clk         ; 10.000       ; 1.456      ; 8.229      ;
; 3.141 ; conv2_w:u_conv2w|altsyncram:altsyncram_component|altsyncram_2jk1:auto_generated|ram_block1a12~porta_address_reg0 ; acc[56] ; u_pll|altpll_component|auto_generated|pll1|clk[0] ; clk         ; 10.000       ; 1.466      ; 8.232      ;
; 3.144 ; fc_w:u_fc_w|altsyncram:altsyncram_component|altsyncram_bak1:auto_generated|ram_block1a0~porta_address_reg0       ; acc[54] ; u_pll|altpll_component|auto_generated|pll1|clk[0] ; clk         ; 10.000       ; 1.484      ; 8.247      ;
; 3.145 ; conv2_w:u_conv2w|altsyncram:altsyncram_component|altsyncram_2jk1:auto_generated|ram_block1a12~porta_address_reg0 ; acc[59] ; u_pll|altpll_component|auto_generated|pll1|clk[0] ; clk         ; 10.000       ; 1.470      ; 8.232      ;
; 3.147 ; conv2_w:u_conv2w|altsyncram:altsyncram_component|altsyncram_2jk1:auto_generated|ram_block1a12~porta_address_reg0 ; acc[54] ; u_pll|altpll_component|auto_generated|pll1|clk[0] ; clk         ; 10.000       ; 1.481      ; 8.241      ;
; 3.148 ; conv2_w:u_conv2w|altsyncram:altsyncram_component|altsyncram_2jk1:auto_generated|ram_block1a4~porta_address_reg0  ; acc[56] ; u_pll|altpll_component|auto_generated|pll1|clk[0] ; clk         ; 10.000       ; 1.453      ; 8.212      ;
; 3.149 ; conv2_w:u_conv2w|altsyncram:altsyncram_component|altsyncram_2jk1:auto_generated|ram_block1a14~porta_address_reg0 ; acc[56] ; u_pll|altpll_component|auto_generated|pll1|clk[0] ; clk         ; 10.000       ; 1.463      ; 8.221      ;
; 3.150 ; conv2_w:u_conv2w|altsyncram:altsyncram_component|altsyncram_2jk1:auto_generated|ram_block1a6~porta_address_reg0  ; acc[56] ; u_pll|altpll_component|auto_generated|pll1|clk[0] ; clk         ; 10.000       ; 1.467      ; 8.224      ;
; 3.151 ; conv2_w:u_conv2w|altsyncram:altsyncram_component|altsyncram_2jk1:auto_generated|ram_block1a10~porta_address_reg0 ; acc[61] ; u_pll|altpll_component|auto_generated|pll1|clk[0] ; clk         ; 10.000       ; 1.458      ; 8.214      ;
+-------+------------------------------------------------------------------------------------------------------------------+---------+---------------------------------------------------+-------------+--------------+------------+------------+


+----------------------------------------------------------------------------------------------------------------------------------------------------------------------------------------------------------------------------------------------------------------+
; Fast 1200mV 0C Model Setup: 'u_pll|altpll_component|auto_generated|pll1|clk[0]'                                                                                                                                                                                ;
+-------+--------------------+-----------------------------------------------------------------------------------------------------------------------+--------------+---------------------------------------------------+--------------+------------+------------+
; Slack ; From Node          ; To Node                                                                                                               ; Launch Clock ; Latch Clock                                       ; Relationship ; Clock Skew ; Data Delay ;
+-------+--------------------+-----------------------------------------------------------------------------------------------------------------------+--------------+---------------------------------------------------+--------------+------------+------------+
; 5.846 ; addr_img_conv1[9]  ; img_conv1:u_img_conv1|altsyncram:altsyncram_component|altsyncram_i5i1:auto_generated|ram_block1a30~porta_address_reg0 ; clk          ; u_pll|altpll_component|auto_generated|pll1|clk[0] ; 10.000       ; -1.612     ; 2.501      ;
; 5.947 ; addr_img_conv1[7]  ; img_conv1:u_img_conv1|altsyncram:altsyncram_component|altsyncram_i5i1:auto_generated|ram_block1a30~porta_address_reg0 ; clk          ; u_pll|altpll_component|auto_generated|pll1|clk[0] ; 10.000       ; -1.612     ; 2.400      ;
; 5.958 ; addr_img_conv1[2]  ; img_conv1:u_img_conv1|altsyncram:altsyncram_component|altsyncram_i5i1:auto_generated|ram_block1a9~porta_address_reg0  ; clk          ; u_pll|altpll_component|auto_generated|pll1|clk[0] ; 10.000       ; -1.615     ; 2.386      ;
; 6.002 ; addr_img_conv1[9]  ; img_conv1:u_img_conv1|altsyncram:altsyncram_component|altsyncram_i5i1:auto_generated|ram_block1a20~porta_address_reg0 ; clk          ; u_pll|altpll_component|auto_generated|pll1|clk[0] ; 10.000       ; -1.619     ; 2.338      ;
; 6.018 ; addr_img_conv1[9]  ; img_conv1:u_img_conv1|altsyncram:altsyncram_component|altsyncram_i5i1:auto_generated|ram_block1a10~porta_address_reg0 ; clk          ; u_pll|altpll_component|auto_generated|pll1|clk[0] ; 10.000       ; -1.623     ; 2.318      ;
; 6.114 ; wren_img_conv1     ; img_conv1:u_img_conv1|altsyncram:altsyncram_component|altsyncram_i5i1:auto_generated|ram_block1a30~porta_we_reg       ; clk          ; u_pll|altpll_component|auto_generated|pll1|clk[0] ; 10.000       ; -1.603     ; 2.242      ;
; 6.117 ; addr_img_conv1[7]  ; img_conv1:u_img_conv1|altsyncram:altsyncram_component|altsyncram_i5i1:auto_generated|ram_block1a20~porta_address_reg0 ; clk          ; u_pll|altpll_component|auto_generated|pll1|clk[0] ; 10.000       ; -1.619     ; 2.223      ;
; 6.125 ; addr_img_conv1[1]  ; img_conv1:u_img_conv1|altsyncram:altsyncram_component|altsyncram_i5i1:auto_generated|ram_block1a9~porta_address_reg0  ; clk          ; u_pll|altpll_component|auto_generated|pll1|clk[0] ; 10.000       ; -1.615     ; 2.219      ;
; 6.140 ; addr_img_conv1[7]  ; img_conv1:u_img_conv1|altsyncram:altsyncram_component|altsyncram_i5i1:auto_generated|ram_block1a10~porta_address_reg0 ; clk          ; u_pll|altpll_component|auto_generated|pll1|clk[0] ; 10.000       ; -1.623     ; 2.196      ;
; 6.143 ; wren_img_conv1     ; img_conv1:u_img_conv1|altsyncram:altsyncram_component|altsyncram_i5i1:auto_generated|ram_block1a20~porta_we_reg       ; clk          ; u_pll|altpll_component|auto_generated|pll1|clk[0] ; 10.000       ; -1.610     ; 2.206      ;
; 6.143 ; addr_img_conv1[2]  ; img_conv1:u_img_conv1|altsyncram:altsyncram_component|altsyncram_i5i1:auto_generated|ram_block1a31~porta_address_reg0 ; clk          ; u_pll|altpll_component|auto_generated|pll1|clk[0] ; 10.000       ; -1.617     ; 2.199      ;
; 6.148 ; addr_img_conv1[7]  ; img_conv1:u_img_conv1|altsyncram:altsyncram_component|altsyncram_i5i1:auto_generated|ram_block1a21~porta_address_reg0 ; clk          ; u_pll|altpll_component|auto_generated|pll1|clk[0] ; 10.000       ; -1.638     ; 2.173      ;
; 6.152 ; addr_img_conv1[2]  ; img_conv1:u_img_conv1|altsyncram:altsyncram_component|altsyncram_i5i1:auto_generated|ram_block1a23~porta_address_reg0 ; clk          ; u_pll|altpll_component|auto_generated|pll1|clk[0] ; 10.000       ; -1.624     ; 2.183      ;
; 6.152 ; addr_img_conv1[1]  ; img_conv1:u_img_conv1|altsyncram:altsyncram_component|altsyncram_i5i1:auto_generated|ram_block1a31~porta_address_reg0 ; clk          ; u_pll|altpll_component|auto_generated|pll1|clk[0] ; 10.000       ; -1.617     ; 2.190      ;
; 6.172 ; addr_img_conv1[1]  ; img_conv1:u_img_conv1|altsyncram:altsyncram_component|altsyncram_i5i1:auto_generated|ram_block1a23~porta_address_reg0 ; clk          ; u_pll|altpll_component|auto_generated|pll1|clk[0] ; 10.000       ; -1.624     ; 2.163      ;
; 6.182 ; addr_img_conv1[9]  ; img_conv1:u_img_conv1|altsyncram:altsyncram_component|altsyncram_i5i1:auto_generated|ram_block1a21~porta_address_reg0 ; clk          ; u_pll|altpll_component|auto_generated|pll1|clk[0] ; 10.000       ; -1.638     ; 2.139      ;
; 6.196 ; addr_img_conv1[1]  ; img_conv1:u_img_conv1|altsyncram:altsyncram_component|altsyncram_i5i1:auto_generated|ram_block1a30~porta_address_reg0 ; clk          ; u_pll|altpll_component|auto_generated|pll1|clk[0] ; 10.000       ; -1.612     ; 2.151      ;
; 6.234 ; addr_img_conv1[2]  ; img_conv1:u_img_conv1|altsyncram:altsyncram_component|altsyncram_i5i1:auto_generated|ram_block1a30~porta_address_reg0 ; clk          ; u_pll|altpll_component|auto_generated|pll1|clk[0] ; 10.000       ; -1.612     ; 2.113      ;
; 6.241 ; addr_img_conv1[9]  ; img_conv1:u_img_conv1|altsyncram:altsyncram_component|altsyncram_i5i1:auto_generated|ram_block1a9~porta_address_reg0  ; clk          ; u_pll|altpll_component|auto_generated|pll1|clk[0] ; 10.000       ; -1.615     ; 2.103      ;
; 6.256 ; addr_img_conv1[5]  ; img_conv1:u_img_conv1|altsyncram:altsyncram_component|altsyncram_i5i1:auto_generated|ram_block1a30~porta_address_reg0 ; clk          ; u_pll|altpll_component|auto_generated|pll1|clk[0] ; 10.000       ; -1.612     ; 2.091      ;
; 6.279 ; addr_conv2w[2]     ; conv2_w:u_conv2w|altsyncram:altsyncram_component|altsyncram_2jk1:auto_generated|ram_block1a6~porta_address_reg0       ; clk          ; u_pll|altpll_component|auto_generated|pll1|clk[0] ; 10.000       ; -1.605     ; 2.075      ;
; 6.294 ; wren_img_conv1     ; img_conv1:u_img_conv1|altsyncram:altsyncram_component|altsyncram_i5i1:auto_generated|ram_block1a10~porta_we_reg       ; clk          ; u_pll|altpll_component|auto_generated|pll1|clk[0] ; 10.000       ; -1.614     ; 2.051      ;
; 6.304 ; wren_img_conv1     ; img_conv1:u_img_conv1|altsyncram:altsyncram_component|altsyncram_i5i1:auto_generated|ram_block1a11~porta_we_reg       ; clk          ; u_pll|altpll_component|auto_generated|pll1|clk[0] ; 10.000       ; -1.623     ; 2.032      ;
; 6.306 ; addr_img_conv1[7]  ; img_conv1:u_img_conv1|altsyncram:altsyncram_component|altsyncram_i5i1:auto_generated|ram_block1a11~porta_address_reg0 ; clk          ; u_pll|altpll_component|auto_generated|pll1|clk[0] ; 10.000       ; -1.632     ; 2.021      ;
; 6.308 ; addr_img_conv1[12] ; img_conv1:u_img_conv1|altsyncram:altsyncram_component|altsyncram_i5i1:auto_generated|ram_block1a9~porta_address_reg0  ; clk          ; u_pll|altpll_component|auto_generated|pll1|clk[0] ; 10.000       ; -1.615     ; 2.036      ;
; 6.314 ; addr_img_conv1[1]  ; img_conv1:u_img_conv1|altsyncram:altsyncram_component|altsyncram_i5i1:auto_generated|ram_block1a7~porta_address_reg0  ; clk          ; u_pll|altpll_component|auto_generated|pll1|clk[0] ; 10.000       ; -1.629     ; 2.016      ;
; 6.336 ; addr_img_conv1[12] ; img_conv1:u_img_conv1|altsyncram:altsyncram_component|altsyncram_i5i1:auto_generated|ram_block1a23~porta_address_reg0 ; clk          ; u_pll|altpll_component|auto_generated|pll1|clk[0] ; 10.000       ; -1.624     ; 1.999      ;
; 6.341 ; addr_img_conv1[12] ; img_conv1:u_img_conv1|altsyncram:altsyncram_component|altsyncram_i5i1:auto_generated|ram_block1a31~porta_address_reg0 ; clk          ; u_pll|altpll_component|auto_generated|pll1|clk[0] ; 10.000       ; -1.617     ; 2.001      ;
; 6.346 ; addr_img_conv1[2]  ; img_conv1:u_img_conv1|altsyncram:altsyncram_component|altsyncram_i5i1:auto_generated|ram_block1a7~porta_address_reg0  ; clk          ; u_pll|altpll_component|auto_generated|pll1|clk[0] ; 10.000       ; -1.629     ; 1.984      ;
; 6.348 ; addr_img_conv1[0]  ; img_conv1:u_img_conv1|altsyncram:altsyncram_component|altsyncram_i5i1:auto_generated|ram_block1a30~porta_address_reg0 ; clk          ; u_pll|altpll_component|auto_generated|pll1|clk[0] ; 10.000       ; -1.612     ; 1.999      ;
; 6.362 ; addr_img_conv1[1]  ; img_conv1:u_img_conv1|altsyncram:altsyncram_component|altsyncram_i5i1:auto_generated|ram_block1a10~porta_address_reg0 ; clk          ; u_pll|altpll_component|auto_generated|pll1|clk[0] ; 10.000       ; -1.623     ; 1.974      ;
; 6.365 ; addr_img_conv1[1]  ; img_conv1:u_img_conv1|altsyncram:altsyncram_component|altsyncram_i5i1:auto_generated|ram_block1a20~porta_address_reg0 ; clk          ; u_pll|altpll_component|auto_generated|pll1|clk[0] ; 10.000       ; -1.619     ; 1.975      ;
; 6.378 ; addr_img_conv1[8]  ; img_conv1:u_img_conv1|altsyncram:altsyncram_component|altsyncram_i5i1:auto_generated|ram_block1a1~porta_address_reg0  ; clk          ; u_pll|altpll_component|auto_generated|pll1|clk[0] ; 10.000       ; -1.602     ; 1.979      ;
; 6.397 ; addr_img_conv1[9]  ; img_conv1:u_img_conv1|altsyncram:altsyncram_component|altsyncram_i5i1:auto_generated|ram_block1a23~porta_address_reg0 ; clk          ; u_pll|altpll_component|auto_generated|pll1|clk[0] ; 10.000       ; -1.624     ; 1.938      ;
; 6.397 ; addr_img_conv1[12] ; img_conv1:u_img_conv1|altsyncram:altsyncram_component|altsyncram_i5i1:auto_generated|ram_block1a5~porta_address_reg0  ; clk          ; u_pll|altpll_component|auto_generated|pll1|clk[0] ; 10.000       ; -1.631     ; 1.931      ;
; 6.401 ; addr_img_conv1[3]  ; img_conv1:u_img_conv1|altsyncram:altsyncram_component|altsyncram_i5i1:auto_generated|ram_block1a2~porta_address_reg0  ; clk          ; u_pll|altpll_component|auto_generated|pll1|clk[0] ; 10.000       ; -1.594     ; 1.964      ;
; 6.401 ; addr_img_conv1[9]  ; img_conv1:u_img_conv1|altsyncram:altsyncram_component|altsyncram_i5i1:auto_generated|ram_block1a31~porta_address_reg0 ; clk          ; u_pll|altpll_component|auto_generated|pll1|clk[0] ; 10.000       ; -1.617     ; 1.941      ;
; 6.418 ; addr_img_conv1[2]  ; img_conv1:u_img_conv1|altsyncram:altsyncram_component|altsyncram_i5i1:auto_generated|ram_block1a29~porta_address_reg0 ; clk          ; u_pll|altpll_component|auto_generated|pll1|clk[0] ; 10.000       ; -1.644     ; 1.897      ;
; 6.422 ; addr_img_conv1[12] ; img_conv1:u_img_conv1|altsyncram:altsyncram_component|altsyncram_i5i1:auto_generated|ram_block1a28~porta_address_reg0 ; clk          ; u_pll|altpll_component|auto_generated|pll1|clk[0] ; 10.000       ; -1.644     ; 1.893      ;
; 6.422 ; addr_img_conv1[12] ; img_conv1:u_img_conv1|altsyncram:altsyncram_component|altsyncram_i5i1:auto_generated|ram_block1a3~porta_address_reg0  ; clk          ; u_pll|altpll_component|auto_generated|pll1|clk[0] ; 10.000       ; -1.625     ; 1.912      ;
; 6.425 ; addr_img_conv1[2]  ; img_conv1:u_img_conv1|altsyncram:altsyncram_component|altsyncram_i5i1:auto_generated|ram_block1a20~porta_address_reg0 ; clk          ; u_pll|altpll_component|auto_generated|pll1|clk[0] ; 10.000       ; -1.619     ; 1.915      ;
; 6.434 ; addr_img_conv1[5]  ; img_conv1:u_img_conv1|altsyncram:altsyncram_component|altsyncram_i5i1:auto_generated|ram_block1a20~porta_address_reg0 ; clk          ; u_pll|altpll_component|auto_generated|pll1|clk[0] ; 10.000       ; -1.619     ; 1.906      ;
; 6.436 ; addr_img_conv1[0]  ; img_conv1:u_img_conv1|altsyncram:altsyncram_component|altsyncram_i5i1:auto_generated|ram_block1a9~porta_address_reg0  ; clk          ; u_pll|altpll_component|auto_generated|pll1|clk[0] ; 10.000       ; -1.615     ; 1.908      ;
; 6.437 ; addr_img_conv1[5]  ; img_conv1:u_img_conv1|altsyncram:altsyncram_component|altsyncram_i5i1:auto_generated|ram_block1a10~porta_address_reg0 ; clk          ; u_pll|altpll_component|auto_generated|pll1|clk[0] ; 10.000       ; -1.623     ; 1.899      ;
; 6.440 ; addr_conv2w[4]     ; conv2_w:u_conv2w|altsyncram:altsyncram_component|altsyncram_2jk1:auto_generated|ram_block1a6~porta_address_reg0       ; clk          ; u_pll|altpll_component|auto_generated|pll1|clk[0] ; 10.000       ; -1.605     ; 1.914      ;
; 6.444 ; addr_conv2w[1]     ; conv2_w:u_conv2w|altsyncram:altsyncram_component|altsyncram_2jk1:auto_generated|ram_block1a6~porta_address_reg0       ; clk          ; u_pll|altpll_component|auto_generated|pll1|clk[0] ; 10.000       ; -1.605     ; 1.910      ;
; 6.444 ; addr_conv2w[1]     ; conv2_w:u_conv2w|altsyncram:altsyncram_component|altsyncram_2jk1:auto_generated|ram_block1a12~porta_address_reg0      ; clk          ; u_pll|altpll_component|auto_generated|pll1|clk[0] ; 10.000       ; -1.604     ; 1.911      ;
; 6.453 ; addr_img_conv1[0]  ; img_conv1:u_img_conv1|altsyncram:altsyncram_component|altsyncram_i5i1:auto_generated|ram_block1a31~porta_address_reg0 ; clk          ; u_pll|altpll_component|auto_generated|pll1|clk[0] ; 10.000       ; -1.617     ; 1.889      ;
; 6.458 ; addr_conv2w[4]     ; conv2_w:u_conv2w|altsyncram:altsyncram_component|altsyncram_2jk1:auto_generated|ram_block1a12~porta_address_reg0      ; clk          ; u_pll|altpll_component|auto_generated|pll1|clk[0] ; 10.000       ; -1.604     ; 1.897      ;
; 6.467 ; addr_img_conv1[12] ; img_conv1:u_img_conv1|altsyncram:altsyncram_component|altsyncram_i5i1:auto_generated|ram_block1a30~porta_address_reg0 ; clk          ; u_pll|altpll_component|auto_generated|pll1|clk[0] ; 10.000       ; -1.612     ; 1.880      ;
; 6.487 ; addr_img_conv1[12] ; img_conv1:u_img_conv1|altsyncram:altsyncram_component|altsyncram_i5i1:auto_generated|ram_block1a7~porta_address_reg0  ; clk          ; u_pll|altpll_component|auto_generated|pll1|clk[0] ; 10.000       ; -1.629     ; 1.843      ;
; 6.499 ; addr_img_conv1[4]  ; img_conv1:u_img_conv1|altsyncram:altsyncram_component|altsyncram_i5i1:auto_generated|ram_block1a30~porta_address_reg0 ; clk          ; u_pll|altpll_component|auto_generated|pll1|clk[0] ; 10.000       ; -1.612     ; 1.848      ;
; 6.500 ; addr_conv2w[6]     ; conv2_w:u_conv2w|altsyncram:altsyncram_component|altsyncram_2jk1:auto_generated|ram_block1a6~porta_address_reg0       ; clk          ; u_pll|altpll_component|auto_generated|pll1|clk[0] ; 10.000       ; -1.605     ; 1.854      ;
; 6.500 ; addr_conv2w[1]     ; conv2_w:u_conv2w|altsyncram:altsyncram_component|altsyncram_2jk1:auto_generated|ram_block1a14~porta_address_reg0      ; clk          ; u_pll|altpll_component|auto_generated|pll1|clk[0] ; 10.000       ; -1.601     ; 1.858      ;
; 6.501 ; addr_pool1[9]      ; pool1:u_pool1|altsyncram:altsyncram_component|altsyncram_a9g1:auto_generated|ram_block1a6~porta_address_reg0          ; clk          ; u_pll|altpll_component|auto_generated|pll1|clk[0] ; 10.000       ; -1.605     ; 1.853      ;
; 6.501 ; addr_conv2w[0]     ; conv2_w:u_conv2w|altsyncram:altsyncram_component|altsyncram_2jk1:auto_generated|ram_block1a6~porta_address_reg0       ; clk          ; u_pll|altpll_component|auto_generated|pll1|clk[0] ; 10.000       ; -1.605     ; 1.853      ;
; 6.505 ; addr_img_conv1[11] ; img_conv1:u_img_conv1|altsyncram:altsyncram_component|altsyncram_i5i1:auto_generated|ram_block1a9~porta_address_reg0  ; clk          ; u_pll|altpll_component|auto_generated|pll1|clk[0] ; 10.000       ; -1.615     ; 1.839      ;
; 6.516 ; addr_conv2w[0]     ; conv2_w:u_conv2w|altsyncram:altsyncram_component|altsyncram_2jk1:auto_generated|ram_block1a12~porta_address_reg0      ; clk          ; u_pll|altpll_component|auto_generated|pll1|clk[0] ; 10.000       ; -1.604     ; 1.839      ;
; 6.517 ; addr_img_conv1[9]  ; img_conv1:u_img_conv1|altsyncram:altsyncram_component|altsyncram_i5i1:auto_generated|ram_block1a11~porta_address_reg0 ; clk          ; u_pll|altpll_component|auto_generated|pll1|clk[0] ; 10.000       ; -1.632     ; 1.810      ;
; 6.521 ; addr_img_conv1[11] ; img_conv1:u_img_conv1|altsyncram:altsyncram_component|altsyncram_i5i1:auto_generated|ram_block1a23~porta_address_reg0 ; clk          ; u_pll|altpll_component|auto_generated|pll1|clk[0] ; 10.000       ; -1.624     ; 1.814      ;
; 6.524 ; addr_img_conv1[0]  ; img_conv1:u_img_conv1|altsyncram:altsyncram_component|altsyncram_i5i1:auto_generated|ram_block1a10~porta_address_reg0 ; clk          ; u_pll|altpll_component|auto_generated|pll1|clk[0] ; 10.000       ; -1.623     ; 1.812      ;
; 6.529 ; addr_img_conv1[11] ; img_conv1:u_img_conv1|altsyncram:altsyncram_component|altsyncram_i5i1:auto_generated|ram_block1a31~porta_address_reg0 ; clk          ; u_pll|altpll_component|auto_generated|pll1|clk[0] ; 10.000       ; -1.617     ; 1.813      ;
; 6.530 ; addr_img_conv1[0]  ; img_conv1:u_img_conv1|altsyncram:altsyncram_component|altsyncram_i5i1:auto_generated|ram_block1a2~porta_address_reg0  ; clk          ; u_pll|altpll_component|auto_generated|pll1|clk[0] ; 10.000       ; -1.594     ; 1.835      ;
; 6.532 ; wren_img_conv1     ; img_conv1:u_img_conv1|altsyncram:altsyncram_component|altsyncram_i5i1:auto_generated|ram_block1a31~porta_we_reg       ; clk          ; u_pll|altpll_component|auto_generated|pll1|clk[0] ; 10.000       ; -1.608     ; 1.819      ;
; 6.536 ; addr_img_conv1[0]  ; img_conv1:u_img_conv1|altsyncram:altsyncram_component|altsyncram_i5i1:auto_generated|ram_block1a11~porta_address_reg0 ; clk          ; u_pll|altpll_component|auto_generated|pll1|clk[0] ; 10.000       ; -1.632     ; 1.791      ;
; 6.537 ; addr_img_conv1[9]  ; img_conv1:u_img_conv1|altsyncram:altsyncram_component|altsyncram_i5i1:auto_generated|ram_block1a13~porta_address_reg0 ; clk          ; u_pll|altpll_component|auto_generated|pll1|clk[0] ; 10.000       ; -1.638     ; 1.784      ;
; 6.543 ; addr_img_conv1[0]  ; img_conv1:u_img_conv1|altsyncram:altsyncram_component|altsyncram_i5i1:auto_generated|ram_block1a20~porta_address_reg0 ; clk          ; u_pll|altpll_component|auto_generated|pll1|clk[0] ; 10.000       ; -1.619     ; 1.797      ;
; 6.546 ; addr_img_conv1[7]  ; img_conv1:u_img_conv1|altsyncram:altsyncram_component|altsyncram_i5i1:auto_generated|ram_block1a31~porta_address_reg0 ; clk          ; u_pll|altpll_component|auto_generated|pll1|clk[0] ; 10.000       ; -1.617     ; 1.796      ;
; 6.548 ; addr_img_conv1[8]  ; img_conv1:u_img_conv1|altsyncram:altsyncram_component|altsyncram_i5i1:auto_generated|ram_block1a8~porta_address_reg0  ; clk          ; u_pll|altpll_component|auto_generated|pll1|clk[0] ; 10.000       ; -1.620     ; 1.791      ;
; 6.548 ; addr_conv2w[2]     ; conv2_w:u_conv2w|altsyncram:altsyncram_component|altsyncram_2jk1:auto_generated|ram_block1a12~porta_address_reg0      ; clk          ; u_pll|altpll_component|auto_generated|pll1|clk[0] ; 10.000       ; -1.604     ; 1.807      ;
; 6.555 ; addr_img_conv1[2]  ; img_conv1:u_img_conv1|altsyncram:altsyncram_component|altsyncram_i5i1:auto_generated|ram_block1a10~porta_address_reg0 ; clk          ; u_pll|altpll_component|auto_generated|pll1|clk[0] ; 10.000       ; -1.623     ; 1.781      ;
; 6.558 ; addr_img_conv1[9]  ; img_conv1:u_img_conv1|altsyncram:altsyncram_component|altsyncram_i5i1:auto_generated|ram_block1a18~porta_address_reg0 ; clk          ; u_pll|altpll_component|auto_generated|pll1|clk[0] ; 10.000       ; -1.645     ; 1.756      ;
; 6.559 ; addr_img_conv1[7]  ; img_conv1:u_img_conv1|altsyncram:altsyncram_component|altsyncram_i5i1:auto_generated|ram_block1a23~porta_address_reg0 ; clk          ; u_pll|altpll_component|auto_generated|pll1|clk[0] ; 10.000       ; -1.624     ; 1.776      ;
; 6.559 ; addr_img_conv1[8]  ; img_conv1:u_img_conv1|altsyncram:altsyncram_component|altsyncram_i5i1:auto_generated|ram_block1a6~porta_address_reg0  ; clk          ; u_pll|altpll_component|auto_generated|pll1|clk[0] ; 10.000       ; -1.615     ; 1.785      ;
; 6.561 ; addr_img_conv1[1]  ; img_conv1:u_img_conv1|altsyncram:altsyncram_component|altsyncram_i5i1:auto_generated|ram_block1a21~porta_address_reg0 ; clk          ; u_pll|altpll_component|auto_generated|pll1|clk[0] ; 10.000       ; -1.638     ; 1.760      ;
; 6.565 ; addr_img_conv1[1]  ; img_conv1:u_img_conv1|altsyncram:altsyncram_component|altsyncram_i5i1:auto_generated|ram_block1a11~porta_address_reg0 ; clk          ; u_pll|altpll_component|auto_generated|pll1|clk[0] ; 10.000       ; -1.632     ; 1.762      ;
; 6.566 ; addr_img_conv1[3]  ; img_conv1:u_img_conv1|altsyncram:altsyncram_component|altsyncram_i5i1:auto_generated|ram_block1a1~porta_address_reg0  ; clk          ; u_pll|altpll_component|auto_generated|pll1|clk[0] ; 10.000       ; -1.602     ; 1.791      ;
; 6.567 ; addr_img_conv1[7]  ; img_conv1:u_img_conv1|altsyncram:altsyncram_component|altsyncram_i5i1:auto_generated|ram_block1a9~porta_address_reg0  ; clk          ; u_pll|altpll_component|auto_generated|pll1|clk[0] ; 10.000       ; -1.615     ; 1.777      ;
; 6.568 ; addr_img_conv1[12] ; img_conv1:u_img_conv1|altsyncram:altsyncram_component|altsyncram_i5i1:auto_generated|ram_block1a4~porta_address_reg0  ; clk          ; u_pll|altpll_component|auto_generated|pll1|clk[0] ; 10.000       ; -1.651     ; 1.740      ;
; 6.569 ; addr_img_conv1[5]  ; img_conv1:u_img_conv1|altsyncram:altsyncram_component|altsyncram_i5i1:auto_generated|ram_block1a21~porta_address_reg0 ; clk          ; u_pll|altpll_component|auto_generated|pll1|clk[0] ; 10.000       ; -1.638     ; 1.752      ;
; 6.573 ; addr_img_conv1[2]  ; img_conv1:u_img_conv1|altsyncram:altsyncram_component|altsyncram_i5i1:auto_generated|ram_block1a28~porta_address_reg0 ; clk          ; u_pll|altpll_component|auto_generated|pll1|clk[0] ; 10.000       ; -1.644     ; 1.742      ;
; 6.574 ; addr_img_conv1[2]  ; img_conv1:u_img_conv1|altsyncram:altsyncram_component|altsyncram_i5i1:auto_generated|ram_block1a4~porta_address_reg0  ; clk          ; u_pll|altpll_component|auto_generated|pll1|clk[0] ; 10.000       ; -1.651     ; 1.734      ;
; 6.580 ; addr_img_conv1[9]  ; img_conv1:u_img_conv1|altsyncram:altsyncram_component|altsyncram_i5i1:auto_generated|ram_block1a24~porta_address_reg0 ; clk          ; u_pll|altpll_component|auto_generated|pll1|clk[0] ; 10.000       ; -1.591     ; 1.788      ;
; 6.581 ; addr_img_conv1[2]  ; img_conv1:u_img_conv1|altsyncram:altsyncram_component|altsyncram_i5i1:auto_generated|ram_block1a8~porta_address_reg0  ; clk          ; u_pll|altpll_component|auto_generated|pll1|clk[0] ; 10.000       ; -1.620     ; 1.758      ;
; 6.588 ; addr_img_conv1[9]  ; img_conv1:u_img_conv1|altsyncram:altsyncram_component|altsyncram_i5i1:auto_generated|ram_block1a27~porta_address_reg0 ; clk          ; u_pll|altpll_component|auto_generated|pll1|clk[0] ; 10.000       ; -1.594     ; 1.777      ;
; 6.592 ; addr_img_conv1[5]  ; img_conv1:u_img_conv1|altsyncram:altsyncram_component|altsyncram_i5i1:auto_generated|ram_block1a19~porta_address_reg0 ; clk          ; u_pll|altpll_component|auto_generated|pll1|clk[0] ; 10.000       ; -1.597     ; 1.770      ;
; 6.593 ; addr_img_conv1[2]  ; img_conv1:u_img_conv1|altsyncram:altsyncram_component|altsyncram_i5i1:auto_generated|ram_block1a6~porta_address_reg0  ; clk          ; u_pll|altpll_component|auto_generated|pll1|clk[0] ; 10.000       ; -1.615     ; 1.751      ;
; 6.593 ; addr_img_conv1[5]  ; img_conv1:u_img_conv1|altsyncram:altsyncram_component|altsyncram_i5i1:auto_generated|ram_block1a11~porta_address_reg0 ; clk          ; u_pll|altpll_component|auto_generated|pll1|clk[0] ; 10.000       ; -1.632     ; 1.734      ;
; 6.599 ; addr_img_conv1[1]  ; img_conv1:u_img_conv1|altsyncram:altsyncram_component|altsyncram_i5i1:auto_generated|ram_block1a13~porta_address_reg0 ; clk          ; u_pll|altpll_component|auto_generated|pll1|clk[0] ; 10.000       ; -1.638     ; 1.722      ;
; 6.600 ; addr_img_conv1[2]  ; img_conv1:u_img_conv1|altsyncram:altsyncram_component|altsyncram_i5i1:auto_generated|ram_block1a3~porta_address_reg0  ; clk          ; u_pll|altpll_component|auto_generated|pll1|clk[0] ; 10.000       ; -1.625     ; 1.734      ;
; 6.610 ; addr_img_conv1[0]  ; img_conv1:u_img_conv1|altsyncram:altsyncram_component|altsyncram_i5i1:auto_generated|ram_block1a4~porta_address_reg0  ; clk          ; u_pll|altpll_component|auto_generated|pll1|clk[0] ; 10.000       ; -1.651     ; 1.698      ;
; 6.613 ; addr_img_conv1[0]  ; img_conv1:u_img_conv1|altsyncram:altsyncram_component|altsyncram_i5i1:auto_generated|ram_block1a23~porta_address_reg0 ; clk          ; u_pll|altpll_component|auto_generated|pll1|clk[0] ; 10.000       ; -1.624     ; 1.722      ;
; 6.614 ; addr_img_conv1[5]  ; img_conv1:u_img_conv1|altsyncram:altsyncram_component|altsyncram_i5i1:auto_generated|ram_block1a27~porta_address_reg0 ; clk          ; u_pll|altpll_component|auto_generated|pll1|clk[0] ; 10.000       ; -1.594     ; 1.751      ;
; 6.614 ; addr_img_conv1[2]  ; img_conv1:u_img_conv1|altsyncram:altsyncram_component|altsyncram_i5i1:auto_generated|ram_block1a11~porta_address_reg0 ; clk          ; u_pll|altpll_component|auto_generated|pll1|clk[0] ; 10.000       ; -1.632     ; 1.713      ;
; 6.615 ; addr_img_conv1[5]  ; img_conv1:u_img_conv1|altsyncram:altsyncram_component|altsyncram_i5i1:auto_generated|ram_block1a22~porta_address_reg0 ; clk          ; u_pll|altpll_component|auto_generated|pll1|clk[0] ; 10.000       ; -1.600     ; 1.744      ;
; 6.622 ; addr_img_conv1[2]  ; img_conv1:u_img_conv1|altsyncram:altsyncram_component|altsyncram_i5i1:auto_generated|ram_block1a26~porta_address_reg0 ; clk          ; u_pll|altpll_component|auto_generated|pll1|clk[0] ; 10.000       ; -1.638     ; 1.699      ;
; 6.623 ; addr_img_conv1[3]  ; img_conv1:u_img_conv1|altsyncram:altsyncram_component|altsyncram_i5i1:auto_generated|ram_block1a22~porta_address_reg0 ; clk          ; u_pll|altpll_component|auto_generated|pll1|clk[0] ; 10.000       ; -1.600     ; 1.736      ;
; 6.625 ; addr_img_conv1[0]  ; img_conv1:u_img_conv1|altsyncram:altsyncram_component|altsyncram_i5i1:auto_generated|ram_block1a29~porta_address_reg0 ; clk          ; u_pll|altpll_component|auto_generated|pll1|clk[0] ; 10.000       ; -1.644     ; 1.690      ;
; 6.629 ; addr_img_conv1[5]  ; img_conv1:u_img_conv1|altsyncram:altsyncram_component|altsyncram_i5i1:auto_generated|ram_block1a24~porta_address_reg0 ; clk          ; u_pll|altpll_component|auto_generated|pll1|clk[0] ; 10.000       ; -1.591     ; 1.739      ;
; 6.630 ; addr_img_conv1[1]  ; img_conv1:u_img_conv1|altsyncram:altsyncram_component|altsyncram_i5i1:auto_generated|ram_block1a12~porta_address_reg0 ; clk          ; u_pll|altpll_component|auto_generated|pll1|clk[0] ; 10.000       ; -1.638     ; 1.691      ;
+-------+--------------------+-----------------------------------------------------------------------------------------------------------------------+--------------+---------------------------------------------------+--------------+------------+------------+


+------------------------------------------------------------------------------------------------------------------------------+
; Fast 1200mV 0C Model Hold: 'clk'                                                                                             ;
+-------+------------------------+-----------------------+--------------+-------------+--------------+------------+------------+
; Slack ; From Node              ; To Node               ; Launch Clock ; Latch Clock ; Relationship ; Clock Skew ; Data Delay ;
+-------+------------------------+-----------------------+--------------+-------------+--------------+------------+------------+
; 0.181 ; best_digit[3]          ; best_digit[3]         ; clk          ; clk         ; 0.000        ; 0.042      ; 0.307      ;
; 0.181 ; best_digit[2]          ; best_digit[2]         ; clk          ; clk         ; 0.000        ; 0.042      ; 0.307      ;
; 0.181 ; best_digit[1]          ; best_digit[1]         ; clk          ; clk         ; 0.000        ; 0.042      ; 0.307      ;
; 0.181 ; best_digit[0]          ; best_digit[0]         ; clk          ; clk         ; 0.000        ; 0.042      ; 0.307      ;
; 0.181 ; state.S_FC             ; state.S_FC            ; clk          ; clk         ; 0.000        ; 0.042      ; 0.307      ;
; 0.181 ; state.S_CONV2          ; state.S_CONV2         ; clk          ; clk         ; 0.000        ; 0.042      ; 0.307      ;
; 0.181 ; ch[3]                  ; ch[3]                 ; clk          ; clk         ; 0.000        ; 0.042      ; 0.307      ;
; 0.181 ; kh[1]                  ; kh[1]                 ; clk          ; clk         ; 0.000        ; 0.042      ; 0.307      ;
; 0.181 ; kh[0]                  ; kh[0]                 ; clk          ; clk         ; 0.000        ; 0.042      ; 0.307      ;
; 0.181 ; kw[1]                  ; kw[1]                 ; clk          ; clk         ; 0.000        ; 0.042      ; 0.307      ;
; 0.181 ; ic[2]                  ; ic[2]                 ; clk          ; clk         ; 0.000        ; 0.042      ; 0.307      ;
; 0.181 ; ic[1]                  ; ic[1]                 ; clk          ; clk         ; 0.000        ; 0.042      ; 0.307      ;
; 0.181 ; LED_R[0]~reg0          ; LED_R[0]~reg0         ; clk          ; clk         ; 0.000        ; 0.042      ; 0.307      ;
; 0.181 ; wren_pool1             ; wren_pool1            ; clk          ; clk         ; 0.000        ; 0.042      ; 0.307      ;
; 0.181 ; addr_fcw[0]            ; addr_fcw[0]           ; clk          ; clk         ; 0.000        ; 0.042      ; 0.307      ;
; 0.181 ; stt.00101              ; stt.00101             ; clk          ; clk         ; 0.000        ; 0.042      ; 0.307      ;
; 0.181 ; ch[1]                  ; ch[1]                 ; clk          ; clk         ; 0.000        ; 0.042      ; 0.307      ;
; 0.181 ; ch[2]                  ; ch[2]                 ; clk          ; clk         ; 0.000        ; 0.042      ; 0.307      ;
; 0.181 ; state.S_IDLE           ; state.S_IDLE          ; clk          ; clk         ; 0.000        ; 0.042      ; 0.307      ;
; 0.181 ; state.S_DONE           ; state.S_DONE          ; clk          ; clk         ; 0.000        ; 0.042      ; 0.307      ;
; 0.182 ; col[4]                 ; col[4]                ; clk          ; clk         ; 0.000        ; 0.041      ; 0.307      ;
; 0.182 ; col[1]                 ; col[1]                ; clk          ; clk         ; 0.000        ; 0.041      ; 0.307      ;
; 0.182 ; col[0]                 ; col[0]                ; clk          ; clk         ; 0.000        ; 0.041      ; 0.307      ;
; 0.182 ; col[2]                 ; col[2]                ; clk          ; clk         ; 0.000        ; 0.041      ; 0.307      ;
; 0.182 ; col[3]                 ; col[3]                ; clk          ; clk         ; 0.000        ; 0.041      ; 0.307      ;
; 0.182 ; row[2]                 ; row[2]                ; clk          ; clk         ; 0.000        ; 0.041      ; 0.307      ;
; 0.182 ; row[3]                 ; row[3]                ; clk          ; clk         ; 0.000        ; 0.041      ; 0.307      ;
; 0.182 ; row[4]                 ; row[4]                ; clk          ; clk         ; 0.000        ; 0.041      ; 0.307      ;
; 0.182 ; wren_pool2             ; wren_pool2            ; clk          ; clk         ; 0.000        ; 0.041      ; 0.307      ;
; 0.182 ; wren_img_conv2         ; wren_img_conv2        ; clk          ; clk         ; 0.000        ; 0.041      ; 0.307      ;
; 0.182 ; addr_img_conv2[4]      ; addr_img_conv2[4]     ; clk          ; clk         ; 0.000        ; 0.041      ; 0.307      ;
; 0.182 ; addr_img_conv2[7]      ; addr_img_conv2[7]     ; clk          ; clk         ; 0.000        ; 0.041      ; 0.307      ;
; 0.182 ; wren_img_conv1         ; wren_img_conv1        ; clk          ; clk         ; 0.000        ; 0.041      ; 0.307      ;
; 0.182 ; i[4]                   ; i[4]                  ; clk          ; clk         ; 0.000        ; 0.041      ; 0.307      ;
; 0.182 ; i[8]                   ; i[8]                  ; clk          ; clk         ; 0.000        ; 0.041      ; 0.307      ;
; 0.182 ; i[6]                   ; i[6]                  ; clk          ; clk         ; 0.000        ; 0.041      ; 0.307      ;
; 0.182 ; i[7]                   ; i[7]                  ; clk          ; clk         ; 0.000        ; 0.041      ; 0.307      ;
; 0.182 ; i[5]                   ; i[5]                  ; clk          ; clk         ; 0.000        ; 0.041      ; 0.307      ;
; 0.182 ; cls[1]                 ; cls[1]                ; clk          ; clk         ; 0.000        ; 0.041      ; 0.307      ;
; 0.182 ; cls[0]                 ; cls[0]                ; clk          ; clk         ; 0.000        ; 0.041      ; 0.307      ;
; 0.182 ; cls[2]                 ; cls[2]                ; clk          ; clk         ; 0.000        ; 0.041      ; 0.307      ;
; 0.182 ; cls[3]                 ; cls[3]                ; clk          ; clk         ; 0.000        ; 0.041      ; 0.307      ;
; 0.182 ; stt.00110              ; stt.00110             ; clk          ; clk         ; 0.000        ; 0.041      ; 0.307      ;
; 0.182 ; stt.00100              ; stt.00100             ; clk          ; clk         ; 0.000        ; 0.041      ; 0.307      ;
; 0.187 ; score_rtl_0_bypass[25] ; best_score[16]        ; clk          ; clk         ; 0.000        ; 0.042      ; 0.313      ;
; 0.187 ; score_rtl_0_bypass[35] ; best_score[26]        ; clk          ; clk         ; 0.000        ; 0.042      ; 0.313      ;
; 0.187 ; score_rtl_0_bypass[24] ; best_score[15]        ; clk          ; clk         ; 0.000        ; 0.042      ; 0.313      ;
; 0.188 ; score_rtl_0_bypass[32] ; best_score[23]        ; clk          ; clk         ; 0.000        ; 0.042      ; 0.314      ;
; 0.188 ; score_rtl_0_bypass[20] ; best_score[11]        ; clk          ; clk         ; 0.000        ; 0.042      ; 0.314      ;
; 0.188 ; score_rtl_0_bypass[21] ; best_score[12]        ; clk          ; clk         ; 0.000        ; 0.042      ; 0.314      ;
; 0.188 ; state.S_POOL2          ; state.S_POOL2         ; clk          ; clk         ; 0.000        ; 0.042      ; 0.314      ;
; 0.188 ; state.S_POOL1          ; state.S_POOL1         ; clk          ; clk         ; 0.000        ; 0.042      ; 0.314      ;
; 0.188 ; kw[0]                  ; kw[0]                 ; clk          ; clk         ; 0.000        ; 0.042      ; 0.314      ;
; 0.188 ; ic[0]                  ; ic[0]                 ; clk          ; clk         ; 0.000        ; 0.042      ; 0.314      ;
; 0.188 ; score_rtl_0_bypass[16] ; best_score[7]         ; clk          ; clk         ; 0.000        ; 0.042      ; 0.314      ;
; 0.188 ; ch[0]                  ; ch[0]                 ; clk          ; clk         ; 0.000        ; 0.042      ; 0.314      ;
; 0.189 ; score_rtl_0_bypass[38] ; best_score[29]        ; clk          ; clk         ; 0.000        ; 0.042      ; 0.315      ;
; 0.190 ; score_rtl_0_bypass[13] ; best_score[4]         ; clk          ; clk         ; 0.000        ; 0.042      ; 0.316      ;
; 0.201 ; max_val[13]            ; data_w_pool2[13]      ; clk          ; clk         ; 0.000        ; 0.041      ; 0.326      ;
; 0.204 ; stt.00101              ; score_rtl_0_bypass[0] ; clk          ; clk         ; 0.000        ; 0.042      ; 0.330      ;
; 0.206 ; ic[1]                  ; ic[2]                 ; clk          ; clk         ; 0.000        ; 0.042      ; 0.332      ;
; 0.208 ; kw[0]                  ; kw[2]                 ; clk          ; clk         ; 0.000        ; 0.042      ; 0.334      ;
; 0.213 ; ch[0]                  ; ch[2]                 ; clk          ; clk         ; 0.000        ; 0.042      ; 0.339      ;
; 0.217 ; col[0]                 ; addr_img_conv2[5]     ; clk          ; clk         ; 0.000        ; 0.041      ; 0.342      ;
; 0.219 ; ic[0]                  ; addr_pool1[0]         ; clk          ; clk         ; 0.000        ; 0.042      ; 0.345      ;
; 0.219 ; ic[0]                  ; ic[1]                 ; clk          ; clk         ; 0.000        ; 0.042      ; 0.345      ;
; 0.257 ; state.S_IDLE           ; state.S_CONV1         ; clk          ; clk         ; 0.000        ; 0.042      ; 0.383      ;
; 0.265 ; best_digit[3]          ; digit[3]              ; clk          ; clk         ; 0.000        ; 0.042      ; 0.391      ;
; 0.268 ; best_digit[2]          ; digit[2]              ; clk          ; clk         ; 0.000        ; 0.042      ; 0.394      ;
; 0.268 ; best_digit[1]          ; digit[1]              ; clk          ; clk         ; 0.000        ; 0.042      ; 0.394      ;
; 0.268 ; best_digit[0]          ; digit[0]              ; clk          ; clk         ; 0.000        ; 0.042      ; 0.394      ;
; 0.268 ; ch[1]                  ; addr_pool2[1]         ; clk          ; clk         ; 0.000        ; 0.042      ; 0.394      ;
; 0.270 ; max_val[9]             ; data_w_pool2[9]       ; clk          ; clk         ; 0.000        ; 0.041      ; 0.395      ;
; 0.272 ; ic[1]                  ; addr_pool1[1]         ; clk          ; clk         ; 0.000        ; 0.042      ; 0.398      ;
; 0.272 ; max_val[11]            ; data_w_pool2[11]      ; clk          ; clk         ; 0.000        ; 0.041      ; 0.397      ;
; 0.273 ; ic[1]                  ; addr_conv2w[5]        ; clk          ; clk         ; 0.000        ; 0.042      ; 0.399      ;
; 0.273 ; ic[0]                  ; addr_conv2w[4]        ; clk          ; clk         ; 0.000        ; 0.042      ; 0.399      ;
; 0.276 ; max_val[4]             ; data_w_pool2[4]       ; clk          ; clk         ; 0.000        ; 0.041      ; 0.401      ;
; 0.277 ; max_val[10]            ; data_w_pool2[10]      ; clk          ; clk         ; 0.000        ; 0.041      ; 0.402      ;
; 0.288 ; score_rtl_0_bypass[12] ; best_score[3]         ; clk          ; clk         ; 0.000        ; 0.042      ; 0.414      ;
; 0.288 ; score_rtl_0_bypass[39] ; best_score[30]        ; clk          ; clk         ; 0.000        ; 0.042      ; 0.414      ;
; 0.289 ; score_rtl_0_bypass[26] ; best_score[17]        ; clk          ; clk         ; 0.000        ; 0.042      ; 0.415      ;
; 0.289 ; score_rtl_0_bypass[37] ; best_score[28]        ; clk          ; clk         ; 0.000        ; 0.042      ; 0.415      ;
; 0.289 ; score_rtl_0_bypass[22] ; best_score[13]        ; clk          ; clk         ; 0.000        ; 0.042      ; 0.415      ;
; 0.290 ; score_rtl_0_bypass[27] ; best_score[18]        ; clk          ; clk         ; 0.000        ; 0.042      ; 0.416      ;
; 0.290 ; score_rtl_0_bypass[29] ; best_score[20]        ; clk          ; clk         ; 0.000        ; 0.042      ; 0.416      ;
; 0.290 ; score_rtl_0_bypass[9]  ; best_score[0]         ; clk          ; clk         ; 0.000        ; 0.042      ; 0.416      ;
; 0.290 ; score_rtl_0_bypass[33] ; best_score[24]        ; clk          ; clk         ; 0.000        ; 0.042      ; 0.416      ;
; 0.290 ; score_rtl_0_bypass[19] ; best_score[10]        ; clk          ; clk         ; 0.000        ; 0.042      ; 0.416      ;
; 0.290 ; score_rtl_0_bypass[17] ; best_score[8]         ; clk          ; clk         ; 0.000        ; 0.042      ; 0.416      ;
; 0.290 ; score_rtl_0_bypass[18] ; best_score[9]         ; clk          ; clk         ; 0.000        ; 0.042      ; 0.416      ;
; 0.291 ; score_rtl_0_bypass[30] ; best_score[21]        ; clk          ; clk         ; 0.000        ; 0.042      ; 0.417      ;
; 0.291 ; score_rtl_0_bypass[31] ; best_score[22]        ; clk          ; clk         ; 0.000        ; 0.042      ; 0.417      ;
; 0.291 ; score_rtl_0_bypass[11] ; best_score[2]         ; clk          ; clk         ; 0.000        ; 0.042      ; 0.417      ;
; 0.291 ; score_rtl_0_bypass[14] ; best_score[5]         ; clk          ; clk         ; 0.000        ; 0.042      ; 0.417      ;
; 0.292 ; score_rtl_0_bypass[40] ; best_score[31]        ; clk          ; clk         ; 0.000        ; 0.042      ; 0.418      ;
; 0.307 ; state.S_POOL2          ; state.S_FC            ; clk          ; clk         ; 0.000        ; 0.042      ; 0.433      ;
; 0.309 ; ch[1]                  ; ch[2]                 ; clk          ; clk         ; 0.000        ; 0.042      ; 0.435      ;
; 0.314 ; col[2]                 ; addr_img_conv2[6]     ; clk          ; clk         ; 0.000        ; 0.041      ; 0.439      ;
; 0.314 ; ch[0]                  ; ch[1]                 ; clk          ; clk         ; 0.000        ; 0.042      ; 0.440      ;
+-------+------------------------+-----------------------+--------------+-------------+--------------+------------+------------+


+------------------------------------------------------------------------------------------------------------------------------------------------------------------------------------------------------------------------------------------------------------------+
; Fast 1200mV 0C Model Hold: 'u_pll|altpll_component|auto_generated|pll1|clk[0]'                                                                                                                                                                                   ;
+-------+----------------------+-----------------------------------------------------------------------------------------------------------------------+--------------+---------------------------------------------------+--------------+------------+------------+
; Slack ; From Node            ; To Node                                                                                                               ; Launch Clock ; Latch Clock                                       ; Relationship ; Clock Skew ; Data Delay ;
+-------+----------------------+-----------------------------------------------------------------------------------------------------------------------+--------------+---------------------------------------------------+--------------+------------+------------+
; 1.486 ; data_w_pool1[1]      ; pool1:u_pool1|altsyncram:altsyncram_component|altsyncram_a9g1:auto_generated|ram_block1a0~porta_datain_reg0           ; clk          ; u_pll|altpll_component|auto_generated|pll1|clk[0] ; 0.000        ; -1.258     ; 0.432      ;
; 1.494 ; addr_img_conv2[3]    ; img_conv2:u_img_conv2|altsyncram:altsyncram_component|altsyncram_45i1:auto_generated|ram_block1a1~porta_address_reg0  ; clk          ; u_pll|altpll_component|auto_generated|pll1|clk[0] ; 0.000        ; -1.261     ; 0.437      ;
; 1.506 ; addr_img_conv2[4]    ; img_conv2:u_img_conv2|altsyncram:altsyncram_component|altsyncram_45i1:auto_generated|ram_block1a1~porta_address_reg0  ; clk          ; u_pll|altpll_component|auto_generated|pll1|clk[0] ; 0.000        ; -1.261     ; 0.449      ;
; 1.513 ; data_w_img_conv2[3]  ; img_conv2:u_img_conv2|altsyncram:altsyncram_component|altsyncram_45i1:auto_generated|ram_block1a1~porta_datain_reg0   ; clk          ; u_pll|altpll_component|auto_generated|pll1|clk[0] ; 0.000        ; -1.258     ; 0.459      ;
; 1.517 ; data_w_img_conv2[5]  ; img_conv2:u_img_conv2|altsyncram:altsyncram_component|altsyncram_45i1:auto_generated|ram_block1a1~porta_datain_reg0   ; clk          ; u_pll|altpll_component|auto_generated|pll1|clk[0] ; 0.000        ; -1.258     ; 0.463      ;
; 1.523 ; data_w_img_conv2[1]  ; img_conv2:u_img_conv2|altsyncram:altsyncram_component|altsyncram_45i1:auto_generated|ram_block1a1~porta_datain_reg0   ; clk          ; u_pll|altpll_component|auto_generated|pll1|clk[0] ; 0.000        ; -1.258     ; 0.469      ;
; 1.527 ; addr_img[1]          ; image:u_image|altsyncram:altsyncram_component|altsyncram_1dm1:auto_generated|ram_block1a0~porta_address_reg0          ; clk          ; u_pll|altpll_component|auto_generated|pll1|clk[0] ; 0.000        ; -1.260     ; 0.471      ;
; 1.527 ; addr_img[3]          ; image:u_image|altsyncram:altsyncram_component|altsyncram_1dm1:auto_generated|ram_block1a9~porta_address_reg0          ; clk          ; u_pll|altpll_component|auto_generated|pll1|clk[0] ; 0.000        ; -1.260     ; 0.471      ;
; 1.530 ; addr_fcw[2]          ; fc_w:u_fc_w|altsyncram:altsyncram_component|altsyncram_bak1:auto_generated|ram_block1a13~porta_address_reg0           ; clk          ; u_pll|altpll_component|auto_generated|pll1|clk[0] ; 0.000        ; -1.260     ; 0.474      ;
; 1.531 ; data_w_img_conv2[2]  ; img_conv2:u_img_conv2|altsyncram:altsyncram_component|altsyncram_45i1:auto_generated|ram_block1a1~porta_datain_reg0   ; clk          ; u_pll|altpll_component|auto_generated|pll1|clk[0] ; 0.000        ; -1.258     ; 0.477      ;
; 1.531 ; addr_fcw[9]          ; fc_w:u_fc_w|altsyncram:altsyncram_component|altsyncram_bak1:auto_generated|ram_block1a13~porta_address_reg0           ; clk          ; u_pll|altpll_component|auto_generated|pll1|clk[0] ; 0.000        ; -1.260     ; 0.475      ;
; 1.531 ; data_w_pool1[13]     ; pool1:u_pool1|altsyncram:altsyncram_component|altsyncram_a9g1:auto_generated|ram_block1a10~porta_datain_reg0          ; clk          ; u_pll|altpll_component|auto_generated|pll1|clk[0] ; 0.000        ; -1.252     ; 0.483      ;
; 1.533 ; data_w_img_conv2[4]  ; img_conv2:u_img_conv2|altsyncram:altsyncram_component|altsyncram_45i1:auto_generated|ram_block1a1~porta_datain_reg0   ; clk          ; u_pll|altpll_component|auto_generated|pll1|clk[0] ; 0.000        ; -1.258     ; 0.479      ;
; 1.533 ; addr_fcw[11]         ; fc_w:u_fc_w|altsyncram:altsyncram_component|altsyncram_bak1:auto_generated|ram_block1a13~porta_address_reg0           ; clk          ; u_pll|altpll_component|auto_generated|pll1|clk[0] ; 0.000        ; -1.260     ; 0.477      ;
; 1.533 ; addr_pool1[1]        ; pool1:u_pool1|altsyncram:altsyncram_component|altsyncram_a9g1:auto_generated|ram_block1a0~porta_address_reg0          ; clk          ; u_pll|altpll_component|auto_generated|pll1|clk[0] ; 0.000        ; -1.260     ; 0.477      ;
; 1.533 ; addr_img[0]          ; image:u_image|altsyncram:altsyncram_component|altsyncram_1dm1:auto_generated|ram_block1a0~porta_address_reg0          ; clk          ; u_pll|altpll_component|auto_generated|pll1|clk[0] ; 0.000        ; -1.260     ; 0.477      ;
; 1.534 ; addr_img[4]          ; image:u_image|altsyncram:altsyncram_component|altsyncram_1dm1:auto_generated|ram_block1a9~porta_address_reg0          ; clk          ; u_pll|altpll_component|auto_generated|pll1|clk[0] ; 0.000        ; -1.260     ; 0.478      ;
; 1.536 ; addr_fcw[4]          ; fc_w:u_fc_w|altsyncram:altsyncram_component|altsyncram_bak1:auto_generated|ram_block1a9~porta_address_reg0            ; clk          ; u_pll|altpll_component|auto_generated|pll1|clk[0] ; 0.000        ; -1.259     ; 0.481      ;
; 1.536 ; addr_fcw[6]          ; fc_w:u_fc_w|altsyncram:altsyncram_component|altsyncram_bak1:auto_generated|ram_block1a13~porta_address_reg0           ; clk          ; u_pll|altpll_component|auto_generated|pll1|clk[0] ; 0.000        ; -1.260     ; 0.480      ;
; 1.536 ; addr_img[7]          ; image:u_image|altsyncram:altsyncram_component|altsyncram_1dm1:auto_generated|ram_block1a9~porta_address_reg0          ; clk          ; u_pll|altpll_component|auto_generated|pll1|clk[0] ; 0.000        ; -1.260     ; 0.480      ;
; 1.537 ; addr_fcw[0]          ; fc_w:u_fc_w|altsyncram:altsyncram_component|altsyncram_bak1:auto_generated|ram_block1a13~porta_address_reg0           ; clk          ; u_pll|altpll_component|auto_generated|pll1|clk[0] ; 0.000        ; -1.260     ; 0.481      ;
; 1.538 ; data_w_img_conv1[22] ; img_conv1:u_img_conv1|altsyncram:altsyncram_component|altsyncram_i5i1:auto_generated|ram_block1a22~porta_datain_reg0  ; clk          ; u_pll|altpll_component|auto_generated|pll1|clk[0] ; 0.000        ; -1.258     ; 0.484      ;
; 1.538 ; addr_pool1[0]        ; pool1:u_pool1|altsyncram:altsyncram_component|altsyncram_a9g1:auto_generated|ram_block1a0~porta_address_reg0          ; clk          ; u_pll|altpll_component|auto_generated|pll1|clk[0] ; 0.000        ; -1.259     ; 0.483      ;
; 1.539 ; data_w_img_conv1[19] ; img_conv1:u_img_conv1|altsyncram:altsyncram_component|altsyncram_i5i1:auto_generated|ram_block1a19~porta_datain_reg0  ; clk          ; u_pll|altpll_component|auto_generated|pll1|clk[0] ; 0.000        ; -1.254     ; 0.489      ;
; 1.540 ; addr_fcw[8]          ; fc_w:u_fc_w|altsyncram:altsyncram_component|altsyncram_bak1:auto_generated|ram_block1a9~porta_address_reg0            ; clk          ; u_pll|altpll_component|auto_generated|pll1|clk[0] ; 0.000        ; -1.259     ; 0.485      ;
; 1.540 ; data_w_pool1[30]     ; pool1:u_pool1|altsyncram:altsyncram_component|altsyncram_a9g1:auto_generated|ram_block1a0~porta_datain_reg0           ; clk          ; u_pll|altpll_component|auto_generated|pll1|clk[0] ; 0.000        ; -1.250     ; 0.494      ;
; 1.542 ; addr_img[8]          ; image:u_image|altsyncram:altsyncram_component|altsyncram_1dm1:auto_generated|ram_block1a9~porta_address_reg0          ; clk          ; u_pll|altpll_component|auto_generated|pll1|clk[0] ; 0.000        ; -1.260     ; 0.486      ;
; 1.544 ; addr_fcw[3]          ; fc_w:u_fc_w|altsyncram:altsyncram_component|altsyncram_bak1:auto_generated|ram_block1a13~porta_address_reg0           ; clk          ; u_pll|altpll_component|auto_generated|pll1|clk[0] ; 0.000        ; -1.260     ; 0.488      ;
; 1.546 ; addr_img[5]          ; image:u_image|altsyncram:altsyncram_component|altsyncram_1dm1:auto_generated|ram_block1a9~porta_address_reg0          ; clk          ; u_pll|altpll_component|auto_generated|pll1|clk[0] ; 0.000        ; -1.260     ; 0.490      ;
; 1.547 ; data_w_pool1[11]     ; pool1:u_pool1|altsyncram:altsyncram_component|altsyncram_a9g1:auto_generated|ram_block1a10~porta_datain_reg0          ; clk          ; u_pll|altpll_component|auto_generated|pll1|clk[0] ; 0.000        ; -1.252     ; 0.499      ;
; 1.547 ; data_w_pool1[31]     ; pool1:u_pool1|altsyncram:altsyncram_component|altsyncram_a9g1:auto_generated|ram_block1a0~porta_datain_reg0           ; clk          ; u_pll|altpll_component|auto_generated|pll1|clk[0] ; 0.000        ; -1.250     ; 0.501      ;
; 1.548 ; addr_img_conv2[1]    ; img_conv2:u_img_conv2|altsyncram:altsyncram_component|altsyncram_45i1:auto_generated|ram_block1a1~porta_address_reg0  ; clk          ; u_pll|altpll_component|auto_generated|pll1|clk[0] ; 0.000        ; -1.261     ; 0.491      ;
; 1.550 ; addr_fcw[7]          ; fc_w:u_fc_w|altsyncram:altsyncram_component|altsyncram_bak1:auto_generated|ram_block1a9~porta_address_reg0            ; clk          ; u_pll|altpll_component|auto_generated|pll1|clk[0] ; 0.000        ; -1.259     ; 0.495      ;
; 1.551 ; addr_fcw[4]          ; fc_w:u_fc_w|altsyncram:altsyncram_component|altsyncram_bak1:auto_generated|ram_block1a11~porta_address_reg0           ; clk          ; u_pll|altpll_component|auto_generated|pll1|clk[0] ; 0.000        ; -1.257     ; 0.498      ;
; 1.553 ; addr_fcw[8]          ; fc_w:u_fc_w|altsyncram:altsyncram_component|altsyncram_bak1:auto_generated|ram_block1a11~porta_address_reg0           ; clk          ; u_pll|altpll_component|auto_generated|pll1|clk[0] ; 0.000        ; -1.257     ; 0.500      ;
; 1.554 ; addr_pool1[0]        ; pool1:u_pool1|altsyncram:altsyncram_component|altsyncram_a9g1:auto_generated|ram_block1a22~porta_address_reg0         ; clk          ; u_pll|altpll_component|auto_generated|pll1|clk[0] ; 0.000        ; -1.255     ; 0.503      ;
; 1.557 ; addr_fcw[1]          ; fc_w:u_fc_w|altsyncram:altsyncram_component|altsyncram_bak1:auto_generated|ram_block1a13~porta_address_reg0           ; clk          ; u_pll|altpll_component|auto_generated|pll1|clk[0] ; 0.000        ; -1.260     ; 0.501      ;
; 1.562 ; addr_fcw[7]          ; fc_w:u_fc_w|altsyncram:altsyncram_component|altsyncram_bak1:auto_generated|ram_block1a11~porta_address_reg0           ; clk          ; u_pll|altpll_component|auto_generated|pll1|clk[0] ; 0.000        ; -1.257     ; 0.509      ;
; 1.564 ; addr_pool1[0]        ; pool1:u_pool1|altsyncram:altsyncram_component|altsyncram_a9g1:auto_generated|ram_block1a14~porta_address_reg0         ; clk          ; u_pll|altpll_component|auto_generated|pll1|clk[0] ; 0.000        ; -1.256     ; 0.512      ;
; 1.595 ; data_w_pool1[0]      ; pool1:u_pool1|altsyncram:altsyncram_component|altsyncram_a9g1:auto_generated|ram_block1a0~porta_datain_reg0           ; clk          ; u_pll|altpll_component|auto_generated|pll1|clk[0] ; 0.000        ; -1.251     ; 0.548      ;
; 1.598 ; data_w_img_conv1[27] ; img_conv1:u_img_conv1|altsyncram:altsyncram_component|altsyncram_i5i1:auto_generated|ram_block1a27~porta_datain_reg0  ; clk          ; u_pll|altpll_component|auto_generated|pll1|clk[0] ; 0.000        ; -1.253     ; 0.549      ;
; 1.601 ; data_w_pool1[10]     ; pool1:u_pool1|altsyncram:altsyncram_component|altsyncram_a9g1:auto_generated|ram_block1a10~porta_datain_reg0          ; clk          ; u_pll|altpll_component|auto_generated|pll1|clk[0] ; 0.000        ; -1.253     ; 0.552      ;
; 1.615 ; addr_img_conv2[5]    ; img_conv2:u_img_conv2|altsyncram:altsyncram_component|altsyncram_45i1:auto_generated|ram_block1a1~porta_address_reg0  ; clk          ; u_pll|altpll_component|auto_generated|pll1|clk[0] ; 0.000        ; -1.267     ; 0.552      ;
; 1.620 ; data_w_img_conv2[26] ; img_conv2:u_img_conv2|altsyncram:altsyncram_component|altsyncram_45i1:auto_generated|ram_block1a0~porta_datain_reg0   ; clk          ; u_pll|altpll_component|auto_generated|pll1|clk[0] ; 0.000        ; -1.259     ; 0.565      ;
; 1.621 ; addr_img_conv1[10]   ; img_conv1:u_img_conv1|altsyncram:altsyncram_component|altsyncram_i5i1:auto_generated|ram_block1a2~porta_address_reg0  ; clk          ; u_pll|altpll_component|auto_generated|pll1|clk[0] ; 0.000        ; -1.266     ; 0.559      ;
; 1.623 ; addr_img_conv1[11]   ; img_conv1:u_img_conv1|altsyncram:altsyncram_component|altsyncram_i5i1:auto_generated|ram_block1a2~porta_address_reg0  ; clk          ; u_pll|altpll_component|auto_generated|pll1|clk[0] ; 0.000        ; -1.266     ; 0.561      ;
; 1.628 ; data_w_img_conv2[29] ; img_conv2:u_img_conv2|altsyncram:altsyncram_component|altsyncram_45i1:auto_generated|ram_block1a0~porta_datain_reg0   ; clk          ; u_pll|altpll_component|auto_generated|pll1|clk[0] ; 0.000        ; -1.259     ; 0.573      ;
; 1.628 ; addr_fcw[5]          ; fc_w:u_fc_w|altsyncram:altsyncram_component|altsyncram_bak1:auto_generated|ram_block1a13~porta_address_reg0           ; clk          ; u_pll|altpll_component|auto_generated|pll1|clk[0] ; 0.000        ; -1.260     ; 0.572      ;
; 1.628 ; addr_img_conv1[9]    ; img_conv1:u_img_conv1|altsyncram:altsyncram_component|altsyncram_i5i1:auto_generated|ram_block1a2~porta_address_reg0  ; clk          ; u_pll|altpll_component|auto_generated|pll1|clk[0] ; 0.000        ; -1.266     ; 0.566      ;
; 1.629 ; data_w_img_conv2[0]  ; img_conv2:u_img_conv2|altsyncram:altsyncram_component|altsyncram_45i1:auto_generated|ram_block1a0~porta_datain_reg0   ; clk          ; u_pll|altpll_component|auto_generated|pll1|clk[0] ; 0.000        ; -1.259     ; 0.574      ;
; 1.631 ; data_w_img_conv2[28] ; img_conv2:u_img_conv2|altsyncram:altsyncram_component|altsyncram_45i1:auto_generated|ram_block1a0~porta_datain_reg0   ; clk          ; u_pll|altpll_component|auto_generated|pll1|clk[0] ; 0.000        ; -1.259     ; 0.576      ;
; 1.636 ; addr_img_conv1[7]    ; img_conv1:u_img_conv1|altsyncram:altsyncram_component|altsyncram_i5i1:auto_generated|ram_block1a2~porta_address_reg0  ; clk          ; u_pll|altpll_component|auto_generated|pll1|clk[0] ; 0.000        ; -1.266     ; 0.574      ;
; 1.638 ; data_w_img_conv2[30] ; img_conv2:u_img_conv2|altsyncram:altsyncram_component|altsyncram_45i1:auto_generated|ram_block1a0~porta_datain_reg0   ; clk          ; u_pll|altpll_component|auto_generated|pll1|clk[0] ; 0.000        ; -1.259     ; 0.583      ;
; 1.641 ; data_w_img_conv2[31] ; img_conv2:u_img_conv2|altsyncram:altsyncram_component|altsyncram_45i1:auto_generated|ram_block1a0~porta_datain_reg0   ; clk          ; u_pll|altpll_component|auto_generated|pll1|clk[0] ; 0.000        ; -1.259     ; 0.586      ;
; 1.641 ; addr_img_conv2[4]    ; img_conv2:u_img_conv2|altsyncram:altsyncram_component|altsyncram_45i1:auto_generated|ram_block1a0~porta_address_reg0  ; clk          ; u_pll|altpll_component|auto_generated|pll1|clk[0] ; 0.000        ; -1.264     ; 0.581      ;
; 1.645 ; data_w_img_conv2[27] ; img_conv2:u_img_conv2|altsyncram:altsyncram_component|altsyncram_45i1:auto_generated|ram_block1a0~porta_datain_reg0   ; clk          ; u_pll|altpll_component|auto_generated|pll1|clk[0] ; 0.000        ; -1.259     ; 0.590      ;
; 1.645 ; addr_img_conv2[3]    ; img_conv2:u_img_conv2|altsyncram:altsyncram_component|altsyncram_45i1:auto_generated|ram_block1a0~porta_address_reg0  ; clk          ; u_pll|altpll_component|auto_generated|pll1|clk[0] ; 0.000        ; -1.264     ; 0.585      ;
; 1.645 ; addr_conv1w[5]       ; conv1:conv1_w|altsyncram:altsyncram_component|altsyncram_pnk1:auto_generated|ram_block1a0~porta_address_reg0          ; clk          ; u_pll|altpll_component|auto_generated|pll1|clk[0] ; 0.000        ; -1.271     ; 0.578      ;
; 1.646 ; addr_img_conv1[8]    ; img_conv1:u_img_conv1|altsyncram:altsyncram_component|altsyncram_i5i1:auto_generated|ram_block1a2~porta_address_reg0  ; clk          ; u_pll|altpll_component|auto_generated|pll1|clk[0] ; 0.000        ; -1.266     ; 0.584      ;
; 1.646 ; addr_img[9]          ; image:u_image|altsyncram:altsyncram_component|altsyncram_1dm1:auto_generated|ram_block1a9~porta_address_reg0          ; clk          ; u_pll|altpll_component|auto_generated|pll1|clk[0] ; 0.000        ; -1.260     ; 0.590      ;
; 1.648 ; addr_img_conv2[9]    ; img_conv2:u_img_conv2|altsyncram:altsyncram_component|altsyncram_45i1:auto_generated|ram_block1a1~porta_address_reg0  ; clk          ; u_pll|altpll_component|auto_generated|pll1|clk[0] ; 0.000        ; -1.261     ; 0.591      ;
; 1.650 ; addr_conv1w[4]       ; conv1:conv1_w|altsyncram:altsyncram_component|altsyncram_pnk1:auto_generated|ram_block1a0~porta_address_reg0          ; clk          ; u_pll|altpll_component|auto_generated|pll1|clk[0] ; 0.000        ; -1.271     ; 0.583      ;
; 1.652 ; addr_pool2[1]        ; pool2:u_pool2|altsyncram:altsyncram_component|altsyncram_h2i1:auto_generated|ram_block1a14~porta_address_reg0         ; clk          ; u_pll|altpll_component|auto_generated|pll1|clk[0] ; 0.000        ; -1.257     ; 0.599      ;
; 1.652 ; addr_pool2[1]        ; pool2:u_pool2|altsyncram:altsyncram_component|altsyncram_h2i1:auto_generated|ram_block1a0~porta_address_reg0          ; clk          ; u_pll|altpll_component|auto_generated|pll1|clk[0] ; 0.000        ; -1.257     ; 0.599      ;
; 1.652 ; data_w_img_conv1[2]  ; img_conv1:u_img_conv1|altsyncram:altsyncram_component|altsyncram_i5i1:auto_generated|ram_block1a2~porta_datain_reg0   ; clk          ; u_pll|altpll_component|auto_generated|pll1|clk[0] ; 0.000        ; -1.255     ; 0.601      ;
; 1.653 ; addr_pool2[3]        ; pool2:u_pool2|altsyncram:altsyncram_component|altsyncram_h2i1:auto_generated|ram_block1a14~porta_address_reg0         ; clk          ; u_pll|altpll_component|auto_generated|pll1|clk[0] ; 0.000        ; -1.257     ; 0.600      ;
; 1.653 ; addr_pool2[3]        ; pool2:u_pool2|altsyncram:altsyncram_component|altsyncram_h2i1:auto_generated|ram_block1a0~porta_address_reg0          ; clk          ; u_pll|altpll_component|auto_generated|pll1|clk[0] ; 0.000        ; -1.257     ; 0.600      ;
; 1.661 ; addr_img_conv2[7]    ; img_conv2:u_img_conv2|altsyncram:altsyncram_component|altsyncram_45i1:auto_generated|ram_block1a15~porta_address_reg0 ; clk          ; u_pll|altpll_component|auto_generated|pll1|clk[0] ; 0.000        ; -1.271     ; 0.594      ;
; 1.662 ; addr_fcw[6]          ; fc_w:u_fc_w|altsyncram:altsyncram_component|altsyncram_bak1:auto_generated|ram_block1a9~porta_address_reg0            ; clk          ; u_pll|altpll_component|auto_generated|pll1|clk[0] ; 0.000        ; -1.259     ; 0.607      ;
; 1.662 ; addr_fcw[9]          ; fc_w:u_fc_w|altsyncram:altsyncram_component|altsyncram_bak1:auto_generated|ram_block1a9~porta_address_reg0            ; clk          ; u_pll|altpll_component|auto_generated|pll1|clk[0] ; 0.000        ; -1.259     ; 0.607      ;
; 1.665 ; addr_fcw[5]          ; fc_w:u_fc_w|altsyncram:altsyncram_component|altsyncram_bak1:auto_generated|ram_block1a11~porta_address_reg0           ; clk          ; u_pll|altpll_component|auto_generated|pll1|clk[0] ; 0.000        ; -1.257     ; 0.612      ;
; 1.666 ; addr_img[0]          ; image:u_image|altsyncram:altsyncram_component|altsyncram_1dm1:auto_generated|ram_block1a9~porta_address_reg0          ; clk          ; u_pll|altpll_component|auto_generated|pll1|clk[0] ; 0.000        ; -1.261     ; 0.609      ;
; 1.667 ; addr_conv1w[7]       ; conv1:conv1_w|altsyncram:altsyncram_component|altsyncram_pnk1:auto_generated|ram_block1a0~porta_address_reg0          ; clk          ; u_pll|altpll_component|auto_generated|pll1|clk[0] ; 0.000        ; -1.271     ; 0.600      ;
; 1.668 ; data_w_img_conv1[24] ; img_conv1:u_img_conv1|altsyncram:altsyncram_component|altsyncram_i5i1:auto_generated|ram_block1a24~porta_datain_reg0  ; clk          ; u_pll|altpll_component|auto_generated|pll1|clk[0] ; 0.000        ; -1.248     ; 0.624      ;
; 1.670 ; addr_pool2[6]        ; pool2:u_pool2|altsyncram:altsyncram_component|altsyncram_h2i1:auto_generated|ram_block1a14~porta_address_reg0         ; clk          ; u_pll|altpll_component|auto_generated|pll1|clk[0] ; 0.000        ; -1.257     ; 0.617      ;
; 1.670 ; addr_pool2[6]        ; pool2:u_pool2|altsyncram:altsyncram_component|altsyncram_h2i1:auto_generated|ram_block1a0~porta_address_reg0          ; clk          ; u_pll|altpll_component|auto_generated|pll1|clk[0] ; 0.000        ; -1.257     ; 0.617      ;
; 1.670 ; addr_fcw[11]         ; fc_w:u_fc_w|altsyncram:altsyncram_component|altsyncram_bak1:auto_generated|ram_block1a9~porta_address_reg0            ; clk          ; u_pll|altpll_component|auto_generated|pll1|clk[0] ; 0.000        ; -1.259     ; 0.615      ;
; 1.671 ; addr_img[6]          ; image:u_image|altsyncram:altsyncram_component|altsyncram_1dm1:auto_generated|ram_block1a0~porta_address_reg0          ; clk          ; u_pll|altpll_component|auto_generated|pll1|clk[0] ; 0.000        ; -1.259     ; 0.616      ;
; 1.672 ; addr_fcw[11]         ; fc_w:u_fc_w|altsyncram:altsyncram_component|altsyncram_bak1:auto_generated|ram_block1a11~porta_address_reg0           ; clk          ; u_pll|altpll_component|auto_generated|pll1|clk[0] ; 0.000        ; -1.257     ; 0.619      ;
; 1.673 ; addr_img_conv1[1]    ; img_conv1:u_img_conv1|altsyncram:altsyncram_component|altsyncram_i5i1:auto_generated|ram_block1a2~porta_address_reg0  ; clk          ; u_pll|altpll_component|auto_generated|pll1|clk[0] ; 0.000        ; -1.267     ; 0.610      ;
; 1.674 ; addr_fcw[0]          ; fc_w:u_fc_w|altsyncram:altsyncram_component|altsyncram_bak1:auto_generated|ram_block1a9~porta_address_reg0            ; clk          ; u_pll|altpll_component|auto_generated|pll1|clk[0] ; 0.000        ; -1.259     ; 0.619      ;
; 1.675 ; addr_img_conv2[3]    ; img_conv2:u_img_conv2|altsyncram:altsyncram_component|altsyncram_45i1:auto_generated|ram_block1a15~porta_address_reg0 ; clk          ; u_pll|altpll_component|auto_generated|pll1|clk[0] ; 0.000        ; -1.271     ; 0.608      ;
; 1.675 ; addr_fcw[9]          ; fc_w:u_fc_w|altsyncram:altsyncram_component|altsyncram_bak1:auto_generated|ram_block1a11~porta_address_reg0           ; clk          ; u_pll|altpll_component|auto_generated|pll1|clk[0] ; 0.000        ; -1.257     ; 0.622      ;
; 1.676 ; addr_img[3]          ; image:u_image|altsyncram:altsyncram_component|altsyncram_1dm1:auto_generated|ram_block1a0~porta_address_reg0          ; clk          ; u_pll|altpll_component|auto_generated|pll1|clk[0] ; 0.000        ; -1.259     ; 0.621      ;
; 1.677 ; addr_img_conv2[3]    ; img_conv2:u_img_conv2|altsyncram:altsyncram_component|altsyncram_45i1:auto_generated|ram_block1a6~porta_address_reg0  ; clk          ; u_pll|altpll_component|auto_generated|pll1|clk[0] ; 0.000        ; -1.276     ; 0.605      ;
; 1.680 ; data_w_img_conv1[25] ; img_conv1:u_img_conv1|altsyncram:altsyncram_component|altsyncram_i5i1:auto_generated|ram_block1a25~porta_datain_reg0  ; clk          ; u_pll|altpll_component|auto_generated|pll1|clk[0] ; 0.000        ; -1.267     ; 0.617      ;
; 1.681 ; addr_fcw[5]          ; fc_w:u_fc_w|altsyncram:altsyncram_component|altsyncram_bak1:auto_generated|ram_block1a9~porta_address_reg0            ; clk          ; u_pll|altpll_component|auto_generated|pll1|clk[0] ; 0.000        ; -1.259     ; 0.626      ;
; 1.684 ; addr_pool2[0]        ; pool2:u_pool2|altsyncram:altsyncram_component|altsyncram_h2i1:auto_generated|ram_block1a14~porta_address_reg0         ; clk          ; u_pll|altpll_component|auto_generated|pll1|clk[0] ; 0.000        ; -1.257     ; 0.631      ;
; 1.684 ; addr_pool2[0]        ; pool2:u_pool2|altsyncram:altsyncram_component|altsyncram_h2i1:auto_generated|ram_block1a0~porta_address_reg0          ; clk          ; u_pll|altpll_component|auto_generated|pll1|clk[0] ; 0.000        ; -1.257     ; 0.631      ;
; 1.684 ; addr_img[4]          ; image:u_image|altsyncram:altsyncram_component|altsyncram_1dm1:auto_generated|ram_block1a0~porta_address_reg0          ; clk          ; u_pll|altpll_component|auto_generated|pll1|clk[0] ; 0.000        ; -1.259     ; 0.629      ;
; 1.685 ; data_w_pool2[27]     ; pool2:u_pool2|altsyncram:altsyncram_component|altsyncram_h2i1:auto_generated|ram_block1a14~porta_datain_reg0          ; clk          ; u_pll|altpll_component|auto_generated|pll1|clk[0] ; 0.000        ; -1.253     ; 0.636      ;
; 1.685 ; data_w_pool2[2]      ; pool2:u_pool2|altsyncram:altsyncram_component|altsyncram_h2i1:auto_generated|ram_block1a0~porta_datain_reg0           ; clk          ; u_pll|altpll_component|auto_generated|pll1|clk[0] ; 0.000        ; -1.253     ; 0.636      ;
; 1.685 ; addr_img_conv2[7]    ; img_conv2:u_img_conv2|altsyncram:altsyncram_component|altsyncram_45i1:auto_generated|ram_block1a6~porta_address_reg0  ; clk          ; u_pll|altpll_component|auto_generated|pll1|clk[0] ; 0.000        ; -1.276     ; 0.613      ;
; 1.685 ; addr_img[8]          ; image:u_image|altsyncram:altsyncram_component|altsyncram_1dm1:auto_generated|ram_block1a0~porta_address_reg0          ; clk          ; u_pll|altpll_component|auto_generated|pll1|clk[0] ; 0.000        ; -1.259     ; 0.630      ;
; 1.686 ; data_w_pool2[23]     ; pool2:u_pool2|altsyncram:altsyncram_component|altsyncram_h2i1:auto_generated|ram_block1a14~porta_datain_reg0          ; clk          ; u_pll|altpll_component|auto_generated|pll1|clk[0] ; 0.000        ; -1.254     ; 0.636      ;
; 1.686 ; addr_fcw[1]          ; fc_w:u_fc_w|altsyncram:altsyncram_component|altsyncram_bak1:auto_generated|ram_block1a9~porta_address_reg0            ; clk          ; u_pll|altpll_component|auto_generated|pll1|clk[0] ; 0.000        ; -1.259     ; 0.631      ;
; 1.686 ; addr_pool1[0]        ; pool1:u_pool1|altsyncram:altsyncram_component|altsyncram_a9g1:auto_generated|ram_block1a10~porta_address_reg0         ; clk          ; u_pll|altpll_component|auto_generated|pll1|clk[0] ; 0.000        ; -1.261     ; 0.629      ;
; 1.687 ; data_w_pool2[1]      ; pool2:u_pool2|altsyncram:altsyncram_component|altsyncram_h2i1:auto_generated|ram_block1a0~porta_datain_reg0           ; clk          ; u_pll|altpll_component|auto_generated|pll1|clk[0] ; 0.000        ; -1.253     ; 0.638      ;
; 1.688 ; addr_pool1[6]        ; pool1:u_pool1|altsyncram:altsyncram_component|altsyncram_a9g1:auto_generated|ram_block1a14~porta_address_reg0         ; clk          ; u_pll|altpll_component|auto_generated|pll1|clk[0] ; 0.000        ; -1.259     ; 0.633      ;
; 1.689 ; addr_fcw[6]          ; fc_w:u_fc_w|altsyncram:altsyncram_component|altsyncram_bak1:auto_generated|ram_block1a11~porta_address_reg0           ; clk          ; u_pll|altpll_component|auto_generated|pll1|clk[0] ; 0.000        ; -1.257     ; 0.636      ;
+-------+----------------------+-----------------------------------------------------------------------------------------------------------------------+--------------+---------------------------------------------------+--------------+------------+------------+


----------------------------------------------
; Fast 1200mV 0C Model Metastability Summary ;
----------------------------------------------
The design MTBF is not calculated because there are no specified synchronizers in the design.
Number of Synchronizer Chains Found: 128
Shortest Synchronizer Chain: 2 Registers
Fraction of Chains for which MTBFs Could Not be Calculated: 1.000
Worst Case Available Settling Time: 6.778 ns




+------------------------------------------------------------------------------------------------------------------+
; Multicorner Timing Analysis Summary                                                                              ;
+----------------------------------------------------+----------+-------+----------+---------+---------------------+
; Clock                                              ; Setup    ; Hold  ; Recovery ; Removal ; Minimum Pulse Width ;
+----------------------------------------------------+----------+-------+----------+---------+---------------------+
; Worst-case Slack                                   ; -4.976   ; 0.181 ; N/A      ; N/A     ; 4.750               ;
;  clk                                               ; -4.976   ; 0.181 ; N/A      ; N/A     ; 9.374               ;
;  u_pll|altpll_component|auto_generated|pll1|clk[0] ; 2.506    ; 1.486 ; N/A      ; N/A     ; 4.750               ;
; Design-wide TNS                                    ; -185.54  ; 0.0   ; 0.0      ; 0.0     ; 0.0                 ;
;  clk                                               ; -185.540 ; 0.000 ; N/A      ; N/A     ; 0.000               ;
;  u_pll|altpll_component|auto_generated|pll1|clk[0] ; 0.000    ; 0.000 ; N/A      ; N/A     ; 0.000               ;
+----------------------------------------------------+----------+-------+----------+---------+---------------------+


+------------------------------------------------------------------------------------------------------------------------------------------------------------------------------------------------------------------------------------------------------------------------------------------------------------------------------------------------------------------------------------------------------------------+
; Board Trace Model Assignments                                                                                                                                                                                                                                                                                                                                                                                    ;
+---------------+--------------+-------------------+-------------------------+-------------------------+---------------+---------------------+----------------+------------------+--------+------------------+------------------------+------------------------+--------------+---------------+-----------------+-------+---------------------+--------------------+---------------+-----------------+-------------+
; Pin           ; I/O Standard ; Near Tline Length ; Near Tline L per Length ; Near Tline C per Length ; Near Series R ; Near Differential R ; Near Pull-up R ; Near Pull-down R ; Near C ; Far Tline Length ; Far Tline L per Length ; Far Tline C per Length ; Far Series R ; Far Pull-up R ; Far Pull-down R ; Far C ; Termination Voltage ; Far Differential R ; EBD File Name ; EBD Signal Name ; EBD Far-end ;
+---------------+--------------+-------------------+-------------------------+-------------------------+---------------+---------------------+----------------+------------------+--------+------------------+------------------------+------------------------+--------------+---------------+-----------------+-------+---------------------+--------------------+---------------+-----------------+-------------+
; LED_seg[0]    ; 2.5 V        ; 0 in              ; 0 H/in                  ; 0 F/in                  ; short         ; -                   ; open           ; open             ; open   ; 0 in             ; 0 H/in                 ; 0 F/in                 ; short        ; open          ; open            ; open  ; 0 V                 ; -                  ; n/a           ; n/a             ; n/a         ;
; LED_seg[1]    ; 2.5 V        ; 0 in              ; 0 H/in                  ; 0 F/in                  ; short         ; -                   ; open           ; open             ; open   ; 0 in             ; 0 H/in                 ; 0 F/in                 ; short        ; open          ; open            ; open  ; 0 V                 ; -                  ; n/a           ; n/a             ; n/a         ;
; LED_seg[2]    ; 2.5 V        ; 0 in              ; 0 H/in                  ; 0 F/in                  ; short         ; -                   ; open           ; open             ; open   ; 0 in             ; 0 H/in                 ; 0 F/in                 ; short        ; open          ; open            ; open  ; 0 V                 ; -                  ; n/a           ; n/a             ; n/a         ;
; LED_seg[3]    ; 2.5 V        ; 0 in              ; 0 H/in                  ; 0 F/in                  ; short         ; -                   ; open           ; open             ; open   ; 0 in             ; 0 H/in                 ; 0 F/in                 ; short        ; open          ; open            ; open  ; 0 V                 ; -                  ; n/a           ; n/a             ; n/a         ;
; LED_seg[4]    ; 2.5 V        ; 0 in              ; 0 H/in                  ; 0 F/in                  ; short         ; -                   ; open           ; open             ; open   ; 0 in             ; 0 H/in                 ; 0 F/in                 ; short        ; open          ; open            ; open  ; 0 V                 ; -                  ; n/a           ; n/a             ; n/a         ;
; LED_seg[5]    ; 2.5 V        ; 0 in              ; 0 H/in                  ; 0 F/in                  ; short         ; -                   ; open           ; open             ; open   ; 0 in             ; 0 H/in                 ; 0 F/in                 ; short        ; open          ; open            ; open  ; 0 V                 ; -                  ; n/a           ; n/a             ; n/a         ;
; LED_seg[6]    ; 2.5 V        ; 0 in              ; 0 H/in                  ; 0 F/in                  ; short         ; -                   ; open           ; open             ; open   ; 0 in             ; 0 H/in                 ; 0 F/in                 ; short        ; open          ; open            ; open  ; 0 V                 ; -                  ; n/a           ; n/a             ; n/a         ;
; LED_R[0]      ; 2.5 V        ; 0 in              ; 0 H/in                  ; 0 F/in                  ; short         ; -                   ; open           ; open             ; open   ; 0 in             ; 0 H/in                 ; 0 F/in                 ; short        ; open          ; open            ; open  ; 0 V                 ; -                  ; n/a           ; n/a             ; n/a         ;
; LED_R[1]      ; 2.5 V        ; 0 in              ; 0 H/in                  ; 0 F/in                  ; short         ; -                   ; open           ; open             ; open   ; 0 in             ; 0 H/in                 ; 0 F/in                 ; short        ; open          ; open            ; open  ; 0 V                 ; -                  ; n/a           ; n/a             ; n/a         ;
; LED_R[2]      ; 2.5 V        ; 0 in              ; 0 H/in                  ; 0 F/in                  ; short         ; -                   ; open           ; open             ; open   ; 0 in             ; 0 H/in                 ; 0 F/in                 ; short        ; open          ; open            ; open  ; 0 V                 ; -                  ; n/a           ; n/a             ; n/a         ;
; LED_R[3]      ; 2.5 V        ; 0 in              ; 0 H/in                  ; 0 F/in                  ; short         ; -                   ; open           ; open             ; open   ; 0 in             ; 0 H/in                 ; 0 F/in                 ; short        ; open          ; open            ; open  ; 0 V                 ; -                  ; n/a           ; n/a             ; n/a         ;
; LED_R[4]      ; 2.5 V        ; 0 in              ; 0 H/in                  ; 0 F/in                  ; short         ; -                   ; open           ; open             ; open   ; 0 in             ; 0 H/in                 ; 0 F/in                 ; short        ; open          ; open            ; open  ; 0 V                 ; -                  ; n/a           ; n/a             ; n/a         ;
; LED_R[5]      ; 2.5 V        ; 0 in              ; 0 H/in                  ; 0 F/in                  ; short         ; -                   ; open           ; open             ; open   ; 0 in             ; 0 H/in                 ; 0 F/in                 ; short        ; open          ; open            ; open  ; 0 V                 ; -                  ; n/a           ; n/a             ; n/a         ;
; LED_R[6]      ; 2.5 V        ; 0 in              ; 0 H/in                  ; 0 F/in                  ; short         ; -                   ; open           ; open             ; open   ; 0 in             ; 0 H/in                 ; 0 F/in                 ; short        ; open          ; open            ; open  ; 0 V                 ; -                  ; n/a           ; n/a             ; n/a         ;
; LED_R[7]      ; 2.5 V        ; 0 in              ; 0 H/in                  ; 0 F/in                  ; short         ; -                   ; open           ; open             ; open   ; 0 in             ; 0 H/in                 ; 0 F/in                 ; short        ; open          ; open            ; open  ; 0 V                 ; -                  ; n/a           ; n/a             ; n/a         ;
; LED_R[8]      ; 2.5 V        ; 0 in              ; 0 H/in                  ; 0 F/in                  ; short         ; -                   ; open           ; open             ; open   ; 0 in             ; 0 H/in                 ; 0 F/in                 ; short        ; open          ; open            ; open  ; 0 V                 ; -                  ; n/a           ; n/a             ; n/a         ;
; LED_R[9]      ; 2.5 V        ; 0 in              ; 0 H/in                  ; 0 F/in                  ; short         ; -                   ; open           ; open             ; open   ; 0 in             ; 0 H/in                 ; 0 F/in                 ; short        ; open          ; open            ; open  ; 0 V                 ; -                  ; n/a           ; n/a             ; n/a         ;
; UART_TX       ; 2.5 V        ; 0 in              ; 0 H/in                  ; 0 F/in                  ; short         ; -                   ; open           ; open             ; open   ; 0 in             ; 0 H/in                 ; 0 F/in                 ; short        ; open          ; open            ; open  ; 0 V                 ; -                  ; n/a           ; n/a             ; n/a         ;
; ~ALTERA_DCLK~ ; 2.5 V        ; 0 in              ; 0 H/in                  ; 0 F/in                  ; short         ; -                   ; open           ; open             ; open   ; 0 in             ; 0 H/in                 ; 0 F/in                 ; short        ; open          ; open            ; open  ; 0 V                 ; -                  ; n/a           ; n/a             ; n/a         ;
; ~ALTERA_nCEO~ ; 2.5 V        ; 0 in              ; 0 H/in                  ; 0 F/in                  ; short         ; -                   ; open           ; open             ; open   ; 0 in             ; 0 H/in                 ; 0 F/in                 ; short        ; open          ; open            ; open  ; 0 V                 ; -                  ; n/a           ; n/a             ; n/a         ;
+---------------+--------------+-------------------+-------------------------+-------------------------+---------------+---------------------+----------------+------------------+--------+------------------+------------------------+------------------------+--------------+---------------+-----------------+-------+---------------------+--------------------+---------------+-----------------+-------------+


+----------------------------------------------------------------------------+
; Input Transition Times                                                     ;
+-------------------------+--------------+-----------------+-----------------+
; Pin                     ; I/O Standard ; 10-90 Rise Time ; 90-10 Fall Time ;
+-------------------------+--------------+-----------------+-----------------+
; stop                    ; 2.5 V        ; 2000 ps         ; 2000 ps         ;
; UART_RX                 ; 2.5 V        ; 2000 ps         ; 2000 ps         ;
; clk                     ; 2.5 V        ; 2000 ps         ; 2000 ps         ;
; reset_n                 ; 2.5 V        ; 2000 ps         ; 2000 ps         ;
; start                   ; 2.5 V        ; 2000 ps         ; 2000 ps         ;
; ~ALTERA_ASDO_DATA1~     ; 2.5 V        ; 2000 ps         ; 2000 ps         ;
; ~ALTERA_FLASH_nCE_nCSO~ ; 2.5 V        ; 2000 ps         ; 2000 ps         ;
; ~ALTERA_DATA0~          ; 2.5 V        ; 2000 ps         ; 2000 ps         ;
+-------------------------+--------------+-----------------+-----------------+


+--------------------------------------------------------------------------------------------------------------------------------------------------------------------------------------------------------------------------------------------------------------------------------------------------------------------------------------------------------------------------------------------------------------------------------------------------------------------------------------------------------------------------------------------------------------------------------------------------------------------------------------------------------------------------------------------+
; Signal Integrity Metrics (Slow 1200mv 0c Model)                                                                                                                                                                                                                                                                                                                                                                                                                                                                                                                                                                                                                                            ;
+---------------+--------------+---------------------+---------------------+------------------------------+------------------------------+---------------------+---------------------+--------------------------------------+--------------------------------------+-----------------------------+-----------------------------+----------------------------+----------------------------+-----------------------------+-----------------------------+--------------------+--------------------+-------------------------------------+-------------------------------------+----------------------------+----------------------------+---------------------------+---------------------------+
; Pin           ; I/O Standard ; Board Delay on Rise ; Board Delay on Fall ; Steady State Voh at FPGA Pin ; Steady State Vol at FPGA Pin ; Voh Max at FPGA Pin ; Vol Min at FPGA Pin ; Ringback Voltage on Rise at FPGA Pin ; Ringback Voltage on Fall at FPGA Pin ; 10-90 Rise Time at FPGA Pin ; 90-10 Fall Time at FPGA Pin ; Monotonic Rise at FPGA Pin ; Monotonic Fall at FPGA Pin ; Steady State Voh at Far-end ; Steady State Vol at Far-end ; Voh Max at Far-end ; Vol Min at Far-end ; Ringback Voltage on Rise at Far-end ; Ringback Voltage on Fall at Far-end ; 10-90 Rise Time at Far-end ; 90-10 Fall Time at Far-end ; Monotonic Rise at Far-end ; Monotonic Fall at Far-end ;
+---------------+--------------+---------------------+---------------------+------------------------------+------------------------------+---------------------+---------------------+--------------------------------------+--------------------------------------+-----------------------------+-----------------------------+----------------------------+----------------------------+-----------------------------+-----------------------------+--------------------+--------------------+-------------------------------------+-------------------------------------+----------------------------+----------------------------+---------------------------+---------------------------+
; LED_seg[0]    ; 2.5 V        ; 0 s                 ; 0 s                 ; 2.32 V                       ; 4.49e-09 V                   ; 2.38 V              ; -0.00552 V          ; 0.096 V                              ; 0.019 V                              ; 4.18e-10 s                  ; 3.59e-10 s                  ; No                         ; Yes                        ; 2.32 V                      ; 4.49e-09 V                  ; 2.38 V             ; -0.00552 V         ; 0.096 V                             ; 0.019 V                             ; 4.18e-10 s                 ; 3.59e-10 s                 ; No                        ; Yes                       ;
; LED_seg[1]    ; 2.5 V        ; 0 s                 ; 0 s                 ; 2.32 V                       ; 4.49e-09 V                   ; 2.33 V              ; -0.00467 V          ; 0.226 V                              ; 0.087 V                              ; 2.91e-09 s                  ; 2.74e-09 s                  ; Yes                        ; Yes                        ; 2.32 V                      ; 4.49e-09 V                  ; 2.33 V             ; -0.00467 V         ; 0.226 V                             ; 0.087 V                             ; 2.91e-09 s                 ; 2.74e-09 s                 ; Yes                       ; Yes                       ;
; LED_seg[2]    ; 2.5 V        ; 0 s                 ; 0 s                 ; 2.32 V                       ; 4.49e-09 V                   ; 2.38 V              ; -0.00552 V          ; 0.096 V                              ; 0.019 V                              ; 4.18e-10 s                  ; 3.59e-10 s                  ; No                         ; Yes                        ; 2.32 V                      ; 4.49e-09 V                  ; 2.38 V             ; -0.00552 V         ; 0.096 V                             ; 0.019 V                             ; 4.18e-10 s                 ; 3.59e-10 s                 ; No                        ; Yes                       ;
; LED_seg[3]    ; 2.5 V        ; 0 s                 ; 0 s                 ; 2.32 V                       ; 3.07e-09 V                   ; 2.38 V              ; -0.0144 V           ; 0.227 V                              ; 0.024 V                              ; 3.14e-10 s                  ; 3.39e-10 s                  ; Yes                        ; Yes                        ; 2.32 V                      ; 3.07e-09 V                  ; 2.38 V             ; -0.0144 V          ; 0.227 V                             ; 0.024 V                             ; 3.14e-10 s                 ; 3.39e-10 s                 ; Yes                       ; Yes                       ;
; LED_seg[4]    ; 2.5 V        ; 0 s                 ; 0 s                 ; 2.32 V                       ; 3.07e-09 V                   ; 2.38 V              ; -0.0144 V           ; 0.227 V                              ; 0.024 V                              ; 3.14e-10 s                  ; 3.39e-10 s                  ; Yes                        ; Yes                        ; 2.32 V                      ; 3.07e-09 V                  ; 2.38 V             ; -0.0144 V          ; 0.227 V                             ; 0.024 V                             ; 3.14e-10 s                 ; 3.39e-10 s                 ; Yes                       ; Yes                       ;
; LED_seg[5]    ; 2.5 V        ; 0 s                 ; 0 s                 ; 2.32 V                       ; 3.07e-09 V                   ; 2.33 V              ; -0.00496 V          ; 0.223 V                              ; 0.086 V                              ; 2.9e-09 s                   ; 2.73e-09 s                  ; Yes                        ; Yes                        ; 2.32 V                      ; 3.07e-09 V                  ; 2.33 V             ; -0.00496 V         ; 0.223 V                             ; 0.086 V                             ; 2.9e-09 s                  ; 2.73e-09 s                 ; Yes                       ; Yes                       ;
; LED_seg[6]    ; 2.5 V        ; 0 s                 ; 0 s                 ; 2.32 V                       ; 3.07e-09 V                   ; 2.38 V              ; -0.0144 V           ; 0.227 V                              ; 0.024 V                              ; 3.14e-10 s                  ; 3.39e-10 s                  ; Yes                        ; Yes                        ; 2.32 V                      ; 3.07e-09 V                  ; 2.38 V             ; -0.0144 V          ; 0.227 V                             ; 0.024 V                             ; 3.14e-10 s                 ; 3.39e-10 s                 ; Yes                       ; Yes                       ;
; LED_R[0]      ; 2.5 V        ; 0 s                 ; 0 s                 ; 2.32 V                       ; 4.49e-09 V                   ; 2.38 V              ; -0.00552 V          ; 0.096 V                              ; 0.019 V                              ; 4.18e-10 s                  ; 3.59e-10 s                  ; No                         ; Yes                        ; 2.32 V                      ; 4.49e-09 V                  ; 2.38 V             ; -0.00552 V         ; 0.096 V                             ; 0.019 V                             ; 4.18e-10 s                 ; 3.59e-10 s                 ; No                        ; Yes                       ;
; LED_R[1]      ; 2.5 V        ; 0 s                 ; 0 s                 ; 2.32 V                       ; 4.49e-09 V                   ; 2.38 V              ; -0.00552 V          ; 0.096 V                              ; 0.019 V                              ; 4.18e-10 s                  ; 3.59e-10 s                  ; No                         ; Yes                        ; 2.32 V                      ; 4.49e-09 V                  ; 2.38 V             ; -0.00552 V         ; 0.096 V                             ; 0.019 V                             ; 4.18e-10 s                 ; 3.59e-10 s                 ; No                        ; Yes                       ;
; LED_R[2]      ; 2.5 V        ; 0 s                 ; 0 s                 ; 2.32 V                       ; 4.49e-09 V                   ; 2.38 V              ; -0.00552 V          ; 0.096 V                              ; 0.019 V                              ; 4.18e-10 s                  ; 3.59e-10 s                  ; No                         ; Yes                        ; 2.32 V                      ; 4.49e-09 V                  ; 2.38 V             ; -0.00552 V         ; 0.096 V                             ; 0.019 V                             ; 4.18e-10 s                 ; 3.59e-10 s                 ; No                        ; Yes                       ;
; LED_R[3]      ; 2.5 V        ; 0 s                 ; 0 s                 ; 2.32 V                       ; 4.49e-09 V                   ; 2.38 V              ; -0.00552 V          ; 0.096 V                              ; 0.019 V                              ; 4.18e-10 s                  ; 3.59e-10 s                  ; No                         ; Yes                        ; 2.32 V                      ; 4.49e-09 V                  ; 2.38 V             ; -0.00552 V         ; 0.096 V                             ; 0.019 V                             ; 4.18e-10 s                 ; 3.59e-10 s                 ; No                        ; Yes                       ;
; LED_R[4]      ; 2.5 V        ; 0 s                 ; 0 s                 ; 2.32 V                       ; 4.49e-09 V                   ; 2.38 V              ; -0.00552 V          ; 0.096 V                              ; 0.019 V                              ; 4.18e-10 s                  ; 3.59e-10 s                  ; No                         ; Yes                        ; 2.32 V                      ; 4.49e-09 V                  ; 2.38 V             ; -0.00552 V         ; 0.096 V                             ; 0.019 V                             ; 4.18e-10 s                 ; 3.59e-10 s                 ; No                        ; Yes                       ;
; LED_R[5]      ; 2.5 V        ; 0 s                 ; 0 s                 ; 2.32 V                       ; 4.49e-09 V                   ; 2.38 V              ; -0.00552 V          ; 0.096 V                              ; 0.019 V                              ; 4.18e-10 s                  ; 3.59e-10 s                  ; No                         ; Yes                        ; 2.32 V                      ; 4.49e-09 V                  ; 2.38 V             ; -0.00552 V         ; 0.096 V                             ; 0.019 V                             ; 4.18e-10 s                 ; 3.59e-10 s                 ; No                        ; Yes                       ;
; LED_R[6]      ; 2.5 V        ; 0 s                 ; 0 s                 ; 2.32 V                       ; 4.49e-09 V                   ; 2.38 V              ; -0.00552 V          ; 0.096 V                              ; 0.019 V                              ; 4.18e-10 s                  ; 3.59e-10 s                  ; No                         ; Yes                        ; 2.32 V                      ; 4.49e-09 V                  ; 2.38 V             ; -0.00552 V         ; 0.096 V                             ; 0.019 V                             ; 4.18e-10 s                 ; 3.59e-10 s                 ; No                        ; Yes                       ;
; LED_R[7]      ; 2.5 V        ; 0 s                 ; 0 s                 ; 2.32 V                       ; 4.49e-09 V                   ; 2.38 V              ; -0.00552 V          ; 0.096 V                              ; 0.019 V                              ; 4.18e-10 s                  ; 3.59e-10 s                  ; No                         ; Yes                        ; 2.32 V                      ; 4.49e-09 V                  ; 2.38 V             ; -0.00552 V         ; 0.096 V                             ; 0.019 V                             ; 4.18e-10 s                 ; 3.59e-10 s                 ; No                        ; Yes                       ;
; LED_R[8]      ; 2.5 V        ; 0 s                 ; 0 s                 ; 2.32 V                       ; 4.49e-09 V                   ; 2.38 V              ; -0.00552 V          ; 0.096 V                              ; 0.019 V                              ; 4.18e-10 s                  ; 3.59e-10 s                  ; No                         ; Yes                        ; 2.32 V                      ; 4.49e-09 V                  ; 2.38 V             ; -0.00552 V         ; 0.096 V                             ; 0.019 V                             ; 4.18e-10 s                 ; 3.59e-10 s                 ; No                        ; Yes                       ;
; LED_R[9]      ; 2.5 V        ; 0 s                 ; 0 s                 ; 2.32 V                       ; 4.49e-09 V                   ; 2.33 V              ; -0.00467 V          ; 0.226 V                              ; 0.087 V                              ; 2.91e-09 s                  ; 2.74e-09 s                  ; Yes                        ; Yes                        ; 2.32 V                      ; 4.49e-09 V                  ; 2.33 V             ; -0.00467 V         ; 0.226 V                             ; 0.087 V                             ; 2.91e-09 s                 ; 2.74e-09 s                 ; Yes                       ; Yes                       ;
; UART_TX       ; 2.5 V        ; 0 s                 ; 0 s                 ; 2.32 V                       ; 4.49e-09 V                   ; 2.33 V              ; -0.00467 V          ; 0.226 V                              ; 0.087 V                              ; 2.91e-09 s                  ; 2.74e-09 s                  ; Yes                        ; Yes                        ; 2.32 V                      ; 4.49e-09 V                  ; 2.33 V             ; -0.00467 V         ; 0.226 V                             ; 0.087 V                             ; 2.91e-09 s                 ; 2.74e-09 s                 ; Yes                       ; Yes                       ;
; ~ALTERA_DCLK~ ; 2.5 V        ; 0 s                 ; 0 s                 ; 2.32 V                       ; 2.67e-09 V                   ; 2.38 V              ; -0.0485 V           ; 0.167 V                              ; 0.096 V                              ; 2.95e-10 s                  ; 2.73e-10 s                  ; Yes                        ; Yes                        ; 2.32 V                      ; 2.67e-09 V                  ; 2.38 V             ; -0.0485 V          ; 0.167 V                             ; 0.096 V                             ; 2.95e-10 s                 ; 2.73e-10 s                 ; Yes                       ; Yes                       ;
; ~ALTERA_nCEO~ ; 2.5 V        ; 0 s                 ; 0 s                 ; 2.32 V                       ; 4.18e-09 V                   ; 2.38 V              ; -0.00483 V          ; 0.152 V                              ; 0.012 V                              ; 4.81e-10 s                  ; 6.29e-10 s                  ; Yes                        ; Yes                        ; 2.32 V                      ; 4.18e-09 V                  ; 2.38 V             ; -0.00483 V         ; 0.152 V                             ; 0.012 V                             ; 4.81e-10 s                 ; 6.29e-10 s                 ; Yes                       ; Yes                       ;
+---------------+--------------+---------------------+---------------------+------------------------------+------------------------------+---------------------+---------------------+--------------------------------------+--------------------------------------+-----------------------------+-----------------------------+----------------------------+----------------------------+-----------------------------+-----------------------------+--------------------+--------------------+-------------------------------------+-------------------------------------+----------------------------+----------------------------+---------------------------+---------------------------+


+--------------------------------------------------------------------------------------------------------------------------------------------------------------------------------------------------------------------------------------------------------------------------------------------------------------------------------------------------------------------------------------------------------------------------------------------------------------------------------------------------------------------------------------------------------------------------------------------------------------------------------------------------------------------------------------------+
; Signal Integrity Metrics (Slow 1200mv 85c Model)                                                                                                                                                                                                                                                                                                                                                                                                                                                                                                                                                                                                                                           ;
+---------------+--------------+---------------------+---------------------+------------------------------+------------------------------+---------------------+---------------------+--------------------------------------+--------------------------------------+-----------------------------+-----------------------------+----------------------------+----------------------------+-----------------------------+-----------------------------+--------------------+--------------------+-------------------------------------+-------------------------------------+----------------------------+----------------------------+---------------------------+---------------------------+
; Pin           ; I/O Standard ; Board Delay on Rise ; Board Delay on Fall ; Steady State Voh at FPGA Pin ; Steady State Vol at FPGA Pin ; Voh Max at FPGA Pin ; Vol Min at FPGA Pin ; Ringback Voltage on Rise at FPGA Pin ; Ringback Voltage on Fall at FPGA Pin ; 10-90 Rise Time at FPGA Pin ; 90-10 Fall Time at FPGA Pin ; Monotonic Rise at FPGA Pin ; Monotonic Fall at FPGA Pin ; Steady State Voh at Far-end ; Steady State Vol at Far-end ; Voh Max at Far-end ; Vol Min at Far-end ; Ringback Voltage on Rise at Far-end ; Ringback Voltage on Fall at Far-end ; 10-90 Rise Time at Far-end ; 90-10 Fall Time at Far-end ; Monotonic Rise at Far-end ; Monotonic Fall at Far-end ;
+---------------+--------------+---------------------+---------------------+------------------------------+------------------------------+---------------------+---------------------+--------------------------------------+--------------------------------------+-----------------------------+-----------------------------+----------------------------+----------------------------+-----------------------------+-----------------------------+--------------------+--------------------+-------------------------------------+-------------------------------------+----------------------------+----------------------------+---------------------------+---------------------------+
; LED_seg[0]    ; 2.5 V        ; 0 s                 ; 0 s                 ; 2.32 V                       ; 6.92e-07 V                   ; 2.35 V              ; -0.00996 V          ; 0.121 V                              ; 0.03 V                               ; 4.64e-10 s                  ; 4.47e-10 s                  ; Yes                        ; Yes                        ; 2.32 V                      ; 6.92e-07 V                  ; 2.35 V             ; -0.00996 V         ; 0.121 V                             ; 0.03 V                              ; 4.64e-10 s                 ; 4.47e-10 s                 ; Yes                       ; Yes                       ;
; LED_seg[1]    ; 2.5 V        ; 0 s                 ; 0 s                 ; 2.32 V                       ; 6.92e-07 V                   ; 2.33 V              ; -0.00265 V          ; 0.133 V                              ; 0.056 V                              ; 3.55e-09 s                  ; 3.31e-09 s                  ; Yes                        ; Yes                        ; 2.32 V                      ; 6.92e-07 V                  ; 2.33 V             ; -0.00265 V         ; 0.133 V                             ; 0.056 V                             ; 3.55e-09 s                 ; 3.31e-09 s                 ; Yes                       ; Yes                       ;
; LED_seg[2]    ; 2.5 V        ; 0 s                 ; 0 s                 ; 2.32 V                       ; 6.92e-07 V                   ; 2.35 V              ; -0.00996 V          ; 0.121 V                              ; 0.03 V                               ; 4.64e-10 s                  ; 4.47e-10 s                  ; Yes                        ; Yes                        ; 2.32 V                      ; 6.92e-07 V                  ; 2.35 V             ; -0.00996 V         ; 0.121 V                             ; 0.03 V                              ; 4.64e-10 s                 ; 4.47e-10 s                 ; Yes                       ; Yes                       ;
; LED_seg[3]    ; 2.5 V        ; 0 s                 ; 0 s                 ; 2.32 V                       ; 4.67e-07 V                   ; 2.36 V              ; -0.00552 V          ; 0.11 V                               ; 0.007 V                              ; 4.54e-10 s                  ; 4.35e-10 s                  ; Yes                        ; Yes                        ; 2.32 V                      ; 4.67e-07 V                  ; 2.36 V             ; -0.00552 V         ; 0.11 V                              ; 0.007 V                             ; 4.54e-10 s                 ; 4.35e-10 s                 ; Yes                       ; Yes                       ;
; LED_seg[4]    ; 2.5 V        ; 0 s                 ; 0 s                 ; 2.32 V                       ; 4.67e-07 V                   ; 2.36 V              ; -0.00552 V          ; 0.11 V                               ; 0.007 V                              ; 4.54e-10 s                  ; 4.35e-10 s                  ; Yes                        ; Yes                        ; 2.32 V                      ; 4.67e-07 V                  ; 2.36 V             ; -0.00552 V         ; 0.11 V                              ; 0.007 V                             ; 4.54e-10 s                 ; 4.35e-10 s                 ; Yes                       ; Yes                       ;
; LED_seg[5]    ; 2.5 V        ; 0 s                 ; 0 s                 ; 2.32 V                       ; 4.67e-07 V                   ; 2.33 V              ; -0.00269 V          ; 0.13 V                               ; 0.055 V                              ; 3.54e-09 s                  ; 3.29e-09 s                  ; Yes                        ; Yes                        ; 2.32 V                      ; 4.67e-07 V                  ; 2.33 V             ; -0.00269 V         ; 0.13 V                              ; 0.055 V                             ; 3.54e-09 s                 ; 3.29e-09 s                 ; Yes                       ; Yes                       ;
; LED_seg[6]    ; 2.5 V        ; 0 s                 ; 0 s                 ; 2.32 V                       ; 4.67e-07 V                   ; 2.36 V              ; -0.00552 V          ; 0.11 V                               ; 0.007 V                              ; 4.54e-10 s                  ; 4.35e-10 s                  ; Yes                        ; Yes                        ; 2.32 V                      ; 4.67e-07 V                  ; 2.36 V             ; -0.00552 V         ; 0.11 V                              ; 0.007 V                             ; 4.54e-10 s                 ; 4.35e-10 s                 ; Yes                       ; Yes                       ;
; LED_R[0]      ; 2.5 V        ; 0 s                 ; 0 s                 ; 2.32 V                       ; 6.92e-07 V                   ; 2.35 V              ; -0.00996 V          ; 0.121 V                              ; 0.03 V                               ; 4.64e-10 s                  ; 4.47e-10 s                  ; Yes                        ; Yes                        ; 2.32 V                      ; 6.92e-07 V                  ; 2.35 V             ; -0.00996 V         ; 0.121 V                             ; 0.03 V                              ; 4.64e-10 s                 ; 4.47e-10 s                 ; Yes                       ; Yes                       ;
; LED_R[1]      ; 2.5 V        ; 0 s                 ; 0 s                 ; 2.32 V                       ; 6.92e-07 V                   ; 2.35 V              ; -0.00996 V          ; 0.121 V                              ; 0.03 V                               ; 4.64e-10 s                  ; 4.47e-10 s                  ; Yes                        ; Yes                        ; 2.32 V                      ; 6.92e-07 V                  ; 2.35 V             ; -0.00996 V         ; 0.121 V                             ; 0.03 V                              ; 4.64e-10 s                 ; 4.47e-10 s                 ; Yes                       ; Yes                       ;
; LED_R[2]      ; 2.5 V        ; 0 s                 ; 0 s                 ; 2.32 V                       ; 6.92e-07 V                   ; 2.35 V              ; -0.00996 V          ; 0.121 V                              ; 0.03 V                               ; 4.64e-10 s                  ; 4.47e-10 s                  ; Yes                        ; Yes                        ; 2.32 V                      ; 6.92e-07 V                  ; 2.35 V             ; -0.00996 V         ; 0.121 V                             ; 0.03 V                              ; 4.64e-10 s                 ; 4.47e-10 s                 ; Yes                       ; Yes                       ;
; LED_R[3]      ; 2.5 V        ; 0 s                 ; 0 s                 ; 2.32 V                       ; 6.92e-07 V                   ; 2.35 V              ; -0.00996 V          ; 0.121 V                              ; 0.03 V                               ; 4.64e-10 s                  ; 4.47e-10 s                  ; Yes                        ; Yes                        ; 2.32 V                      ; 6.92e-07 V                  ; 2.35 V             ; -0.00996 V         ; 0.121 V                             ; 0.03 V                              ; 4.64e-10 s                 ; 4.47e-10 s                 ; Yes                       ; Yes                       ;
; LED_R[4]      ; 2.5 V        ; 0 s                 ; 0 s                 ; 2.32 V                       ; 6.92e-07 V                   ; 2.35 V              ; -0.00996 V          ; 0.121 V                              ; 0.03 V                               ; 4.64e-10 s                  ; 4.47e-10 s                  ; Yes                        ; Yes                        ; 2.32 V                      ; 6.92e-07 V                  ; 2.35 V             ; -0.00996 V         ; 0.121 V                             ; 0.03 V                              ; 4.64e-10 s                 ; 4.47e-10 s                 ; Yes                       ; Yes                       ;
; LED_R[5]      ; 2.5 V        ; 0 s                 ; 0 s                 ; 2.32 V                       ; 6.92e-07 V                   ; 2.35 V              ; -0.00996 V          ; 0.121 V                              ; 0.03 V                               ; 4.64e-10 s                  ; 4.47e-10 s                  ; Yes                        ; Yes                        ; 2.32 V                      ; 6.92e-07 V                  ; 2.35 V             ; -0.00996 V         ; 0.121 V                             ; 0.03 V                              ; 4.64e-10 s                 ; 4.47e-10 s                 ; Yes                       ; Yes                       ;
; LED_R[6]      ; 2.5 V        ; 0 s                 ; 0 s                 ; 2.32 V                       ; 6.92e-07 V                   ; 2.35 V              ; -0.00996 V          ; 0.121 V                              ; 0.03 V                               ; 4.64e-10 s                  ; 4.47e-10 s                  ; Yes                        ; Yes                        ; 2.32 V                      ; 6.92e-07 V                  ; 2.35 V             ; -0.00996 V         ; 0.121 V                             ; 0.03 V                              ; 4.64e-10 s                 ; 4.47e-10 s                 ; Yes                       ; Yes                       ;
; LED_R[7]      ; 2.5 V        ; 0 s                 ; 0 s                 ; 2.32 V                       ; 6.92e-07 V                   ; 2.35 V              ; -0.00996 V          ; 0.121 V                              ; 0.03 V                               ; 4.64e-10 s                  ; 4.47e-10 s                  ; Yes                        ; Yes                        ; 2.32 V                      ; 6.92e-07 V                  ; 2.35 V             ; -0.00996 V         ; 0.121 V                             ; 0.03 V                              ; 4.64e-10 s                 ; 4.47e-10 s                 ; Yes                       ; Yes                       ;
; LED_R[8]      ; 2.5 V        ; 0 s                 ; 0 s                 ; 2.32 V                       ; 6.92e-07 V                   ; 2.35 V              ; -0.00996 V          ; 0.121 V                              ; 0.03 V                               ; 4.64e-10 s                  ; 4.47e-10 s                  ; Yes                        ; Yes                        ; 2.32 V                      ; 6.92e-07 V                  ; 2.35 V             ; -0.00996 V         ; 0.121 V                             ; 0.03 V                              ; 4.64e-10 s                 ; 4.47e-10 s                 ; Yes                       ; Yes                       ;
; LED_R[9]      ; 2.5 V        ; 0 s                 ; 0 s                 ; 2.32 V                       ; 6.92e-07 V                   ; 2.33 V              ; -0.00265 V          ; 0.133 V                              ; 0.056 V                              ; 3.55e-09 s                  ; 3.31e-09 s                  ; Yes                        ; Yes                        ; 2.32 V                      ; 6.92e-07 V                  ; 2.33 V             ; -0.00265 V         ; 0.133 V                             ; 0.056 V                             ; 3.55e-09 s                 ; 3.31e-09 s                 ; Yes                       ; Yes                       ;
; UART_TX       ; 2.5 V        ; 0 s                 ; 0 s                 ; 2.32 V                       ; 6.92e-07 V                   ; 2.33 V              ; -0.00265 V          ; 0.133 V                              ; 0.056 V                              ; 3.55e-09 s                  ; 3.31e-09 s                  ; Yes                        ; Yes                        ; 2.32 V                      ; 6.92e-07 V                  ; 2.33 V             ; -0.00265 V         ; 0.133 V                             ; 0.056 V                             ; 3.55e-09 s                 ; 3.31e-09 s                 ; Yes                       ; Yes                       ;
; ~ALTERA_DCLK~ ; 2.5 V        ; 0 s                 ; 0 s                 ; 2.32 V                       ; 3.75e-07 V                   ; 2.35 V              ; -0.0109 V           ; 0.084 V                              ; 0.027 V                              ; 4.31e-10 s                  ; 3.61e-10 s                  ; Yes                        ; Yes                        ; 2.32 V                      ; 3.75e-07 V                  ; 2.35 V             ; -0.0109 V          ; 0.084 V                             ; 0.027 V                             ; 4.31e-10 s                 ; 3.61e-10 s                 ; Yes                       ; Yes                       ;
; ~ALTERA_nCEO~ ; 2.5 V        ; 0 s                 ; 0 s                 ; 2.32 V                       ; 6.15e-07 V                   ; 2.35 V              ; -0.00712 V          ; 0.093 V                              ; 0.02 V                               ; 6.21e-10 s                  ; 7.9e-10 s                   ; Yes                        ; Yes                        ; 2.32 V                      ; 6.15e-07 V                  ; 2.35 V             ; -0.00712 V         ; 0.093 V                             ; 0.02 V                              ; 6.21e-10 s                 ; 7.9e-10 s                  ; Yes                       ; Yes                       ;
+---------------+--------------+---------------------+---------------------+------------------------------+------------------------------+---------------------+---------------------+--------------------------------------+--------------------------------------+-----------------------------+-----------------------------+----------------------------+----------------------------+-----------------------------+-----------------------------+--------------------+--------------------+-------------------------------------+-------------------------------------+----------------------------+----------------------------+---------------------------+---------------------------+


+--------------------------------------------------------------------------------------------------------------------------------------------------------------------------------------------------------------------------------------------------------------------------------------------------------------------------------------------------------------------------------------------------------------------------------------------------------------------------------------------------------------------------------------------------------------------------------------------------------------------------------------------------------------------------------------------+
; Signal Integrity Metrics (Fast 1200mv 0c Model)                                                                                                                                                                                                                                                                                                                                                                                                                                                                                                                                                                                                                                            ;
+---------------+--------------+---------------------+---------------------+------------------------------+------------------------------+---------------------+---------------------+--------------------------------------+--------------------------------------+-----------------------------+-----------------------------+----------------------------+----------------------------+-----------------------------+-----------------------------+--------------------+--------------------+-------------------------------------+-------------------------------------+----------------------------+----------------------------+---------------------------+---------------------------+
; Pin           ; I/O Standard ; Board Delay on Rise ; Board Delay on Fall ; Steady State Voh at FPGA Pin ; Steady State Vol at FPGA Pin ; Voh Max at FPGA Pin ; Vol Min at FPGA Pin ; Ringback Voltage on Rise at FPGA Pin ; Ringback Voltage on Fall at FPGA Pin ; 10-90 Rise Time at FPGA Pin ; 90-10 Fall Time at FPGA Pin ; Monotonic Rise at FPGA Pin ; Monotonic Fall at FPGA Pin ; Steady State Voh at Far-end ; Steady State Vol at Far-end ; Voh Max at Far-end ; Vol Min at Far-end ; Ringback Voltage on Rise at Far-end ; Ringback Voltage on Fall at Far-end ; 10-90 Rise Time at Far-end ; 90-10 Fall Time at Far-end ; Monotonic Rise at Far-end ; Monotonic Fall at Far-end ;
+---------------+--------------+---------------------+---------------------+------------------------------+------------------------------+---------------------+---------------------+--------------------------------------+--------------------------------------+-----------------------------+-----------------------------+----------------------------+----------------------------+-----------------------------+-----------------------------+--------------------+--------------------+-------------------------------------+-------------------------------------+----------------------------+----------------------------+---------------------------+---------------------------+
; LED_seg[0]    ; 2.5 V        ; 0 s                 ; 0 s                 ; 2.62 V                       ; 4.05e-08 V                   ; 2.72 V              ; -0.0349 V           ; 0.173 V                              ; 0.1 V                                ; 2.72e-10 s                  ; 2.69e-10 s                  ; Yes                        ; Yes                        ; 2.62 V                      ; 4.05e-08 V                  ; 2.72 V             ; -0.0349 V          ; 0.173 V                             ; 0.1 V                               ; 2.72e-10 s                 ; 2.69e-10 s                 ; Yes                       ; Yes                       ;
; LED_seg[1]    ; 2.5 V        ; 0 s                 ; 0 s                 ; 2.62 V                       ; 4.05e-08 V                   ; 2.64 V              ; -0.0113 V           ; 0.208 V                              ; 0.179 V                              ; 2.38e-09 s                  ; 2.23e-09 s                  ; No                         ; Yes                        ; 2.62 V                      ; 4.05e-08 V                  ; 2.64 V             ; -0.0113 V          ; 0.208 V                             ; 0.179 V                             ; 2.38e-09 s                 ; 2.23e-09 s                 ; No                        ; Yes                       ;
; LED_seg[2]    ; 2.5 V        ; 0 s                 ; 0 s                 ; 2.62 V                       ; 4.05e-08 V                   ; 2.72 V              ; -0.0349 V           ; 0.173 V                              ; 0.1 V                                ; 2.72e-10 s                  ; 2.69e-10 s                  ; Yes                        ; Yes                        ; 2.62 V                      ; 4.05e-08 V                  ; 2.72 V             ; -0.0349 V          ; 0.173 V                             ; 0.1 V                               ; 2.72e-10 s                 ; 2.69e-10 s                 ; Yes                       ; Yes                       ;
; LED_seg[3]    ; 2.5 V        ; 0 s                 ; 0 s                 ; 2.62 V                       ; 2.74e-08 V                   ; 2.73 V              ; -0.0384 V           ; 0.169 V                              ; 0.089 V                              ; 2.7e-10 s                   ; 2.62e-10 s                  ; Yes                        ; Yes                        ; 2.62 V                      ; 2.74e-08 V                  ; 2.73 V             ; -0.0384 V          ; 0.169 V                             ; 0.089 V                             ; 2.7e-10 s                  ; 2.62e-10 s                 ; Yes                       ; Yes                       ;
; LED_seg[4]    ; 2.5 V        ; 0 s                 ; 0 s                 ; 2.62 V                       ; 2.74e-08 V                   ; 2.73 V              ; -0.0384 V           ; 0.169 V                              ; 0.089 V                              ; 2.7e-10 s                   ; 2.62e-10 s                  ; Yes                        ; Yes                        ; 2.62 V                      ; 2.74e-08 V                  ; 2.73 V             ; -0.0384 V          ; 0.169 V                             ; 0.089 V                             ; 2.7e-10 s                  ; 2.62e-10 s                 ; Yes                       ; Yes                       ;
; LED_seg[5]    ; 2.5 V        ; 0 s                 ; 0 s                 ; 2.62 V                       ; 2.74e-08 V                   ; 2.64 V              ; -0.0117 V           ; 0.202 V                              ; 0.176 V                              ; 2.38e-09 s                  ; 2.22e-09 s                  ; No                         ; Yes                        ; 2.62 V                      ; 2.74e-08 V                  ; 2.64 V             ; -0.0117 V          ; 0.202 V                             ; 0.176 V                             ; 2.38e-09 s                 ; 2.22e-09 s                 ; No                        ; Yes                       ;
; LED_seg[6]    ; 2.5 V        ; 0 s                 ; 0 s                 ; 2.62 V                       ; 2.74e-08 V                   ; 2.73 V              ; -0.0384 V           ; 0.169 V                              ; 0.089 V                              ; 2.7e-10 s                   ; 2.62e-10 s                  ; Yes                        ; Yes                        ; 2.62 V                      ; 2.74e-08 V                  ; 2.73 V             ; -0.0384 V          ; 0.169 V                             ; 0.089 V                             ; 2.7e-10 s                  ; 2.62e-10 s                 ; Yes                       ; Yes                       ;
; LED_R[0]      ; 2.5 V        ; 0 s                 ; 0 s                 ; 2.62 V                       ; 4.05e-08 V                   ; 2.72 V              ; -0.0349 V           ; 0.173 V                              ; 0.1 V                                ; 2.72e-10 s                  ; 2.69e-10 s                  ; Yes                        ; Yes                        ; 2.62 V                      ; 4.05e-08 V                  ; 2.72 V             ; -0.0349 V          ; 0.173 V                             ; 0.1 V                               ; 2.72e-10 s                 ; 2.69e-10 s                 ; Yes                       ; Yes                       ;
; LED_R[1]      ; 2.5 V        ; 0 s                 ; 0 s                 ; 2.62 V                       ; 4.05e-08 V                   ; 2.72 V              ; -0.0349 V           ; 0.173 V                              ; 0.1 V                                ; 2.72e-10 s                  ; 2.69e-10 s                  ; Yes                        ; Yes                        ; 2.62 V                      ; 4.05e-08 V                  ; 2.72 V             ; -0.0349 V          ; 0.173 V                             ; 0.1 V                               ; 2.72e-10 s                 ; 2.69e-10 s                 ; Yes                       ; Yes                       ;
; LED_R[2]      ; 2.5 V        ; 0 s                 ; 0 s                 ; 2.62 V                       ; 4.05e-08 V                   ; 2.72 V              ; -0.0349 V           ; 0.173 V                              ; 0.1 V                                ; 2.72e-10 s                  ; 2.69e-10 s                  ; Yes                        ; Yes                        ; 2.62 V                      ; 4.05e-08 V                  ; 2.72 V             ; -0.0349 V          ; 0.173 V                             ; 0.1 V                               ; 2.72e-10 s                 ; 2.69e-10 s                 ; Yes                       ; Yes                       ;
; LED_R[3]      ; 2.5 V        ; 0 s                 ; 0 s                 ; 2.62 V                       ; 4.05e-08 V                   ; 2.72 V              ; -0.0349 V           ; 0.173 V                              ; 0.1 V                                ; 2.72e-10 s                  ; 2.69e-10 s                  ; Yes                        ; Yes                        ; 2.62 V                      ; 4.05e-08 V                  ; 2.72 V             ; -0.0349 V          ; 0.173 V                             ; 0.1 V                               ; 2.72e-10 s                 ; 2.69e-10 s                 ; Yes                       ; Yes                       ;
; LED_R[4]      ; 2.5 V        ; 0 s                 ; 0 s                 ; 2.62 V                       ; 4.05e-08 V                   ; 2.72 V              ; -0.0349 V           ; 0.173 V                              ; 0.1 V                                ; 2.72e-10 s                  ; 2.69e-10 s                  ; Yes                        ; Yes                        ; 2.62 V                      ; 4.05e-08 V                  ; 2.72 V             ; -0.0349 V          ; 0.173 V                             ; 0.1 V                               ; 2.72e-10 s                 ; 2.69e-10 s                 ; Yes                       ; Yes                       ;
; LED_R[5]      ; 2.5 V        ; 0 s                 ; 0 s                 ; 2.62 V                       ; 4.05e-08 V                   ; 2.72 V              ; -0.0349 V           ; 0.173 V                              ; 0.1 V                                ; 2.72e-10 s                  ; 2.69e-10 s                  ; Yes                        ; Yes                        ; 2.62 V                      ; 4.05e-08 V                  ; 2.72 V             ; -0.0349 V          ; 0.173 V                             ; 0.1 V                               ; 2.72e-10 s                 ; 2.69e-10 s                 ; Yes                       ; Yes                       ;
; LED_R[6]      ; 2.5 V        ; 0 s                 ; 0 s                 ; 2.62 V                       ; 4.05e-08 V                   ; 2.72 V              ; -0.0349 V           ; 0.173 V                              ; 0.1 V                                ; 2.72e-10 s                  ; 2.69e-10 s                  ; Yes                        ; Yes                        ; 2.62 V                      ; 4.05e-08 V                  ; 2.72 V             ; -0.0349 V          ; 0.173 V                             ; 0.1 V                               ; 2.72e-10 s                 ; 2.69e-10 s                 ; Yes                       ; Yes                       ;
; LED_R[7]      ; 2.5 V        ; 0 s                 ; 0 s                 ; 2.62 V                       ; 4.05e-08 V                   ; 2.72 V              ; -0.0349 V           ; 0.173 V                              ; 0.1 V                                ; 2.72e-10 s                  ; 2.69e-10 s                  ; Yes                        ; Yes                        ; 2.62 V                      ; 4.05e-08 V                  ; 2.72 V             ; -0.0349 V          ; 0.173 V                             ; 0.1 V                               ; 2.72e-10 s                 ; 2.69e-10 s                 ; Yes                       ; Yes                       ;
; LED_R[8]      ; 2.5 V        ; 0 s                 ; 0 s                 ; 2.62 V                       ; 4.05e-08 V                   ; 2.72 V              ; -0.0349 V           ; 0.173 V                              ; 0.1 V                                ; 2.72e-10 s                  ; 2.69e-10 s                  ; Yes                        ; Yes                        ; 2.62 V                      ; 4.05e-08 V                  ; 2.72 V             ; -0.0349 V          ; 0.173 V                             ; 0.1 V                               ; 2.72e-10 s                 ; 2.69e-10 s                 ; Yes                       ; Yes                       ;
; LED_R[9]      ; 2.5 V        ; 0 s                 ; 0 s                 ; 2.62 V                       ; 4.05e-08 V                   ; 2.64 V              ; -0.0113 V           ; 0.208 V                              ; 0.179 V                              ; 2.38e-09 s                  ; 2.23e-09 s                  ; No                         ; Yes                        ; 2.62 V                      ; 4.05e-08 V                  ; 2.64 V             ; -0.0113 V          ; 0.208 V                             ; 0.179 V                             ; 2.38e-09 s                 ; 2.23e-09 s                 ; No                        ; Yes                       ;
; UART_TX       ; 2.5 V        ; 0 s                 ; 0 s                 ; 2.62 V                       ; 4.05e-08 V                   ; 2.64 V              ; -0.0113 V           ; 0.208 V                              ; 0.179 V                              ; 2.38e-09 s                  ; 2.23e-09 s                  ; No                         ; Yes                        ; 2.62 V                      ; 4.05e-08 V                  ; 2.64 V             ; -0.0113 V          ; 0.208 V                             ; 0.179 V                             ; 2.38e-09 s                 ; 2.23e-09 s                 ; No                        ; Yes                       ;
; ~ALTERA_DCLK~ ; 2.5 V        ; 0 s                 ; 0 s                 ; 2.62 V                       ; 2.22e-08 V                   ; 2.74 V              ; -0.06 V             ; 0.158 V                              ; 0.08 V                               ; 2.68e-10 s                  ; 2.19e-10 s                  ; Yes                        ; Yes                        ; 2.62 V                      ; 2.22e-08 V                  ; 2.74 V             ; -0.06 V            ; 0.158 V                             ; 0.08 V                              ; 2.68e-10 s                 ; 2.19e-10 s                 ; Yes                       ; Yes                       ;
; ~ALTERA_nCEO~ ; 2.5 V        ; 0 s                 ; 0 s                 ; 2.62 V                       ; 3.54e-08 V                   ; 2.7 V               ; -0.00943 V          ; 0.276 V                              ; 0.035 V                              ; 3.19e-10 s                  ; 4.99e-10 s                  ; No                         ; Yes                        ; 2.62 V                      ; 3.54e-08 V                  ; 2.7 V              ; -0.00943 V         ; 0.276 V                             ; 0.035 V                             ; 3.19e-10 s                 ; 4.99e-10 s                 ; No                        ; Yes                       ;
+---------------+--------------+---------------------+---------------------+------------------------------+------------------------------+---------------------+---------------------+--------------------------------------+--------------------------------------+-----------------------------+-----------------------------+----------------------------+----------------------------+-----------------------------+-----------------------------+--------------------+--------------------+-------------------------------------+-------------------------------------+----------------------------+----------------------------+---------------------------+---------------------------+


+---------------------------------------------------------------------------------------------------------------------------------------------------+
; Setup Transfers                                                                                                                                   ;
+---------------------------------------------------+---------------------------------------------------+----------+----------+----------+----------+
; From Clock                                        ; To Clock                                          ; RR Paths ; FR Paths ; RF Paths ; FF Paths ;
+---------------------------------------------------+---------------------------------------------------+----------+----------+----------+----------+
; clk                                               ; clk                                               ; 74338    ; 0        ; 0        ; 0        ;
; u_pll|altpll_component|auto_generated|pll1|clk[0] ; clk                                               ; 18785710 ; 0        ; 0        ; 0        ;
; clk                                               ; u_pll|altpll_component|auto_generated|pll1|clk[0] ; 955      ; 0        ; 0        ; 0        ;
+---------------------------------------------------+---------------------------------------------------+----------+----------+----------+----------+
Entries labeled "false path" only account for clock-to-clock false paths and not path-based false paths. As a result, actual path counts may be lower than reported.


+---------------------------------------------------------------------------------------------------------------------------------------------------+
; Hold Transfers                                                                                                                                    ;
+---------------------------------------------------+---------------------------------------------------+----------+----------+----------+----------+
; From Clock                                        ; To Clock                                          ; RR Paths ; FR Paths ; RF Paths ; FF Paths ;
+---------------------------------------------------+---------------------------------------------------+----------+----------+----------+----------+
; clk                                               ; clk                                               ; 74338    ; 0        ; 0        ; 0        ;
; u_pll|altpll_component|auto_generated|pll1|clk[0] ; clk                                               ; 18785710 ; 0        ; 0        ; 0        ;
; clk                                               ; u_pll|altpll_component|auto_generated|pll1|clk[0] ; 955      ; 0        ; 0        ; 0        ;
+---------------------------------------------------+---------------------------------------------------+----------+----------+----------+----------+
Entries labeled "false path" only account for clock-to-clock false paths and not path-based false paths. As a result, actual path counts may be lower than reported.


---------------
; Report TCCS ;
---------------
No dedicated SERDES Transmitter circuitry present in device or used in design


---------------
; Report RSKM ;
---------------
No non-DPA dedicated SERDES Receiver circuitry present in device or used in design


+------------------------------------------------+
; Unconstrained Paths Summary                    ;
+---------------------------------+-------+------+
; Property                        ; Setup ; Hold ;
+---------------------------------+-------+------+
; Illegal Clocks                  ; 0     ; 0    ;
; Unconstrained Clocks            ; 0     ; 0    ;
; Unconstrained Input Ports       ; 2     ; 2    ;
; Unconstrained Input Port Paths  ; 772   ; 772  ;
; Unconstrained Output Ports      ; 8     ; 8    ;
; Unconstrained Output Port Paths ; 29    ; 29   ;
+---------------------------------+-------+------+


+---------------------------------------------------------------------------------------------------------------------------------+
; Clock Status Summary                                                                                                            ;
+---------------------------------------------------+---------------------------------------------------+-----------+-------------+
; Target                                            ; Clock                                             ; Type      ; Status      ;
+---------------------------------------------------+---------------------------------------------------+-----------+-------------+
; clk                                               ; clk                                               ; Base      ; Constrained ;
; u_pll|altpll_component|auto_generated|pll1|clk[0] ; u_pll|altpll_component|auto_generated|pll1|clk[0] ; Generated ; Constrained ;
+---------------------------------------------------+---------------------------------------------------+-----------+-------------+


+---------------------------------------------------------------------------------------------------+
; Unconstrained Input Ports                                                                         ;
+------------+--------------------------------------------------------------------------------------+
; Input Port ; Comment                                                                              ;
+------------+--------------------------------------------------------------------------------------+
; reset_n    ; No input delay, min/max delays, false-path exceptions, or max skew assignments found ;
; start      ; No input delay, min/max delays, false-path exceptions, or max skew assignments found ;
+------------+--------------------------------------------------------------------------------------+


+-----------------------------------------------------------------------------------------------------+
; Unconstrained Output Ports                                                                          ;
+-------------+---------------------------------------------------------------------------------------+
; Output Port ; Comment                                                                               ;
+-------------+---------------------------------------------------------------------------------------+
; LED_R[0]    ; No output delay, min/max delays, false-path exceptions, or max skew assignments found ;
; LED_seg[0]  ; No output delay, min/max delays, false-path exceptions, or max skew assignments found ;
; LED_seg[1]  ; No output delay, min/max delays, false-path exceptions, or max skew assignments found ;
; LED_seg[2]  ; No output delay, min/max delays, false-path exceptions, or max skew assignments found ;
; LED_seg[3]  ; No output delay, min/max delays, false-path exceptions, or max skew assignments found ;
; LED_seg[4]  ; No output delay, min/max delays, false-path exceptions, or max skew assignments found ;
; LED_seg[5]  ; No output delay, min/max delays, false-path exceptions, or max skew assignments found ;
; LED_seg[6]  ; No output delay, min/max delays, false-path exceptions, or max skew assignments found ;
+-------------+---------------------------------------------------------------------------------------+


+---------------------------------------------------------------------------------------------------+
; Unconstrained Input Ports                                                                         ;
+------------+--------------------------------------------------------------------------------------+
; Input Port ; Comment                                                                              ;
+------------+--------------------------------------------------------------------------------------+
; reset_n    ; No input delay, min/max delays, false-path exceptions, or max skew assignments found ;
; start      ; No input delay, min/max delays, false-path exceptions, or max skew assignments found ;
+------------+--------------------------------------------------------------------------------------+


+-----------------------------------------------------------------------------------------------------+
; Unconstrained Output Ports                                                                          ;
+-------------+---------------------------------------------------------------------------------------+
; Output Port ; Comment                                                                               ;
+-------------+---------------------------------------------------------------------------------------+
; LED_R[0]    ; No output delay, min/max delays, false-path exceptions, or max skew assignments found ;
; LED_seg[0]  ; No output delay, min/max delays, false-path exceptions, or max skew assignments found ;
; LED_seg[1]  ; No output delay, min/max delays, false-path exceptions, or max skew assignments found ;
; LED_seg[2]  ; No output delay, min/max delays, false-path exceptions, or max skew assignments found ;
; LED_seg[3]  ; No output delay, min/max delays, false-path exceptions, or max skew assignments found ;
; LED_seg[4]  ; No output delay, min/max delays, false-path exceptions, or max skew assignments found ;
; LED_seg[5]  ; No output delay, min/max delays, false-path exceptions, or max skew assignments found ;
; LED_seg[6]  ; No output delay, min/max delays, false-path exceptions, or max skew assignments found ;
+-------------+---------------------------------------------------------------------------------------+


+------------------------------------+
; TimeQuest Timing Analyzer Messages ;
+------------------------------------+
Info: *******************************************************************
Info: Running Quartus Prime TimeQuest Timing Analyzer
    Info: Version 17.1.0 Build 590 10/25/2017 SJ Lite Edition
    Info: Processing started: Thu Sep 17 10:32:57 2026
Info: Command: quartus_sta top -c top
Info: qsta_default_script.tcl version: #3
Warning (18236): Number of processors has not been specified which may cause overloading on shared machines.  Set the global assignment NUM_PARALLEL_PROCESSORS in your QSF to an appropriate value for best performance.
Info (20030): Parallel compilation is enabled and will use 4 of the 4 processors detected
Info (21077): Low junction temperature is 0 degrees C
Info (21077): High junction temperature is 85 degrees C
Critical Warning (332012): Synopsys Design Constraints File file not found: 'top.sdc'. A Synopsys Design Constraints File is required by the TimeQuest Timing Analyzer to get proper timing constraints. Without it, the Compiler will not properly optimize the design.
Info (332142): No user constrained generated clocks found in the design. Calling "derive_pll_clocks -create_base_clocks"
Info (332110): Deriving PLL clocks
    Info (332110): create_clock -period 20.000 -waveform {0.000 10.000} -name clk clk
    Info (332110): create_generated_clock -source {u_pll|altpll_component|auto_generated|pll1|inclk[0]} -multiply_by 2 -duty_cycle 50.00 -name {u_pll|altpll_component|auto_generated|pll1|clk[0]} {u_pll|altpll_component|auto_generated|pll1|clk[0]}
Info (332142): No user constrained base clocks found in the design. Calling "derive_clocks -period 1.0"
Info (332096): The command derive_clocks did not find any clocks to derive.  No clocks were created or changed.
Info (332143): No user constrained clock uncertainty found in the design. Calling "derive_clock_uncertainty"
Info (332123): Deriving Clock Uncertainty. Please refer to report_sdc in TimeQuest to see clock uncertainties.
Info: Found TIMEQUEST_REPORT_SCRIPT_INCLUDE_DEFAULT_ANALYSIS = ON
Info: Analyzing Slow 1200mV 85C Model
Critical Warning (332148): Timing requirements not met
    Info (11105): For recommendations on closing timing, run Report Timing Closure Recommendations in the TimeQuest Timing Analyzer.
Info (332146): Worst-case setup slack is -4.976
    Info (332119):     Slack       End Point TNS Clock 
    Info (332119): ========= =================== =====================
    Info (332119):    -4.976            -185.540 clk 
    Info (332119):     2.506               0.000 u_pll|altpll_component|auto_generated|pll1|clk[0] 
Info (332146): Worst-case hold slack is 0.402
    Info (332119):     Slack       End Point TNS Clock 
    Info (332119): ========= =================== =====================
    Info (332119):     0.402               0.000 clk 
    Info (332119):     2.868               0.000 u_pll|altpll_component|auto_generated|pll1|clk[0] 
Info (332140): No Recovery paths to report
Info (332140): No Removal paths to report
Info (332146): Worst-case minimum pulse width slack is 4.750
    Info (332119):     Slack       End Point TNS Clock 
    Info (332119): ========= =================== =====================
    Info (332119):     4.750               0.000 u_pll|altpll_component|auto_generated|pll1|clk[0] 
    Info (332119):     9.628               0.000 clk 
Info (332114): Report Metastability: Found 128 synchronizer chains.
    Info (332114): The design MTBF is not calculated because there are no specified synchronizers in the design.
    Info (332114): Number of Synchronizer Chains Found: 128
    Info (332114): Shortest Synchronizer Chain: 2 Registers
    Info (332114): Fraction of Chains for which MTBFs Could Not be Calculated: 1.000
    Info (332114): Worst Case Available Settling Time: 4.208 ns
    Info (332114): 
Info: Analyzing Slow 1200mV 0C Model
Info (334003): Started post-fitting delay annotation
Info (334004): Delay annotation completed successfully
Info (332123): Deriving Clock Uncertainty. Please refer to report_sdc in TimeQuest to see clock uncertainties.
Critical Warning (332148): Timing requirements not met
    Info (11105): For recommendations on closing timing, run Report Timing Closure Recommendations in the TimeQuest Timing Analyzer.
Info (332146): Worst-case setup slack is -3.683
    Info (332119):     Slack       End Point TNS Clock 
    Info (332119): ========= =================== =====================
    Info (332119):    -3.683            -116.730 clk 
    Info (332119):     3.168               0.000 u_pll|altpll_component|auto_generated|pll1|clk[0] 
Info (332146): Worst-case hold slack is 0.353
    Info (332119):     Slack       End Point TNS Clock 
    Info (332119): ========= =================== =====================
    Info (332119):     0.353               0.000 clk 
    Info (332119):     2.527               0.000 u_pll|altpll_component|auto_generated|pll1|clk[0] 
Info (332140): No Recovery paths to report
Info (332140): No Removal paths to report
Info (332146): Worst-case minimum pulse width slack is 4.752
    Info (332119):     Slack       End Point TNS Clock 
    Info (332119): ========= =================== =====================
    Info (332119):     4.752               0.000 u_pll|altpll_component|auto_generated|pll1|clk[0] 
    Info (332119):     9.646               0.000 clk 
Info (332114): Report Metastability: Found 128 synchronizer chains.
    Info (332114): The design MTBF is not calculated because there are no specified synchronizers in the design.
    Info (332114): Number of Synchronizer Chains Found: 128
    Info (332114): Shortest Synchronizer Chain: 2 Registers
    Info (332114): Fraction of Chains for which MTBFs Could Not be Calculated: 1.000
    Info (332114): Worst Case Available Settling Time: 4.750 ns
    Info (332114): 
Info: Analyzing Fast 1200mV 0C Model
Info (332123): Deriving Clock Uncertainty. Please refer to report_sdc in TimeQuest to see clock uncertainties.
Info (332146): Worst-case setup slack is 2.802
    Info (332119):     Slack       End Point TNS Clock 
    Info (332119): ========= =================== =====================
    Info (332119):     2.802               0.000 clk 
    Info (332119):     5.846               0.000 u_pll|altpll_component|auto_generated|pll1|clk[0] 
Info (332146): Worst-case hold slack is 0.181
    Info (332119):     Slack       End Point TNS Clock 
    Info (332119): ========= =================== =====================
    Info (332119):     0.181               0.000 clk 
    Info (332119):     1.486               0.000 u_pll|altpll_component|auto_generated|pll1|clk[0] 
Info (332140): No Recovery paths to report
Info (332140): No Removal paths to report
Info (332146): Worst-case minimum pulse width slack is 4.751
    Info (332119):     Slack       End Point TNS Clock 
    Info (332119): ========= =================== =====================
    Info (332119):     4.751               0.000 u_pll|altpll_component|auto_generated|pll1|clk[0] 
    Info (332119):     9.374               0.000 clk 
Info (332114): Report Metastability: Found 128 synchronizer chains.
    Info (332114): The design MTBF is not calculated because there are no specified synchronizers in the design.
    Info (332114): Number of Synchronizer Chains Found: 128
    Info (332114): Shortest Synchronizer Chain: 2 Registers
    Info (332114): Fraction of Chains for which MTBFs Could Not be Calculated: 1.000
    Info (332114): Worst Case Available Settling Time: 6.778 ns
    Info (332114): 
Info (332102): Design is not fully constrained for setup requirements
Info (332102): Design is not fully constrained for hold requirements
Info: Quartus Prime TimeQuest Timing Analyzer was successful. 0 errors, 4 warnings
    Info: Peak virtual memory: 4868 megabytes
    Info: Processing ended: Thu Sep 17 10:32:59 2026
    Info: Elapsed time: 00:00:02
    Info: Total CPU time (on all processors): 00:00:03


