Fitter report for top
Thu Sep 17 10:32:52 2026
Quartus Prime Version 17.1.0 Build 590 10/25/2017 SJ Lite Edition


---------------------
; Table of Contents ;
---------------------
  1. Legal Notice
  2. Fitter Summary
  3. Fitter Settings
  4. Parallel Compilation
  5. Incremental Compilation Preservation Summary
  6. Incremental Compilation Partition Settings
  7. Incremental Compilation Placement Preservation
  8. Pin-Out File
  9. Fitter Resource Usage Summary
 10. Fitter Partition Statistics
 11. Input Pins
 12. Output Pins
 13. Dual Purpose and Dedicated Pins
 14. I/O Bank Usage
 15. All Package Pins
 16. PLL Summary
 17. PLL Usage
 18. I/O Assignment Warnings
 19. Fitter Resource Utilization by Entity
 20. Delay Chain Summary
 21. Pad To Core Delay Chain Fanout
 22. Control Signals
 23. Global & Other Fast Signals
 24. Fitter RAM Summary
 25. |top|fc_w:u_fc_w|altsyncram:altsyncram_component|altsyncram_bak1:auto_generated|ALTSYNCRAM
 26. |top|conv2_w:u_conv2w|altsyncram:altsyncram_component|altsyncram_2jk1:auto_generated|ALTSYNCRAM
 27. |top|image:u_image|altsyncram:altsyncram_component|altsyncram_1dm1:auto_generated|ALTSYNCRAM
 28. |top|conv1:conv1_w|altsyncram:altsyncram_component|altsyncram_pnk1:auto_generated|ALTSYNCRAM
 29. Fitter DSP Block Usage Summary
 30. DSP Block Details
 31. Routing Usage Summary
 32. LAB Logic Elements
 33. LAB-wide Signals
 34. LAB Signals Sourced
 35. LAB Signals Sourced Out
 36. LAB Distinct Inputs
 37. I/O Rules Summary
 38. I/O Rules Details
 39. I/O Rules Matrix
 40. Fitter Device Options
 41. Operating Settings and Conditions
 42. Estimated Delay Added for Hold Timing Summary
 43. Estimated Delay Added for Hold Timing Details
 44. Fitter Messages
 45. Fitter Suppressed Messages



----------------
; Legal Notice ;
----------------
Copyright (C) 2017  Intel Corporation. All rights reserved.
Your use of Intel Corporation's design tools, logic functions 
and other software and tools, and its AMPP partner logic 
functions, and any output files from any of the foregoing 
(including device programming or simulation files), and any 
associated documentation or information are expressly subject 
to the terms and conditions of the Intel Program License 
Subscription Agreement, the Intel Quartus Prime License Agreement,
the Intel FPGA IP License Agreement, or other applicable license
agreement, including, without limitation, that your use is for
the sole purpose of programming logic devices manufactured by
Intel and sold by Intel or its authorized distributors.  Please
refer to the applicable agreement for further details.



+----------------------------------------------------------------------------------+
; Fitter Summary                                                                   ;
+------------------------------------+---------------------------------------------+
; Fitter Status                      ; Successful - Thu Sep 17 10:32:52 2026       ;
; Quartus Prime Version              ; 17.1.0 Build 590 10/25/2017 SJ Lite Edition ;
; Revision Name                      ; top                                         ;
; Top-level Entity Name              ; top                                         ;
; Family                             ; Cyclone IV E                                ;
; Device                             ; EP4CE115F29C7                               ;
; Timing Models                      ; Final                                       ;
; Total logic elements               ; 1,960 / 114,480 ( 2 % )                     ;
;     Total combinational functions  ; 1,640 / 114,480 ( 1 % )                     ;
;     Dedicated logic registers      ; 800 / 114,480 ( < 1 % )                     ;
; Total registers                    ; 800                                         ;
; Total pins                         ; 23 / 529 ( 4 % )                            ;
; Total virtual pins                 ; 0                                           ;
; Total memory bits                  ; 338,496 / 3,981,312 ( 9 % )                 ;
; Embedded Multiplier 9-bit elements ; 20 / 532 ( 4 % )                            ;
; Total PLLs                         ; 1 / 4 ( 25 % )                              ;
+------------------------------------+---------------------------------------------+


+------------------------------------------------------------------------------------------------------------------------------------------------------------+
; Fitter Settings                                                                                                                                            ;
+----------------------------------------------------------------------------+---------------------------------------+---------------------------------------+
; Option                                                                     ; Setting                               ; Default Value                         ;
+----------------------------------------------------------------------------+---------------------------------------+---------------------------------------+
; Device                                                                     ; EP4CE115F29C7                         ;                                       ;
; Nominal Core Supply Voltage                                                ; 1.2V                                  ;                                       ;
; Minimum Core Junction Temperature                                          ; 0                                     ;                                       ;
; Maximum Core Junction Temperature                                          ; 85                                    ;                                       ;
; Fit Attempts to Skip                                                       ; 0                                     ; 0.0                                   ;
; Use smart compilation                                                      ; Off                                   ; Off                                   ;
; Enable parallel Assembler and TimeQuest Timing Analyzer during compilation ; On                                    ; On                                    ;
; Enable compact report table                                                ; Off                                   ; Off                                   ;
; Auto Merge PLLs                                                            ; On                                    ; On                                    ;
; Router Timing Optimization Level                                           ; Normal                                ; Normal                                ;
; Perform Clocking Topology Analysis During Routing                          ; Off                                   ; Off                                   ;
; Placement Effort Multiplier                                                ; 1.0                                   ; 1.0                                   ;
; Router Effort Multiplier                                                   ; 1.0                                   ; 1.0                                   ;
; Optimize Hold Timing                                                       ; All Paths                             ; All Paths                             ;
; Optimize Multi-Corner Timing                                               ; On                                    ; On                                    ;
; Power Optimization During Fitting                                          ; Normal compilation                    ; Normal compilation                    ;
; SSN Optimization                                                           ; Off                                   ; Off                                   ;
; Optimize Timing                                                            ; Normal compilation                    ; Normal compilation                    ;
; Optimize Timing for ECOs                                                   ; Off                                   ; Off                                   ;
; Regenerate Full Fit Report During ECO Compiles                             ; Off                                   ; Off                                   ;
; Optimize IOC Register Placement for Timing                                 ; Normal                                ; Normal                                ;
; Limit to One Fitting Attempt                                               ; Off                                   ; Off                                   ;
; Final Placement Optimizations                                              ; Automatically                         ; Automatically                         ;
; Fitter Aggressive Routability Optimizations                                ; Automatically                         ; Automatically                         ;
; Fitter Initial Placement Seed                                              ; 1                                     ; 1                                     ;
; Periphery to Core Placement and Routing Optimization                       ; Off                                   ; Off                                   ;
; PCI I/O                                                                    ; Off                                   ; Off                                   ;
; Weak Pull-Up Resistor                                                      ; Off                                   ; Off                                   ;
; Enable Bus-Hold Circuitry                                                  ; Off                                   ; Off                                   ;
; Auto Packed Registers                                                      ; Auto                                  ; Auto                                  ;
; Auto Delay Chains                                                          ; On                                    ; On                                    ;
; Auto Delay Chains for High Fanout Input Pins                               ; Off                                   ; Off                                   ;
; Allow Single-ended Buffer for Differential-XSTL Input                      ; Off                                   ; Off                                   ;
; Treat Bidirectional Pin as Output Pin                                      ; Off                                   ; Off                                   ;
; Perform Physical Synthesis for Combinational Logic for Fitting             ; Off                                   ; Off                                   ;
; Perform Physical Synthesis for Combinational Logic for Performance         ; Off                                   ; Off                                   ;
; Perform Register Duplication for Performance                               ; Off                                   ; Off                                   ;
; Perform Logic to Memory Mapping for Fitting                                ; Off                                   ; Off                                   ;
; Perform Register Retiming for Performance                                  ; Off                                   ; Off                                   ;
; Perform Asynchronous Signal Pipelining                                     ; Off                                   ; Off                                   ;
; Fitter Effort                                                              ; Auto Fit                              ; Auto Fit                              ;
; Physical Synthesis Effort Level                                            ; Normal                                ; Normal                                ;
; Logic Cell Insertion - Logic Duplication                                   ; Auto                                  ; Auto                                  ;
; Auto Register Duplication                                                  ; Auto                                  ; Auto                                  ;
; Auto Global Clock                                                          ; On                                    ; On                                    ;
; Auto Global Register Control Signals                                       ; On                                    ; On                                    ;
; Reserve all unused pins                                                    ; As input tri-stated with weak pull-up ; As input tri-stated with weak pull-up ;
; Synchronizer Identification                                                ; Auto                                  ; Auto                                  ;
; Enable Beneficial Skew Optimization                                        ; On                                    ; On                                    ;
; Optimize Design for Metastability                                          ; On                                    ; On                                    ;
; Force Fitter to Avoid Periphery Placement Warnings                         ; Off                                   ; Off                                   ;
; Enable input tri-state on active configuration pins in user mode           ; Off                                   ; Off                                   ;
+----------------------------------------------------------------------------+---------------------------------------+---------------------------------------+


+------------------------------------------+
; Parallel Compilation                     ;
+----------------------------+-------------+
; Processors                 ; Number      ;
+----------------------------+-------------+
; Number detected on machine ; 8           ;
; Maximum allowed            ; 4           ;
;                            ;             ;
; Average used               ; 1.07        ;
; Maximum used               ; 4           ;
;                            ;             ;
; Usage by Processor         ; % Time Used ;
;     Processor 1            ; 100.0%      ;
;     Processor 2            ;   2.4%      ;
;     Processor 3            ;   2.2%      ;
;     Processor 4            ;   2.0%      ;
+----------------------------+-------------+


+---------------------------------------------------------------------------------------------------+
; Incremental Compilation Preservation Summary                                                      ;
+---------------------+---------------------+----------------------------+--------------------------+
; Type                ; Total [A + B]       ; From Design Partitions [A] ; From Rapid Recompile [B] ;
+---------------------+---------------------+----------------------------+--------------------------+
; Placement (by node) ;                     ;                            ;                          ;
;     -- Requested    ; 0.00 % ( 0 / 2743 ) ; 0.00 % ( 0 / 2743 )        ; 0.00 % ( 0 / 2743 )      ;
;     -- Achieved     ; 0.00 % ( 0 / 2743 ) ; 0.00 % ( 0 / 2743 )        ; 0.00 % ( 0 / 2743 )      ;
;                     ;                     ;                            ;                          ;
; Routing (by net)    ;                     ;                            ;                          ;
;     -- Requested    ; 0.00 % ( 0 / 0 )    ; 0.00 % ( 0 / 0 )           ; 0.00 % ( 0 / 0 )         ;
;     -- Achieved     ; 0.00 % ( 0 / 0 )    ; 0.00 % ( 0 / 0 )           ; 0.00 % ( 0 / 0 )         ;
+---------------------+---------------------+----------------------------+--------------------------+


+----------------------------------------------------------------------------------------------------------------------------------------------------------------------------------------+
; Incremental Compilation Partition Settings                                                                                                                                             ;
+--------------------------------+----------------+-------------------+-------------------------+------------------------+------------------------------+--------------------------------+
; Partition Name                 ; Partition Type ; Netlist Type Used ; Preservation Level Used ; Netlist Type Requested ; Preservation Level Requested ; Contents                       ;
+--------------------------------+----------------+-------------------+-------------------------+------------------------+------------------------------+--------------------------------+
; Top                            ; User-created   ; Source File       ; N/A                     ; Source File            ; N/A                          ;                                ;
; hard_block:auto_generated_inst ; Auto-generated ; Source File       ; N/A                     ; Source File            ; N/A                          ; hard_block:auto_generated_inst ;
+--------------------------------+----------------+-------------------+-------------------------+------------------------+------------------------------+--------------------------------+


+------------------------------------------------------------------------------------------------------------------------------------+
; Incremental Compilation Placement Preservation                                                                                     ;
+--------------------------------+-----------------------+-------------------------+-------------------+---------------------+-------+
; Partition Name                 ; Preservation Achieved ; Preservation Level Used ; Netlist Type Used ; Preservation Method ; Notes ;
+--------------------------------+-----------------------+-------------------------+-------------------+---------------------+-------+
; Top                            ; 0.00 % ( 0 / 2731 )   ; N/A                     ; Source File       ; N/A                 ;       ;
; hard_block:auto_generated_inst ; 0.00 % ( 0 / 12 )     ; N/A                     ; Source File       ; N/A                 ;       ;
+--------------------------------+-----------------------+-------------------------+-------------------+---------------------+-------+


+--------------+
; Pin-Out File ;
+--------------+
The pin-out file can be found in C:/Users/DELL/Desktop/CNN/FPGA/FPGA_CNN_Detect_Number/output_files/top.pin.


+----------------------------------------------------------------------------+
; Fitter Resource Usage Summary                                              ;
+---------------------------------------------+------------------------------+
; Resource                                    ; Usage                        ;
+---------------------------------------------+------------------------------+
; Total logic elements                        ; 1,960 / 114,480 ( 2 % )      ;
;     -- Combinational with no register       ; 1160                         ;
;     -- Register only                        ; 320                          ;
;     -- Combinational with a register        ; 480                          ;
;                                             ;                              ;
; Logic element usage by number of LUT inputs ;                              ;
;     -- 4 input functions                    ; 700                          ;
;     -- 3 input functions                    ; 727                          ;
;     -- <=2 input functions                  ; 213                          ;
;     -- Register only                        ; 320                          ;
;                                             ;                              ;
; Logic elements by mode                      ;                              ;
;     -- normal mode                          ; 955                          ;
;     -- arithmetic mode                      ; 685                          ;
;                                             ;                              ;
; Total registers*                            ; 800 / 117,053 ( < 1 % )      ;
;     -- Dedicated logic registers            ; 800 / 114,480 ( < 1 % )      ;
;     -- I/O registers                        ; 0 / 2,573 ( 0 % )            ;
;                                             ;                              ;
; Total LABs:  partially or completely used   ; 143 / 7,155 ( 2 % )          ;
; Virtual pins                                ; 0                            ;
; I/O pins                                    ; 23 / 529 ( 4 % )             ;
;     -- Clock pins                           ; 1 / 7 ( 14 % )               ;
;     -- Dedicated input pins                 ; 0 / 9 ( 0 % )                ;
;                                             ;                              ;
; M9Ks                                        ; 65 / 432 ( 15 % )            ;
; Total block memory bits                     ; 338,496 / 3,981,312 ( 9 % )  ;
; Total block memory implementation bits      ; 599,040 / 3,981,312 ( 15 % ) ;
; Embedded Multiplier 9-bit elements          ; 20 / 532 ( 4 % )             ;
; PLLs                                        ; 1 / 4 ( 25 % )               ;
; Global signals                              ; 2                            ;
;     -- Global clocks                        ; 2 / 20 ( 10 % )              ;
; JTAGs                                       ; 0 / 1 ( 0 % )                ;
; CRC blocks                                  ; 0 / 1 ( 0 % )                ;
; ASMI blocks                                 ; 0 / 1 ( 0 % )                ;
; Oscillator blocks                           ; 0 / 1 ( 0 % )                ;
; Impedance control blocks                    ; 0 / 4 ( 0 % )                ;
; Average interconnect usage (total/H/V)      ; 1.2% / 1.3% / 1.0%           ;
; Peak interconnect usage (total/H/V)         ; 24.3% / 27.1% / 20.4%        ;
; Maximum fan-out                             ; 801                          ;
; Highest non-global fan-out                  ; 301                          ;
; Total fan-out                               ; 9257                         ;
; Average fan-out                             ; 3.38                         ;
+---------------------------------------------+------------------------------+
*  Register count does not include registers inside RAM blocks or DSP blocks.



+-------------------------------------------------------------------------------------------------------+
; Fitter Partition Statistics                                                                           ;
+---------------------------------------------+------------------------+--------------------------------+
; Statistic                                   ; Top                    ; hard_block:auto_generated_inst ;
+---------------------------------------------+------------------------+--------------------------------+
; Difficulty Clustering Region                ; Low                    ; Low                            ;
;                                             ;                        ;                                ;
; Total logic elements                        ; 1960 / 114480 ( 2 % )  ; 0 / 114480 ( 0 % )             ;
;     -- Combinational with no register       ; 1160                   ; 0                              ;
;     -- Register only                        ; 320                    ; 0                              ;
;     -- Combinational with a register        ; 480                    ; 0                              ;
;                                             ;                        ;                                ;
; Logic element usage by number of LUT inputs ;                        ;                                ;
;     -- 4 input functions                    ; 700                    ; 0                              ;
;     -- 3 input functions                    ; 727                    ; 0                              ;
;     -- <=2 input functions                  ; 213                    ; 0                              ;
;     -- Register only                        ; 320                    ; 0                              ;
;                                             ;                        ;                                ;
; Logic elements by mode                      ;                        ;                                ;
;     -- normal mode                          ; 955                    ; 0                              ;
;     -- arithmetic mode                      ; 685                    ; 0                              ;
;                                             ;                        ;                                ;
; Total registers                             ; 800                    ; 0                              ;
;     -- Dedicated logic registers            ; 800 / 114480 ( < 1 % ) ; 0 / 114480 ( 0 % )             ;
;     -- I/O registers                        ; 0                      ; 0                              ;
;                                             ;                        ;                                ;
; Total LABs:  partially or completely used   ; 143 / 7155 ( 2 % )     ; 0 / 7155 ( 0 % )               ;
;                                             ;                        ;                                ;
; Virtual pins                                ; 0                      ; 0                              ;
; I/O pins                                    ; 23                     ; 0                              ;
; Embedded Multiplier 9-bit elements          ; 20 / 532 ( 4 % )       ; 0 / 532 ( 0 % )                ;
; Total memory bits                           ; 338496                 ; 0                              ;
; Total RAM block bits                        ; 599040                 ; 0                              ;
; PLL                                         ; 0 / 4 ( 0 % )          ; 1 / 4 ( 25 % )                 ;
; M9K                                         ; 65 / 432 ( 15 % )      ; 0 / 432 ( 0 % )                ;
; Clock control block                         ; 1 / 24 ( 4 % )         ; 1 / 24 ( 4 % )                 ;
;                                             ;                        ;                                ;
; Connections                                 ;                        ;                                ;
;     -- Input Connections                    ; 65                     ; 1                              ;
;     -- Registered Input Connections         ; 0                      ; 0                              ;
;     -- Output Connections                   ; 1                      ; 65                             ;
;     -- Registered Output Connections        ; 0                      ; 0                              ;
;                                             ;                        ;                                ;
; Internal Connections                        ;                        ;                                ;
;     -- Total Connections                    ; 9920                   ; 73                             ;
;     -- Registered Connections               ; 3823                   ; 0                              ;
;                                             ;                        ;                                ;
; External Connections                        ;                        ;                                ;
;     -- Top                                  ; 0                      ; 66                             ;
;     -- hard_block:auto_generated_inst       ; 66                     ; 0                              ;
;                                             ;                        ;                                ;
; Partition Interface                         ;                        ;                                ;
;     -- Input Ports                          ; 5                      ; 1                              ;
;     -- Output Ports                         ; 18                     ; 1                              ;
;     -- Bidir Ports                          ; 0                      ; 0                              ;
;                                             ;                        ;                                ;
; Registered Ports                            ;                        ;                                ;
;     -- Registered Input Ports               ; 0                      ; 0                              ;
;     -- Registered Output Ports              ; 0                      ; 0                              ;
;                                             ;                        ;                                ;
; Port Connectivity                           ;                        ;                                ;
;     -- Input Ports driven by GND            ; 0                      ; 0                              ;
;     -- Output Ports driven by GND           ; 0                      ; 0                              ;
;     -- Input Ports driven by VCC            ; 0                      ; 0                              ;
;     -- Output Ports driven by VCC           ; 0                      ; 0                              ;
;     -- Input Ports with no Source           ; 0                      ; 0                              ;
;     -- Output Ports with no Source          ; 0                      ; 0                              ;
;     -- Input Ports with no Fanout           ; 0                      ; 0                              ;
;     -- Output Ports with no Fanout          ; 0                      ; 0                              ;
+---------------------------------------------+------------------------+--------------------------------+


+------------------------------------------------------------------------------------------------------------------------------------------------------------------------------------------------------------------------------------------------------------------------------------------+
; Input Pins                                                                                                                                                                                                                                                                               ;
+---------+-------+----------+--------------+--------------+--------------+-----------------------+--------------------+--------+----------------+---------------+-----------------+----------+--------------+--------------+---------------------------+----------------------+-----------+
; Name    ; Pin # ; I/O Bank ; X coordinate ; Y coordinate ; Z coordinate ; Combinational Fan-Out ; Registered Fan-Out ; Global ; Input Register ; Power Up High ; PCI I/O Enabled ; Bus Hold ; Weak Pull Up ; I/O Standard ; Termination Control Block ; Location assigned by ; Slew Rate ;
+---------+-------+----------+--------------+--------------+--------------+-----------------------+--------------------+--------+----------------+---------------+-----------------+----------+--------------+--------------+---------------------------+----------------------+-----------+
; UART_RX ; G12   ; 8        ; 27           ; 73           ; 7            ; 0                     ; 0                  ; no     ; no             ; no            ; yes             ; no       ; Off          ; 2.5 V        ; --                        ; User                 ; no        ;
; clk     ; Y2    ; 2        ; 0            ; 36           ; 14           ; 802                   ; 0                  ; yes    ; no             ; no            ; yes             ; no       ; Off          ; 2.5 V        ; --                        ; User                 ; no        ;
; reset_n ; M23   ; 6        ; 115          ; 40           ; 7            ; 134                   ; 0                  ; no     ; no             ; no            ; yes             ; no       ; Off          ; 2.5 V        ; --                        ; User                 ; no        ;
; start   ; R24   ; 5        ; 115          ; 35           ; 21           ; 5                     ; 0                  ; no     ; no             ; no            ; yes             ; no       ; Off          ; 2.5 V        ; --                        ; User                 ; no        ;
; stop    ; N21   ; 6        ; 115          ; 42           ; 14           ; 0                     ; 0                  ; no     ; no             ; no            ; yes             ; no       ; Off          ; 2.5 V        ; --                        ; User                 ; no        ;
+---------+-------+----------+--------------+--------------+--------------+-----------------------+--------------------+--------+----------------+---------------+-----------------+----------+--------------+--------------+---------------------------+----------------------+-----------+


+-------------------------------------------------------------------------------------------------------------------------------------------------------------------------------------------------------------------------------------------------------------------------------------------------------------------------------------------------------------------------------------------------------------------------------------------------------------+
; Output Pins                                                                                                                                                                                                                                                                                                                                                                                                                                                 ;
+------------+-------+----------+--------------+--------------+--------------+-----------------+------------------------+---------------+-----------+-----------------+------------+---------------+----------+--------------+--------------+------------------+-----------------------------------+---------------------------+----------------------------+-----------------------------+----------------------+----------------------+---------------------+
; Name       ; Pin # ; I/O Bank ; X coordinate ; Y coordinate ; Z coordinate ; Output Register ; Output Enable Register ; Power Up High ; Slew Rate ; PCI I/O Enabled ; Open Drain ; TRI Primitive ; Bus Hold ; Weak Pull Up ; I/O Standard ; Current Strength ; Termination                       ; Termination Control Block ; Output Buffer Pre-emphasis ; Voltage Output Differential ; Location assigned by ; Output Enable Source ; Output Enable Group ;
+------------+-------+----------+--------------+--------------+--------------+-----------------+------------------------+---------------+-----------+-----------------+------------+---------------+----------+--------------+--------------+------------------+-----------------------------------+---------------------------+----------------------------+-----------------------------+----------------------+----------------------+---------------------+
; LED_R[0]   ; G19   ; 7        ; 69           ; 73           ; 14           ; no              ; no                     ; no            ; 2         ; no              ; no         ; no            ; no       ; Off          ; 2.5 V        ; Default          ; Series 50 Ohm without Calibration ; --                        ; no                         ; no                          ; User                 ; -                    ; -                   ;
; LED_R[1]   ; F19   ; 7        ; 94           ; 73           ; 0            ; no              ; no                     ; no            ; 2         ; no              ; no         ; no            ; no       ; Off          ; 2.5 V        ; Default          ; Series 50 Ohm without Calibration ; --                        ; no                         ; no                          ; User                 ; -                    ; -                   ;
; LED_R[2]   ; E19   ; 7        ; 94           ; 73           ; 7            ; no              ; no                     ; no            ; 2         ; no              ; no         ; no            ; no       ; Off          ; 2.5 V        ; Default          ; Series 50 Ohm without Calibration ; --                        ; no                         ; no                          ; User                 ; -                    ; -                   ;
; LED_R[3]   ; F21   ; 7        ; 107          ; 73           ; 14           ; no              ; no                     ; no            ; 2         ; no              ; no         ; no            ; no       ; Off          ; 2.5 V        ; Default          ; Series 50 Ohm without Calibration ; --                        ; no                         ; no                          ; User                 ; -                    ; -                   ;
; LED_R[4]   ; F18   ; 7        ; 87           ; 73           ; 14           ; no              ; no                     ; no            ; 2         ; no              ; no         ; no            ; no       ; Off          ; 2.5 V        ; Default          ; Series 50 Ohm without Calibration ; --                        ; no                         ; no                          ; User                 ; -                    ; -                   ;
; LED_R[5]   ; E18   ; 7        ; 87           ; 73           ; 7            ; no              ; no                     ; no            ; 2         ; no              ; no         ; no            ; no       ; Off          ; 2.5 V        ; Default          ; Series 50 Ohm without Calibration ; --                        ; no                         ; no                          ; User                 ; -                    ; -                   ;
; LED_R[6]   ; J19   ; 7        ; 72           ; 73           ; 7            ; no              ; no                     ; no            ; 2         ; no              ; no         ; no            ; no       ; Off          ; 2.5 V        ; Default          ; Series 50 Ohm without Calibration ; --                        ; no                         ; no                          ; User                 ; -                    ; -                   ;
; LED_R[7]   ; H19   ; 7        ; 72           ; 73           ; 0            ; no              ; no                     ; no            ; 2         ; no              ; no         ; no            ; no       ; Off          ; 2.5 V        ; Default          ; Series 50 Ohm without Calibration ; --                        ; no                         ; no                          ; User                 ; -                    ; -                   ;
; LED_R[8]   ; J17   ; 7        ; 69           ; 73           ; 0            ; no              ; no                     ; no            ; 2         ; no              ; no         ; no            ; no       ; Off          ; 2.5 V        ; Default          ; Series 50 Ohm without Calibration ; --                        ; no                         ; no                          ; User                 ; -                    ; -                   ;
; LED_R[9]   ; G17   ; 7        ; 83           ; 73           ; 21           ; no              ; no                     ; no            ; 2         ; no              ; no         ; no            ; no       ; Off          ; 2.5 V        ; Default          ; Series 50 Ohm without Calibration ; --                        ; no                         ; no                          ; User                 ; -                    ; -                   ;
; LED_seg[0] ; G18   ; 7        ; 69           ; 73           ; 21           ; no              ; no                     ; no            ; 2         ; no              ; no         ; no            ; no       ; Off          ; 2.5 V        ; Default          ; Series 50 Ohm without Calibration ; --                        ; no                         ; no                          ; User                 ; -                    ; -                   ;
; LED_seg[1] ; F22   ; 7        ; 107          ; 73           ; 21           ; no              ; no                     ; no            ; 2         ; no              ; no         ; no            ; no       ; Off          ; 2.5 V        ; Default          ; Series 50 Ohm without Calibration ; --                        ; no                         ; no                          ; User                 ; -                    ; -                   ;
; LED_seg[2] ; E17   ; 7        ; 67           ; 73           ; 21           ; no              ; no                     ; no            ; 2         ; no              ; no         ; no            ; no       ; Off          ; 2.5 V        ; Default          ; Series 50 Ohm without Calibration ; --                        ; no                         ; no                          ; User                 ; -                    ; -                   ;
; LED_seg[3] ; L26   ; 6        ; 115          ; 50           ; 0            ; no              ; no                     ; no            ; 2         ; no              ; no         ; no            ; no       ; Off          ; 2.5 V        ; Default          ; Series 50 Ohm without Calibration ; --                        ; no                         ; no                          ; User                 ; -                    ; -                   ;
; LED_seg[4] ; L25   ; 6        ; 115          ; 54           ; 14           ; no              ; no                     ; no            ; 2         ; no              ; no         ; no            ; no       ; Off          ; 2.5 V        ; Default          ; Series 50 Ohm without Calibration ; --                        ; no                         ; no                          ; User                 ; -                    ; -                   ;
; LED_seg[5] ; J22   ; 6        ; 115          ; 67           ; 14           ; no              ; no                     ; no            ; 2         ; no              ; no         ; no            ; no       ; Off          ; 2.5 V        ; Default          ; Series 50 Ohm without Calibration ; --                        ; no                         ; no                          ; User                 ; -                    ; -                   ;
; LED_seg[6] ; H22   ; 6        ; 115          ; 69           ; 0            ; no              ; no                     ; no            ; 2         ; no              ; no         ; no            ; no       ; Off          ; 2.5 V        ; Default          ; Series 50 Ohm without Calibration ; --                        ; no                         ; no                          ; User                 ; -                    ; -                   ;
; UART_TX    ; G9    ; 8        ; 13           ; 73           ; 21           ; no              ; no                     ; no            ; 2         ; no              ; no         ; no            ; no       ; Off          ; 2.5 V        ; Default          ; Series 50 Ohm without Calibration ; --                        ; no                         ; no                          ; User                 ; -                    ; -                   ;
+------------+-------+----------+--------------+--------------+--------------+-----------------+------------------------+---------------+-----------+-----------------+------------+---------------+----------+--------------+--------------+------------------+-----------------------------------+---------------------------+----------------------------+-----------------------------+----------------------+----------------------+---------------------+


+-------------------------------------------------------------------------------------------------------------------------+
; Dual Purpose and Dedicated Pins                                                                                         ;
+----------+-----------------------------+--------------------------+-------------------------+---------------------------+
; Location ; Pin Name                    ; Reserved As              ; User Signal Name        ; Pin Type                  ;
+----------+-----------------------------+--------------------------+-------------------------+---------------------------+
; F4       ; DIFFIO_L5n, DATA1, ASDO     ; As input tri-stated      ; ~ALTERA_ASDO_DATA1~     ; Dual Purpose Pin          ;
; E2       ; DIFFIO_L8p, FLASH_nCE, nCSO ; As input tri-stated      ; ~ALTERA_FLASH_nCE_nCSO~ ; Dual Purpose Pin          ;
; M6       ; nSTATUS                     ; -                        ; -                       ; Dedicated Programming Pin ;
; P3       ; DCLK                        ; As output driving ground ; ~ALTERA_DCLK~           ; Dual Purpose Pin          ;
; N7       ; DATA0                       ; As input tri-stated      ; ~ALTERA_DATA0~          ; Dual Purpose Pin          ;
; P4       ; nCONFIG                     ; -                        ; -                       ; Dedicated Programming Pin ;
; R8       ; nCE                         ; -                        ; -                       ; Dedicated Programming Pin ;
; P24      ; CONF_DONE                   ; -                        ; -                       ; Dedicated Programming Pin ;
; N22      ; MSEL0                       ; -                        ; -                       ; Dedicated Programming Pin ;
; P23      ; MSEL1                       ; -                        ; -                       ; Dedicated Programming Pin ;
; M22      ; MSEL2                       ; -                        ; -                       ; Dedicated Programming Pin ;
; P22      ; MSEL3                       ; -                        ; -                       ; Dedicated Programming Pin ;
; P28      ; DIFFIO_R23n, nCEO           ; Use as programming pin   ; ~ALTERA_nCEO~           ; Dual Purpose Pin          ;
+----------+-----------------------------+--------------------------+-------------------------+---------------------------+


+------------------------------------------------------------+
; I/O Bank Usage                                             ;
+----------+------------------+---------------+--------------+
; I/O Bank ; Usage            ; VCCIO Voltage ; VREF Voltage ;
+----------+------------------+---------------+--------------+
; 1        ; 4 / 56 ( 7 % )   ; 2.5V          ; --           ;
; 2        ; 1 / 63 ( 2 % )   ; 2.5V          ; --           ;
; 3        ; 0 / 73 ( 0 % )   ; 2.5V          ; --           ;
; 4        ; 0 / 71 ( 0 % )   ; 2.5V          ; --           ;
; 5        ; 1 / 65 ( 2 % )   ; 2.5V          ; --           ;
; 6        ; 7 / 58 ( 12 % )  ; 2.5V          ; --           ;
; 7        ; 13 / 72 ( 18 % ) ; 2.5V          ; --           ;
; 8        ; 2 / 71 ( 3 % )   ; 2.5V          ; --           ;
+----------+------------------+---------------+--------------+


+-----------------------------------------------------------------------------------------------------------------------------------------------------------------------------------------+
; All Package Pins                                                                                                                                                                        ;
+----------+------------+----------+-----------------------------------------------------------+--------+--------------+---------+------------+-----------------+----------+--------------+
; Location ; Pad Number ; I/O Bank ; Pin Name/Usage                                            ; Dir.   ; I/O Standard ; Voltage ; I/O Type   ; User Assignment ; Bus Hold ; Weak Pull Up ;
+----------+------------+----------+-----------------------------------------------------------+--------+--------------+---------+------------+-----------------+----------+--------------+
; A2       ;            ; 8        ; VCCIO8                                                    ; power  ;              ; 2.5V    ; --         ;                 ; --       ; --           ;
; A3       ; 535        ; 8        ; RESERVED_INPUT_WITH_WEAK_PULLUP                           ;        ;              ;         ; Column I/O ;                 ; no       ; On           ;
; A4       ; 532        ; 8        ; RESERVED_INPUT_WITH_WEAK_PULLUP                           ;        ;              ;         ; Column I/O ;                 ; no       ; On           ;
; A5       ;            ; 8        ; VCCIO8                                                    ; power  ;              ; 2.5V    ; --         ;                 ; --       ; --           ;
; A6       ; 504        ; 8        ; RESERVED_INPUT_WITH_WEAK_PULLUP                           ;        ;              ;         ; Column I/O ;                 ; no       ; On           ;
; A7       ; 501        ; 8        ; RESERVED_INPUT_WITH_WEAK_PULLUP                           ;        ;              ;         ; Column I/O ;                 ; no       ; On           ;
; A8       ; 517        ; 8        ; RESERVED_INPUT_WITH_WEAK_PULLUP                           ;        ;              ;         ; Column I/O ;                 ; no       ; On           ;
; A9       ;            ; 8        ; VCCIO8                                                    ; power  ;              ; 2.5V    ; --         ;                 ; --       ; --           ;
; A10      ; 491        ; 8        ; RESERVED_INPUT_WITH_WEAK_PULLUP                           ;        ;              ;         ; Column I/O ;                 ; no       ; On           ;
; A11      ; 487        ; 8        ; RESERVED_INPUT_WITH_WEAK_PULLUP                           ;        ;              ;         ; Column I/O ;                 ; no       ; On           ;
; A12      ; 482        ; 8        ; RESERVED_INPUT_WITH_WEAK_PULLUP                           ;        ;              ;         ; Column I/O ;                 ; no       ; On           ;
; A13      ;            ; 8        ; VCCIO8                                                    ; power  ;              ; 2.5V    ; --         ;                 ; --       ; --           ;
; A14      ; 472        ; 8        ; GND+                                                      ;        ;              ;         ; Column I/O ;                 ; --       ; --           ;
; A15      ; 470        ; 7        ; GND+                                                      ;        ;              ;         ; Column I/O ;                 ; --       ; --           ;
; A16      ;            ; 7        ; VCCIO7                                                    ; power  ;              ; 2.5V    ; --         ;                 ; --       ; --           ;
; A17      ; 462        ; 7        ; RESERVED_INPUT_WITH_WEAK_PULLUP                           ;        ;              ;         ; Column I/O ;                 ; no       ; On           ;
; A18      ; 442        ; 7        ; RESERVED_INPUT_WITH_WEAK_PULLUP                           ;        ;              ;         ; Column I/O ;                 ; no       ; On           ;
; A19      ; 440        ; 7        ; RESERVED_INPUT_WITH_WEAK_PULLUP                           ;        ;              ;         ; Column I/O ;                 ; no       ; On           ;
; A20      ;            ; 7        ; VCCIO7                                                    ; power  ;              ; 2.5V    ; --         ;                 ; --       ; --           ;
; A21      ; 425        ; 7        ; RESERVED_INPUT_WITH_WEAK_PULLUP                           ;        ;              ;         ; Column I/O ;                 ; no       ; On           ;
; A22      ; 423        ; 7        ; RESERVED_INPUT_WITH_WEAK_PULLUP                           ;        ;              ;         ; Column I/O ;                 ; no       ; On           ;
; A23      ; 412        ; 7        ; RESERVED_INPUT_WITH_WEAK_PULLUP                           ;        ;              ;         ; Column I/O ;                 ; no       ; On           ;
; A24      ;            ; 7        ; VCCIO7                                                    ; power  ;              ; 2.5V    ; --         ;                 ; --       ; --           ;
; A25      ; 405        ; 7        ; RESERVED_INPUT_WITH_WEAK_PULLUP                           ;        ;              ;         ; Column I/O ;                 ; no       ; On           ;
; A26      ; 404        ; 7        ; RESERVED_INPUT_WITH_WEAK_PULLUP                           ;        ;              ;         ; Column I/O ;                 ; no       ; On           ;
; A27      ;            ; 7        ; VCCIO7                                                    ; power  ;              ; 2.5V    ; --         ;                 ; --       ; --           ;
; AA1      ;            ; 2        ; VCCIO2                                                    ; power  ;              ; 2.5V    ; --         ;                 ; --       ; --           ;
; AA2      ;            ;          ; GND                                                       ; gnd    ;              ;         ; --         ;                 ; --       ; --           ;
; AA3      ; 102        ; 2        ; RESERVED_INPUT_WITH_WEAK_PULLUP                           ;        ;              ;         ; Row I/O    ;                 ; no       ; On           ;
; AA4      ; 101        ; 2        ; RESERVED_INPUT_WITH_WEAK_PULLUP                           ;        ;              ;         ; Row I/O    ;                 ; no       ; On           ;
; AA5      ; 119        ; 2        ; RESERVED_INPUT_WITH_WEAK_PULLUP                           ;        ;              ;         ; Row I/O    ;                 ; no       ; On           ;
; AA6      ; 118        ; 2        ; RESERVED_INPUT_WITH_WEAK_PULLUP                           ;        ;              ;         ; Row I/O    ;                 ; no       ; On           ;
; AA7      ; 120        ; 2        ; RESERVED_INPUT_WITH_WEAK_PULLUP                           ;        ;              ;         ; Row I/O    ;                 ; no       ; On           ;
; AA8      ; 154        ; 3        ; RESERVED_INPUT_WITH_WEAK_PULLUP                           ;        ;              ;         ; Column I/O ;                 ; no       ; On           ;
; AA9      ;            ;          ; GNDA1                                                     ; gnd    ;              ;         ; --         ;                 ; --       ; --           ;
; AA10     ; 155        ; 3        ; RESERVED_INPUT_WITH_WEAK_PULLUP                           ;        ;              ;         ; Column I/O ;                 ; no       ; On           ;
; AA11     ;            ; 3        ; VCCIO3                                                    ; power  ;              ; 2.5V    ; --         ;                 ; --       ; --           ;
; AA12     ; 188        ; 3        ; RESERVED_INPUT_WITH_WEAK_PULLUP                           ;        ;              ;         ; Column I/O ;                 ; no       ; On           ;
; AA13     ; 190        ; 3        ; RESERVED_INPUT_WITH_WEAK_PULLUP                           ;        ;              ;         ; Column I/O ;                 ; no       ; On           ;
; AA14     ; 191        ; 3        ; RESERVED_INPUT_WITH_WEAK_PULLUP                           ;        ;              ;         ; Column I/O ;                 ; no       ; On           ;
; AA15     ; 213        ; 4        ; RESERVED_INPUT_WITH_WEAK_PULLUP                           ;        ;              ;         ; Column I/O ;                 ; --       ; --           ;
; AA16     ; 211        ; 4        ; RESERVED_INPUT_WITH_WEAK_PULLUP                           ;        ;              ;         ; Column I/O ;                 ; no       ; On           ;
; AA17     ; 241        ; 4        ; RESERVED_INPUT_WITH_WEAK_PULLUP                           ;        ;              ;         ; Column I/O ;                 ; no       ; On           ;
; AA18     ;            ; 4        ; VCCIO4                                                    ; power  ;              ; 2.5V    ; --         ;                 ; --       ; --           ;
; AA19     ; 264        ; 4        ; RESERVED_INPUT_WITH_WEAK_PULLUP                           ;        ;              ;         ; Column I/O ;                 ; no       ; On           ;
; AA20     ;            ;          ; GNDA4                                                     ; gnd    ;              ;         ; --         ;                 ; --       ; --           ;
; AA21     ; 269        ; 4        ; RESERVED_INPUT_WITH_WEAK_PULLUP                           ;        ;              ;         ; Column I/O ;                 ; no       ; On           ;
; AA22     ; 275        ; 5        ; RESERVED_INPUT_WITH_WEAK_PULLUP                           ;        ;              ;         ; Row I/O    ;                 ; no       ; On           ;
; AA23     ; 280        ; 5        ; RESERVED_INPUT_WITH_WEAK_PULLUP                           ;        ;              ;         ; Row I/O    ;                 ; no       ; On           ;
; AA24     ; 279        ; 5        ; RESERVED_INPUT_WITH_WEAK_PULLUP                           ;        ;              ;         ; Row I/O    ;                 ; --       ; --           ;
; AA25     ; 294        ; 5        ; RESERVED_INPUT_WITH_WEAK_PULLUP                           ;        ;              ;         ; Row I/O    ;                 ; no       ; On           ;
; AA26     ; 293        ; 5        ; RESERVED_INPUT_WITH_WEAK_PULLUP                           ;        ;              ;         ; Row I/O    ;                 ; no       ; On           ;
; AA27     ;            ;          ; GND                                                       ; gnd    ;              ;         ; --         ;                 ; --       ; --           ;
; AA28     ;            ; 5        ; VCCIO5                                                    ; power  ;              ; 2.5V    ; --         ;                 ; --       ; --           ;
; AB1      ; 86         ; 2        ; RESERVED_INPUT_WITH_WEAK_PULLUP                           ;        ;              ;         ; Row I/O    ;                 ; no       ; On           ;
; AB2      ; 85         ; 2        ; RESERVED_INPUT_WITH_WEAK_PULLUP                           ;        ;              ;         ; Row I/O    ;                 ; no       ; On           ;
; AB3      ; 99         ; 2        ; RESERVED_INPUT_WITH_WEAK_PULLUP                           ;        ;              ;         ; Row I/O    ;                 ; no       ; On           ;
; AB4      ; 121        ; 2        ; RESERVED_INPUT_WITH_WEAK_PULLUP                           ;        ;              ;         ; Row I/O    ;                 ; --       ; --           ;
; AB5      ; 127        ; 2        ; RESERVED_INPUT_WITH_WEAK_PULLUP                           ;        ;              ;         ; Row I/O    ;                 ; no       ; On           ;
; AB6      ; 126        ; 2        ; RESERVED_INPUT_WITH_WEAK_PULLUP                           ;        ;              ;         ; Row I/O    ;                 ; no       ; On           ;
; AB7      ; 152        ; 3        ; RESERVED_INPUT_WITH_WEAK_PULLUP                           ;        ;              ;         ; Column I/O ;                 ; no       ; On           ;
; AB8      ; 148        ; 3        ; RESERVED_INPUT_WITH_WEAK_PULLUP                           ;        ;              ;         ; Column I/O ;                 ; no       ; On           ;
; AB9      ; 147        ; 3        ; RESERVED_INPUT_WITH_WEAK_PULLUP                           ;        ;              ;         ; Column I/O ;                 ; no       ; On           ;
; AB10     ; 173        ; 3        ; RESERVED_INPUT_WITH_WEAK_PULLUP                           ;        ;              ;         ; Column I/O ;                 ; no       ; On           ;
; AB11     ; 164        ; 3        ; RESERVED_INPUT_WITH_WEAK_PULLUP                           ;        ;              ;         ; Column I/O ;                 ; --       ; --           ;
; AB12     ; 180        ; 3        ; RESERVED_INPUT_WITH_WEAK_PULLUP                           ;        ;              ;         ; Column I/O ;                 ; no       ; On           ;
; AB13     ; 181        ; 3        ; RESERVED_INPUT_WITH_WEAK_PULLUP                           ;        ;              ;         ; Column I/O ;                 ; --       ; --           ;
; AB14     ; 192        ; 3        ; RESERVED_INPUT_WITH_WEAK_PULLUP                           ;        ;              ;         ; Column I/O ;                 ; no       ; On           ;
; AB15     ; 214        ; 4        ; RESERVED_INPUT_WITH_WEAK_PULLUP                           ;        ;              ;         ; Column I/O ;                 ; no       ; On           ;
; AB16     ; 212        ; 4        ; RESERVED_INPUT_WITH_WEAK_PULLUP                           ;        ;              ;         ; Column I/O ;                 ; no       ; On           ;
; AB17     ; 242        ; 4        ; RESERVED_INPUT_WITH_WEAK_PULLUP                           ;        ;              ;         ; Column I/O ;                 ; no       ; On           ;
; AB18     ; 254        ; 4        ; RESERVED_INPUT_WITH_WEAK_PULLUP                           ;        ;              ;         ; Column I/O ;                 ; no       ; On           ;
; AB19     ; 253        ; 4        ; RESERVED_INPUT_WITH_WEAK_PULLUP                           ;        ;              ;         ; Column I/O ;                 ; no       ; On           ;
; AB20     ; 257        ; 4        ; RESERVED_INPUT_WITH_WEAK_PULLUP                           ;        ;              ;         ; Column I/O ;                 ; --       ; --           ;
; AB21     ; 266        ; 4        ; RESERVED_INPUT_WITH_WEAK_PULLUP                           ;        ;              ;         ; Column I/O ;                 ; no       ; On           ;
; AB22     ; 265        ; 4        ; RESERVED_INPUT_WITH_WEAK_PULLUP                           ;        ;              ;         ; Column I/O ;                 ; no       ; On           ;
; AB23     ; 276        ; 5        ; RESERVED_INPUT_WITH_WEAK_PULLUP                           ;        ;              ;         ; Row I/O    ;                 ; no       ; On           ;
; AB24     ; 274        ; 5        ; RESERVED_INPUT_WITH_WEAK_PULLUP                           ;        ;              ;         ; Row I/O    ;                 ; no       ; On           ;
; AB25     ; 292        ; 5        ; RESERVED_INPUT_WITH_WEAK_PULLUP                           ;        ;              ;         ; Row I/O    ;                 ; no       ; On           ;
; AB26     ; 291        ; 5        ; RESERVED_INPUT_WITH_WEAK_PULLUP                           ;        ;              ;         ; Row I/O    ;                 ; no       ; On           ;
; AB27     ; 296        ; 5        ; RESERVED_INPUT_WITH_WEAK_PULLUP                           ;        ;              ;         ; Row I/O    ;                 ; no       ; On           ;
; AB28     ; 295        ; 5        ; RESERVED_INPUT_WITH_WEAK_PULLUP                           ;        ;              ;         ; Row I/O    ;                 ; no       ; On           ;
; AC1      ; 94         ; 2        ; RESERVED_INPUT_WITH_WEAK_PULLUP                           ;        ;              ;         ; Row I/O    ;                 ; no       ; On           ;
; AC2      ; 93         ; 2        ; RESERVED_INPUT_WITH_WEAK_PULLUP                           ;        ;              ;         ; Row I/O    ;                 ; no       ; On           ;
; AC3      ; 95         ; 2        ; RESERVED_INPUT_WITH_WEAK_PULLUP                           ;        ;              ;         ; Row I/O    ;                 ; no       ; On           ;
; AC4      ; 125        ; 2        ; RESERVED_INPUT_WITH_WEAK_PULLUP                           ;        ;              ;         ; Row I/O    ;                 ; no       ; On           ;
; AC5      ; 124        ; 2        ; RESERVED_INPUT_WITH_WEAK_PULLUP                           ;        ;              ;         ; Row I/O    ;                 ; no       ; On           ;
; AC6      ;            ;          ; GND                                                       ; gnd    ;              ;         ; --         ;                 ; --       ; --           ;
; AC7      ; 144        ; 3        ; RESERVED_INPUT_WITH_WEAK_PULLUP                           ;        ;              ;         ; Column I/O ;                 ; no       ; On           ;
; AC8      ; 153        ; 3        ; RESERVED_INPUT_WITH_WEAK_PULLUP                           ;        ;              ;         ; Column I/O ;                 ; no       ; On           ;
; AC9      ;            ;          ; GND                                                       ; gnd    ;              ;         ; --         ;                 ; --       ; --           ;
; AC10     ; 174        ; 3        ; RESERVED_INPUT_WITH_WEAK_PULLUP                           ;        ;              ;         ; Column I/O ;                 ; no       ; On           ;
; AC11     ; 185        ; 3        ; RESERVED_INPUT_WITH_WEAK_PULLUP                           ;        ;              ;         ; Column I/O ;                 ; no       ; On           ;
; AC12     ; 179        ; 3        ; RESERVED_INPUT_WITH_WEAK_PULLUP                           ;        ;              ;         ; Column I/O ;                 ; no       ; On           ;
; AC13     ;            ;          ; GND                                                       ; gnd    ;              ;         ; --         ;                 ; --       ; --           ;
; AC14     ; 195        ; 3        ; RESERVED_INPUT_WITH_WEAK_PULLUP                           ;        ;              ;         ; Column I/O ;                 ; no       ; On           ;
; AC15     ; 203        ; 4        ; RESERVED_INPUT_WITH_WEAK_PULLUP                           ;        ;              ;         ; Column I/O ;                 ; no       ; On           ;
; AC16     ;            ;          ; GND                                                       ; gnd    ;              ;         ; --         ;                 ; --       ; --           ;
; AC17     ; 221        ; 4        ; RESERVED_INPUT_WITH_WEAK_PULLUP                           ;        ;              ;         ; Column I/O ;                 ; no       ; On           ;
; AC18     ; 240        ; 4        ; RESERVED_INPUT_WITH_WEAK_PULLUP                           ;        ;              ;         ; Column I/O ;                 ; --       ; --           ;
; AC19     ; 247        ; 4        ; RESERVED_INPUT_WITH_WEAK_PULLUP                           ;        ;              ;         ; Column I/O ;                 ; no       ; On           ;
; AC20     ;            ;          ; GND                                                       ; gnd    ;              ;         ; --         ;                 ; --       ; --           ;
; AC21     ; 258        ; 4        ; RESERVED_INPUT_WITH_WEAK_PULLUP                           ;        ;              ;         ; Column I/O ;                 ; no       ; On           ;
; AC22     ; 267        ; 4        ; RESERVED_INPUT_WITH_WEAK_PULLUP                           ;        ;              ;         ; Column I/O ;                 ; no       ; On           ;
; AC23     ;            ;          ; GND                                                       ; gnd    ;              ;         ; --         ;                 ; --       ; --           ;
; AC24     ; 273        ; 5        ; RESERVED_INPUT_WITH_WEAK_PULLUP                           ;        ;              ;         ; Row I/O    ;                 ; no       ; On           ;
; AC25     ; 272        ; 5        ; RESERVED_INPUT_WITH_WEAK_PULLUP                           ;        ;              ;         ; Row I/O    ;                 ; no       ; On           ;
; AC26     ; 282        ; 5        ; RESERVED_INPUT_WITH_WEAK_PULLUP                           ;        ;              ;         ; Row I/O    ;                 ; no       ; On           ;
; AC27     ; 290        ; 5        ; RESERVED_INPUT_WITH_WEAK_PULLUP                           ;        ;              ;         ; Row I/O    ;                 ; no       ; On           ;
; AC28     ; 289        ; 5        ; RESERVED_INPUT_WITH_WEAK_PULLUP                           ;        ;              ;         ; Row I/O    ;                 ; no       ; On           ;
; AD1      ; 98         ; 2        ; RESERVED_INPUT_WITH_WEAK_PULLUP                           ;        ;              ;         ; Row I/O    ;                 ; no       ; On           ;
; AD2      ; 97         ; 2        ; RESERVED_INPUT_WITH_WEAK_PULLUP                           ;        ;              ;         ; Row I/O    ;                 ; no       ; On           ;
; AD3      ; 96         ; 2        ; RESERVED_INPUT_WITH_WEAK_PULLUP                           ;        ;              ;         ; Row I/O    ;                 ; no       ; On           ;
; AD4      ; 130        ; 3        ; RESERVED_INPUT_WITH_WEAK_PULLUP                           ;        ;              ;         ; Column I/O ;                 ; no       ; On           ;
; AD5      ; 128        ; 3        ; RESERVED_INPUT_WITH_WEAK_PULLUP                           ;        ;              ;         ; Column I/O ;                 ; no       ; On           ;
; AD6      ;            ; 3        ; VCCIO3                                                    ; power  ;              ; 2.5V    ; --         ;                 ; --       ; --           ;
; AD7      ; 134        ; 3        ; RESERVED_INPUT_WITH_WEAK_PULLUP                           ;        ;              ;         ; Column I/O ;                 ; no       ; On           ;
; AD8      ; 143        ; 3        ; RESERVED_INPUT_WITH_WEAK_PULLUP                           ;        ;              ;         ; Column I/O ;                 ; no       ; On           ;
; AD9      ;            ; 3        ; VCCIO3                                                    ; power  ;              ; 2.5V    ; --         ;                 ; --       ; --           ;
; AD10     ; 149        ; 3        ; RESERVED_INPUT_WITH_WEAK_PULLUP                           ;        ;              ;         ; Column I/O ;                 ; no       ; On           ;
; AD11     ; 186        ; 3        ; RESERVED_INPUT_WITH_WEAK_PULLUP                           ;        ;              ;         ; Column I/O ;                 ; no       ; On           ;
; AD12     ; 182        ; 3        ; RESERVED_INPUT_WITH_WEAK_PULLUP                           ;        ;              ;         ; Column I/O ;                 ; no       ; On           ;
; AD13     ;            ; 3        ; VCCIO3                                                    ; power  ;              ; 2.5V    ; --         ;                 ; --       ; --           ;
; AD14     ; 196        ; 3        ; RESERVED_INPUT_WITH_WEAK_PULLUP                           ;        ;              ;         ; Column I/O ;                 ; no       ; On           ;
; AD15     ; 204        ; 4        ; RESERVED_INPUT_WITH_WEAK_PULLUP                           ;        ;              ;         ; Column I/O ;                 ; no       ; On           ;
; AD16     ;            ; 4        ; VCCIO4                                                    ; power  ;              ; 2.5V    ; --         ;                 ; --       ; --           ;
; AD17     ; 222        ; 4        ; RESERVED_INPUT_WITH_WEAK_PULLUP                           ;        ;              ;         ; Column I/O ;                 ; no       ; On           ;
; AD18     ; 237        ; 4        ; RESERVED_INPUT_WITH_WEAK_PULLUP                           ;        ;              ;         ; Column I/O ;                 ; no       ; On           ;
; AD19     ; 248        ; 4        ; RESERVED_INPUT_WITH_WEAK_PULLUP                           ;        ;              ;         ; Column I/O ;                 ; no       ; On           ;
; AD20     ;            ; 4        ; VCCIO4                                                    ; power  ;              ; 2.5V    ; --         ;                 ; --       ; --           ;
; AD21     ; 259        ; 4        ; RESERVED_INPUT_WITH_WEAK_PULLUP                           ;        ;              ;         ; Column I/O ;                 ; no       ; On           ;
; AD22     ; 268        ; 4        ; RESERVED_INPUT_WITH_WEAK_PULLUP                           ;        ;              ;         ; Column I/O ;                 ; no       ; On           ;
; AD23     ;            ; 4        ; VCCIO4                                                    ; power  ;              ; 2.5V    ; --         ;                 ; --       ; --           ;
; AD24     ; 260        ; 4        ; RESERVED_INPUT_WITH_WEAK_PULLUP                           ;        ;              ;         ; Column I/O ;                 ; no       ; On           ;
; AD25     ; 255        ; 4        ; RESERVED_INPUT_WITH_WEAK_PULLUP                           ;        ;              ;         ; Column I/O ;                 ; no       ; On           ;
; AD26     ; 281        ; 5        ; RESERVED_INPUT_WITH_WEAK_PULLUP                           ;        ;              ;         ; Row I/O    ;                 ; no       ; On           ;
; AD27     ; 286        ; 5        ; RESERVED_INPUT_WITH_WEAK_PULLUP                           ;        ;              ;         ; Row I/O    ;                 ; no       ; On           ;
; AD28     ; 285        ; 5        ; RESERVED_INPUT_WITH_WEAK_PULLUP                           ;        ;              ;         ; Row I/O    ;                 ; no       ; On           ;
; AE1      ; 106        ; 2        ; RESERVED_INPUT_WITH_WEAK_PULLUP                           ;        ;              ;         ; Row I/O    ;                 ; no       ; On           ;
; AE2      ; 105        ; 2        ; RESERVED_INPUT_WITH_WEAK_PULLUP                           ;        ;              ;         ; Row I/O    ;                 ; no       ; On           ;
; AE3      ; 122        ; 2        ; RESERVED_INPUT_WITH_WEAK_PULLUP                           ;        ;              ;         ; Row I/O    ;                 ; no       ; On           ;
; AE4      ; 132        ; 3        ; RESERVED_INPUT_WITH_WEAK_PULLUP                           ;        ;              ;         ; Column I/O ;                 ; no       ; On           ;
; AE5      ; 135        ; 3        ; RESERVED_INPUT_WITH_WEAK_PULLUP                           ;        ;              ;         ; Column I/O ;                 ; no       ; On           ;
; AE6      ; 129        ; 3        ; RESERVED_INPUT_WITH_WEAK_PULLUP                           ;        ;              ;         ; Column I/O ;                 ; no       ; On           ;
; AE7      ; 158        ; 3        ; RESERVED_INPUT_WITH_WEAK_PULLUP                           ;        ;              ;         ; Column I/O ;                 ; no       ; On           ;
; AE8      ; 161        ; 3        ; RESERVED_INPUT_WITH_WEAK_PULLUP                           ;        ;              ;         ; Column I/O ;                 ; no       ; On           ;
; AE9      ; 163        ; 3        ; RESERVED_INPUT_WITH_WEAK_PULLUP                           ;        ;              ;         ; Column I/O ;                 ; no       ; On           ;
; AE10     ; 165        ; 3        ; RESERVED_INPUT_WITH_WEAK_PULLUP                           ;        ;              ;         ; Column I/O ;                 ; no       ; On           ;
; AE11     ; 171        ; 3        ; RESERVED_INPUT_WITH_WEAK_PULLUP                           ;        ;              ;         ; Column I/O ;                 ; no       ; On           ;
; AE12     ; 169        ; 3        ; RESERVED_INPUT_WITH_WEAK_PULLUP                           ;        ;              ;         ; Column I/O ;                 ; no       ; On           ;
; AE13     ; 177        ; 3        ; RESERVED_INPUT_WITH_WEAK_PULLUP                           ;        ;              ;         ; Column I/O ;                 ; no       ; On           ;
; AE14     ; 183        ; 3        ; RESERVED_INPUT_WITH_WEAK_PULLUP                           ;        ;              ;         ; Column I/O ;                 ; no       ; On           ;
; AE15     ; 205        ; 4        ; RESERVED_INPUT_WITH_WEAK_PULLUP                           ;        ;              ;         ; Column I/O ;                 ; no       ; On           ;
; AE16     ; 209        ; 4        ; RESERVED_INPUT_WITH_WEAK_PULLUP                           ;        ;              ;         ; Column I/O ;                 ; no       ; On           ;
; AE17     ; 215        ; 4        ; RESERVED_INPUT_WITH_WEAK_PULLUP                           ;        ;              ;         ; Column I/O ;                 ; no       ; On           ;
; AE18     ; 225        ; 4        ; RESERVED_INPUT_WITH_WEAK_PULLUP                           ;        ;              ;         ; Column I/O ;                 ; no       ; On           ;
; AE19     ; 231        ; 4        ; RESERVED_INPUT_WITH_WEAK_PULLUP                           ;        ;              ;         ; Column I/O ;                 ; no       ; On           ;
; AE20     ; 235        ; 4        ; RESERVED_INPUT_WITH_WEAK_PULLUP                           ;        ;              ;         ; Column I/O ;                 ; no       ; On           ;
; AE21     ; 238        ; 4        ; RESERVED_INPUT_WITH_WEAK_PULLUP                           ;        ;              ;         ; Column I/O ;                 ; no       ; On           ;
; AE22     ; 251        ; 4        ; RESERVED_INPUT_WITH_WEAK_PULLUP                           ;        ;              ;         ; Column I/O ;                 ; no       ; On           ;
; AE23     ; 261        ; 4        ; RESERVED_INPUT_WITH_WEAK_PULLUP                           ;        ;              ;         ; Column I/O ;                 ; no       ; On           ;
; AE24     ; 256        ; 4        ; RESERVED_INPUT_WITH_WEAK_PULLUP                           ;        ;              ;         ; Column I/O ;                 ; no       ; On           ;
; AE25     ; 243        ; 4        ; RESERVED_INPUT_WITH_WEAK_PULLUP                           ;        ;              ;         ; Column I/O ;                 ; no       ; On           ;
; AE26     ; 278        ; 5        ; RESERVED_INPUT_WITH_WEAK_PULLUP                           ;        ;              ;         ; Row I/O    ;                 ; no       ; On           ;
; AE27     ; 284        ; 5        ; RESERVED_INPUT_WITH_WEAK_PULLUP                           ;        ;              ;         ; Row I/O    ;                 ; no       ; On           ;
; AE28     ; 283        ; 5        ; RESERVED_INPUT_WITH_WEAK_PULLUP                           ;        ;              ;         ; Row I/O    ;                 ; no       ; On           ;
; AF1      ;            ;          ; GND                                                       ; gnd    ;              ;         ; --         ;                 ; --       ; --           ;
; AF2      ; 123        ; 2        ; RESERVED_INPUT_WITH_WEAK_PULLUP                           ;        ;              ;         ; Row I/O    ;                 ; no       ; On           ;
; AF3      ; 138        ; 3        ; RESERVED_INPUT_WITH_WEAK_PULLUP                           ;        ;              ;         ; Column I/O ;                 ; no       ; On           ;
; AF4      ; 131        ; 3        ; RESERVED_INPUT_WITH_WEAK_PULLUP                           ;        ;              ;         ; Column I/O ;                 ; no       ; On           ;
; AF5      ; 136        ; 3        ; RESERVED_INPUT_WITH_WEAK_PULLUP                           ;        ;              ;         ; Column I/O ;                 ; no       ; On           ;
; AF6      ; 139        ; 3        ; RESERVED_INPUT_WITH_WEAK_PULLUP                           ;        ;              ;         ; Column I/O ;                 ; no       ; On           ;
; AF7      ; 159        ; 3        ; RESERVED_INPUT_WITH_WEAK_PULLUP                           ;        ;              ;         ; Column I/O ;                 ; no       ; On           ;
; AF8      ; 162        ; 3        ; RESERVED_INPUT_WITH_WEAK_PULLUP                           ;        ;              ;         ; Column I/O ;                 ; no       ; On           ;
; AF9      ; 160        ; 3        ; RESERVED_INPUT_WITH_WEAK_PULLUP                           ;        ;              ;         ; Column I/O ;                 ; no       ; On           ;
; AF10     ; 166        ; 3        ; RESERVED_INPUT_WITH_WEAK_PULLUP                           ;        ;              ;         ; Column I/O ;                 ; no       ; On           ;
; AF11     ; 172        ; 3        ; RESERVED_INPUT_WITH_WEAK_PULLUP                           ;        ;              ;         ; Column I/O ;                 ; no       ; On           ;
; AF12     ; 170        ; 3        ; RESERVED_INPUT_WITH_WEAK_PULLUP                           ;        ;              ;         ; Column I/O ;                 ; no       ; On           ;
; AF13     ; 178        ; 3        ; RESERVED_INPUT_WITH_WEAK_PULLUP                           ;        ;              ;         ; Column I/O ;                 ; no       ; On           ;
; AF14     ; 184        ; 3        ; RESERVED_INPUT_WITH_WEAK_PULLUP                           ;        ;              ;         ; Column I/O ;                 ; no       ; On           ;
; AF15     ; 206        ; 4        ; RESERVED_INPUT_WITH_WEAK_PULLUP                           ;        ;              ;         ; Column I/O ;                 ; no       ; On           ;
; AF16     ; 210        ; 4        ; RESERVED_INPUT_WITH_WEAK_PULLUP                           ;        ;              ;         ; Column I/O ;                 ; no       ; On           ;
; AF17     ; 216        ; 4        ; RESERVED_INPUT_WITH_WEAK_PULLUP                           ;        ;              ;         ; Column I/O ;                 ; no       ; On           ;
; AF18     ; 226        ; 4        ; RESERVED_INPUT_WITH_WEAK_PULLUP                           ;        ;              ;         ; Column I/O ;                 ; no       ; On           ;
; AF19     ; 232        ; 4        ; RESERVED_INPUT_WITH_WEAK_PULLUP                           ;        ;              ;         ; Column I/O ;                 ; no       ; On           ;
; AF20     ; 236        ; 4        ; RESERVED_INPUT_WITH_WEAK_PULLUP                           ;        ;              ;         ; Column I/O ;                 ; no       ; On           ;
; AF21     ; 239        ; 4        ; RESERVED_INPUT_WITH_WEAK_PULLUP                           ;        ;              ;         ; Column I/O ;                 ; no       ; On           ;
; AF22     ; 252        ; 4        ; RESERVED_INPUT_WITH_WEAK_PULLUP                           ;        ;              ;         ; Column I/O ;                 ; no       ; On           ;
; AF23     ; 262        ; 4        ; RESERVED_INPUT_WITH_WEAK_PULLUP                           ;        ;              ;         ; Column I/O ;                 ; no       ; On           ;
; AF24     ; 233        ; 4        ; RESERVED_INPUT_WITH_WEAK_PULLUP                           ;        ;              ;         ; Column I/O ;                 ; no       ; On           ;
; AF25     ; 234        ; 4        ; RESERVED_INPUT_WITH_WEAK_PULLUP                           ;        ;              ;         ; Column I/O ;                 ; no       ; On           ;
; AF26     ; 244        ; 4        ; RESERVED_INPUT_WITH_WEAK_PULLUP                           ;        ;              ;         ; Column I/O ;                 ; no       ; On           ;
; AF27     ; 277        ; 5        ; RESERVED_INPUT_WITH_WEAK_PULLUP                           ;        ;              ;         ; Row I/O    ;                 ; no       ; On           ;
; AF28     ;            ;          ; GND                                                       ; gnd    ;              ;         ; --         ;                 ; --       ; --           ;
; AG1      ;            ; 2        ; VCCIO2                                                    ; power  ;              ; 2.5V    ; --         ;                 ; --       ; --           ;
; AG2      ;            ;          ; GND                                                       ; gnd    ;              ;         ; --         ;                 ; --       ; --           ;
; AG3      ; 133        ; 3        ; RESERVED_INPUT_WITH_WEAK_PULLUP                           ;        ;              ;         ; Column I/O ;                 ; no       ; On           ;
; AG4      ; 141        ; 3        ; RESERVED_INPUT_WITH_WEAK_PULLUP                           ;        ;              ;         ; Column I/O ;                 ; no       ; On           ;
; AG5      ;            ;          ; GND                                                       ; gnd    ;              ;         ; --         ;                 ; --       ; --           ;
; AG6      ; 145        ; 3        ; RESERVED_INPUT_WITH_WEAK_PULLUP                           ;        ;              ;         ; Column I/O ;                 ; no       ; On           ;
; AG7      ; 150        ; 3        ; RESERVED_INPUT_WITH_WEAK_PULLUP                           ;        ;              ;         ; Column I/O ;                 ; no       ; On           ;
; AG8      ; 156        ; 3        ; RESERVED_INPUT_WITH_WEAK_PULLUP                           ;        ;              ;         ; Column I/O ;                 ; no       ; On           ;
; AG9      ;            ;          ; GND                                                       ; gnd    ;              ;         ; --         ;                 ; --       ; --           ;
; AG10     ; 167        ; 3        ; RESERVED_INPUT_WITH_WEAK_PULLUP                           ;        ;              ;         ; Column I/O ;                 ; no       ; On           ;
; AG11     ; 175        ; 3        ; RESERVED_INPUT_WITH_WEAK_PULLUP                           ;        ;              ;         ; Column I/O ;                 ; no       ; On           ;
; AG12     ; 193        ; 3        ; RESERVED_INPUT_WITH_WEAK_PULLUP                           ;        ;              ;         ; Column I/O ;                 ; no       ; On           ;
; AG13     ;            ;          ; GND                                                       ; gnd    ;              ;         ; --         ;                 ; --       ; --           ;
; AG14     ; 199        ; 3        ; GND+                                                      ;        ;              ;         ; Column I/O ;                 ; --       ; --           ;
; AG15     ; 201        ; 4        ; GND+                                                      ;        ;              ;         ; Column I/O ;                 ; --       ; --           ;
; AG16     ;            ;          ; GND                                                       ; gnd    ;              ;         ; --         ;                 ; --       ; --           ;
; AG17     ; 207        ; 4        ; RESERVED_INPUT_WITH_WEAK_PULLUP                           ;        ;              ;         ; Column I/O ;                 ; no       ; On           ;
; AG18     ; 217        ; 4        ; RESERVED_INPUT_WITH_WEAK_PULLUP                           ;        ;              ;         ; Column I/O ;                 ; no       ; On           ;
; AG19     ; 219        ; 4        ; RESERVED_INPUT_WITH_WEAK_PULLUP                           ;        ;              ;         ; Column I/O ;                 ; no       ; On           ;
; AG20     ;            ;          ; GND                                                       ; gnd    ;              ;         ; --         ;                 ; --       ; --           ;
; AG21     ; 223        ; 4        ; RESERVED_INPUT_WITH_WEAK_PULLUP                           ;        ;              ;         ; Column I/O ;                 ; no       ; On           ;
; AG22     ; 227        ; 4        ; RESERVED_INPUT_WITH_WEAK_PULLUP                           ;        ;              ;         ; Column I/O ;                 ; no       ; On           ;
; AG23     ; 229        ; 4        ; RESERVED_INPUT_WITH_WEAK_PULLUP                           ;        ;              ;         ; Column I/O ;                 ; no       ; On           ;
; AG24     ;            ;          ; GND                                                       ; gnd    ;              ;         ; --         ;                 ; --       ; --           ;
; AG25     ; 245        ; 4        ; RESERVED_INPUT_WITH_WEAK_PULLUP                           ;        ;              ;         ; Column I/O ;                 ; no       ; On           ;
; AG26     ; 270        ; 4        ; RESERVED_INPUT_WITH_WEAK_PULLUP                           ;        ;              ;         ; Column I/O ;                 ; no       ; On           ;
; AG27     ;            ;          ; GND                                                       ; gnd    ;              ;         ; --         ;                 ; --       ; --           ;
; AG28     ;            ; 5        ; VCCIO5                                                    ; power  ;              ; 2.5V    ; --         ;                 ; --       ; --           ;
; AH2      ;            ; 3        ; VCCIO3                                                    ; power  ;              ; 2.5V    ; --         ;                 ; --       ; --           ;
; AH3      ; 137        ; 3        ; RESERVED_INPUT_WITH_WEAK_PULLUP                           ;        ;              ;         ; Column I/O ;                 ; no       ; On           ;
; AH4      ; 142        ; 3        ; RESERVED_INPUT_WITH_WEAK_PULLUP                           ;        ;              ;         ; Column I/O ;                 ; no       ; On           ;
; AH5      ;            ; 3        ; VCCIO3                                                    ; power  ;              ; 2.5V    ; --         ;                 ; --       ; --           ;
; AH6      ; 146        ; 3        ; RESERVED_INPUT_WITH_WEAK_PULLUP                           ;        ;              ;         ; Column I/O ;                 ; no       ; On           ;
; AH7      ; 151        ; 3        ; RESERVED_INPUT_WITH_WEAK_PULLUP                           ;        ;              ;         ; Column I/O ;                 ; no       ; On           ;
; AH8      ; 157        ; 3        ; RESERVED_INPUT_WITH_WEAK_PULLUP                           ;        ;              ;         ; Column I/O ;                 ; no       ; On           ;
; AH9      ;            ; 3        ; VCCIO3                                                    ; power  ;              ; 2.5V    ; --         ;                 ; --       ; --           ;
; AH10     ; 168        ; 3        ; RESERVED_INPUT_WITH_WEAK_PULLUP                           ;        ;              ;         ; Column I/O ;                 ; no       ; On           ;
; AH11     ; 176        ; 3        ; RESERVED_INPUT_WITH_WEAK_PULLUP                           ;        ;              ;         ; Column I/O ;                 ; no       ; On           ;
; AH12     ; 194        ; 3        ; RESERVED_INPUT_WITH_WEAK_PULLUP                           ;        ;              ;         ; Column I/O ;                 ; no       ; On           ;
; AH13     ;            ; 3        ; VCCIO3                                                    ; power  ;              ; 2.5V    ; --         ;                 ; --       ; --           ;
; AH14     ; 200        ; 3        ; GND+                                                      ;        ;              ;         ; Column I/O ;                 ; --       ; --           ;
; AH15     ; 202        ; 4        ; GND+                                                      ;        ;              ;         ; Column I/O ;                 ; --       ; --           ;
; AH16     ;            ; 4        ; VCCIO4                                                    ; power  ;              ; 2.5V    ; --         ;                 ; --       ; --           ;
; AH17     ; 208        ; 4        ; RESERVED_INPUT_WITH_WEAK_PULLUP                           ;        ;              ;         ; Column I/O ;                 ; no       ; On           ;
; AH18     ; 218        ; 4        ; RESERVED_INPUT_WITH_WEAK_PULLUP                           ;        ;              ;         ; Column I/O ;                 ; no       ; On           ;
; AH19     ; 220        ; 4        ; RESERVED_INPUT_WITH_WEAK_PULLUP                           ;        ;              ;         ; Column I/O ;                 ; no       ; On           ;
; AH20     ;            ; 4        ; VCCIO4                                                    ; power  ;              ; 2.5V    ; --         ;                 ; --       ; --           ;
; AH21     ; 224        ; 4        ; RESERVED_INPUT_WITH_WEAK_PULLUP                           ;        ;              ;         ; Column I/O ;                 ; no       ; On           ;
; AH22     ; 228        ; 4        ; RESERVED_INPUT_WITH_WEAK_PULLUP                           ;        ;              ;         ; Column I/O ;                 ; no       ; On           ;
; AH23     ; 230        ; 4        ; RESERVED_INPUT_WITH_WEAK_PULLUP                           ;        ;              ;         ; Column I/O ;                 ; no       ; On           ;
; AH24     ;            ; 4        ; VCCIO4                                                    ; power  ;              ; 2.5V    ; --         ;                 ; --       ; --           ;
; AH25     ; 246        ; 4        ; RESERVED_INPUT_WITH_WEAK_PULLUP                           ;        ;              ;         ; Column I/O ;                 ; no       ; On           ;
; AH26     ; 271        ; 4        ; RESERVED_INPUT_WITH_WEAK_PULLUP                           ;        ;              ;         ; Column I/O ;                 ; no       ; On           ;
; AH27     ;            ; 4        ; VCCIO4                                                    ; power  ;              ; 2.5V    ; --         ;                 ; --       ; --           ;
; B1       ;            ; 1        ; VCCIO1                                                    ; power  ;              ; 2.5V    ; --         ;                 ; --       ; --           ;
; B2       ;            ;          ; GND                                                       ; gnd    ;              ;         ; --         ;                 ; --       ; --           ;
; B3       ; 534        ; 8        ; RESERVED_INPUT_WITH_WEAK_PULLUP                           ;        ;              ;         ; Column I/O ;                 ; no       ; On           ;
; B4       ; 533        ; 8        ; RESERVED_INPUT_WITH_WEAK_PULLUP                           ;        ;              ;         ; Column I/O ;                 ; no       ; On           ;
; B5       ;            ;          ; GND                                                       ; gnd    ;              ;         ; --         ;                 ; --       ; --           ;
; B6       ; 505        ; 8        ; RESERVED_INPUT_WITH_WEAK_PULLUP                           ;        ;              ;         ; Column I/O ;                 ; no       ; On           ;
; B7       ; 502        ; 8        ; RESERVED_INPUT_WITH_WEAK_PULLUP                           ;        ;              ;         ; Column I/O ;                 ; no       ; On           ;
; B8       ; 518        ; 8        ; RESERVED_INPUT_WITH_WEAK_PULLUP                           ;        ;              ;         ; Column I/O ;                 ; no       ; On           ;
; B9       ;            ;          ; GND                                                       ; gnd    ;              ;         ; --         ;                 ; --       ; --           ;
; B10      ; 492        ; 8        ; RESERVED_INPUT_WITH_WEAK_PULLUP                           ;        ;              ;         ; Column I/O ;                 ; no       ; On           ;
; B11      ; 488        ; 8        ; RESERVED_INPUT_WITH_WEAK_PULLUP                           ;        ;              ;         ; Column I/O ;                 ; no       ; On           ;
; B12      ;            ;          ; GND                                                       ; gnd    ;              ;         ; --         ;                 ; --       ; --           ;
; B13      ;            ;          ; GND                                                       ; gnd    ;              ;         ; --         ;                 ; --       ; --           ;
; B14      ; 473        ; 8        ; GND+                                                      ;        ;              ;         ; Column I/O ;                 ; --       ; --           ;
; B15      ; 471        ; 7        ; GND+                                                      ;        ;              ;         ; Column I/O ;                 ; --       ; --           ;
; B16      ;            ;          ; GND                                                       ; gnd    ;              ;         ; --         ;                 ; --       ; --           ;
; B17      ; 463        ; 7        ; RESERVED_INPUT_WITH_WEAK_PULLUP                           ;        ;              ;         ; Column I/O ;                 ; no       ; On           ;
; B18      ; 443        ; 7        ; RESERVED_INPUT_WITH_WEAK_PULLUP                           ;        ;              ;         ; Column I/O ;                 ; no       ; On           ;
; B19      ; 441        ; 7        ; RESERVED_INPUT_WITH_WEAK_PULLUP                           ;        ;              ;         ; Column I/O ;                 ; no       ; On           ;
; B20      ;            ;          ; GND                                                       ; gnd    ;              ;         ; --         ;                 ; --       ; --           ;
; B21      ; 426        ; 7        ; RESERVED_INPUT_WITH_WEAK_PULLUP                           ;        ;              ;         ; Column I/O ;                 ; no       ; On           ;
; B22      ; 424        ; 7        ; RESERVED_INPUT_WITH_WEAK_PULLUP                           ;        ;              ;         ; Column I/O ;                 ; no       ; On           ;
; B23      ; 413        ; 7        ; RESERVED_INPUT_WITH_WEAK_PULLUP                           ;        ;              ;         ; Column I/O ;                 ; no       ; On           ;
; B24      ;            ;          ; GND                                                       ; gnd    ;              ;         ; --         ;                 ; --       ; --           ;
; B25      ; 406        ; 7        ; RESERVED_INPUT_WITH_WEAK_PULLUP                           ;        ;              ;         ; Column I/O ;                 ; no       ; On           ;
; B26      ; 401        ; 7        ; RESERVED_INPUT_WITH_WEAK_PULLUP                           ;        ;              ;         ; Column I/O ;                 ; no       ; On           ;
; B27      ;            ;          ; GND                                                       ; gnd    ;              ;         ; --         ;                 ; --       ; --           ;
; B28      ;            ; 6        ; VCCIO6                                                    ; power  ;              ; 2.5V    ; --         ;                 ; --       ; --           ;
; C1       ;            ;          ; GND                                                       ; gnd    ;              ;         ; --         ;                 ; --       ; --           ;
; C2       ; 1          ; 1        ; RESERVED_INPUT_WITH_WEAK_PULLUP                           ;        ;              ;         ; Row I/O    ;                 ; no       ; On           ;
; C3       ; 543        ; 8        ; RESERVED_INPUT_WITH_WEAK_PULLUP                           ;        ;              ;         ; Column I/O ;                 ; no       ; On           ;
; C4       ; 539        ; 8        ; RESERVED_INPUT_WITH_WEAK_PULLUP                           ;        ;              ;         ; Column I/O ;                 ; no       ; On           ;
; C5       ; 538        ; 8        ; RESERVED_INPUT_WITH_WEAK_PULLUP                           ;        ;              ;         ; Column I/O ;                 ; no       ; On           ;
; C6       ; 536        ; 8        ; RESERVED_INPUT_WITH_WEAK_PULLUP                           ;        ;              ;         ; Column I/O ;                 ; no       ; On           ;
; C7       ; 521        ; 8        ; RESERVED_INPUT_WITH_WEAK_PULLUP                           ;        ;              ;         ; Column I/O ;                 ; no       ; On           ;
; C8       ; 519        ; 8        ; RESERVED_INPUT_WITH_WEAK_PULLUP                           ;        ;              ;         ; Column I/O ;                 ; no       ; On           ;
; C9       ; 510        ; 8        ; RESERVED_INPUT_WITH_WEAK_PULLUP                           ;        ;              ;         ; Column I/O ;                 ; no       ; On           ;
; C10      ; 495        ; 8        ; RESERVED_INPUT_WITH_WEAK_PULLUP                           ;        ;              ;         ; Column I/O ;                 ; no       ; On           ;
; C11      ; 508        ; 8        ; RESERVED_INPUT_WITH_WEAK_PULLUP                           ;        ;              ;         ; Column I/O ;                 ; no       ; On           ;
; C12      ; 478        ; 8        ; RESERVED_INPUT_WITH_WEAK_PULLUP                           ;        ;              ;         ; Column I/O ;                 ; no       ; On           ;
; C13      ; 474        ; 8        ; RESERVED_INPUT_WITH_WEAK_PULLUP                           ;        ;              ;         ; Column I/O ;                 ; no       ; On           ;
; C14      ; 476        ; 8        ; RESERVED_INPUT_WITH_WEAK_PULLUP                           ;        ;              ;         ; Column I/O ;                 ; no       ; On           ;
; C15      ; 468        ; 7        ; RESERVED_INPUT_WITH_WEAK_PULLUP                           ;        ;              ;         ; Column I/O ;                 ; no       ; On           ;
; C16      ; 460        ; 7        ; RESERVED_INPUT_WITH_WEAK_PULLUP                           ;        ;              ;         ; Column I/O ;                 ; no       ; On           ;
; C17      ; 438        ; 7        ; RESERVED_INPUT_WITH_WEAK_PULLUP                           ;        ;              ;         ; Column I/O ;                 ; no       ; On           ;
; C18      ; 429        ; 7        ; RESERVED_INPUT_WITH_WEAK_PULLUP                           ;        ;              ;         ; Column I/O ;                 ; no       ; On           ;
; C19      ; 435        ; 7        ; RESERVED_INPUT_WITH_WEAK_PULLUP                           ;        ;              ;         ; Column I/O ;                 ; no       ; On           ;
; C20      ; 431        ; 7        ; RESERVED_INPUT_WITH_WEAK_PULLUP                           ;        ;              ;         ; Column I/O ;                 ; no       ; On           ;
; C21      ; 422        ; 7        ; RESERVED_INPUT_WITH_WEAK_PULLUP                           ;        ;              ;         ; Column I/O ;                 ; no       ; On           ;
; C22      ; 418        ; 7        ; RESERVED_INPUT_WITH_WEAK_PULLUP                           ;        ;              ;         ; Column I/O ;                 ; no       ; On           ;
; C23      ; 415        ; 7        ; RESERVED_INPUT_WITH_WEAK_PULLUP                           ;        ;              ;         ; Column I/O ;                 ; no       ; On           ;
; C24      ; 416        ; 7        ; RESERVED_INPUT_WITH_WEAK_PULLUP                           ;        ;              ;         ; Column I/O ;                 ; no       ; On           ;
; C25      ; 411        ; 7        ; RESERVED_INPUT_WITH_WEAK_PULLUP                           ;        ;              ;         ; Column I/O ;                 ; no       ; On           ;
; C26      ; 400        ; 7        ; RESERVED_INPUT_WITH_WEAK_PULLUP                           ;        ;              ;         ; Column I/O ;                 ; no       ; On           ;
; C27      ; 382        ; 6        ; RESERVED_INPUT_WITH_WEAK_PULLUP                           ;        ;              ;         ; Row I/O    ;                 ; no       ; On           ;
; C28      ;            ;          ; GND                                                       ; gnd    ;              ;         ; --         ;                 ; --       ; --           ;
; D1       ; 3          ; 1        ; RESERVED_INPUT_WITH_WEAK_PULLUP                           ;        ;              ;         ; Row I/O    ;                 ; no       ; On           ;
; D2       ; 2          ; 1        ; RESERVED_INPUT_WITH_WEAK_PULLUP                           ;        ;              ;         ; Row I/O    ;                 ; no       ; On           ;
; D3       ;            ;          ; GND                                                       ; gnd    ;              ;         ; --         ;                 ; --       ; --           ;
; D4       ; 540        ; 8        ; RESERVED_INPUT_WITH_WEAK_PULLUP                           ;        ;              ;         ; Column I/O ;                 ; no       ; On           ;
; D5       ; 537        ; 8        ; RESERVED_INPUT_WITH_WEAK_PULLUP                           ;        ;              ;         ; Column I/O ;                 ; no       ; On           ;
; D6       ; 524        ; 8        ; RESERVED_INPUT_WITH_WEAK_PULLUP                           ;        ;              ;         ; Column I/O ;                 ; no       ; On           ;
; D7       ; 522        ; 8        ; RESERVED_INPUT_WITH_WEAK_PULLUP                           ;        ;              ;         ; Column I/O ;                 ; no       ; On           ;
; D8       ; 520        ; 8        ; RESERVED_INPUT_WITH_WEAK_PULLUP                           ;        ;              ;         ; Column I/O ;                 ; no       ; On           ;
; D9       ; 511        ; 8        ; RESERVED_INPUT_WITH_WEAK_PULLUP                           ;        ;              ;         ; Column I/O ;                 ; no       ; On           ;
; D10      ; 496        ; 8        ; RESERVED_INPUT_WITH_WEAK_PULLUP                           ;        ;              ;         ; Column I/O ;                 ; no       ; On           ;
; D11      ; 509        ; 8        ; RESERVED_INPUT_WITH_WEAK_PULLUP                           ;        ;              ;         ; Column I/O ;                 ; no       ; On           ;
; D12      ; 479        ; 8        ; RESERVED_INPUT_WITH_WEAK_PULLUP                           ;        ;              ;         ; Column I/O ;                 ; no       ; On           ;
; D13      ; 475        ; 8        ; RESERVED_INPUT_WITH_WEAK_PULLUP                           ;        ;              ;         ; Column I/O ;                 ; no       ; On           ;
; D14      ; 477        ; 8        ; RESERVED_INPUT_WITH_WEAK_PULLUP                           ;        ;              ;         ; Column I/O ;                 ; no       ; On           ;
; D15      ; 469        ; 7        ; RESERVED_INPUT_WITH_WEAK_PULLUP                           ;        ;              ;         ; Column I/O ;                 ; no       ; On           ;
; D16      ; 461        ; 7        ; RESERVED_INPUT_WITH_WEAK_PULLUP                           ;        ;              ;         ; Column I/O ;                 ; no       ; On           ;
; D17      ; 439        ; 7        ; RESERVED_INPUT_WITH_WEAK_PULLUP                           ;        ;              ;         ; Column I/O ;                 ; no       ; On           ;
; D18      ; 430        ; 7        ; RESERVED_INPUT_WITH_WEAK_PULLUP                           ;        ;              ;         ; Column I/O ;                 ; no       ; On           ;
; D19      ; 436        ; 7        ; RESERVED_INPUT_WITH_WEAK_PULLUP                           ;        ;              ;         ; Column I/O ;                 ; no       ; On           ;
; D20      ; 432        ; 7        ; RESERVED_INPUT_WITH_WEAK_PULLUP                           ;        ;              ;         ; Column I/O ;                 ; no       ; On           ;
; D21      ; 419        ; 7        ; RESERVED_INPUT_WITH_WEAK_PULLUP                           ;        ;              ;         ; Column I/O ;                 ; no       ; On           ;
; D22      ; 402        ; 7        ; RESERVED_INPUT_WITH_WEAK_PULLUP                           ;        ;              ;         ; Column I/O ;                 ; no       ; On           ;
; D23      ; 414        ; 7        ; RESERVED_INPUT_WITH_WEAK_PULLUP                           ;        ;              ;         ; Column I/O ;                 ; no       ; On           ;
; D24      ; 417        ; 7        ; RESERVED_INPUT_WITH_WEAK_PULLUP                           ;        ;              ;         ; Column I/O ;                 ; no       ; On           ;
; D25      ; 410        ; 7        ; RESERVED_INPUT_WITH_WEAK_PULLUP                           ;        ;              ;         ; Column I/O ;                 ; no       ; On           ;
; D26      ; 383        ; 6        ; RESERVED_INPUT_WITH_WEAK_PULLUP                           ;        ;              ;         ; Row I/O    ;                 ; no       ; On           ;
; D27      ; 381        ; 6        ; RESERVED_INPUT_WITH_WEAK_PULLUP                           ;        ;              ;         ; Row I/O    ;                 ; no       ; On           ;
; D28      ; 380        ; 6        ; RESERVED_INPUT_WITH_WEAK_PULLUP                           ;        ;              ;         ; Row I/O    ;                 ; no       ; On           ;
; E1       ; 17         ; 1        ; RESERVED_INPUT_WITH_WEAK_PULLUP                           ;        ;              ;         ; Row I/O    ;                 ; no       ; On           ;
; E2       ; 16         ; 1        ; ~ALTERA_FLASH_nCE_nCSO~ / RESERVED_INPUT_WITH_WEAK_PULLUP ; input  ; 2.5 V        ;         ; Row I/O    ; N               ; no       ; On           ;
; E3       ; 7          ; 1        ; RESERVED_INPUT_WITH_WEAK_PULLUP                           ;        ;              ;         ; Row I/O    ;                 ; no       ; On           ;
; E4       ; 541        ; 8        ; RESERVED_INPUT_WITH_WEAK_PULLUP                           ;        ;              ;         ; Column I/O ;                 ; no       ; On           ;
; E5       ; 542        ; 8        ; RESERVED_INPUT_WITH_WEAK_PULLUP                           ;        ;              ;         ; Column I/O ;                 ; no       ; On           ;
; E6       ;            ; 8        ; VCCIO8                                                    ; power  ;              ; 2.5V    ; --         ;                 ; --       ; --           ;
; E7       ; 523        ; 8        ; RESERVED_INPUT_WITH_WEAK_PULLUP                           ;        ;              ;         ; Column I/O ;                 ; no       ; On           ;
; E8       ; 526        ; 8        ; RESERVED_INPUT_WITH_WEAK_PULLUP                           ;        ;              ;         ; Column I/O ;                 ; no       ; On           ;
; E9       ;            ; 8        ; VCCIO8                                                    ; power  ;              ; 2.5V    ; --         ;                 ; --       ; --           ;
; E10      ; 516        ; 8        ; RESERVED_INPUT_WITH_WEAK_PULLUP                           ;        ;              ;         ; Column I/O ;                 ; no       ; On           ;
; E11      ; 499        ; 8        ; RESERVED_INPUT_WITH_WEAK_PULLUP                           ;        ;              ;         ; Column I/O ;                 ; no       ; On           ;
; E12      ; 497        ; 8        ; RESERVED_INPUT_WITH_WEAK_PULLUP                           ;        ;              ;         ; Column I/O ;                 ; no       ; On           ;
; E13      ;            ; 8        ; VCCIO8                                                    ; power  ;              ; 2.5V    ; --         ;                 ; --       ; --           ;
; E14      ; 486        ; 8        ; RESERVED_INPUT_WITH_WEAK_PULLUP                           ;        ;              ;         ; Column I/O ;                 ; no       ; On           ;
; E15      ; 467        ; 7        ; RESERVED_INPUT_WITH_WEAK_PULLUP                           ;        ;              ;         ; Column I/O ;                 ; no       ; On           ;
; E16      ;            ; 7        ; VCCIO7                                                    ; power  ;              ; 2.5V    ; --         ;                 ; --       ; --           ;
; E17      ; 456        ; 7        ; LED_seg[2]                                                ; output ; 2.5 V        ;         ; Column I/O ; Y               ; no       ; Off          ;
; E18      ; 427        ; 7        ; LED_R[5]                                                  ; output ; 2.5 V        ;         ; Column I/O ; Y               ; no       ; Off          ;
; E19      ; 421        ; 7        ; LED_R[2]                                                  ; output ; 2.5 V        ;         ; Column I/O ; Y               ; no       ; Off          ;
; E20      ;            ; 7        ; VCCIO7                                                    ; power  ;              ; 2.5V    ; --         ;                 ; --       ; --           ;
; E21      ; 407        ; 7        ; RESERVED_INPUT_WITH_WEAK_PULLUP                           ;        ;              ;         ; Column I/O ;                 ; no       ; On           ;
; E22      ; 403        ; 7        ; RESERVED_INPUT_WITH_WEAK_PULLUP                           ;        ;              ;         ; Column I/O ;                 ; no       ; On           ;
; E23      ;            ; 7        ; VCCIO7                                                    ; power  ;              ; 2.5V    ; --         ;                 ; --       ; --           ;
; E24      ; 433        ; 7        ; RESERVED_INPUT_WITH_WEAK_PULLUP                           ;        ;              ;         ; Column I/O ;                 ; no       ; On           ;
; E25      ; 434        ; 7        ; RESERVED_INPUT_WITH_WEAK_PULLUP                           ;        ;              ;         ; Column I/O ;                 ; no       ; On           ;
; E26      ; 378        ; 6        ; RESERVED_INPUT_WITH_WEAK_PULLUP                           ;        ;              ;         ; Row I/O    ;                 ; no       ; On           ;
; E27      ; 375        ; 6        ; RESERVED_INPUT_WITH_WEAK_PULLUP                           ;        ;              ;         ; Row I/O    ;                 ; no       ; On           ;
; E28      ; 374        ; 6        ; RESERVED_INPUT_WITH_WEAK_PULLUP                           ;        ;              ;         ; Row I/O    ;                 ; no       ; On           ;
; F1       ; 19         ; 1        ; RESERVED_INPUT_WITH_WEAK_PULLUP                           ;        ;              ;         ; Row I/O    ;                 ; no       ; On           ;
; F2       ; 18         ; 1        ; RESERVED_INPUT_WITH_WEAK_PULLUP                           ;        ;              ;         ; Row I/O    ;                 ; no       ; On           ;
; F3       ; 8          ; 1        ; RESERVED_INPUT_WITH_WEAK_PULLUP                           ;        ;              ;         ; Row I/O    ;                 ; no       ; On           ;
; F4       ; 10         ; 1        ; ~ALTERA_ASDO_DATA1~ / RESERVED_INPUT_WITH_WEAK_PULLUP     ; input  ; 2.5 V        ;         ; Row I/O    ; N               ; no       ; On           ;
; F5       ; 9          ; 1        ; RESERVED_INPUT_WITH_WEAK_PULLUP                           ;        ;              ;         ; Row I/O    ;                 ; no       ; On           ;
; F6       ;            ;          ; GND                                                       ; gnd    ;              ;         ; --         ;                 ; --       ; --           ;
; F7       ; 531        ; 8        ; RESERVED_INPUT_WITH_WEAK_PULLUP                           ;        ;              ;         ; Column I/O ;                 ; no       ; On           ;
; F8       ; 527        ; 8        ; RESERVED_INPUT_WITH_WEAK_PULLUP                           ;        ;              ;         ; Column I/O ;                 ; no       ; On           ;
; F9       ;            ;          ; GND                                                       ; gnd    ;              ;         ; --         ;                 ; --       ; --           ;
; F10      ; 512        ; 8        ; RESERVED_INPUT_WITH_WEAK_PULLUP                           ;        ;              ;         ; Column I/O ;                 ; no       ; On           ;
; F11      ; 500        ; 8        ; RESERVED_INPUT_WITH_WEAK_PULLUP                           ;        ;              ;         ; Column I/O ;                 ; no       ; On           ;
; F12      ; 498        ; 8        ; RESERVED_INPUT_WITH_WEAK_PULLUP                           ;        ;              ;         ; Column I/O ;                 ; no       ; On           ;
; F13      ;            ;          ; GND                                                       ; gnd    ;              ;         ; --         ;                 ; --       ; --           ;
; F14      ; 485        ; 8        ; RESERVED_INPUT_WITH_WEAK_PULLUP                           ;        ;              ;         ; Column I/O ;                 ; no       ; On           ;
; F15      ; 466        ; 7        ; RESERVED_INPUT_WITH_WEAK_PULLUP                           ;        ;              ;         ; Column I/O ;                 ; no       ; On           ;
; F16      ;            ;          ; GND                                                       ; gnd    ;              ;         ; --         ;                 ; --       ; --           ;
; F17      ; 455        ; 7        ; RESERVED_INPUT_WITH_WEAK_PULLUP                           ;        ;              ;         ; Column I/O ;                 ; no       ; On           ;
; F18      ; 428        ; 7        ; LED_R[4]                                                  ; output ; 2.5 V        ;         ; Column I/O ; Y               ; no       ; Off          ;
; F19      ; 420        ; 7        ; LED_R[1]                                                  ; output ; 2.5 V        ;         ; Column I/O ; Y               ; no       ; Off          ;
; F20      ;            ;          ; GND                                                       ; gnd    ;              ;         ; --         ;                 ; --       ; --           ;
; F21      ; 408        ; 7        ; LED_R[3]                                                  ; output ; 2.5 V        ;         ; Column I/O ; Y               ; no       ; Off          ;
; F22      ; 409        ; 7        ; LED_seg[1]                                                ; output ; 2.5 V        ;         ; Column I/O ; Y               ; no       ; Off          ;
; F23      ;            ;          ; GND                                                       ; gnd    ;              ;         ; --         ;                 ; --       ; --           ;
; F24      ; 396        ; 6        ; RESERVED_INPUT_WITH_WEAK_PULLUP                           ;        ;              ;         ; Row I/O    ;                 ; no       ; On           ;
; F25      ; 395        ; 6        ; RESERVED_INPUT_WITH_WEAK_PULLUP                           ;        ;              ;         ; Row I/O    ;                 ; no       ; On           ;
; F26      ; 379        ; 6        ; RESERVED_INPUT_WITH_WEAK_PULLUP                           ;        ;              ;         ; Row I/O    ;                 ; no       ; On           ;
; F27      ; 373        ; 6        ; RESERVED_INPUT_WITH_WEAK_PULLUP                           ;        ;              ;         ; Row I/O    ;                 ; no       ; On           ;
; F28      ; 372        ; 6        ; RESERVED_INPUT_WITH_WEAK_PULLUP                           ;        ;              ;         ; Row I/O    ;                 ; no       ; On           ;
; G1       ; 26         ; 1        ; RESERVED_INPUT_WITH_WEAK_PULLUP                           ;        ;              ;         ; Row I/O    ;                 ; no       ; On           ;
; G2       ; 25         ; 1        ; RESERVED_INPUT_WITH_WEAK_PULLUP                           ;        ;              ;         ; Row I/O    ;                 ; no       ; On           ;
; G3       ; 13         ; 1        ; RESERVED_INPUT_WITH_WEAK_PULLUP                           ;        ;              ;         ; Row I/O    ;                 ; no       ; On           ;
; G4       ; 12         ; 1        ; RESERVED_INPUT_WITH_WEAK_PULLUP                           ;        ;              ;         ; Row I/O    ;                 ; no       ; On           ;
; G5       ; 6          ; 1        ; RESERVED_INPUT_WITH_WEAK_PULLUP                           ;        ;              ;         ; Row I/O    ;                 ; no       ; On           ;
; G6       ; 5          ; 1        ; RESERVED_INPUT_WITH_WEAK_PULLUP                           ;        ;              ;         ; Row I/O    ;                 ; no       ; On           ;
; G7       ; 530        ; 8        ; RESERVED_INPUT_WITH_WEAK_PULLUP                           ;        ;              ;         ; Column I/O ;                 ; no       ; On           ;
; G8       ; 528        ; 8        ; RESERVED_INPUT_WITH_WEAK_PULLUP                           ;        ;              ;         ; Column I/O ;                 ; no       ; On           ;
; G9       ; 525        ; 8        ; UART_TX                                                   ; output ; 2.5 V        ;         ; Column I/O ; Y               ; no       ; Off          ;
; G10      ; 513        ; 8        ; RESERVED_INPUT_WITH_WEAK_PULLUP                           ;        ;              ;         ; Column I/O ;                 ; no       ; On           ;
; G11      ; 506        ; 8        ; RESERVED_INPUT_WITH_WEAK_PULLUP                           ;        ;              ;         ; Column I/O ;                 ; no       ; On           ;
; G12      ; 503        ; 8        ; UART_RX                                                   ; input  ; 2.5 V        ;         ; Column I/O ; Y               ; no       ; Off          ;
; G13      ; 493        ; 8        ; RESERVED_INPUT_WITH_WEAK_PULLUP                           ;        ;              ;         ; Column I/O ;                 ; no       ; On           ;
; G14      ; 484        ; 8        ; RESERVED_INPUT_WITH_WEAK_PULLUP                           ;        ;              ;         ; Column I/O ;                 ; --       ; --           ;
; G15      ; 457        ; 7        ; RESERVED_INPUT_WITH_WEAK_PULLUP                           ;        ;              ;         ; Column I/O ;                 ; --       ; --           ;
; G16      ; 453        ; 7        ; RESERVED_INPUT_WITH_WEAK_PULLUP                           ;        ;              ;         ; Column I/O ;                 ; no       ; On           ;
; G17      ; 437        ; 7        ; LED_R[9]                                                  ; output ; 2.5 V        ;         ; Column I/O ; Y               ; no       ; Off          ;
; G18      ; 452        ; 7        ; LED_seg[0]                                                ; output ; 2.5 V        ;         ; Column I/O ; Y               ; no       ; Off          ;
; G19      ; 451        ; 7        ; LED_R[0]                                                  ; output ; 2.5 V        ;         ; Column I/O ; Y               ; no       ; Off          ;
; G20      ; 444        ; 7        ; RESERVED_INPUT_WITH_WEAK_PULLUP                           ;        ;              ;         ; Column I/O ;                 ; no       ; On           ;
; G21      ; 445        ; 7        ; RESERVED_INPUT_WITH_WEAK_PULLUP                           ;        ;              ;         ; Column I/O ;                 ; no       ; On           ;
; G22      ; 449        ; 7        ; RESERVED_INPUT_WITH_WEAK_PULLUP                           ;        ;              ;         ; Column I/O ;                 ; no       ; On           ;
; G23      ; 398        ; 6        ; RESERVED_INPUT_WITH_WEAK_PULLUP                           ;        ;              ;         ; Row I/O    ;                 ; no       ; On           ;
; G24      ; 397        ; 6        ; RESERVED_INPUT_WITH_WEAK_PULLUP                           ;        ;              ;         ; Row I/O    ;                 ; no       ; On           ;
; G25      ; 393        ; 6        ; RESERVED_INPUT_WITH_WEAK_PULLUP                           ;        ;              ;         ; Row I/O    ;                 ; no       ; On           ;
; G26      ; 392        ; 6        ; RESERVED_INPUT_WITH_WEAK_PULLUP                           ;        ;              ;         ; Row I/O    ;                 ; no       ; On           ;
; G27      ; 367        ; 6        ; RESERVED_INPUT_WITH_WEAK_PULLUP                           ;        ;              ;         ; Row I/O    ;                 ; no       ; On           ;
; G28      ; 366        ; 6        ; RESERVED_INPUT_WITH_WEAK_PULLUP                           ;        ;              ;         ; Row I/O    ;                 ; no       ; On           ;
; H1       ;            ; 1        ; VCCIO1                                                    ; power  ;              ; 2.5V    ; --         ;                 ; --       ; --           ;
; H2       ;            ;          ; GND                                                       ; gnd    ;              ;         ; --         ;                 ; --       ; --           ;
; H3       ; 15         ; 1        ; RESERVED_INPUT_WITH_WEAK_PULLUP                           ;        ;              ;         ; Row I/O    ;                 ; no       ; On           ;
; H4       ; 14         ; 1        ; RESERVED_INPUT_WITH_WEAK_PULLUP                           ;        ;              ;         ; Row I/O    ;                 ; no       ; On           ;
; H5       ; 20         ; 1        ; RESERVED_INPUT_WITH_WEAK_PULLUP                           ;        ;              ;         ; Row I/O    ;                 ; no       ; On           ;
; H6       ; 11         ; 1        ; RESERVED_INPUT_WITH_WEAK_PULLUP                           ;        ;              ;         ; Row I/O    ;                 ; no       ; On           ;
; H7       ; 4          ; 1        ; RESERVED_INPUT_WITH_WEAK_PULLUP                           ;        ;              ;         ; Row I/O    ;                 ; --       ; --           ;
; H8       ; 529        ; 8        ; RESERVED_INPUT_WITH_WEAK_PULLUP                           ;        ;              ;         ; Column I/O ;                 ; no       ; On           ;
; H9       ;            ;          ; GNDA3                                                     ; gnd    ;              ;         ; --         ;                 ; --       ; --           ;
; H10      ; 514        ; 8        ; RESERVED_INPUT_WITH_WEAK_PULLUP                           ;        ;              ;         ; Column I/O ;                 ; no       ; On           ;
; H11      ;            ; 8        ; VCCIO8                                                    ; power  ;              ; 2.5V    ; --         ;                 ; --       ; --           ;
; H12      ; 507        ; 8        ; RESERVED_INPUT_WITH_WEAK_PULLUP                           ;        ;              ;         ; Column I/O ;                 ; no       ; On           ;
; H13      ; 494        ; 8        ; RESERVED_INPUT_WITH_WEAK_PULLUP                           ;        ;              ;         ; Column I/O ;                 ; no       ; On           ;
; H14      ; 480        ; 8        ; RESERVED_INPUT_WITH_WEAK_PULLUP                           ;        ;              ;         ; Column I/O ;                 ; no       ; On           ;
; H15      ; 464        ; 7        ; RESERVED_INPUT_WITH_WEAK_PULLUP                           ;        ;              ;         ; Column I/O ;                 ; no       ; On           ;
; H16      ; 459        ; 7        ; RESERVED_INPUT_WITH_WEAK_PULLUP                           ;        ;              ;         ; Column I/O ;                 ; no       ; On           ;
; H17      ; 454        ; 7        ; RESERVED_INPUT_WITH_WEAK_PULLUP                           ;        ;              ;         ; Column I/O ;                 ; no       ; On           ;
; H18      ;            ; 7        ; VCCIO7                                                    ; power  ;              ; 2.5V    ; --         ;                 ; --       ; --           ;
; H19      ; 446        ; 7        ; LED_R[7]                                                  ; output ; 2.5 V        ;         ; Column I/O ; Y               ; no       ; Off          ;
; H20      ;            ;          ; GNDA2                                                     ; gnd    ;              ;         ; --         ;                 ; --       ; --           ;
; H21      ; 448        ; 7        ; RESERVED_INPUT_WITH_WEAK_PULLUP                           ;        ;              ;         ; Column I/O ;                 ; no       ; On           ;
; H22      ; 399        ; 6        ; LED_seg[6]                                                ; output ; 2.5 V        ;         ; Row I/O    ; Y               ; no       ; Off          ;
; H23      ; 391        ; 6        ; RESERVED_INPUT_WITH_WEAK_PULLUP                           ;        ;              ;         ; Row I/O    ;                 ; no       ; On           ;
; H24      ; 390        ; 6        ; RESERVED_INPUT_WITH_WEAK_PULLUP                           ;        ;              ;         ; Row I/O    ;                 ; no       ; On           ;
; H25      ; 377        ; 6        ; RESERVED_INPUT_WITH_WEAK_PULLUP                           ;        ;              ;         ; Row I/O    ;                 ; no       ; On           ;
; H26      ; 376        ; 6        ; RESERVED_INPUT_WITH_WEAK_PULLUP                           ;        ;              ;         ; Row I/O    ;                 ; no       ; On           ;
; H27      ;            ;          ; GND                                                       ; gnd    ;              ;         ; --         ;                 ; --       ; --           ;
; H28      ;            ; 6        ; VCCIO6                                                    ; power  ;              ; 2.5V    ; --         ;                 ; --       ; --           ;
; J1       ; 64         ; 1        ; GND+                                                      ;        ;              ;         ; Row I/O    ;                 ; --       ; --           ;
; J2       ;            ;          ; GND                                                       ; gnd    ;              ;         ; --         ;                 ; --       ; --           ;
; J3       ; 23         ; 1        ; RESERVED_INPUT_WITH_WEAK_PULLUP                           ;        ;              ;         ; Row I/O    ;                 ; no       ; On           ;
; J4       ; 22         ; 1        ; RESERVED_INPUT_WITH_WEAK_PULLUP                           ;        ;              ;         ; Row I/O    ;                 ; no       ; On           ;
; J5       ; 36         ; 1        ; RESERVED_INPUT_WITH_WEAK_PULLUP                           ;        ;              ;         ; Row I/O    ;                 ; no       ; On           ;
; J6       ; 35         ; 1        ; RESERVED_INPUT_WITH_WEAK_PULLUP                           ;        ;              ;         ; Row I/O    ;                 ; no       ; On           ;
; J7       ; 37         ; 1        ; RESERVED_INPUT_WITH_WEAK_PULLUP                           ;        ;              ;         ; Row I/O    ;                 ; no       ; On           ;
; J8       ;            ; --       ; VCCA3                                                     ; power  ;              ; 2.5V    ; --         ;                 ; --       ; --           ;
; J9       ;            ;          ; VCCD_PLL3                                                 ; power  ;              ; 1.2V    ; --         ;                 ; --       ; --           ;
; J10      ; 515        ; 8        ; RESERVED_INPUT_WITH_WEAK_PULLUP                           ;        ;              ;         ; Column I/O ;                 ; no       ; On           ;
; J11      ;            ;          ; GND                                                       ; gnd    ;              ;         ; --         ;                 ; --       ; --           ;
; J12      ; 490        ; 8        ; RESERVED_INPUT_WITH_WEAK_PULLUP                           ;        ;              ;         ; Column I/O ;                 ; no       ; On           ;
; J13      ; 489        ; 8        ; RESERVED_INPUT_WITH_WEAK_PULLUP                           ;        ;              ;         ; Column I/O ;                 ; no       ; On           ;
; J14      ; 481        ; 8        ; RESERVED_INPUT_WITH_WEAK_PULLUP                           ;        ;              ;         ; Column I/O ;                 ; no       ; On           ;
; J15      ; 465        ; 7        ; RESERVED_INPUT_WITH_WEAK_PULLUP                           ;        ;              ;         ; Column I/O ;                 ; no       ; On           ;
; J16      ; 458        ; 7        ; RESERVED_INPUT_WITH_WEAK_PULLUP                           ;        ;              ;         ; Column I/O ;                 ; no       ; On           ;
; J17      ; 450        ; 7        ; LED_R[8]                                                  ; output ; 2.5 V        ;         ; Column I/O ; Y               ; no       ; Off          ;
; J18      ;            ;          ; GND                                                       ; gnd    ;              ;         ; --         ;                 ; --       ; --           ;
; J19      ; 447        ; 7        ; LED_R[6]                                                  ; output ; 2.5 V        ;         ; Column I/O ; Y               ; no       ; Off          ;
; J20      ;            ;          ; VCCD_PLL2                                                 ; power  ;              ; 1.2V    ; --         ;                 ; --       ; --           ;
; J21      ;            ; --       ; VCCA2                                                     ; power  ;              ; 2.5V    ; --         ;                 ; --       ; --           ;
; J22      ; 394        ; 6        ; LED_seg[5]                                                ; output ; 2.5 V        ;         ; Row I/O    ; Y               ; no       ; Off          ;
; J23      ; 387        ; 6        ; RESERVED_INPUT_WITH_WEAK_PULLUP                           ;        ;              ;         ; Row I/O    ;                 ; no       ; On           ;
; J24      ; 386        ; 6        ; RESERVED_INPUT_WITH_WEAK_PULLUP                           ;        ;              ;         ; Row I/O    ;                 ; no       ; On           ;
; J25      ; 365        ; 6        ; RESERVED_INPUT_WITH_WEAK_PULLUP                           ;        ;              ;         ; Row I/O    ;                 ; no       ; On           ;
; J26      ; 364        ; 6        ; RESERVED_INPUT_WITH_WEAK_PULLUP                           ;        ;              ;         ; Row I/O    ;                 ; no       ; On           ;
; J27      ; 338        ; 6        ; GND+                                                      ;        ;              ;         ; Row I/O    ;                 ; --       ; --           ;
; J28      ; 337        ; 6        ; GND+                                                      ;        ;              ;         ; Row I/O    ;                 ; --       ; --           ;
; K1       ; 28         ; 1        ; RESERVED_INPUT_WITH_WEAK_PULLUP                           ;        ;              ;         ; Row I/O    ;                 ; no       ; On           ;
; K2       ; 27         ; 1        ; RESERVED_INPUT_WITH_WEAK_PULLUP                           ;        ;              ;         ; Row I/O    ;                 ; no       ; On           ;
; K3       ; 30         ; 1        ; RESERVED_INPUT_WITH_WEAK_PULLUP                           ;        ;              ;         ; Row I/O    ;                 ; no       ; On           ;
; K4       ; 29         ; 1        ; RESERVED_INPUT_WITH_WEAK_PULLUP                           ;        ;              ;         ; Row I/O    ;                 ; no       ; On           ;
; K5       ;            ; 1        ; VCCIO1                                                    ; power  ;              ; 2.5V    ; --         ;                 ; --       ; --           ;
; K6       ;            ;          ; GND                                                       ; gnd    ;              ;         ; --         ;                 ; --       ; --           ;
; K7       ; 38         ; 1        ; RESERVED_INPUT_WITH_WEAK_PULLUP                           ;        ;              ;         ; Row I/O    ;                 ; no       ; On           ;
; K8       ; 39         ; 1        ; RESERVED_INPUT_WITH_WEAK_PULLUP                           ;        ;              ;         ; Row I/O    ;                 ; no       ; On           ;
; K9       ;            ;          ; VCCINT                                                    ; power  ;              ; 1.2V    ; --         ;                 ; --       ; --           ;
; K10      ;            ;          ; GND                                                       ; gnd    ;              ;         ; --         ;                 ; --       ; --           ;
; K11      ;            ;          ; VCCINT                                                    ; power  ;              ; 1.2V    ; --         ;                 ; --       ; --           ;
; K12      ;            ;          ; GND                                                       ; gnd    ;              ;         ; --         ;                 ; --       ; --           ;
; K13      ;            ;          ; VCCINT                                                    ; power  ;              ; 1.2V    ; --         ;                 ; --       ; --           ;
; K14      ;            ;          ; GND                                                       ; gnd    ;              ;         ; --         ;                 ; --       ; --           ;
; K15      ;            ;          ; VCCINT                                                    ; power  ;              ; 1.2V    ; --         ;                 ; --       ; --           ;
; K16      ;            ;          ; GND                                                       ; gnd    ;              ;         ; --         ;                 ; --       ; --           ;
; K17      ;            ;          ; VCCINT                                                    ; power  ;              ; 1.2V    ; --         ;                 ; --       ; --           ;
; K18      ;            ;          ; GND                                                       ; gnd    ;              ;         ; --         ;                 ; --       ; --           ;
; K19      ;            ;          ; VCCINT                                                    ; power  ;              ; 1.2V    ; --         ;                 ; --       ; --           ;
; K20      ;            ;          ; GND                                                       ; gnd    ;              ;         ; --         ;                 ; --       ; --           ;
; K21      ; 389        ; 6        ; RESERVED_INPUT_WITH_WEAK_PULLUP                           ;        ;              ;         ; Row I/O    ;                 ; no       ; On           ;
; K22      ; 388        ; 6        ; RESERVED_INPUT_WITH_WEAK_PULLUP                           ;        ;              ;         ; Row I/O    ;                 ; no       ; On           ;
; K23      ;            ;          ; GND                                                       ; gnd    ;              ;         ; --         ;                 ; --       ; --           ;
; K24      ;            ; 6        ; VCCIO6                                                    ; power  ;              ; 2.5V    ; --         ;                 ; --       ; --           ;
; K25      ; 371        ; 6        ; RESERVED_INPUT_WITH_WEAK_PULLUP                           ;        ;              ;         ; Row I/O    ;                 ; no       ; On           ;
; K26      ; 370        ; 6        ; RESERVED_INPUT_WITH_WEAK_PULLUP                           ;        ;              ;         ; Row I/O    ;                 ; no       ; On           ;
; K27      ; 362        ; 6        ; RESERVED_INPUT_WITH_WEAK_PULLUP                           ;        ;              ;         ; Row I/O    ;                 ; no       ; On           ;
; K28      ; 361        ; 6        ; RESERVED_INPUT_WITH_WEAK_PULLUP                           ;        ;              ;         ; Row I/O    ;                 ; no       ; On           ;
; L1       ; 49         ; 1        ; RESERVED_INPUT_WITH_WEAK_PULLUP                           ;        ;              ;         ; Row I/O    ;                 ; no       ; On           ;
; L2       ; 48         ; 1        ; RESERVED_INPUT_WITH_WEAK_PULLUP                           ;        ;              ;         ; Row I/O    ;                 ; no       ; On           ;
; L3       ; 32         ; 1        ; RESERVED_INPUT_WITH_WEAK_PULLUP                           ;        ;              ;         ; Row I/O    ;                 ; no       ; On           ;
; L4       ; 31         ; 1        ; RESERVED_INPUT_WITH_WEAK_PULLUP                           ;        ;              ;         ; Row I/O    ;                 ; no       ; On           ;
; L5       ; 21         ; 1        ; RESERVED_INPUT_WITH_WEAK_PULLUP                           ;        ;              ;         ; Row I/O    ;                 ; --       ; --           ;
; L6       ; 43         ; 1        ; RESERVED_INPUT_WITH_WEAK_PULLUP                           ;        ;              ;         ; Row I/O    ;                 ; no       ; On           ;
; L7       ; 42         ; 1        ; RESERVED_INPUT_WITH_WEAK_PULLUP                           ;        ;              ;         ; Row I/O    ;                 ; no       ; On           ;
; L8       ; 40         ; 1        ; RESERVED_INPUT_WITH_WEAK_PULLUP                           ;        ;              ;         ; Row I/O    ;                 ; no       ; On           ;
; L9       ;            ;          ; GND                                                       ; gnd    ;              ;         ; --         ;                 ; --       ; --           ;
; L10      ;            ;          ; VCCINT                                                    ; power  ;              ; 1.2V    ; --         ;                 ; --       ; --           ;
; L11      ;            ;          ; GND                                                       ; gnd    ;              ;         ; --         ;                 ; --       ; --           ;
; L12      ;            ;          ; VCCINT                                                    ; power  ;              ; 1.2V    ; --         ;                 ; --       ; --           ;
; L13      ;            ;          ; GND                                                       ; gnd    ;              ;         ; --         ;                 ; --       ; --           ;
; L14      ;            ;          ; VCCINT                                                    ; power  ;              ; 1.2V    ; --         ;                 ; --       ; --           ;
; L15      ;            ;          ; GND                                                       ; gnd    ;              ;         ; --         ;                 ; --       ; --           ;
; L16      ;            ;          ; VCCINT                                                    ; power  ;              ; 1.2V    ; --         ;                 ; --       ; --           ;
; L17      ;            ;          ; GND                                                       ; gnd    ;              ;         ; --         ;                 ; --       ; --           ;
; L18      ;            ;          ; VCCINT                                                    ; power  ;              ; 1.2V    ; --         ;                 ; --       ; --           ;
; L19      ;            ;          ; GND                                                       ; gnd    ;              ;         ; --         ;                 ; --       ; --           ;
; L20      ;            ;          ; VCCINT                                                    ; power  ;              ; 1.2V    ; --         ;                 ; --       ; --           ;
; L21      ; 385        ; 6        ; RESERVED_INPUT_WITH_WEAK_PULLUP                           ;        ;              ;         ; Row I/O    ;                 ; no       ; On           ;
; L22      ; 384        ; 6        ; RESERVED_INPUT_WITH_WEAK_PULLUP                           ;        ;              ;         ; Row I/O    ;                 ; no       ; On           ;
; L23      ; 360        ; 6        ; RESERVED_INPUT_WITH_WEAK_PULLUP                           ;        ;              ;         ; Row I/O    ;                 ; no       ; On           ;
; L24      ; 359        ; 6        ; RESERVED_INPUT_WITH_WEAK_PULLUP                           ;        ;              ;         ; Row I/O    ;                 ; no       ; On           ;
; L25      ; 369        ; 6        ; LED_seg[4]                                                ; output ; 2.5 V        ;         ; Row I/O    ; Y               ; no       ; Off          ;
; L26      ; 363        ; 6        ; LED_seg[3]                                                ; output ; 2.5 V        ;         ; Row I/O    ; Y               ; no       ; Off          ;
; L27      ; 358        ; 6        ; RESERVED_INPUT_WITH_WEAK_PULLUP                           ;        ;              ;         ; Row I/O    ;                 ; no       ; On           ;
; L28      ; 357        ; 6        ; RESERVED_INPUT_WITH_WEAK_PULLUP                           ;        ;              ;         ; Row I/O    ;                 ; no       ; On           ;
; M1       ; 51         ; 1        ; RESERVED_INPUT_WITH_WEAK_PULLUP                           ;        ;              ;         ; Row I/O    ;                 ; no       ; On           ;
; M2       ; 50         ; 1        ; RESERVED_INPUT_WITH_WEAK_PULLUP                           ;        ;              ;         ; Row I/O    ;                 ; no       ; On           ;
; M3       ; 34         ; 1        ; RESERVED_INPUT_WITH_WEAK_PULLUP                           ;        ;              ;         ; Row I/O    ;                 ; no       ; On           ;
; M4       ; 33         ; 1        ; RESERVED_INPUT_WITH_WEAK_PULLUP                           ;        ;              ;         ; Row I/O    ;                 ; no       ; On           ;
; M5       ; 41         ; 1        ; RESERVED_INPUT_WITH_WEAK_PULLUP                           ;        ;              ;         ; Row I/O    ;                 ; --       ; --           ;
; M6       ; 24         ; 1        ; ^nSTATUS                                                  ;        ;              ;         ; --         ;                 ; --       ; --           ;
; M7       ; 47         ; 1        ; RESERVED_INPUT_WITH_WEAK_PULLUP                           ;        ;              ;         ; Row I/O    ;                 ; no       ; On           ;
; M8       ; 46         ; 1        ; RESERVED_INPUT_WITH_WEAK_PULLUP                           ;        ;              ;         ; Row I/O    ;                 ; no       ; On           ;
; M9       ;            ;          ; VCCINT                                                    ; power  ;              ; 1.2V    ; --         ;                 ; --       ; --           ;
; M10      ;            ;          ; GND                                                       ; gnd    ;              ;         ; --         ;                 ; --       ; --           ;
; M11      ;            ;          ; VCCINT                                                    ; power  ;              ; 1.2V    ; --         ;                 ; --       ; --           ;
; M12      ;            ;          ; GND                                                       ; gnd    ;              ;         ; --         ;                 ; --       ; --           ;
; M13      ;            ;          ; VCCINT                                                    ; power  ;              ; 1.2V    ; --         ;                 ; --       ; --           ;
; M14      ;            ;          ; GND                                                       ; gnd    ;              ;         ; --         ;                 ; --       ; --           ;
; M15      ;            ;          ; VCCINT                                                    ; power  ;              ; 1.2V    ; --         ;                 ; --       ; --           ;
; M16      ;            ;          ; GND                                                       ; gnd    ;              ;         ; --         ;                 ; --       ; --           ;
; M17      ;            ;          ; VCCINT                                                    ; power  ;              ; 1.2V    ; --         ;                 ; --       ; --           ;
; M18      ;            ;          ; GND                                                       ; gnd    ;              ;         ; --         ;                 ; --       ; --           ;
; M19      ;            ;          ; VCCINT                                                    ; power  ;              ; 1.2V    ; --         ;                 ; --       ; --           ;
; M20      ;            ;          ; GND                                                       ; gnd    ;              ;         ; --         ;                 ; --       ; --           ;
; M21      ; 368        ; 6        ; RESERVED_INPUT_WITH_WEAK_PULLUP                           ;        ;              ;         ; Row I/O    ;                 ; --       ; --           ;
; M22      ; 342        ; 6        ; ^MSEL2                                                    ;        ;              ;         ; --         ;                 ; --       ; --           ;
; M23      ; 344        ; 6        ; reset_n                                                   ; input  ; 2.5 V        ;         ; Row I/O    ; Y               ; no       ; Off          ;
; M24      ; 347        ; 6        ; RESERVED_INPUT_WITH_WEAK_PULLUP                           ;        ;              ;         ; Row I/O    ;                 ; no       ; On           ;
; M25      ; 356        ; 6        ; RESERVED_INPUT_WITH_WEAK_PULLUP                           ;        ;              ;         ; Row I/O    ;                 ; no       ; On           ;
; M26      ; 355        ; 6        ; RESERVED_INPUT_WITH_WEAK_PULLUP                           ;        ;              ;         ; Row I/O    ;                 ; no       ; On           ;
; M27      ; 354        ; 6        ; RESERVED_INPUT_WITH_WEAK_PULLUP                           ;        ;              ;         ; Row I/O    ;                 ; no       ; On           ;
; M28      ; 353        ; 6        ; RESERVED_INPUT_WITH_WEAK_PULLUP                           ;        ;              ;         ; Row I/O    ;                 ; no       ; On           ;
; N1       ;            ; 1        ; VCCIO1                                                    ; power  ;              ; 2.5V    ; --         ;                 ; --       ; --           ;
; N2       ;            ;          ; GND                                                       ; gnd    ;              ;         ; --         ;                 ; --       ; --           ;
; N3       ; 45         ; 1        ; RESERVED_INPUT_WITH_WEAK_PULLUP                           ;        ;              ;         ; Row I/O    ;                 ; no       ; On           ;
; N4       ; 44         ; 1        ; RESERVED_INPUT_WITH_WEAK_PULLUP                           ;        ;              ;         ; Row I/O    ;                 ; no       ; On           ;
; N5       ;            ; 1        ; VCCIO1                                                    ; power  ;              ; 2.5V    ; --         ;                 ; --       ; --           ;
; N6       ;            ;          ; GND                                                       ; gnd    ;              ;         ; --         ;                 ; --       ; --           ;
; N7       ; 56         ; 1        ; ~ALTERA_DATA0~ / RESERVED_INPUT_WITH_WEAK_PULLUP          ; input  ; 2.5 V        ;         ; Row I/O    ; N               ; no       ; On           ;
; N8       ; 54         ; 1        ; RESERVED_INPUT_WITH_WEAK_PULLUP                           ;        ;              ;         ; Row I/O    ;                 ; no       ; On           ;
; N9       ;            ;          ; GND                                                       ; gnd    ;              ;         ; --         ;                 ; --       ; --           ;
; N10      ;            ;          ; VCCINT                                                    ; power  ;              ; 1.2V    ; --         ;                 ; --       ; --           ;
; N11      ;            ;          ; GND                                                       ; gnd    ;              ;         ; --         ;                 ; --       ; --           ;
; N12      ;            ;          ; VCCINT                                                    ; power  ;              ; 1.2V    ; --         ;                 ; --       ; --           ;
; N13      ;            ;          ; GND                                                       ; gnd    ;              ;         ; --         ;                 ; --       ; --           ;
; N14      ;            ;          ; VCCINT                                                    ; power  ;              ; 1.2V    ; --         ;                 ; --       ; --           ;
; N15      ;            ;          ; GND                                                       ; gnd    ;              ;         ; --         ;                 ; --       ; --           ;
; N16      ;            ;          ; VCCINT                                                    ; power  ;              ; 1.2V    ; --         ;                 ; --       ; --           ;
; N17      ;            ;          ; GND                                                       ; gnd    ;              ;         ; --         ;                 ; --       ; --           ;
; N18      ;            ;          ; VCCINT                                                    ; power  ;              ; 1.2V    ; --         ;                 ; --       ; --           ;
; N19      ;            ;          ; GND                                                       ; gnd    ;              ;         ; --         ;                 ; --       ; --           ;
; N20      ;            ;          ; VCCINT                                                    ; power  ;              ; 1.2V    ; --         ;                 ; --       ; --           ;
; N21      ; 348        ; 6        ; stop                                                      ; input  ; 2.5 V        ;         ; Row I/O    ; Y               ; no       ; Off          ;
; N22      ; 340        ; 6        ; ^MSEL0                                                    ;        ;              ;         ; --         ;                 ; --       ; --           ;
; N23      ;            ;          ; GND                                                       ; gnd    ;              ;         ; --         ;                 ; --       ; --           ;
; N24      ;            ; 6        ; VCCIO6                                                    ; power  ;              ; 2.5V    ; --         ;                 ; --       ; --           ;
; N25      ; 352        ; 6        ; RESERVED_INPUT_WITH_WEAK_PULLUP                           ;        ;              ;         ; Row I/O    ;                 ; no       ; On           ;
; N26      ; 351        ; 6        ; RESERVED_INPUT_WITH_WEAK_PULLUP                           ;        ;              ;         ; Row I/O    ;                 ; no       ; On           ;
; N27      ;            ;          ; GND                                                       ; gnd    ;              ;         ; --         ;                 ; --       ; --           ;
; N28      ;            ; 6        ; VCCIO6                                                    ; power  ;              ; 2.5V    ; --         ;                 ; --       ; --           ;
; P1       ; 53         ; 1        ; RESERVED_INPUT_WITH_WEAK_PULLUP                           ;        ;              ;         ; Row I/O    ;                 ; no       ; On           ;
; P2       ; 52         ; 1        ; RESERVED_INPUT_WITH_WEAK_PULLUP                           ;        ;              ;         ; Row I/O    ;                 ; no       ; On           ;
; P3       ; 55         ; 1        ; ~ALTERA_DCLK~                                             ; output ; 2.5 V        ;         ; Row I/O    ; N               ; no       ; On           ;
; P4       ; 57         ; 1        ; ^nCONFIG                                                  ;        ;              ;         ; --         ;                 ; --       ; --           ;
; P5       ; 59         ; 1        ; #TCK                                                      ; input  ;              ;         ; --         ;                 ; --       ; --           ;
; P6       ; 61         ; 1        ; #TDO                                                      ; output ;              ;         ; --         ;                 ; --       ; --           ;
; P7       ; 58         ; 1        ; #TDI                                                      ; input  ;              ;         ; --         ;                 ; --       ; --           ;
; P8       ; 60         ; 1        ; #TMS                                                      ; input  ;              ;         ; --         ;                 ; --       ; --           ;
; P9       ;            ;          ; VCCINT                                                    ; power  ;              ; 1.2V    ; --         ;                 ; --       ; --           ;
; P10      ;            ;          ; GND                                                       ; gnd    ;              ;         ; --         ;                 ; --       ; --           ;
; P11      ;            ;          ; VCCINT                                                    ; power  ;              ; 1.2V    ; --         ;                 ; --       ; --           ;
; P12      ;            ;          ; GND                                                       ; gnd    ;              ;         ; --         ;                 ; --       ; --           ;
; P13      ;            ;          ; VCCINT                                                    ; power  ;              ; 1.2V    ; --         ;                 ; --       ; --           ;
; P14      ;            ;          ; GND                                                       ; gnd    ;              ;         ; --         ;                 ; --       ; --           ;
; P15      ;            ;          ; VCCINT                                                    ; power  ;              ; 1.2V    ; --         ;                 ; --       ; --           ;
; P16      ;            ;          ; GND                                                       ; gnd    ;              ;         ; --         ;                 ; --       ; --           ;
; P17      ;            ;          ; VCCINT                                                    ; power  ;              ; 1.2V    ; --         ;                 ; --       ; --           ;
; P18      ;            ;          ; GND                                                       ; gnd    ;              ;         ; --         ;                 ; --       ; --           ;
; P19      ;            ;          ; VCCINT                                                    ; power  ;              ; 1.2V    ; --         ;                 ; --       ; --           ;
; P20      ;            ;          ; GND                                                       ; gnd    ;              ;         ; --         ;                 ; --       ; --           ;
; P21      ; 334        ; 5        ; RESERVED_INPUT_WITH_WEAK_PULLUP                           ;        ;              ;         ; Row I/O    ;                 ; no       ; On           ;
; P22      ; 343        ; 6        ; ^MSEL3                                                    ;        ;              ;         ; --         ;                 ; --       ; --           ;
; P23      ; 341        ; 6        ; ^MSEL1                                                    ;        ;              ;         ; --         ;                 ; --       ; --           ;
; P24      ; 339        ; 6        ; ^CONF_DONE                                                ;        ;              ;         ; --         ;                 ; --       ; --           ;
; P25      ; 346        ; 6        ; RESERVED_INPUT_WITH_WEAK_PULLUP                           ;        ;              ;         ; Row I/O    ;                 ; no       ; On           ;
; P26      ; 345        ; 6        ; RESERVED_INPUT_WITH_WEAK_PULLUP                           ;        ;              ;         ; Row I/O    ;                 ; no       ; On           ;
; P27      ; 350        ; 6        ; RESERVED_INPUT_WITH_WEAK_PULLUP                           ;        ;              ;         ; Row I/O    ;                 ; no       ; On           ;
; P28      ; 349        ; 6        ; ~ALTERA_nCEO~ / RESERVED_OUTPUT_OPEN_DRAIN                ; output ; 2.5 V        ;         ; Row I/O    ; N               ; no       ; Off          ;
; R1       ; 68         ; 2        ; RESERVED_INPUT_WITH_WEAK_PULLUP                           ;        ;              ;         ; Row I/O    ;                 ; no       ; On           ;
; R2       ; 67         ; 2        ; RESERVED_INPUT_WITH_WEAK_PULLUP                           ;        ;              ;         ; Row I/O    ;                 ; no       ; On           ;
; R3       ; 73         ; 2        ; RESERVED_INPUT_WITH_WEAK_PULLUP                           ;        ;              ;         ; Row I/O    ;                 ; no       ; On           ;
; R4       ; 74         ; 2        ; RESERVED_INPUT_WITH_WEAK_PULLUP                           ;        ;              ;         ; Row I/O    ;                 ; no       ; On           ;
; R5       ; 77         ; 2        ; RESERVED_INPUT_WITH_WEAK_PULLUP                           ;        ;              ;         ; Row I/O    ;                 ; no       ; On           ;
; R6       ; 70         ; 2        ; RESERVED_INPUT_WITH_WEAK_PULLUP                           ;        ;              ;         ; Row I/O    ;                 ; no       ; On           ;
; R7       ; 69         ; 2        ; RESERVED_INPUT_WITH_WEAK_PULLUP                           ;        ;              ;         ; Row I/O    ;                 ; no       ; On           ;
; R8       ; 62         ; 1        ; ^nCE                                                      ;        ;              ;         ; --         ;                 ; --       ; --           ;
; R9       ;            ;          ; GND                                                       ; gnd    ;              ;         ; --         ;                 ; --       ; --           ;
; R10      ;            ;          ; VCCINT                                                    ; power  ;              ; 1.2V    ; --         ;                 ; --       ; --           ;
; R11      ;            ;          ; GND                                                       ; gnd    ;              ;         ; --         ;                 ; --       ; --           ;
; R12      ;            ;          ; VCCINT                                                    ; power  ;              ; 1.2V    ; --         ;                 ; --       ; --           ;
; R13      ;            ;          ; GND                                                       ; gnd    ;              ;         ; --         ;                 ; --       ; --           ;
; R14      ;            ;          ; VCCINT                                                    ; power  ;              ; 1.2V    ; --         ;                 ; --       ; --           ;
; R15      ;            ;          ; GND                                                       ; gnd    ;              ;         ; --         ;                 ; --       ; --           ;
; R16      ;            ;          ; VCCINT                                                    ; power  ;              ; 1.2V    ; --         ;                 ; --       ; --           ;
; R17      ;            ;          ; GND                                                       ; gnd    ;              ;         ; --         ;                 ; --       ; --           ;
; R18      ;            ;          ; VCCINT                                                    ; power  ;              ; 1.2V    ; --         ;                 ; --       ; --           ;
; R19      ;            ;          ; GND                                                       ; gnd    ;              ;         ; --         ;                 ; --       ; --           ;
; R20      ;            ;          ; VCCINT                                                    ; power  ;              ; 1.2V    ; --         ;                 ; --       ; --           ;
; R21      ; 333        ; 5        ; RESERVED_INPUT_WITH_WEAK_PULLUP                           ;        ;              ;         ; Row I/O    ;                 ; no       ; On           ;
; R22      ; 332        ; 5        ; RESERVED_INPUT_WITH_WEAK_PULLUP                           ;        ;              ;         ; Row I/O    ;                 ; no       ; On           ;
; R23      ; 331        ; 5        ; RESERVED_INPUT_WITH_WEAK_PULLUP                           ;        ;              ;         ; Row I/O    ;                 ; no       ; On           ;
; R24      ; 330        ; 5        ; start                                                     ; input  ; 2.5 V        ;         ; Row I/O    ; Y               ; no       ; Off          ;
; R25      ; 327        ; 5        ; RESERVED_INPUT_WITH_WEAK_PULLUP                           ;        ;              ;         ; Row I/O    ;                 ; no       ; On           ;
; R26      ; 326        ; 5        ; RESERVED_INPUT_WITH_WEAK_PULLUP                           ;        ;              ;         ; Row I/O    ;                 ; no       ; On           ;
; R27      ; 329        ; 5        ; RESERVED_INPUT_WITH_WEAK_PULLUP                           ;        ;              ;         ; Row I/O    ;                 ; no       ; On           ;
; R28      ; 328        ; 5        ; RESERVED_INPUT_WITH_WEAK_PULLUP                           ;        ;              ;         ; Row I/O    ;                 ; no       ; On           ;
; T1       ;            ; 2        ; VCCIO2                                                    ; power  ;              ; 2.5V    ; --         ;                 ; --       ; --           ;
; T2       ;            ;          ; GND                                                       ; gnd    ;              ;         ; --         ;                 ; --       ; --           ;
; T3       ; 76         ; 2        ; RESERVED_INPUT_WITH_WEAK_PULLUP                           ;        ;              ;         ; Row I/O    ;                 ; no       ; On           ;
; T4       ; 75         ; 2        ; RESERVED_INPUT_WITH_WEAK_PULLUP                           ;        ;              ;         ; Row I/O    ;                 ; no       ; On           ;
; T5       ;            ; 2        ; VCCIO2                                                    ; power  ;              ; 2.5V    ; --         ;                 ; --       ; --           ;
; T6       ;            ;          ; GND                                                       ; gnd    ;              ;         ; --         ;                 ; --       ; --           ;
; T7       ; 78         ; 2        ; RESERVED_INPUT_WITH_WEAK_PULLUP                           ;        ;              ;         ; Row I/O    ;                 ; --       ; --           ;
; T8       ; 100        ; 2        ; RESERVED_INPUT_WITH_WEAK_PULLUP                           ;        ;              ;         ; Row I/O    ;                 ; --       ; --           ;
; T9       ;            ;          ; VCCINT                                                    ; power  ;              ; 1.2V    ; --         ;                 ; --       ; --           ;
; T10      ;            ;          ; GND                                                       ; gnd    ;              ;         ; --         ;                 ; --       ; --           ;
; T11      ;            ;          ; VCCINT                                                    ; power  ;              ; 1.2V    ; --         ;                 ; --       ; --           ;
; T12      ;            ;          ; GND                                                       ; gnd    ;              ;         ; --         ;                 ; --       ; --           ;
; T13      ;            ;          ; VCCINT                                                    ; power  ;              ; 1.2V    ; --         ;                 ; --       ; --           ;
; T14      ;            ;          ; GND                                                       ; gnd    ;              ;         ; --         ;                 ; --       ; --           ;
; T15      ;            ;          ; VCCINT                                                    ; power  ;              ; 1.2V    ; --         ;                 ; --       ; --           ;
; T16      ;            ;          ; GND                                                       ; gnd    ;              ;         ; --         ;                 ; --       ; --           ;
; T17      ;            ;          ; VCCINT                                                    ; power  ;              ; 1.2V    ; --         ;                 ; --       ; --           ;
; T18      ;            ;          ; GND                                                       ; gnd    ;              ;         ; --         ;                 ; --       ; --           ;
; T19      ;            ;          ; VCCINT                                                    ; power  ;              ; 1.2V    ; --         ;                 ; --       ; --           ;
; T20      ;            ;          ; GND                                                       ; gnd    ;              ;         ; --         ;                 ; --       ; --           ;
; T21      ; 325        ; 5        ; RESERVED_INPUT_WITH_WEAK_PULLUP                           ;        ;              ;         ; Row I/O    ;                 ; no       ; On           ;
; T22      ; 324        ; 5        ; RESERVED_INPUT_WITH_WEAK_PULLUP                           ;        ;              ;         ; Row I/O    ;                 ; no       ; On           ;
; T23      ;            ;          ; GND                                                       ; gnd    ;              ;         ; --         ;                 ; --       ; --           ;
; T24      ;            ; 5        ; VCCIO5                                                    ; power  ;              ; 2.5V    ; --         ;                 ; --       ; --           ;
; T25      ; 323        ; 5        ; RESERVED_INPUT_WITH_WEAK_PULLUP                           ;        ;              ;         ; Row I/O    ;                 ; no       ; On           ;
; T26      ; 322        ; 5        ; RESERVED_INPUT_WITH_WEAK_PULLUP                           ;        ;              ;         ; Row I/O    ;                 ; no       ; On           ;
; T27      ;            ;          ; GND                                                       ; gnd    ;              ;         ; --         ;                 ; --       ; --           ;
; T28      ;            ; 5        ; VCCIO5                                                    ; power  ;              ; 2.5V    ; --         ;                 ; --       ; --           ;
; U1       ; 80         ; 2        ; RESERVED_INPUT_WITH_WEAK_PULLUP                           ;        ;              ;         ; Row I/O    ;                 ; no       ; On           ;
; U2       ; 79         ; 2        ; RESERVED_INPUT_WITH_WEAK_PULLUP                           ;        ;              ;         ; Row I/O    ;                 ; no       ; On           ;
; U3       ; 71         ; 2        ; RESERVED_INPUT_WITH_WEAK_PULLUP                           ;        ;              ;         ; Row I/O    ;                 ; no       ; On           ;
; U4       ; 72         ; 2        ; RESERVED_INPUT_WITH_WEAK_PULLUP                           ;        ;              ;         ; Row I/O    ;                 ; no       ; On           ;
; U5       ; 90         ; 2        ; RESERVED_INPUT_WITH_WEAK_PULLUP                           ;        ;              ;         ; Row I/O    ;                 ; no       ; On           ;
; U6       ; 89         ; 2        ; RESERVED_INPUT_WITH_WEAK_PULLUP                           ;        ;              ;         ; Row I/O    ;                 ; no       ; On           ;
; U7       ; 103        ; 2        ; RESERVED_INPUT_WITH_WEAK_PULLUP                           ;        ;              ;         ; Row I/O    ;                 ; no       ; On           ;
; U8       ; 104        ; 2        ; RESERVED_INPUT_WITH_WEAK_PULLUP                           ;        ;              ;         ; Row I/O    ;                 ; no       ; On           ;
; U9       ;            ;          ; GND                                                       ; gnd    ;              ;         ; --         ;                 ; --       ; --           ;
; U10      ;            ;          ; VCCINT                                                    ; power  ;              ; 1.2V    ; --         ;                 ; --       ; --           ;
; U11      ;            ;          ; GND                                                       ; gnd    ;              ;         ; --         ;                 ; --       ; --           ;
; U12      ;            ;          ; VCCINT                                                    ; power  ;              ; 1.2V    ; --         ;                 ; --       ; --           ;
; U13      ;            ;          ; GND                                                       ; gnd    ;              ;         ; --         ;                 ; --       ; --           ;
; U14      ;            ;          ; VCCINT                                                    ; power  ;              ; 1.2V    ; --         ;                 ; --       ; --           ;
; U15      ;            ;          ; GND                                                       ; gnd    ;              ;         ; --         ;                 ; --       ; --           ;
; U16      ;            ;          ; VCCINT                                                    ; power  ;              ; 1.2V    ; --         ;                 ; --       ; --           ;
; U17      ;            ;          ; GND                                                       ; gnd    ;              ;         ; --         ;                 ; --       ; --           ;
; U18      ;            ;          ; VCCINT                                                    ; power  ;              ; 1.2V    ; --         ;                 ; --       ; --           ;
; U19      ;            ;          ; GND                                                       ; gnd    ;              ;         ; --         ;                 ; --       ; --           ;
; U20      ;            ;          ; VCCINT                                                    ; power  ;              ; 1.2V    ; --         ;                 ; --       ; --           ;
; U21      ; 319        ; 5        ; RESERVED_INPUT_WITH_WEAK_PULLUP                           ;        ;              ;         ; Row I/O    ;                 ; no       ; On           ;
; U22      ; 313        ; 5        ; RESERVED_INPUT_WITH_WEAK_PULLUP                           ;        ;              ;         ; Row I/O    ;                 ; no       ; On           ;
; U23      ; 305        ; 5        ; RESERVED_INPUT_WITH_WEAK_PULLUP                           ;        ;              ;         ; Row I/O    ;                 ; --       ; --           ;
; U24      ; 316        ; 5        ; RESERVED_INPUT_WITH_WEAK_PULLUP                           ;        ;              ;         ; Row I/O    ;                 ; --       ; --           ;
; U25      ; 315        ; 5        ; RESERVED_INPUT_WITH_WEAK_PULLUP                           ;        ;              ;         ; Row I/O    ;                 ; no       ; On           ;
; U26      ; 314        ; 5        ; RESERVED_INPUT_WITH_WEAK_PULLUP                           ;        ;              ;         ; Row I/O    ;                 ; no       ; On           ;
; U27      ; 318        ; 5        ; RESERVED_INPUT_WITH_WEAK_PULLUP                           ;        ;              ;         ; Row I/O    ;                 ; no       ; On           ;
; U28      ; 317        ; 5        ; RESERVED_INPUT_WITH_WEAK_PULLUP                           ;        ;              ;         ; Row I/O    ;                 ; no       ; On           ;
; V1       ; 84         ; 2        ; RESERVED_INPUT_WITH_WEAK_PULLUP                           ;        ;              ;         ; Row I/O    ;                 ; no       ; On           ;
; V2       ; 83         ; 2        ; RESERVED_INPUT_WITH_WEAK_PULLUP                           ;        ;              ;         ; Row I/O    ;                 ; no       ; On           ;
; V3       ; 82         ; 2        ; RESERVED_INPUT_WITH_WEAK_PULLUP                           ;        ;              ;         ; Row I/O    ;                 ; no       ; On           ;
; V4       ; 81         ; 2        ; RESERVED_INPUT_WITH_WEAK_PULLUP                           ;        ;              ;         ; Row I/O    ;                 ; no       ; On           ;
; V5       ; 108        ; 2        ; RESERVED_INPUT_WITH_WEAK_PULLUP                           ;        ;              ;         ; Row I/O    ;                 ; no       ; On           ;
; V6       ; 107        ; 2        ; RESERVED_INPUT_WITH_WEAK_PULLUP                           ;        ;              ;         ; Row I/O    ;                 ; no       ; On           ;
; V7       ; 110        ; 2        ; RESERVED_INPUT_WITH_WEAK_PULLUP                           ;        ;              ;         ; Row I/O    ;                 ; no       ; On           ;
; V8       ; 109        ; 2        ; RESERVED_INPUT_WITH_WEAK_PULLUP                           ;        ;              ;         ; Row I/O    ;                 ; no       ; On           ;
; V9       ;            ;          ; VCCINT                                                    ; power  ;              ; 1.2V    ; --         ;                 ; --       ; --           ;
; V10      ;            ;          ; GND                                                       ; gnd    ;              ;         ; --         ;                 ; --       ; --           ;
; V11      ;            ;          ; VCCINT                                                    ; power  ;              ; 1.2V    ; --         ;                 ; --       ; --           ;
; V12      ;            ;          ; GND                                                       ; gnd    ;              ;         ; --         ;                 ; --       ; --           ;
; V13      ;            ;          ; VCCINT                                                    ; power  ;              ; 1.2V    ; --         ;                 ; --       ; --           ;
; V14      ;            ;          ; GND                                                       ; gnd    ;              ;         ; --         ;                 ; --       ; --           ;
; V15      ;            ;          ; VCCINT                                                    ; power  ;              ; 1.2V    ; --         ;                 ; --       ; --           ;
; V16      ;            ;          ; GND                                                       ; gnd    ;              ;         ; --         ;                 ; --       ; --           ;
; V17      ;            ;          ; VCCINT                                                    ; power  ;              ; 1.2V    ; --         ;                 ; --       ; --           ;
; V18      ;            ;          ; GND                                                       ; gnd    ;              ;         ; --         ;                 ; --       ; --           ;
; V19      ;            ;          ; VCCINT                                                    ; power  ;              ; 1.2V    ; --         ;                 ; --       ; --           ;
; V20      ;            ;          ; GND                                                       ; gnd    ;              ;         ; --         ;                 ; --       ; --           ;
; V21      ; 311        ; 5        ; RESERVED_INPUT_WITH_WEAK_PULLUP                           ;        ;              ;         ; Row I/O    ;                 ; no       ; On           ;
; V22      ; 312        ; 5        ; RESERVED_INPUT_WITH_WEAK_PULLUP                           ;        ;              ;         ; Row I/O    ;                 ; no       ; On           ;
; V23      ; 309        ; 5        ; RESERVED_INPUT_WITH_WEAK_PULLUP                           ;        ;              ;         ; Row I/O    ;                 ; no       ; On           ;
; V24      ; 308        ; 5        ; RESERVED_INPUT_WITH_WEAK_PULLUP                           ;        ;              ;         ; Row I/O    ;                 ; no       ; On           ;
; V25      ; 307        ; 5        ; RESERVED_INPUT_WITH_WEAK_PULLUP                           ;        ;              ;         ; Row I/O    ;                 ; no       ; On           ;
; V26      ; 306        ; 5        ; RESERVED_INPUT_WITH_WEAK_PULLUP                           ;        ;              ;         ; Row I/O    ;                 ; no       ; On           ;
; V27      ; 304        ; 5        ; RESERVED_INPUT_WITH_WEAK_PULLUP                           ;        ;              ;         ; Row I/O    ;                 ; no       ; On           ;
; V28      ; 303        ; 5        ; RESERVED_INPUT_WITH_WEAK_PULLUP                           ;        ;              ;         ; Row I/O    ;                 ; no       ; On           ;
; W1       ; 88         ; 2        ; RESERVED_INPUT_WITH_WEAK_PULLUP                           ;        ;              ;         ; Row I/O    ;                 ; no       ; On           ;
; W2       ; 87         ; 2        ; RESERVED_INPUT_WITH_WEAK_PULLUP                           ;        ;              ;         ; Row I/O    ;                 ; no       ; On           ;
; W3       ; 112        ; 2        ; RESERVED_INPUT_WITH_WEAK_PULLUP                           ;        ;              ;         ; Row I/O    ;                 ; no       ; On           ;
; W4       ; 111        ; 2        ; RESERVED_INPUT_WITH_WEAK_PULLUP                           ;        ;              ;         ; Row I/O    ;                 ; no       ; On           ;
; W5       ;            ; 2        ; VCCIO2                                                    ; power  ;              ; 2.5V    ; --         ;                 ; --       ; --           ;
; W6       ;            ;          ; GND                                                       ; gnd    ;              ;         ; --         ;                 ; --       ; --           ;
; W7       ; 115        ; 2        ; RESERVED_INPUT_WITH_WEAK_PULLUP                           ;        ;              ;         ; Row I/O    ;                 ; no       ; On           ;
; W8       ; 116        ; 2        ; RESERVED_INPUT_WITH_WEAK_PULLUP                           ;        ;              ;         ; Row I/O    ;                 ; no       ; On           ;
; W9       ;            ;          ; GND                                                       ; gnd    ;              ;         ; --         ;                 ; --       ; --           ;
; W10      ;            ;          ; VCCINT                                                    ; power  ;              ; 1.2V    ; --         ;                 ; --       ; --           ;
; W11      ;            ;          ; GND                                                       ; gnd    ;              ;         ; --         ;                 ; --       ; --           ;
; W12      ;            ;          ; VCCINT                                                    ; power  ;              ; 1.2V    ; --         ;                 ; --       ; --           ;
; W13      ;            ;          ; GND                                                       ; gnd    ;              ;         ; --         ;                 ; --       ; --           ;
; W14      ;            ;          ; VCCINT                                                    ; power  ;              ; 1.2V    ; --         ;                 ; --       ; --           ;
; W15      ;            ;          ; GND                                                       ; gnd    ;              ;         ; --         ;                 ; --       ; --           ;
; W16      ;            ;          ; VCCINT                                                    ; power  ;              ; 1.2V    ; --         ;                 ; --       ; --           ;
; W17      ;            ;          ; GND                                                       ; gnd    ;              ;         ; --         ;                 ; --       ; --           ;
; W18      ;            ;          ; VCCINT                                                    ; power  ;              ; 1.2V    ; --         ;                 ; --       ; --           ;
; W19      ;            ;          ; GND                                                       ; gnd    ;              ;         ; --         ;                 ; --       ; --           ;
; W20      ;            ;          ; VCCINT                                                    ; power  ;              ; 1.2V    ; --         ;                 ; --       ; --           ;
; W21      ; 310        ; 5        ; RESERVED_INPUT_WITH_WEAK_PULLUP                           ;        ;              ;         ; Row I/O    ;                 ; no       ; On           ;
; W22      ; 321        ; 5        ; RESERVED_INPUT_WITH_WEAK_PULLUP                           ;        ;              ;         ; Row I/O    ;                 ; no       ; On           ;
; W23      ;            ;          ; GND                                                       ; gnd    ;              ;         ; --         ;                 ; --       ; --           ;
; W24      ;            ; 5        ; VCCIO5                                                    ; power  ;              ; 2.5V    ; --         ;                 ; --       ; --           ;
; W25      ; 300        ; 5        ; RESERVED_INPUT_WITH_WEAK_PULLUP                           ;        ;              ;         ; Row I/O    ;                 ; no       ; On           ;
; W26      ; 299        ; 5        ; RESERVED_INPUT_WITH_WEAK_PULLUP                           ;        ;              ;         ; Row I/O    ;                 ; no       ; On           ;
; W27      ; 301        ; 5        ; RESERVED_INPUT_WITH_WEAK_PULLUP                           ;        ;              ;         ; Row I/O    ;                 ; no       ; On           ;
; W28      ; 302        ; 5        ; RESERVED_INPUT_WITH_WEAK_PULLUP                           ;        ;              ;         ; Row I/O    ;                 ; no       ; On           ;
; Y1       ; 66         ; 2        ; GND+                                                      ;        ;              ;         ; Row I/O    ;                 ; --       ; --           ;
; Y2       ; 65         ; 2        ; clk                                                       ; input  ; 2.5 V        ;         ; Row I/O    ; Y               ; no       ; Off          ;
; Y3       ; 92         ; 2        ; RESERVED_INPUT_WITH_WEAK_PULLUP                           ;        ;              ;         ; Row I/O    ;                 ; no       ; On           ;
; Y4       ; 91         ; 2        ; RESERVED_INPUT_WITH_WEAK_PULLUP                           ;        ;              ;         ; Row I/O    ;                 ; no       ; On           ;
; Y5       ; 114        ; 2        ; RESERVED_INPUT_WITH_WEAK_PULLUP                           ;        ;              ;         ; Row I/O    ;                 ; no       ; On           ;
; Y6       ; 113        ; 2        ; RESERVED_INPUT_WITH_WEAK_PULLUP                           ;        ;              ;         ; Row I/O    ;                 ; no       ; On           ;
; Y7       ; 117        ; 2        ; RESERVED_INPUT_WITH_WEAK_PULLUP                           ;        ;              ;         ; Row I/O    ;                 ; no       ; On           ;
; Y8       ;            ; --       ; VCCA1                                                     ; power  ;              ; 2.5V    ; --         ;                 ; --       ; --           ;
; Y9       ;            ;          ; VCCD_PLL1                                                 ; power  ;              ; 1.2V    ; --         ;                 ; --       ; --           ;
; Y10      ; 140        ; 3        ; RESERVED_INPUT_WITH_WEAK_PULLUP                           ;        ;              ;         ; Column I/O ;                 ; --       ; --           ;
; Y11      ;            ;          ; GND                                                       ; gnd    ;              ;         ; --         ;                 ; --       ; --           ;
; Y12      ; 187        ; 3        ; RESERVED_INPUT_WITH_WEAK_PULLUP                           ;        ;              ;         ; Column I/O ;                 ; no       ; On           ;
; Y13      ; 189        ; 3        ; RESERVED_INPUT_WITH_WEAK_PULLUP                           ;        ;              ;         ; Column I/O ;                 ; no       ; On           ;
; Y14      ; 197        ; 3        ; RESERVED_INPUT_WITH_WEAK_PULLUP                           ;        ;              ;         ; Column I/O ;                 ; no       ; On           ;
; Y15      ; 198        ; 3        ; RESERVED_INPUT_WITH_WEAK_PULLUP                           ;        ;              ;         ; Column I/O ;                 ; no       ; On           ;
; Y16      ; 250        ; 4        ; RESERVED_INPUT_WITH_WEAK_PULLUP                           ;        ;              ;         ; Column I/O ;                 ; no       ; On           ;
; Y17      ; 249        ; 4        ; RESERVED_INPUT_WITH_WEAK_PULLUP                           ;        ;              ;         ; Column I/O ;                 ; no       ; On           ;
; Y18      ;            ;          ; GND                                                       ; gnd    ;              ;         ; --         ;                 ; --       ; --           ;
; Y19      ; 263        ; 4        ; RESERVED_INPUT_WITH_WEAK_PULLUP                           ;        ;              ;         ; Column I/O ;                 ; no       ; On           ;
; Y20      ;            ;          ; VCCD_PLL4                                                 ; power  ;              ; 1.2V    ; --         ;                 ; --       ; --           ;
; Y21      ;            ; --       ; VCCA4                                                     ; power  ;              ; 2.5V    ; --         ;                 ; --       ; --           ;
; Y22      ; 320        ; 5        ; RESERVED_INPUT_WITH_WEAK_PULLUP                           ;        ;              ;         ; Row I/O    ;                 ; no       ; On           ;
; Y23      ; 288        ; 5        ; RESERVED_INPUT_WITH_WEAK_PULLUP                           ;        ;              ;         ; Row I/O    ;                 ; no       ; On           ;
; Y24      ; 287        ; 5        ; RESERVED_INPUT_WITH_WEAK_PULLUP                           ;        ;              ;         ; Row I/O    ;                 ; no       ; On           ;
; Y25      ; 298        ; 5        ; RESERVED_INPUT_WITH_WEAK_PULLUP                           ;        ;              ;         ; Row I/O    ;                 ; no       ; On           ;
; Y26      ; 297        ; 5        ; RESERVED_INPUT_WITH_WEAK_PULLUP                           ;        ;              ;         ; Row I/O    ;                 ; no       ; On           ;
; Y27      ; 336        ; 5        ; GND+                                                      ;        ;              ;         ; Row I/O    ;                 ; --       ; --           ;
; Y28      ; 335        ; 5        ; GND+                                                      ;        ;              ;         ; Row I/O    ;                 ; --       ; --           ;
+----------+------------+----------+-----------------------------------------------------------+--------+--------------+---------+------------+-----------------+----------+--------------+
Note: Pin directions (input, output or bidir) are based on device operating in user mode.


+--------------------------------------------------------------------------------------------------+
; PLL Summary                                                                                      ;
+-------------------------------+------------------------------------------------------------------+
; Name                          ; pll:u_pll|altpll:altpll_component|pll_altpll:auto_generated|pll1 ;
+-------------------------------+------------------------------------------------------------------+
; SDC pin name                  ; u_pll|altpll_component|auto_generated|pll1                       ;
; PLL mode                      ; Normal                                                           ;
; Compensate clock              ; clock0                                                           ;
; Compensated input/output pins ; --                                                               ;
; Switchover type               ; --                                                               ;
; Input frequency 0             ; 50.0 MHz                                                         ;
; Input frequency 1             ; --                                                               ;
; Nominal PFD frequency         ; 50.0 MHz                                                         ;
; Nominal VCO frequency         ; 600.0 MHz                                                        ;
; VCO post scale K counter      ; 2                                                                ;
; VCO frequency control         ; Auto                                                             ;
; VCO phase shift step          ; 208 ps                                                           ;
; VCO multiply                  ; --                                                               ;
; VCO divide                    ; --                                                               ;
; Freq min lock                 ; 25.0 MHz                                                         ;
; Freq max lock                 ; 54.18 MHz                                                        ;
; M VCO Tap                     ; 0                                                                ;
; M Initial                     ; 1                                                                ;
; M value                       ; 12                                                               ;
; N value                       ; 1                                                                ;
; Charge pump current           ; setting 1                                                        ;
; Loop filter resistance        ; setting 27                                                       ;
; Loop filter capacitance       ; setting 0                                                        ;
; Bandwidth                     ; 680 kHz to 980 kHz                                               ;
; Bandwidth type                ; Medium                                                           ;
; Real time reconfigurable      ; Off                                                              ;
; Scan chain MIF file           ; --                                                               ;
; Preserve PLL counter order    ; Off                                                              ;
; PLL location                  ; PLL_1                                                            ;
; Inclk0 signal                 ; clk                                                              ;
; Inclk1 signal                 ; --                                                               ;
; Inclk0 signal type            ; Dedicated Pin                                                    ;
; Inclk1 signal type            ; --                                                               ;
+-------------------------------+------------------------------------------------------------------+


+----------------------------------------------------------------------------------------------------------------------------------------------------------------------------------------------------------------------------------------------------------------------------------------------------------+
; PLL Usage                                                                                                                                                                                                                                                                                                ;
+------------------------------------------------------------------------------+--------------+------+-----+------------------+-------------+------------------+------------+---------+---------------+------------+---------------+---------+---------+---------------------------------------------------+
; Name                                                                         ; Output Clock ; Mult ; Div ; Output Frequency ; Phase Shift ; Phase Shift Step ; Duty Cycle ; Counter ; Counter Value ; High / Low ; Cascade Input ; Initial ; VCO Tap ; SDC Pin Name                                      ;
+------------------------------------------------------------------------------+--------------+------+-----+------------------+-------------+------------------+------------+---------+---------------+------------+---------------+---------+---------+---------------------------------------------------+
; pll:u_pll|altpll:altpll_component|pll_altpll:auto_generated|wire_pll1_clk[0] ; clock0       ; 2    ; 1   ; 100.0 MHz        ; 0 (0 ps)    ; 7.50 (208 ps)    ; 50/50      ; C0      ; 6             ; 3/3 Even   ; --            ; 1       ; 0       ; u_pll|altpll_component|auto_generated|pll1|clk[0] ;
+------------------------------------------------------------------------------+--------------+------+-----+------------------+-------------+------------------+------------+---------+---------------+------------+---------------+---------+---------+---------------------------------------------------+


+--------------------------------------------+
; I/O Assignment Warnings                    ;
+------------+-------------------------------+
; Pin Name   ; Reason                        ;
+------------+-------------------------------+
; stop       ; Incomplete set of assignments ;
; LED_seg[0] ; Incomplete set of assignments ;
; LED_seg[1] ; Incomplete set of assignments ;
; LED_seg[2] ; Incomplete set of assignments ;
; LED_seg[3] ; Incomplete set of assignments ;
; LED_seg[4] ; Incomplete set of assignments ;
; LED_seg[5] ; Incomplete set of assignments ;
; LED_seg[6] ; Incomplete set of assignments ;
; LED_R[0]   ; Incomplete set of assignments ;
; LED_R[1]   ; Incomplete set of assignments ;
; LED_R[2]   ; Incomplete set of assignments ;
; LED_R[3]   ; Incomplete set of assignments ;
; LED_R[4]   ; Incomplete set of assignments ;
; LED_R[5]   ; Incomplete set of assignments ;
; LED_R[6]   ; Incomplete set of assignments ;
; LED_R[7]   ; Incomplete set of assignments ;
; LED_R[8]   ; Incomplete set of assignments ;
; LED_R[9]   ; Incomplete set of assignments ;
; UART_TX    ; Incomplete set of assignments ;
; UART_RX    ; Incomplete set of assignments ;
; clk        ; Incomplete set of assignments ;
; reset_n    ; Incomplete set of assignments ;
; start      ; Incomplete set of assignments ;
+------------+-------------------------------+


+------------------------------------------------------------------------------------------------------------------------------------------------------------------------------------------------------------------------------------------------------------------------------------------------------------------------------------------------------------------------+
; Fitter Resource Utilization by Entity                                                                                                                                                                                                                                                                                                                                  ;
+-------------------------------------------+-------------+---------------------------+---------------+-------------+------+--------------+---------+-----------+------+--------------+--------------+-------------------+------------------+-------------------------------------------------------------------------------------------+-----------------+--------------+
; Compilation Hierarchy Node                ; Logic Cells ; Dedicated Logic Registers ; I/O Registers ; Memory Bits ; M9Ks ; DSP Elements ; DSP 9x9 ; DSP 18x18 ; Pins ; Virtual Pins ; LUT-Only LCs ; Register-Only LCs ; LUT/Register LCs ; Full Hierarchy Name                                                                       ; Entity Name     ; Library Name ;
+-------------------------------------------+-------------+---------------------------+---------------+-------------+------+--------------+---------+-----------+------+--------------+--------------+-------------------+------------------+-------------------------------------------------------------------------------------------+-----------------+--------------+
; |top                                      ; 1960 (1792) ; 800 (800)                 ; 0 (0)         ; 338496      ; 65   ; 20           ; 0       ; 10        ; 23   ; 0            ; 1160 (992)   ; 320 (320)         ; 480 (476)        ; |top                                                                                      ; top             ; work         ;
;    |altsyncram:score_rtl_0|               ; 0 (0)       ; 0 (0)                     ; 0 (0)         ; 320         ; 1    ; 0            ; 0       ; 0         ; 0    ; 0            ; 0 (0)        ; 0 (0)             ; 0 (0)            ; |top|altsyncram:score_rtl_0                                                               ; altsyncram      ; work         ;
;       |altsyncram_87k1:auto_generated|    ; 0 (0)       ; 0 (0)                     ; 0 (0)         ; 320         ; 1    ; 0            ; 0       ; 0         ; 0    ; 0            ; 0 (0)        ; 0 (0)             ; 0 (0)            ; |top|altsyncram:score_rtl_0|altsyncram_87k1:auto_generated                                ; altsyncram_87k1 ; work         ;
;    |conv1:conv1_w|                        ; 0 (0)       ; 0 (0)                     ; 0 (0)         ; 8192        ; 1    ; 0            ; 0       ; 0         ; 0    ; 0            ; 0 (0)        ; 0 (0)             ; 0 (0)            ; |top|conv1:conv1_w                                                                        ; conv1           ; work         ;
;       |altsyncram:altsyncram_component|   ; 0 (0)       ; 0 (0)                     ; 0 (0)         ; 8192        ; 1    ; 0            ; 0       ; 0         ; 0    ; 0            ; 0 (0)        ; 0 (0)             ; 0 (0)            ; |top|conv1:conv1_w|altsyncram:altsyncram_component                                        ; altsyncram      ; work         ;
;          |altsyncram_pnk1:auto_generated| ; 0 (0)       ; 0 (0)                     ; 0 (0)         ; 8192        ; 1    ; 0            ; 0       ; 0         ; 0    ; 0            ; 0 (0)        ; 0 (0)             ; 0 (0)            ; |top|conv1:conv1_w|altsyncram:altsyncram_component|altsyncram_pnk1:auto_generated         ; altsyncram_pnk1 ; work         ;
;    |conv2_w:u_conv2w|                     ; 0 (0)       ; 0 (0)                     ; 0 (0)         ; 51200       ; 8    ; 0            ; 0       ; 0         ; 0    ; 0            ; 0 (0)        ; 0 (0)             ; 0 (0)            ; |top|conv2_w:u_conv2w                                                                     ; conv2_w         ; work         ;
;       |altsyncram:altsyncram_component|   ; 0 (0)       ; 0 (0)                     ; 0 (0)         ; 51200       ; 8    ; 0            ; 0       ; 0         ; 0    ; 0            ; 0 (0)        ; 0 (0)             ; 0 (0)            ; |top|conv2_w:u_conv2w|altsyncram:altsyncram_component                                     ; altsyncram      ; work         ;
;          |altsyncram_2jk1:auto_generated| ; 0 (0)       ; 0 (0)                     ; 0 (0)         ; 51200       ; 8    ; 0            ; 0       ; 0         ; 0    ; 0            ; 0 (0)        ; 0 (0)             ; 0 (0)            ; |top|conv2_w:u_conv2w|altsyncram:altsyncram_component|altsyncram_2jk1:auto_generated      ; altsyncram_2jk1 ; work         ;
;    |fc_w:u_fc_w|                          ; 0 (0)       ; 0 (0)                     ; 0 (0)         ; 40960       ; 8    ; 0            ; 0       ; 0         ; 0    ; 0            ; 0 (0)        ; 0 (0)             ; 0 (0)            ; |top|fc_w:u_fc_w                                                                          ; fc_w            ; work         ;
;       |altsyncram:altsyncram_component|   ; 0 (0)       ; 0 (0)                     ; 0 (0)         ; 40960       ; 8    ; 0            ; 0       ; 0         ; 0    ; 0            ; 0 (0)        ; 0 (0)             ; 0 (0)            ; |top|fc_w:u_fc_w|altsyncram:altsyncram_component                                          ; altsyncram      ; work         ;
;          |altsyncram_bak1:auto_generated| ; 0 (0)       ; 0 (0)                     ; 0 (0)         ; 40960       ; 8    ; 0            ; 0       ; 0         ; 0    ; 0            ; 0 (0)        ; 0 (0)             ; 0 (0)            ; |top|fc_w:u_fc_w|altsyncram:altsyncram_component|altsyncram_bak1:auto_generated           ; altsyncram_bak1 ; work         ;
;    |image:u_image|                        ; 0 (0)       ; 0 (0)                     ; 0 (0)         ; 12544       ; 2    ; 0            ; 0       ; 0         ; 0    ; 0            ; 0 (0)        ; 0 (0)             ; 0 (0)            ; |top|image:u_image                                                                        ; image           ; work         ;
;       |altsyncram:altsyncram_component|   ; 0 (0)       ; 0 (0)                     ; 0 (0)         ; 12544       ; 2    ; 0            ; 0       ; 0         ; 0    ; 0            ; 0 (0)        ; 0 (0)             ; 0 (0)            ; |top|image:u_image|altsyncram:altsyncram_component                                        ; altsyncram      ; work         ;
;          |altsyncram_1dm1:auto_generated| ; 0 (0)       ; 0 (0)                     ; 0 (0)         ; 12544       ; 2    ; 0            ; 0       ; 0         ; 0    ; 0            ; 0 (0)        ; 0 (0)             ; 0 (0)            ; |top|image:u_image|altsyncram:altsyncram_component|altsyncram_1dm1:auto_generated         ; altsyncram_1dm1 ; work         ;
;    |img_conv1:u_img_conv1|                ; 0 (0)       ; 0 (0)                     ; 0 (0)         ; 147456      ; 32   ; 0            ; 0       ; 0         ; 0    ; 0            ; 0 (0)        ; 0 (0)             ; 0 (0)            ; |top|img_conv1:u_img_conv1                                                                ; img_conv1       ; work         ;
;       |altsyncram:altsyncram_component|   ; 0 (0)       ; 0 (0)                     ; 0 (0)         ; 147456      ; 32   ; 0            ; 0       ; 0         ; 0    ; 0            ; 0 (0)        ; 0 (0)             ; 0 (0)            ; |top|img_conv1:u_img_conv1|altsyncram:altsyncram_component                                ; altsyncram      ; work         ;
;          |altsyncram_i5i1:auto_generated| ; 0 (0)       ; 0 (0)                     ; 0 (0)         ; 147456      ; 32   ; 0            ; 0       ; 0         ; 0    ; 0            ; 0 (0)        ; 0 (0)             ; 0 (0)            ; |top|img_conv1:u_img_conv1|altsyncram:altsyncram_component|altsyncram_i5i1:auto_generated ; altsyncram_i5i1 ; work         ;
;    |img_conv2:u_img_conv2|                ; 0 (0)       ; 0 (0)                     ; 0 (0)         ; 32768       ; 4    ; 0            ; 0       ; 0         ; 0    ; 0            ; 0 (0)        ; 0 (0)             ; 0 (0)            ; |top|img_conv2:u_img_conv2                                                                ; img_conv2       ; work         ;
;       |altsyncram:altsyncram_component|   ; 0 (0)       ; 0 (0)                     ; 0 (0)         ; 32768       ; 4    ; 0            ; 0       ; 0         ; 0    ; 0            ; 0 (0)        ; 0 (0)             ; 0 (0)            ; |top|img_conv2:u_img_conv2|altsyncram:altsyncram_component                                ; altsyncram      ; work         ;
;          |altsyncram_45i1:auto_generated| ; 0 (0)       ; 0 (0)                     ; 0 (0)         ; 32768       ; 4    ; 0            ; 0       ; 0         ; 0    ; 0            ; 0 (0)        ; 0 (0)             ; 0 (0)            ; |top|img_conv2:u_img_conv2|altsyncram:altsyncram_component|altsyncram_45i1:auto_generated ; altsyncram_45i1 ; work         ;
;    |lpm_mult:Mult0|                       ; 0 (0)       ; 0 (0)                     ; 0 (0)         ; 0           ; 0    ; 2            ; 0       ; 1         ; 0    ; 0            ; 0 (0)        ; 0 (0)             ; 0 (0)            ; |top|lpm_mult:Mult0                                                                       ; lpm_mult        ; work         ;
;       |mult_56t:auto_generated|           ; 0 (0)       ; 0 (0)                     ; 0 (0)         ; 0           ; 0    ; 2            ; 0       ; 1         ; 0    ; 0            ; 0 (0)        ; 0 (0)             ; 0 (0)            ; |top|lpm_mult:Mult0|mult_56t:auto_generated                                               ; mult_56t        ; work         ;
;    |lpm_mult:Mult1|                       ; 45 (0)      ; 0 (0)                     ; 0 (0)         ; 0           ; 0    ; 4            ; 0       ; 2         ; 0    ; 0            ; 45 (0)       ; 0 (0)             ; 0 (0)            ; |top|lpm_mult:Mult1                                                                       ; lpm_mult        ; work         ;
;       |mult_86t:auto_generated|           ; 45 (45)     ; 0 (0)                     ; 0 (0)         ; 0           ; 0    ; 4            ; 0       ; 2         ; 0    ; 0            ; 45 (45)      ; 0 (0)             ; 0 (0)            ; |top|lpm_mult:Mult1|mult_86t:auto_generated                                               ; mult_86t        ; work         ;
;    |lpm_mult:Mult2|                       ; 120 (0)     ; 0 (0)                     ; 0 (0)         ; 0           ; 0    ; 14           ; 0       ; 7         ; 0    ; 0            ; 120 (0)      ; 0 (0)             ; 0 (0)            ; |top|lpm_mult:Mult2                                                                       ; lpm_mult        ; work         ;
;       |mult_hdt:auto_generated|           ; 120 (120)   ; 0 (0)                     ; 0 (0)         ; 0           ; 0    ; 14           ; 0       ; 7         ; 0    ; 0            ; 120 (120)    ; 0 (0)             ; 0 (0)            ; |top|lpm_mult:Mult2|mult_hdt:auto_generated                                               ; mult_hdt        ; work         ;
;    |pll:u_pll|                            ; 0 (0)       ; 0 (0)                     ; 0 (0)         ; 0           ; 0    ; 0            ; 0       ; 0         ; 0    ; 0            ; 0 (0)        ; 0 (0)             ; 0 (0)            ; |top|pll:u_pll                                                                            ; pll             ; work         ;
;       |altpll:altpll_component|           ; 0 (0)       ; 0 (0)                     ; 0 (0)         ; 0           ; 0    ; 0            ; 0       ; 0         ; 0    ; 0            ; 0 (0)        ; 0 (0)             ; 0 (0)            ; |top|pll:u_pll|altpll:altpll_component                                                    ; altpll          ; work         ;
;          |pll_altpll:auto_generated|      ; 0 (0)       ; 0 (0)                     ; 0 (0)         ; 0           ; 0    ; 0            ; 0       ; 0         ; 0    ; 0            ; 0 (0)        ; 0 (0)             ; 0 (0)            ; |top|pll:u_pll|altpll:altpll_component|pll_altpll:auto_generated                          ; pll_altpll      ; work         ;
;    |pool1:u_pool1|                        ; 0 (0)       ; 0 (0)                     ; 0 (0)         ; 36864       ; 8    ; 0            ; 0       ; 0         ; 0    ; 0            ; 0 (0)        ; 0 (0)             ; 0 (0)            ; |top|pool1:u_pool1                                                                        ; pool1           ; work         ;
;       |altsyncram:altsyncram_component|   ; 0 (0)       ; 0 (0)                     ; 0 (0)         ; 36864       ; 8    ; 0            ; 0       ; 0         ; 0    ; 0            ; 0 (0)        ; 0 (0)             ; 0 (0)            ; |top|pool1:u_pool1|altsyncram:altsyncram_component                                        ; altsyncram      ; work         ;
;          |altsyncram_a9g1:auto_generated| ; 0 (0)       ; 0 (0)                     ; 0 (0)         ; 36864       ; 8    ; 0            ; 0       ; 0         ; 0    ; 0            ; 0 (0)        ; 0 (0)             ; 0 (0)            ; |top|pool1:u_pool1|altsyncram:altsyncram_component|altsyncram_a9g1:auto_generated         ; altsyncram_a9g1 ; work         ;
;    |pool2:u_pool2|                        ; 0 (0)       ; 0 (0)                     ; 0 (0)         ; 8192        ; 1    ; 0            ; 0       ; 0         ; 0    ; 0            ; 0 (0)        ; 0 (0)             ; 0 (0)            ; |top|pool2:u_pool2                                                                        ; pool2           ; work         ;
;       |altsyncram:altsyncram_component|   ; 0 (0)       ; 0 (0)                     ; 0 (0)         ; 8192        ; 1    ; 0            ; 0       ; 0         ; 0    ; 0            ; 0 (0)        ; 0 (0)             ; 0 (0)            ; |top|pool2:u_pool2|altsyncram:altsyncram_component                                        ; altsyncram      ; work         ;
;          |altsyncram_h2i1:auto_generated| ; 0 (0)       ; 0 (0)                     ; 0 (0)         ; 8192        ; 1    ; 0            ; 0       ; 0         ; 0    ; 0            ; 0 (0)        ; 0 (0)             ; 0 (0)            ; |top|pool2:u_pool2|altsyncram:altsyncram_component|altsyncram_h2i1:auto_generated         ; altsyncram_h2i1 ; work         ;
;    |seven_seg:u_hex0|                     ; 7 (7)       ; 0 (0)                     ; 0 (0)         ; 0           ; 0    ; 0            ; 0       ; 0         ; 0    ; 0            ; 3 (3)        ; 0 (0)             ; 4 (4)            ; |top|seven_seg:u_hex0                                                                     ; seven_seg       ; work         ;
+-------------------------------------------+-------------+---------------------------+---------------+-------------+------+--------------+---------+-----------+------+--------------+--------------+-------------------+------------------+-------------------------------------------------------------------------------------------+-----------------+--------------+
Note: For table entries with two numbers listed, the numbers in parentheses indicate the number of resources of the given type used by the specific entity alone. The numbers listed outside of parentheses indicate the total resources of the given type used by the specific entity and all of its sub-entities in the hierarchy.


+--------------------------------------------------------------------------------------------+
; Delay Chain Summary                                                                        ;
+------------+----------+---------------+---------------+-----------------------+-----+------+
; Name       ; Pin Type ; Pad to Core 0 ; Pad to Core 1 ; Pad to Input Register ; TCO ; TCOE ;
+------------+----------+---------------+---------------+-----------------------+-----+------+
; stop       ; Input    ; --            ; --            ; --                    ; --  ; --   ;
; LED_seg[0] ; Output   ; --            ; --            ; --                    ; --  ; --   ;
; LED_seg[1] ; Output   ; --            ; --            ; --                    ; --  ; --   ;
; LED_seg[2] ; Output   ; --            ; --            ; --                    ; --  ; --   ;
; LED_seg[3] ; Output   ; --            ; --            ; --                    ; --  ; --   ;
; LED_seg[4] ; Output   ; --            ; --            ; --                    ; --  ; --   ;
; LED_seg[5] ; Output   ; --            ; --            ; --                    ; --  ; --   ;
; LED_seg[6] ; Output   ; --            ; --            ; --                    ; --  ; --   ;
; LED_R[0]   ; Output   ; --            ; --            ; --                    ; --  ; --   ;
; LED_R[1]   ; Output   ; --            ; --            ; --                    ; --  ; --   ;
; LED_R[2]   ; Output   ; --            ; --            ; --                    ; --  ; --   ;
; LED_R[3]   ; Output   ; --            ; --            ; --                    ; --  ; --   ;
; LED_R[4]   ; Output   ; --            ; --            ; --                    ; --  ; --   ;
; LED_R[5]   ; Output   ; --            ; --            ; --                    ; --  ; --   ;
; LED_R[6]   ; Output   ; --            ; --            ; --                    ; --  ; --   ;
; LED_R[7]   ; Output   ; --            ; --            ; --                    ; --  ; --   ;
; LED_R[8]   ; Output   ; --            ; --            ; --                    ; --  ; --   ;
; LED_R[9]   ; Output   ; --            ; --            ; --                    ; --  ; --   ;
; UART_TX    ; Output   ; --            ; --            ; --                    ; --  ; --   ;
; UART_RX    ; Input    ; --            ; --            ; --                    ; --  ; --   ;
; clk        ; Input    ; (0) 0 ps      ; --            ; --                    ; --  ; --   ;
; reset_n    ; Input    ; --            ; (6) 1314 ps   ; --                    ; --  ; --   ;
; start      ; Input    ; --            ; (6) 1314 ps   ; --                    ; --  ; --   ;
+------------+----------+---------------+---------------+-----------------------+-----+------+


+---------------------------------------------------------------------------------------------------------+
; Pad To Core Delay Chain Fanout                                                                          ;
+---------------------------------------------------------------------------+-------------------+---------+
; Source Pin / Fanout                                                       ; Pad To Core Index ; Setting ;
+---------------------------------------------------------------------------+-------------------+---------+
; stop                                                                      ;                   ;         ;
; UART_RX                                                                   ;                   ;         ;
; clk                                                                       ;                   ;         ;
; reset_n                                                                   ;                   ;         ;
;      - LED_R[0]~reg0                                                      ; 1                 ; 6       ;
;      - digit[0]                                                           ; 1                 ; 6       ;
;      - digit[1]                                                           ; 1                 ; 6       ;
;      - digit[2]                                                           ; 1                 ; 6       ;
;      - digit[3]                                                           ; 1                 ; 6       ;
;      - best_digit[0]                                                      ; 1                 ; 6       ;
;      - best_score[31]                                                     ; 1                 ; 6       ;
;      - best_score[30]                                                     ; 1                 ; 6       ;
;      - best_score[29]                                                     ; 1                 ; 6       ;
;      - best_score[28]                                                     ; 1                 ; 6       ;
;      - best_score[27]                                                     ; 1                 ; 6       ;
;      - best_score[26]                                                     ; 1                 ; 6       ;
;      - best_score[25]                                                     ; 1                 ; 6       ;
;      - best_score[24]                                                     ; 1                 ; 6       ;
;      - best_score[23]                                                     ; 1                 ; 6       ;
;      - best_score[22]                                                     ; 1                 ; 6       ;
;      - best_score[21]                                                     ; 1                 ; 6       ;
;      - best_score[20]                                                     ; 1                 ; 6       ;
;      - best_score[19]                                                     ; 1                 ; 6       ;
;      - best_score[18]                                                     ; 1                 ; 6       ;
;      - best_score[17]                                                     ; 1                 ; 6       ;
;      - best_score[16]                                                     ; 1                 ; 6       ;
;      - best_score[15]                                                     ; 1                 ; 6       ;
;      - best_score[14]                                                     ; 1                 ; 6       ;
;      - best_score[13]                                                     ; 1                 ; 6       ;
;      - best_score[12]                                                     ; 1                 ; 6       ;
;      - best_score[11]                                                     ; 1                 ; 6       ;
;      - best_score[10]                                                     ; 1                 ; 6       ;
;      - best_score[9]                                                      ; 1                 ; 6       ;
;      - best_score[8]                                                      ; 1                 ; 6       ;
;      - best_score[7]                                                      ; 1                 ; 6       ;
;      - best_score[6]                                                      ; 1                 ; 6       ;
;      - best_score[5]                                                      ; 1                 ; 6       ;
;      - best_score[4]                                                      ; 1                 ; 6       ;
;      - best_score[3]                                                      ; 1                 ; 6       ;
;      - best_score[2]                                                      ; 1                 ; 6       ;
;      - best_score[1]                                                      ; 1                 ; 6       ;
;      - best_score[0]                                                      ; 1                 ; 6       ;
;      - addr_img[2]                                                        ; 1                 ; 6       ;
;      - addr_img[3]                                                        ; 1                 ; 6       ;
;      - addr_img[4]                                                        ; 1                 ; 6       ;
;      - addr_img[5]                                                        ; 1                 ; 6       ;
;      - addr_img[6]                                                        ; 1                 ; 6       ;
;      - addr_img[7]                                                        ; 1                 ; 6       ;
;      - addr_img[8]                                                        ; 1                 ; 6       ;
;      - addr_img[9]                                                        ; 1                 ; 6       ;
;      - addr_conv1w[3]                                                     ; 1                 ; 6       ;
;      - addr_conv1w[4]                                                     ; 1                 ; 6       ;
;      - addr_conv1w[5]                                                     ; 1                 ; 6       ;
;      - addr_conv1w[6]                                                     ; 1                 ; 6       ;
;      - addr_conv1w[7]                                                     ; 1                 ; 6       ;
;      - addr_conv1w[8]                                                     ; 1                 ; 6       ;
;      - addr_img_conv2[4]                                                  ; 1                 ; 6       ;
;      - addr_img_conv2[7]                                                  ; 1                 ; 6       ;
;      - altsyncram:score_rtl_0|altsyncram_87k1:auto_generated|ram_block1a0 ; 1                 ; 6       ;
;      - state.S_ARGMAX                                                     ; 1                 ; 6       ;
;      - stt.00011                                                          ; 1                 ; 6       ;
;      - i[2]                                                               ; 1                 ; 6       ;
;      - i[1]                                                               ; 1                 ; 6       ;
;      - i[0]                                                               ; 1                 ; 6       ;
;      - i[3]                                                               ; 1                 ; 6       ;
;      - best_digit[1]                                                      ; 1                 ; 6       ;
;      - best_digit[2]                                                      ; 1                 ; 6       ;
;      - best_digit[3]                                                      ; 1                 ; 6       ;
;      - state.S_DONE                                                       ; 1                 ; 6       ;
;      - stt.00010                                                          ; 1                 ; 6       ;
;      - stt.00001                                                          ; 1                 ; 6       ;
;      - stt.00000                                                          ; 1                 ; 6       ;
;      - state.S_IDLE                                                       ; 1                 ; 6       ;
;      - state.S_POOL2                                                      ; 1                 ; 6       ;
;      - state.S_POOL1                                                      ; 1                 ; 6       ;
;      - state.S_CONV2                                                      ; 1                 ; 6       ;
;      - state.S_CONV1                                                      ; 1                 ; 6       ;
;      - stt.00111                                                          ; 1                 ; 6       ;
;      - ch[3]                                                              ; 1                 ; 6       ;
;      - ch[2]                                                              ; 1                 ; 6       ;
;      - ch[1]                                                              ; 1                 ; 6       ;
;      - ch[0]                                                              ; 1                 ; 6       ;
;      - state.S_FC                                                         ; 1                 ; 6       ;
;      - stt.00101                                                          ; 1                 ; 6       ;
;      - cls[3]                                                             ; 1                 ; 6       ;
;      - cls[0]                                                             ; 1                 ; 6       ;
;      - cls[2]                                                             ; 1                 ; 6       ;
;      - cls[1]                                                             ; 1                 ; 6       ;
;      - stt.00100                                                          ; 1                 ; 6       ;
;      - stt.00110                                                          ; 1                 ; 6       ;
;      - i[8]~0                                                             ; 1                 ; 6       ;
;      - comb~0                                                             ; 1                 ; 6       ;
;      - score_rtl_0_bypass[4]                                              ; 1                 ; 6       ;
;      - score_rtl_0_bypass[2]                                              ; 1                 ; 6       ;
;      - score_rtl_0_bypass[8]                                              ; 1                 ; 6       ;
;      - score_rtl_0_bypass[6]                                              ; 1                 ; 6       ;
;      - col[4]                                                             ; 1                 ; 6       ;
;      - col[3]                                                             ; 1                 ; 6       ;
;      - col[2]                                                             ; 1                 ; 6       ;
;      - col[1]                                                             ; 1                 ; 6       ;
;      - col[0]                                                             ; 1                 ; 6       ;
;      - row[4]                                                             ; 1                 ; 6       ;
;      - row[3]                                                             ; 1                 ; 6       ;
;      - row[2]                                                             ; 1                 ; 6       ;
;      - row[1]                                                             ; 1                 ; 6       ;
;      - row[0]                                                             ; 1                 ; 6       ;
;      - acc[0]~2                                                           ; 1                 ; 6       ;
;      - ic[3]~1                                                            ; 1                 ; 6       ;
;      - kh[2]~1                                                            ; 1                 ; 6       ;
;      - addr_img[0]                                                        ; 1                 ; 6       ;
;      - addr_img[1]                                                        ; 1                 ; 6       ;
;      - addr_conv1w[0]                                                     ; 1                 ; 6       ;
;      - addr_conv1w[1]                                                     ; 1                 ; 6       ;
;      - addr_conv1w[2]                                                     ; 1                 ; 6       ;
;      - wren_pool1~0                                                       ; 1                 ; 6       ;
;      - data_w_pool2[31]~0                                                 ; 1                 ; 6       ;
;      - addr_pool2[0]~1                                                    ; 1                 ; 6       ;
;      - addr_fcw[0]~11                                                     ; 1                 ; 6       ;
;      - data_w_pool1[31]~0                                                 ; 1                 ; 6       ;
;      - addr_pool1[0]~8                                                    ; 1                 ; 6       ;
;      - addr_pool1[3]~11                                                   ; 1                 ; 6       ;
;      - addr_conv2w[0]~5                                                   ; 1                 ; 6       ;
;      - max_val[31]~4                                                      ; 1                 ; 6       ;
;      - data_w_img_conv2[31]~0                                             ; 1                 ; 6       ;
;      - addr_img_conv2[0]~4                                                ; 1                 ; 6       ;
;      - data_w_img_conv1[31]~1                                             ; 1                 ; 6       ;
;      - addr_img_conv1[0]~1                                                ; 1                 ; 6       ;
;      - post_acc[31]~35                                                    ; 1                 ; 6       ;
;      - score~578                                                          ; 1                 ; 6       ;
;      - score~579                                                          ; 1                 ; 6       ;
;      - score~580                                                          ; 1                 ; 6       ;
;      - score~581                                                          ; 1                 ; 6       ;
;      - score~582                                                          ; 1                 ; 6       ;
;      - score~583                                                          ; 1                 ; 6       ;
;      - score~584                                                          ; 1                 ; 6       ;
;      - score~585                                                          ; 1                 ; 6       ;
;      - score~586                                                          ; 1                 ; 6       ;
;      - score~587                                                          ; 1                 ; 6       ;
; start                                                                     ;                   ;         ;
;      - Selector462~3                                                      ; 1                 ; 6       ;
;      - Selector463~0                                                      ; 1                 ; 6       ;
;      - state.S_IDLE~0                                                     ; 1                 ; 6       ;
;      - Selector458~5                                                      ; 1                 ; 6       ;
;      - Selector457~3                                                      ; 1                 ; 6       ;
+---------------------------------------------------------------------------+-------------------+---------+


+-------------------------------------------------------------------------------------------------------------------------------------------------------------------------------------------------------------------------+
; Control Signals                                                                                                                                                                                                         ;
+------------------------------------------------------------------------------+--------------------+---------+----------------------------+--------+----------------------+------------------+---------------------------+
; Name                                                                         ; Location           ; Fan-Out ; Usage                      ; Global ; Global Resource Used ; Global Line Name ; Enable Signal Source Name ;
+------------------------------------------------------------------------------+--------------------+---------+----------------------------+--------+----------------------+------------------+---------------------------+
; acc[0]~2                                                                     ; LCCOMB_X54_Y41_N22 ; 64      ; Clock enable               ; no     ; --                   ; --               ; --                        ;
; addr_conv2w[0]~5                                                             ; LCCOMB_X62_Y42_N28 ; 12      ; Clock enable               ; no     ; --                   ; --               ; --                        ;
; addr_fcw[0]~11                                                               ; LCCOMB_X52_Y41_N28 ; 12      ; Clock enable               ; no     ; --                   ; --               ; --                        ;
; addr_img[0]~8                                                                ; LCCOMB_X62_Y42_N6  ; 19      ; Clock enable               ; no     ; --                   ; --               ; --                        ;
; addr_img_conv1[0]~1                                                          ; LCCOMB_X56_Y44_N30 ; 13      ; Clock enable               ; no     ; --                   ; --               ; --                        ;
; addr_img_conv2[0]~4                                                          ; LCCOMB_X56_Y44_N22 ; 8       ; Clock enable               ; no     ; --                   ; --               ; --                        ;
; addr_pool1[0]~8                                                              ; LCCOMB_X63_Y42_N26 ; 3       ; Clock enable               ; no     ; --                   ; --               ; --                        ;
; addr_pool1[3]~11                                                             ; LCCOMB_X63_Y42_N0  ; 8       ; Clock enable               ; no     ; --                   ; --               ; --                        ;
; addr_pool2[0]~1                                                              ; LCCOMB_X55_Y42_N18 ; 8       ; Clock enable               ; no     ; --                   ; --               ; --                        ;
; best_score[31]~0                                                             ; LCCOMB_X59_Y41_N4  ; 32      ; Clock enable               ; no     ; --                   ; --               ; --                        ;
; ch[3]~2                                                                      ; LCCOMB_X58_Y44_N8  ; 4       ; Clock enable               ; no     ; --                   ; --               ; --                        ;
; clk                                                                          ; PIN_Y2             ; 2       ; Clock                      ; no     ; --                   ; --               ; --                        ;
; clk                                                                          ; PIN_Y2             ; 801     ; Clock                      ; yes    ; Global Clock         ; GCLK4            ; --                        ;
; col[3]~2                                                                     ; LCCOMB_X58_Y44_N30 ; 5       ; Clock enable               ; no     ; --                   ; --               ; --                        ;
; comb~0                                                                       ; LCCOMB_X56_Y40_N2  ; 2       ; Write enable               ; no     ; --                   ; --               ; --                        ;
; data_w_img_conv1[31]~1                                                       ; LCCOMB_X55_Y42_N0  ; 32      ; Clock enable               ; no     ; --                   ; --               ; --                        ;
; data_w_img_conv2[31]~0                                                       ; LCCOMB_X56_Y44_N26 ; 32      ; Clock enable               ; no     ; --                   ; --               ; --                        ;
; data_w_pool1[31]~0                                                           ; LCCOMB_X63_Y42_N2  ; 32      ; Clock enable               ; no     ; --                   ; --               ; --                        ;
; data_w_pool2[31]~0                                                           ; LCCOMB_X56_Y44_N12 ; 32      ; Clock enable               ; no     ; --                   ; --               ; --                        ;
; digit[0]~1                                                                   ; LCCOMB_X57_Y41_N6  ; 5       ; Clock enable               ; no     ; --                   ; --               ; --                        ;
; i[8]~0                                                                       ; LCCOMB_X55_Y42_N6  ; 5       ; Clock enable               ; no     ; --                   ; --               ; --                        ;
; ic[3]~1                                                                      ; LCCOMB_X63_Y42_N30 ; 3       ; Clock enable               ; no     ; --                   ; --               ; --                        ;
; kh[2]~1                                                                      ; LCCOMB_X62_Y42_N22 ; 6       ; Clock enable               ; no     ; --                   ; --               ; --                        ;
; max_val[31]~4                                                                ; LCCOMB_X54_Y47_N30 ; 32      ; Clock enable               ; no     ; --                   ; --               ; --                        ;
; pll:u_pll|altpll:altpll_component|pll_altpll:auto_generated|wire_pll1_clk[0] ; PLL_1              ; 65      ; Clock                      ; yes    ; Global Clock         ; GCLK3            ; --                        ;
; post_acc[31]~35                                                              ; LCCOMB_X62_Y42_N26 ; 33      ; Clock enable               ; no     ; --                   ; --               ; --                        ;
; reset_n                                                                      ; PIN_M23            ; 134     ; Async. clear, Clock enable ; no     ; --                   ; --               ; --                        ;
; row[0]~3                                                                     ; LCCOMB_X60_Y44_N4  ; 5       ; Clock enable               ; no     ; --                   ; --               ; --                        ;
; score~578                                                                    ; LCCOMB_X56_Y37_N24 ; 32      ; Clock enable               ; no     ; --                   ; --               ; --                        ;
; score~579                                                                    ; LCCOMB_X55_Y41_N20 ; 32      ; Clock enable               ; no     ; --                   ; --               ; --                        ;
; score~580                                                                    ; LCCOMB_X56_Y37_N6  ; 32      ; Clock enable               ; no     ; --                   ; --               ; --                        ;
; score~581                                                                    ; LCCOMB_X56_Y37_N4  ; 32      ; Clock enable               ; no     ; --                   ; --               ; --                        ;
; score~582                                                                    ; LCCOMB_X55_Y41_N22 ; 32      ; Clock enable               ; no     ; --                   ; --               ; --                        ;
; score~583                                                                    ; LCCOMB_X56_Y37_N10 ; 32      ; Clock enable               ; no     ; --                   ; --               ; --                        ;
; score~584                                                                    ; LCCOMB_X52_Y41_N4  ; 32      ; Clock enable               ; no     ; --                   ; --               ; --                        ;
; score~585                                                                    ; LCCOMB_X55_Y41_N16 ; 32      ; Clock enable               ; no     ; --                   ; --               ; --                        ;
; score~586                                                                    ; LCCOMB_X56_Y37_N20 ; 32      ; Clock enable               ; no     ; --                   ; --               ; --                        ;
; score~587                                                                    ; LCCOMB_X56_Y37_N22 ; 32      ; Clock enable               ; no     ; --                   ; --               ; --                        ;
; state.S_ARGMAX                                                               ; FF_X57_Y41_N17     ; 27      ; Clock enable               ; no     ; --                   ; --               ; --                        ;
; state.S_FC                                                                   ; FF_X58_Y42_N11     ; 301     ; Clock enable, Sync. load   ; no     ; --                   ; --               ; --                        ;
; state.S_POOL1                                                                ; FF_X58_Y42_N21     ; 45      ; Sync. load                 ; no     ; --                   ; --               ; --                        ;
; state.S_POOL2                                                                ; FF_X58_Y42_N31     ; 63      ; Sync. load                 ; no     ; --                   ; --               ; --                        ;
; stt.00010                                                                    ; FF_X57_Y40_N3      ; 179     ; Sync. load                 ; no     ; --                   ; --               ; --                        ;
; stt.00011                                                                    ; FF_X57_Y40_N1      ; 23      ; Sync. load                 ; no     ; --                   ; --               ; --                        ;
; wren_img_conv1                                                               ; FF_X56_Y44_N21     ; 33      ; Write enable               ; no     ; --                   ; --               ; --                        ;
; wren_img_conv2                                                               ; FF_X56_Y44_N3      ; 5       ; Write enable               ; no     ; --                   ; --               ; --                        ;
; wren_pool1                                                                   ; FF_X57_Y44_N31     ; 9       ; Write enable               ; no     ; --                   ; --               ; --                        ;
; wren_pool2                                                                   ; FF_X56_Y44_N1      ; 3       ; Write enable               ; no     ; --                   ; --               ; --                        ;
+------------------------------------------------------------------------------+--------------------+---------+----------------------------+--------+----------------------+------------------+---------------------------+


+----------------------------------------------------------------------------------------------------------------------------------------------------------------------------------------------------------------+
; Global & Other Fast Signals                                                                                                                                                                                    ;
+------------------------------------------------------------------------------+----------+---------+--------------------------------------+----------------------+------------------+---------------------------+
; Name                                                                         ; Location ; Fan-Out ; Fan-Out Using Intentional Clock Skew ; Global Resource Used ; Global Line Name ; Enable Signal Source Name ;
+------------------------------------------------------------------------------+----------+---------+--------------------------------------+----------------------+------------------+---------------------------+
; clk                                                                          ; PIN_Y2   ; 801     ; 44                                   ; Global Clock         ; GCLK4            ; --                        ;
; pll:u_pll|altpll:altpll_component|pll_altpll:auto_generated|wire_pll1_clk[0] ; PLL_1    ; 65      ; 0                                    ; Global Clock         ; GCLK3            ; --                        ;
+------------------------------------------------------------------------------+----------+---------+--------------------------------------+----------------------+------------------+---------------------------+


+---------------------------------------------------------------------------------------------------------------------------------------------------------------------------------------------------------------------------------------------------------------------------------------------------------------------------------------------------------------------------------------------------------------------------------------------------------------------------------------------------------------------------------------------------------------------------------------------------------------------------------------------------------------------------------------------------------------------------------------------------------------------------------------------------------------------------------------------------------------------------------------------------------------------------------------------------------------------------------------------------------------------------------------------------------------------------------------------------------------------------------------------------------------+
; Fitter RAM Summary                                                                                                                                                                                                                                                                                                                                                                                                                                                                                                                                                                                                                                                                                                                                                                                                                                                                                                                                                                                                                                                                                                                                            ;
+-------------------------------------------------------------------------------------------------+------+------------------+--------------+--------------+--------------+--------------+--------------+------------------------+-------------------------+------------------------+-------------------------+--------+-----------------------------+-----------------------------+-----------------------------+-----------------------------+---------------------+------+----------------------+--------------------------------------------------------------------------------------------------------------------------------------------------------------------------------------------------------------------------------------------------------------------------------------------------------------------------------------------------------------------------------------------------------------------------------------------------------------------------------------------------------------------------------+----------------------+------------------------+------------------------+----------+------------------------+---------------+
; Name                                                                                            ; Type ; Mode             ; Clock Mode   ; Port A Depth ; Port A Width ; Port B Depth ; Port B Width ; Port A Input Registers ; Port A Output Registers ; Port B Input Registers ; Port B Output Registers ; Size   ; Implementation Port A Depth ; Implementation Port A Width ; Implementation Port B Depth ; Implementation Port B Width ; Implementation Bits ; M9Ks ; MIF                  ; Location                                                                                                                                                                                                                                                                                                                                                                                                                                                                                                                       ; Mixed Width RDW Mode ; Port A RDW Mode        ; Port B RDW Mode        ; ECC Mode ; ECC Pipeline Registers ; Fits in MLABs ;
+-------------------------------------------------------------------------------------------------+------+------------------+--------------+--------------+--------------+--------------+--------------+------------------------+-------------------------+------------------------+-------------------------+--------+-----------------------------+-----------------------------+-----------------------------+-----------------------------+---------------------+------+----------------------+--------------------------------------------------------------------------------------------------------------------------------------------------------------------------------------------------------------------------------------------------------------------------------------------------------------------------------------------------------------------------------------------------------------------------------------------------------------------------------------------------------------------------------+----------------------+------------------------+------------------------+----------+------------------------+---------------+
; altsyncram:score_rtl_0|altsyncram_87k1:auto_generated|ALTSYNCRAM                                ; M9K  ; Simple Dual Port ; Single Clock ; 10           ; 32           ; 10           ; 32           ; yes                    ; no                      ; yes                    ; no                      ; 320    ; 10                          ; 32                          ; 10                          ; 32                          ; 320                 ; 1    ; None                 ; M9K_X51_Y37_N0                                                                                                                                                                                                                                                                                                                                                                                                                                                                                                                 ; Old data             ; New data with NBE Read ; New data with NBE Read ; Off      ; No                     ; No - Unknown  ;
; conv1:conv1_w|altsyncram:altsyncram_component|altsyncram_pnk1:auto_generated|ALTSYNCRAM         ; M9K  ; Single Port      ; Single Clock ; 4068         ; 16           ; --           ; --           ; yes                    ; no                      ; --                     ; --                      ; 65088  ; 512                         ; 16                          ; --                          ; --                          ; 8192                ; 1    ; ../conv1_w_q88.mif   ; M9K_X78_Y40_N0                                                                                                                                                                                                                                                                                                                                                                                                                                                                                                                 ; Don't care           ; New data with NBE Read ; New data with NBE Read ; Off      ; No                     ; No - Unknown  ;
; conv2_w:u_conv2w|altsyncram:altsyncram_component|altsyncram_2jk1:auto_generated|ALTSYNCRAM      ; M9K  ; Single Port      ; Single Clock ; 3200         ; 16           ; --           ; --           ; yes                    ; no                      ; --                     ; --                      ; 51200  ; 3200                        ; 16                          ; --                          ; --                          ; 51200               ; 8    ; conv2_w_q88.mif      ; M9K_X64_Y36_N0, M9K_X64_Y34_N0, M9K_X78_Y36_N0, M9K_X78_Y42_N0, M9K_X64_Y35_N0, M9K_X78_Y35_N0, M9K_X78_Y41_N0, M9K_X78_Y37_N0                                                                                                                                                                                                                                                                                                                                                                                                 ; Don't care           ; New data with NBE Read ; New data with NBE Read ; Off      ; No                     ; No - Unknown  ;
; fc_w:u_fc_w|altsyncram:altsyncram_component|altsyncram_bak1:auto_generated|ALTSYNCRAM           ; M9K  ; Single Port      ; Single Clock ; 2560         ; 16           ; --           ; --           ; yes                    ; no                      ; --                     ; --                      ; 40960  ; 2560                        ; 16                          ; --                          ; --                          ; 40960               ; 8    ; fc_w_q88.mif         ; M9K_X37_Y39_N0, M9K_X37_Y41_N0, M9K_X37_Y42_N0, M9K_X37_Y38_N0, M9K_X37_Y40_N0, M9K_X51_Y40_N0, M9K_X51_Y38_N0, M9K_X51_Y41_N0                                                                                                                                                                                                                                                                                                                                                                                                 ; Don't care           ; New data with NBE Read ; New data with NBE Read ; Off      ; No                     ; No - Unknown  ;
; image:u_image|altsyncram:altsyncram_component|altsyncram_1dm1:auto_generated|ALTSYNCRAM         ; M9K  ; Single Port      ; Single Clock ; 784          ; 16           ; --           ; --           ; yes                    ; no                      ; --                     ; --                      ; 12544  ; 784                         ; 16                          ; --                          ; --                          ; 12544               ; 2    ; ../image_3_28x28.mif ; M9K_X64_Y40_N0, M9K_X64_Y41_N0                                                                                                                                                                                                                                                                                                                                                                                                                                                                                                 ; Don't care           ; New data with NBE Read ; New data with NBE Read ; Off      ; No                     ; No - Unknown  ;
; img_conv1:u_img_conv1|altsyncram:altsyncram_component|altsyncram_i5i1:auto_generated|ALTSYNCRAM ; M9K  ; Single Port      ; Single Clock ; 4608         ; 32           ; --           ; --           ; yes                    ; no                      ; --                     ; --                      ; 147456 ; 4608                        ; 32                          ; --                          ; --                          ; 147456              ; 32   ; None                 ; M9K_X64_Y48_N0, M9K_X37_Y45_N0, M9K_X78_Y45_N0, M9K_X51_Y56_N0, M9K_X51_Y54_N0, M9K_X64_Y45_N0, M9K_X51_Y53_N0, M9K_X64_Y49_N0, M9K_X64_Y44_N0, M9K_X37_Y47_N0, M9K_X64_Y47_N0, M9K_X78_Y51_N0, M9K_X78_Y47_N0, M9K_X64_Y46_N0, M9K_X64_Y55_N0, M9K_X64_Y53_N0, M9K_X64_Y51_N0, M9K_X64_Y52_N0, M9K_X64_Y50_N0, M9K_X64_Y56_N0, M9K_X64_Y54_N0, M9K_X78_Y50_N0, M9K_X78_Y48_N0, M9K_X37_Y44_N0, M9K_X51_Y50_N0, M9K_X37_Y48_N0, M9K_X51_Y49_N0, M9K_X51_Y52_N0, M9K_X51_Y55_N0, M9K_X51_Y51_N0, M9K_X51_Y43_N0, M9K_X51_Y46_N0 ; Don't care           ; New data with NBE Read ; New data with NBE Read ; Off      ; No                     ; No - Unknown  ;
; img_conv2:u_img_conv2|altsyncram:altsyncram_component|altsyncram_45i1:auto_generated|ALTSYNCRAM ; M9K  ; Single Port      ; Single Clock ; 1024         ; 32           ; --           ; --           ; yes                    ; no                      ; --                     ; --                      ; 32768  ; 1024                        ; 32                          ; --                          ; --                          ; 32768               ; 4    ; None                 ; M9K_X51_Y45_N0, M9K_X51_Y47_N0, M9K_X51_Y48_N0, M9K_X51_Y44_N0                                                                                                                                                                                                                                                                                                                                                                                                                                                                 ; Don't care           ; New data with NBE Read ; New data with NBE Read ; Off      ; No                     ; No - Unknown  ;
; pool1:u_pool1|altsyncram:altsyncram_component|altsyncram_a9g1:auto_generated|ALTSYNCRAM         ; AUTO ; Single Port      ; Single Clock ; 1152         ; 32           ; --           ; --           ; yes                    ; no                      ; --                     ; --                      ; 36864  ; 1152                        ; 32                          ; --                          ; --                          ; 36864               ; 8    ; None                 ; M9K_X64_Y37_N0, M9K_X64_Y38_N0, M9K_X78_Y38_N0, M9K_X64_Y42_N0, M9K_X78_Y43_N0, M9K_X78_Y39_N0, M9K_X64_Y43_N0, M9K_X64_Y39_N0                                                                                                                                                                                                                                                                                                                                                                                                 ; Don't care           ; New data with NBE Read ; New data with NBE Read ; Off      ; No                     ; No - Unknown  ;
; pool2:u_pool2|altsyncram:altsyncram_component|altsyncram_h2i1:auto_generated|ALTSYNCRAM         ; M9K  ; Single Port      ; Single Clock ; 256          ; 32           ; --           ; --           ; yes                    ; no                      ; --                     ; --                      ; 8192   ; 256                         ; 32                          ; --                          ; --                          ; 8192                ; 1    ; None                 ; M9K_X51_Y39_N0                                                                                                                                                                                                                                                                                                                                                                                                                                                                                                                 ; Don't care           ; New data with NBE Read ; New data with NBE Read ; Off      ; No                     ; No - Unknown  ;
+-------------------------------------------------------------------------------------------------+------+------------------+--------------+--------------+--------------+--------------+--------------+------------------------+-------------------------+------------------------+-------------------------+--------+-----------------------------+-----------------------------+-----------------------------+-----------------------------+---------------------+------+----------------------+--------------------------------------------------------------------------------------------------------------------------------------------------------------------------------------------------------------------------------------------------------------------------------------------------------------------------------------------------------------------------------------------------------------------------------------------------------------------------------------------------------------------------------+----------------------+------------------------+------------------------+----------+------------------------+---------------+
Note: Fitter may spread logical memories into multiple blocks to improve timing. The actual required RAM blocks can be found in the Fitter Resource Usage section.


RAM content values are presented in the following format: (Binary) (Octal) (Decimal) (Hexadecimal) 
+------------------------------------------------------------------------------------------------------------------------------------------------------------------------------------------------------------------------------------------------------------------+
; |top|fc_w:u_fc_w|altsyncram:altsyncram_component|altsyncram_bak1:auto_generated|ALTSYNCRAM                                                                                                                                                                       ;
+------------------------------------------------------------------------------------------------------------------------------------------------------------------------------------------------------------------------------------------------------------------+
;   Addr   ;              +0              ;              +1              ;              +2              ;              +3              ;              +4              ;              +5              ;              +6              ;              +7              ;
+----------+------------------------------+------------------------------+------------------------------+------------------------------+------------------------------+------------------------------+------------------------------+------------------------------+
;0;(0000000000011010) (32) (26) (1A)    ;(1111111111100111) (177747) (65511) (FFE7)   ;(0000000000110011) (63) (51) (33)   ;(0000000000110001) (61) (49) (31)   ;(1111111110011010) (177632) (65434) (FF9A)   ;(1111111111010111) (177727) (65495) (FFD7)   ;(1111111111100000) (177740) (65504) (FFE0)   ;(0000000000010101) (25) (21) (15)   ;
;8;(1111111111100000) (177740) (65504) (FFE0)    ;(0000000000010010) (22) (18) (12)   ;(0000000000001001) (11) (9) (09)   ;(1111111111111010) (177772) (65530) (FFFA)   ;(0000000000001111) (17) (15) (0F)   ;(0000000000001010) (12) (10) (0A)   ;(0000000000101011) (53) (43) (2B)   ;(1111111111011000) (177730) (65496) (FFD8)   ;
;16;(1111111111111100) (177774) (65532) (FFFC)    ;(0000000000101100) (54) (44) (2C)   ;(1111111111101010) (177752) (65514) (FFEA)   ;(1111111111101100) (177754) (65516) (FFEC)   ;(1111111111001111) (177717) (65487) (FFCF)   ;(0000000000001010) (12) (10) (0A)   ;(0000000000001110) (16) (14) (0E)   ;(0000000000001001) (11) (9) (09)   ;
;24;(1111111111001110) (177716) (65486) (FFCE)    ;(1111111111100000) (177740) (65504) (FFE0)   ;(1111111111000110) (177706) (65478) (FFC6)   ;(0000000000010011) (23) (19) (13)   ;(1111111110101011) (177653) (65451) (FFAB)   ;(1111111110110101) (177665) (65461) (FFB5)   ;(1111111111001100) (177714) (65484) (FFCC)   ;(1111111111011101) (177735) (65501) (FFDD)   ;
;32;(0000000000101010) (52) (42) (2A)    ;(0000000000001100) (14) (12) (0C)   ;(1111111111010011) (177723) (65491) (FFD3)   ;(1111111111001101) (177715) (65485) (FFCD)   ;(0000000000010001) (21) (17) (11)   ;(0000000001001010) (112) (74) (4A)   ;(0000000000101101) (55) (45) (2D)   ;(1111111111000100) (177704) (65476) (FFC4)   ;
;40;(1111111111010010) (177722) (65490) (FFD2)    ;(0000000000011110) (36) (30) (1E)   ;(1111111111010000) (177720) (65488) (FFD0)   ;(0000000000001100) (14) (12) (0C)   ;(0000000000110100) (64) (52) (34)   ;(0000000000100110) (46) (38) (26)   ;(1111111111011001) (177731) (65497) (FFD9)   ;(1111111111110101) (177765) (65525) (FFF5)   ;
;48;(0000000000001011) (13) (11) (0B)    ;(0000000000100011) (43) (35) (23)   ;(0000000000101001) (51) (41) (29)   ;(0000000000000001) (1) (1) (01)   ;(0000000000010000) (20) (16) (10)   ;(1111111110110000) (177660) (65456) (FFB0)   ;(1111111111110110) (177766) (65526) (FFF6)   ;(0000000000100101) (45) (37) (25)   ;
;56;(0000000000011101) (35) (29) (1D)    ;(1111111111001111) (177717) (65487) (FFCF)   ;(0000000000101001) (51) (41) (29)   ;(1111111111111111) (177777) (65535) (FFFF)   ;(0000000000011000) (30) (24) (18)   ;(0000000000100111) (47) (39) (27)   ;(0000000000100011) (43) (35) (23)   ;(0000000000011010) (32) (26) (1A)   ;
;64;(0000000000000000) (0) (0) (00)    ;(1111111110101011) (177653) (65451) (FFAB)   ;(1111111111101001) (177751) (65513) (FFE9)   ;(0000000000001011) (13) (11) (0B)   ;(1111111111101000) (177750) (65512) (FFE8)   ;(1111111111101100) (177754) (65516) (FFEC)   ;(0000000000000010) (2) (2) (02)   ;(1111111111001010) (177712) (65482) (FFCA)   ;
;72;(0000000001000101) (105) (69) (45)    ;(0000000000001100) (14) (12) (0C)   ;(1111111111001101) (177715) (65485) (FFCD)   ;(1111111111110010) (177762) (65522) (FFF2)   ;(1111111111110100) (177764) (65524) (FFF4)   ;(0000000000001010) (12) (10) (0A)   ;(0000000000100001) (41) (33) (21)   ;(0000000000001111) (17) (15) (0F)   ;
;80;(0000000000100110) (46) (38) (26)    ;(1111111111101011) (177753) (65515) (FFEB)   ;(1111111111111111) (177777) (65535) (FFFF)   ;(1111111111010011) (177723) (65491) (FFD3)   ;(0000000000010111) (27) (23) (17)   ;(0000000000010011) (23) (19) (13)   ;(1111111111101100) (177754) (65516) (FFEC)   ;(0000000000000010) (2) (2) (02)   ;
;88;(1111111111111100) (177774) (65532) (FFFC)    ;(1111111111101000) (177750) (65512) (FFE8)   ;(1111111111101101) (177755) (65517) (FFED)   ;(0000000000011001) (31) (25) (19)   ;(1111111111111010) (177772) (65530) (FFFA)   ;(1111111111111111) (177777) (65535) (FFFF)   ;(0000000000010011) (23) (19) (13)   ;(1111111111110110) (177766) (65526) (FFF6)   ;
;96;(0000000000000001) (1) (1) (01)    ;(1111111111101010) (177752) (65514) (FFEA)   ;(0000000000000010) (2) (2) (02)   ;(0000000000011001) (31) (25) (19)   ;(0000000000001001) (11) (9) (09)   ;(1111111111100011) (177743) (65507) (FFE3)   ;(0000000000000110) (6) (6) (06)   ;(1111111111100000) (177740) (65504) (FFE0)   ;
;104;(1111111111101001) (177751) (65513) (FFE9)    ;(1111111111101011) (177753) (65515) (FFEB)   ;(1111111111000010) (177702) (65474) (FFC2)   ;(1111111111110011) (177763) (65523) (FFF3)   ;(1111111111100000) (177740) (65504) (FFE0)   ;(0000000000000110) (6) (6) (06)   ;(1111111111111001) (177771) (65529) (FFF9)   ;(1111111111101101) (177755) (65517) (FFED)   ;
;112;(1111111111110010) (177762) (65522) (FFF2)    ;(0000000000010100) (24) (20) (14)   ;(1111111111011110) (177736) (65502) (FFDE)   ;(0000000000001011) (13) (11) (0B)   ;(1111111111111111) (177777) (65535) (FFFF)   ;(1111111111010010) (177722) (65490) (FFD2)   ;(0000000000010001) (21) (17) (11)   ;(0000000000001011) (13) (11) (0B)   ;
;120;(1111111111111010) (177772) (65530) (FFFA)    ;(1111111111010101) (177725) (65493) (FFD5)   ;(1111111111011000) (177730) (65496) (FFD8)   ;(1111111111100100) (177744) (65508) (FFE4)   ;(0000000001000101) (105) (69) (45)   ;(1111111111101001) (177751) (65513) (FFE9)   ;(0000000000010001) (21) (17) (11)   ;(0000000000001001) (11) (9) (09)   ;
;128;(1111111111101001) (177751) (65513) (FFE9)    ;(1111111110101100) (177654) (65452) (FFAC)   ;(0000000000100100) (44) (36) (24)   ;(0000000000101000) (50) (40) (28)   ;(1111111111100011) (177743) (65507) (FFE3)   ;(1111111111001110) (177716) (65486) (FFCE)   ;(0000000000001011) (13) (11) (0B)   ;(1111111111111001) (177771) (65529) (FFF9)   ;
;136;(0000000000010110) (26) (22) (16)    ;(0000000000101101) (55) (45) (2D)   ;(1111111111001101) (177715) (65485) (FFCD)   ;(1111111110111001) (177671) (65465) (FFB9)   ;(0000000000000111) (7) (7) (07)   ;(1111111111100001) (177741) (65505) (FFE1)   ;(1111111111100110) (177746) (65510) (FFE6)   ;(1111111110110111) (177667) (65463) (FFB7)   ;
;144;(0000000001000001) (101) (65) (41)    ;(0000000000101100) (54) (44) (2C)   ;(1111111111110011) (177763) (65523) (FFF3)   ;(1111111111111111) (177777) (65535) (FFFF)   ;(1111111111100111) (177747) (65511) (FFE7)   ;(1111111111111100) (177774) (65532) (FFFC)   ;(1111111111101001) (177751) (65513) (FFE9)   ;(1111111111001101) (177715) (65485) (FFCD)   ;
;152;(1111111111100000) (177740) (65504) (FFE0)    ;(1111111111011101) (177735) (65501) (FFDD)   ;(0000000000011100) (34) (28) (1C)   ;(1111111111101011) (177753) (65515) (FFEB)   ;(0000000000001111) (17) (15) (0F)   ;(1111111111110011) (177763) (65523) (FFF3)   ;(1111111111101110) (177756) (65518) (FFEE)   ;(1111111111111011) (177773) (65531) (FFFB)   ;
;160;(1111111111111000) (177770) (65528) (FFF8)    ;(1111111111101000) (177750) (65512) (FFE8)   ;(1111111111111011) (177773) (65531) (FFFB)   ;(0000000000110110) (66) (54) (36)   ;(1111111110111010) (177672) (65466) (FFBA)   ;(0000000000100001) (41) (33) (21)   ;(1111111111111000) (177770) (65528) (FFF8)   ;(0000000000100000) (40) (32) (20)   ;
;168;(0000000000100100) (44) (36) (24)    ;(1111111111100100) (177744) (65508) (FFE4)   ;(1111111111111111) (177777) (65535) (FFFF)   ;(0000000000000001) (1) (1) (01)   ;(0000000000111101) (75) (61) (3D)   ;(0000000000110001) (61) (49) (31)   ;(0000000000111010) (72) (58) (3A)   ;(1111111111101000) (177750) (65512) (FFE8)   ;
;176;(1111111111000110) (177706) (65478) (FFC6)    ;(0000000000110010) (62) (50) (32)   ;(1111111111011010) (177732) (65498) (FFDA)   ;(1111111111000011) (177703) (65475) (FFC3)   ;(0000000000011001) (31) (25) (19)   ;(1111111111101100) (177754) (65516) (FFEC)   ;(1111111111110001) (177761) (65521) (FFF1)   ;(0000000000001100) (14) (12) (0C)   ;
;184;(1111111111010100) (177724) (65492) (FFD4)    ;(0000000000100001) (41) (33) (21)   ;(1111111111100001) (177741) (65505) (FFE1)   ;(0000000000101000) (50) (40) (28)   ;(0000000000000001) (1) (1) (01)   ;(0000000000010011) (23) (19) (13)   ;(1111111111010010) (177722) (65490) (FFD2)   ;(0000000000010110) (26) (22) (16)   ;
;192;(1111111111101110) (177756) (65518) (FFEE)    ;(1111111110011101) (177635) (65437) (FF9D)   ;(1111111111100110) (177746) (65510) (FFE6)   ;(0000000000011101) (35) (29) (1D)   ;(0000000000101000) (50) (40) (28)   ;(0000000000100010) (42) (34) (22)   ;(1111111111110000) (177760) (65520) (FFF0)   ;(0000000000011011) (33) (27) (1B)   ;
;200;(0000000000000110) (6) (6) (06)    ;(0000000000010111) (27) (23) (17)   ;(1111111111110100) (177764) (65524) (FFF4)   ;(1111111111110010) (177762) (65522) (FFF2)   ;(0000000000001100) (14) (12) (0C)   ;(0000000000001010) (12) (10) (0A)   ;(1111111111011110) (177736) (65502) (FFDE)   ;(1111111111111100) (177774) (65532) (FFFC)   ;
;208;(0000000000110000) (60) (48) (30)    ;(0000000000101000) (50) (40) (28)   ;(0000000000000110) (6) (6) (06)   ;(0000000000110110) (66) (54) (36)   ;(1111111111010111) (177727) (65495) (FFD7)   ;(1111111111101001) (177751) (65513) (FFE9)   ;(0000000000010011) (23) (19) (13)   ;(0000000000001111) (17) (15) (0F)   ;
;216;(0000000000011001) (31) (25) (19)    ;(1111111111111000) (177770) (65528) (FFF8)   ;(1111111111101100) (177754) (65516) (FFEC)   ;(0000000000010101) (25) (21) (15)   ;(1111111111111110) (177776) (65534) (FFFE)   ;(1111111111111111) (177777) (65535) (FFFF)   ;(0000000000100011) (43) (35) (23)   ;(0000000000000100) (4) (4) (04)   ;
;224;(0000000000001110) (16) (14) (0E)    ;(1111111111110111) (177767) (65527) (FFF7)   ;(0000000000010011) (23) (19) (13)   ;(1111111111011110) (177736) (65502) (FFDE)   ;(1111111111101000) (177750) (65512) (FFE8)   ;(1111111111110111) (177767) (65527) (FFF7)   ;(1111111111110111) (177767) (65527) (FFF7)   ;(1111111111100111) (177747) (65511) (FFE7)   ;
;232;(0000000000000110) (6) (6) (06)    ;(0000000000011011) (33) (27) (1B)   ;(0000000000001010) (12) (10) (0A)   ;(0000000000001110) (16) (14) (0E)   ;(0000000000100001) (41) (33) (21)   ;(1111111111011000) (177730) (65496) (FFD8)   ;(0000000000000011) (3) (3) (03)   ;(0000000000010000) (20) (16) (10)   ;
;240;(1111111111101011) (177753) (65515) (FFEB)    ;(0000000000011111) (37) (31) (1F)   ;(1111111111111000) (177770) (65528) (FFF8)   ;(1111111111110001) (177761) (65521) (FFF1)   ;(0000000000101101) (55) (45) (2D)   ;(0000000000001100) (14) (12) (0C)   ;(0000000000001111) (17) (15) (0F)   ;(1111111111111000) (177770) (65528) (FFF8)   ;
;248;(0000000000001011) (13) (11) (0B)    ;(0000000000010110) (26) (22) (16)   ;(0000000000000000) (0) (0) (00)   ;(1111111111100010) (177742) (65506) (FFE2)   ;(1111111111100000) (177740) (65504) (FFE0)   ;(0000000000001010) (12) (10) (0A)   ;(1111111111011100) (177734) (65500) (FFDC)   ;(1111111111101100) (177754) (65516) (FFEC)   ;
;256;(1111111111011000) (177730) (65496) (FFD8)    ;(0000000000101001) (51) (41) (29)   ;(0000000000011100) (34) (28) (1C)   ;(0000000000100010) (42) (34) (22)   ;(0000000000010110) (26) (22) (16)   ;(1111111111000111) (177707) (65479) (FFC7)   ;(1111111111100100) (177744) (65508) (FFE4)   ;(1111111111110010) (177762) (65522) (FFF2)   ;
;264;(0000000000011011) (33) (27) (1B)    ;(1111111111100111) (177747) (65511) (FFE7)   ;(1111111111000011) (177703) (65475) (FFC3)   ;(0000000000101011) (53) (43) (2B)   ;(1111111111101111) (177757) (65519) (FFEF)   ;(0000000000010000) (20) (16) (10)   ;(1111111111001001) (177711) (65481) (FFC9)   ;(1111111111110001) (177761) (65521) (FFF1)   ;
;272;(1111111111011111) (177737) (65503) (FFDF)    ;(1111111111111110) (177776) (65534) (FFFE)   ;(0000000000000100) (4) (4) (04)   ;(1111111111111011) (177773) (65531) (FFFB)   ;(0000000000101010) (52) (42) (2A)   ;(1111111111011101) (177735) (65501) (FFDD)   ;(0000000000010000) (20) (16) (10)   ;(0000000000101000) (50) (40) (28)   ;
;280;(1111111111110110) (177766) (65526) (FFF6)    ;(0000000000011101) (35) (29) (1D)   ;(0000000000000110) (6) (6) (06)   ;(0000000001000000) (100) (64) (40)   ;(0000000000111101) (75) (61) (3D)   ;(1111111111100010) (177742) (65506) (FFE2)   ;(1111111111011011) (177733) (65499) (FFDB)   ;(0000000000001100) (14) (12) (0C)   ;
;288;(1111111110101111) (177657) (65455) (FFAF)    ;(1111111101111100) (177574) (65404) (FF7C)   ;(0000000000011010) (32) (26) (1A)   ;(0000000000010100) (24) (20) (14)   ;(0000000000101110) (56) (46) (2E)   ;(1111111111101111) (177757) (65519) (FFEF)   ;(1111111111111110) (177776) (65534) (FFFE)   ;(1111111111111101) (177775) (65533) (FFFD)   ;
;296;(1111111111111011) (177773) (65531) (FFFB)    ;(0000000000111100) (74) (60) (3C)   ;(1111111111001111) (177717) (65487) (FFCF)   ;(1111111110100011) (177643) (65443) (FFA3)   ;(1111111111110111) (177767) (65527) (FFF7)   ;(0000000000100101) (45) (37) (25)   ;(1111111111101100) (177754) (65516) (FFEC)   ;(1111111101101111) (177557) (65391) (FF6F)   ;
;304;(0000000001001000) (110) (72) (48)    ;(0000000001010000) (120) (80) (50)   ;(0000000001001100) (114) (76) (4C)   ;(1111111111011101) (177735) (65501) (FFDD)   ;(1111111111011010) (177732) (65498) (FFDA)   ;(1111111111010001) (177721) (65489) (FFD1)   ;(0000000000010010) (22) (18) (12)   ;(0000000000011000) (30) (24) (18)   ;
;312;(1111111111100011) (177743) (65507) (FFE3)    ;(0000000000001000) (10) (8) (08)   ;(0000000000010100) (24) (20) (14)   ;(1111111111100000) (177740) (65504) (FFE0)   ;(0000000000011010) (32) (26) (1A)   ;(1111111111111101) (177775) (65533) (FFFD)   ;(1111111111100000) (177740) (65504) (FFE0)   ;(1111111111101000) (177750) (65512) (FFE8)   ;
;320;(0000000000010100) (24) (20) (14)    ;(1111111111101100) (177754) (65516) (FFEC)   ;(0000000000000110) (6) (6) (06)   ;(0000000000001100) (14) (12) (0C)   ;(1111111111011110) (177736) (65502) (FFDE)   ;(0000000000111100) (74) (60) (3C)   ;(0000000000010001) (21) (17) (11)   ;(0000000001000001) (101) (65) (41)   ;
;328;(0000000000000010) (2) (2) (02)    ;(1111111111111011) (177773) (65531) (FFFB)   ;(0000000000001001) (11) (9) (09)   ;(1111111111011000) (177730) (65496) (FFD8)   ;(0000000000100010) (42) (34) (22)   ;(0000000000101000) (50) (40) (28)   ;(1111111111101010) (177752) (65514) (FFEA)   ;(1111111111100010) (177742) (65506) (FFE2)   ;
;336;(1111111110101001) (177651) (65449) (FFA9)    ;(0000000000011100) (34) (28) (1C)   ;(0000000000100011) (43) (35) (23)   ;(0000000000010011) (23) (19) (13)   ;(1111111111101010) (177752) (65514) (FFEA)   ;(0000000000010011) (23) (19) (13)   ;(1111111111110110) (177766) (65526) (FFF6)   ;(0000000000001011) (13) (11) (0B)   ;
;344;(1111111111000001) (177701) (65473) (FFC1)    ;(0000000000010000) (20) (16) (10)   ;(1111111111110000) (177760) (65520) (FFF0)   ;(0000000001000100) (104) (68) (44)   ;(1111111110111111) (177677) (65471) (FFBF)   ;(1111111111010111) (177727) (65495) (FFD7)   ;(1111111111111111) (177777) (65535) (FFFF)   ;(1111111111111101) (177775) (65533) (FFFD)   ;
;352;(0000000000000100) (4) (4) (04)    ;(1111111111100110) (177746) (65510) (FFE6)   ;(0000000000000111) (7) (7) (07)   ;(0000000000100111) (47) (39) (27)   ;(0000000000011101) (35) (29) (1D)   ;(1111111111111010) (177772) (65530) (FFFA)   ;(1111111111110010) (177762) (65522) (FFF2)   ;(0000000000000100) (4) (4) (04)   ;
;360;(0000000000100000) (40) (32) (20)    ;(0000000000000001) (1) (1) (01)   ;(0000000000001101) (15) (13) (0D)   ;(0000000000010000) (20) (16) (10)   ;(0000000000100110) (46) (38) (26)   ;(0000000000000000) (0) (0) (00)   ;(1111111111010101) (177725) (65493) (FFD5)   ;(0000000000000011) (3) (3) (03)   ;
;368;(0000000000011110) (36) (30) (1E)    ;(0000000000000011) (3) (3) (03)   ;(0000000000010111) (27) (23) (17)   ;(0000000000110110) (66) (54) (36)   ;(1111111111001010) (177712) (65482) (FFCA)   ;(1111111111110100) (177764) (65524) (FFF4)   ;(0000000000101101) (55) (45) (2D)   ;(0000000000011110) (36) (30) (1E)   ;
;376;(0000000000101100) (54) (44) (2C)    ;(1111111111101011) (177753) (65515) (FFEB)   ;(1111111111010111) (177727) (65495) (FFD7)   ;(0000000000000100) (4) (4) (04)   ;(0000000000000001) (1) (1) (01)   ;(1111111111101010) (177752) (65514) (FFEA)   ;(1111111111011100) (177734) (65500) (FFDC)   ;(0000000000001110) (16) (14) (0E)   ;
;384;(1111111111100011) (177743) (65507) (FFE3)    ;(0000000000011010) (32) (26) (1A)   ;(0000000000011111) (37) (31) (1F)   ;(1111111111011111) (177737) (65503) (FFDF)   ;(0000000000101111) (57) (47) (2F)   ;(0000000000000110) (6) (6) (06)   ;(1111111111111000) (177770) (65528) (FFF8)   ;(0000000000011101) (35) (29) (1D)   ;
;392;(0000000000000101) (5) (5) (05)    ;(0000000000000010) (2) (2) (02)   ;(1111111111100100) (177744) (65508) (FFE4)   ;(1111111111101010) (177752) (65514) (FFEA)   ;(0000000000011110) (36) (30) (1E)   ;(1111111111111101) (177775) (65533) (FFFD)   ;(1111111111100111) (177747) (65511) (FFE7)   ;(0000000000001101) (15) (13) (0D)   ;
;400;(1111111111100111) (177747) (65511) (FFE7)    ;(0000000000101101) (55) (45) (2D)   ;(1111111111110111) (177767) (65527) (FFF7)   ;(0000000000101010) (52) (42) (2A)   ;(0000000000101110) (56) (46) (2E)   ;(1111111111111010) (177772) (65530) (FFFA)   ;(0000000000010011) (23) (19) (13)   ;(1111111111110101) (177765) (65525) (FFF5)   ;
;408;(0000000000010111) (27) (23) (17)    ;(1111111111100010) (177742) (65506) (FFE2)   ;(0000000000010100) (24) (20) (14)   ;(1111111111101100) (177754) (65516) (FFEC)   ;(0000000000001011) (13) (11) (0B)   ;(0000000000010101) (25) (21) (15)   ;(0000000000010101) (25) (21) (15)   ;(0000000000000001) (1) (1) (01)   ;
;416;(1111111110111001) (177671) (65465) (FFB9)    ;(0000000000011011) (33) (27) (1B)   ;(0000000000010100) (24) (20) (14)   ;(0000000000010001) (21) (17) (11)   ;(1111111111110011) (177763) (65523) (FFF3)   ;(0000000000000100) (4) (4) (04)   ;(1111111111111001) (177771) (65529) (FFF9)   ;(1111111111100100) (177744) (65508) (FFE4)   ;
;424;(0000000000001000) (10) (8) (08)    ;(1111111111110011) (177763) (65523) (FFF3)   ;(1111111111101010) (177752) (65514) (FFEA)   ;(0000000000101100) (54) (44) (2C)   ;(1111111111101110) (177756) (65518) (FFEE)   ;(0000000000110101) (65) (53) (35)   ;(1111111111101001) (177751) (65513) (FFE9)   ;(0000000000010110) (26) (22) (16)   ;
;432;(0000000000010011) (23) (19) (13)    ;(1111111111111111) (177777) (65535) (FFFF)   ;(1111111111101110) (177756) (65518) (FFEE)   ;(1111111111110101) (177765) (65525) (FFF5)   ;(1111111111011010) (177732) (65498) (FFDA)   ;(0000000000000001) (1) (1) (01)   ;(0000000000010001) (21) (17) (11)   ;(1111111111110100) (177764) (65524) (FFF4)   ;
;440;(1111111111111110) (177776) (65534) (FFFE)    ;(1111111111111010) (177772) (65530) (FFFA)   ;(0000000000110100) (64) (52) (34)   ;(0000000000001100) (14) (12) (0C)   ;(0000000000010101) (25) (21) (15)   ;(1111111110111100) (177674) (65468) (FFBC)   ;(1111111111000110) (177706) (65478) (FFC6)   ;(1111111111111010) (177772) (65530) (FFFA)   ;
;448;(1111111111110110) (177766) (65526) (FFF6)    ;(1111111111110101) (177765) (65525) (FFF5)   ;(0000000000000011) (3) (3) (03)   ;(0000000001000100) (104) (68) (44)   ;(0000000000100001) (41) (33) (21)   ;(0000000000000001) (1) (1) (01)   ;(1111111111110100) (177764) (65524) (FFF4)   ;(1111111111111101) (177775) (65533) (FFFD)   ;
;456;(1111111111101000) (177750) (65512) (FFE8)    ;(0000000000010110) (26) (22) (16)   ;(0000000000000110) (6) (6) (06)   ;(0000000000100110) (46) (38) (26)   ;(1111111111011010) (177732) (65498) (FFDA)   ;(0000000001010010) (122) (82) (52)   ;(1111111111001100) (177714) (65484) (FFCC)   ;(1111111111101001) (177751) (65513) (FFE9)   ;
;464;(0000000001001111) (117) (79) (4F)    ;(1111111110100011) (177643) (65443) (FFA3)   ;(0000000000110111) (67) (55) (37)   ;(1111111111100010) (177742) (65506) (FFE2)   ;(0000000000001100) (14) (12) (0C)   ;(1111111110111111) (177677) (65471) (FFBF)   ;(1111111111011011) (177733) (65499) (FFDB)   ;(0000000001001010) (112) (74) (4A)   ;
;472;(1111111111011110) (177736) (65502) (FFDE)    ;(0000000000101111) (57) (47) (2F)   ;(0000000000110101) (65) (53) (35)   ;(1111111110110110) (177666) (65462) (FFB6)   ;(1111111111010010) (177722) (65490) (FFD2)   ;(0000000000011000) (30) (24) (18)   ;(1111111110111000) (177670) (65464) (FFB8)   ;(1111111111010010) (177722) (65490) (FFD2)   ;
;480;(1111111111110000) (177760) (65520) (FFF0)    ;(1111111111001010) (177712) (65482) (FFCA)   ;(1111111111010000) (177720) (65488) (FFD0)   ;(1111111111110011) (177763) (65523) (FFF3)   ;(1111111111000111) (177707) (65479) (FFC7)   ;(0000000001100000) (140) (96) (60)   ;(1111111111111011) (177773) (65531) (FFFB)   ;(0000000000101010) (52) (42) (2A)   ;
;488;(0000000000011001) (31) (25) (19)    ;(0000000000011000) (30) (24) (18)   ;(0000000000000010) (2) (2) (02)   ;(1111111111101011) (177753) (65515) (FFEB)   ;(0000000000100101) (45) (37) (25)   ;(0000000000100000) (40) (32) (20)   ;(1111111110111011) (177673) (65467) (FFBB)   ;(1111111111000100) (177704) (65476) (FFC4)   ;
;496;(1111111111001100) (177714) (65484) (FFCC)    ;(1111111111111101) (177775) (65533) (FFFD)   ;(1111111111111101) (177775) (65533) (FFFD)   ;(0000000000100101) (45) (37) (25)   ;(1111111111100011) (177743) (65507) (FFE3)   ;(0000000000100001) (41) (33) (21)   ;(0000000000010010) (22) (18) (12)   ;(1111111111110011) (177763) (65523) (FFF3)   ;
;504;(0000000000000111) (7) (7) (07)    ;(0000000001000011) (103) (67) (43)   ;(0000000000010000) (20) (16) (10)   ;(0000000000100111) (47) (39) (27)   ;(0000000000001100) (14) (12) (0C)   ;(0000000000100100) (44) (36) (24)   ;(1111111111011100) (177734) (65500) (FFDC)   ;(0000000000101101) (55) (45) (2D)   ;
;512;(1111111111111110) (177776) (65534) (FFFE)    ;(0000000000010100) (24) (20) (14)   ;(0000000000010000) (20) (16) (10)   ;(0000000000101000) (50) (40) (28)   ;(0000000000011011) (33) (27) (1B)   ;(1111111111111000) (177770) (65528) (FFF8)   ;(1111111111101100) (177754) (65516) (FFEC)   ;(0000000000000010) (2) (2) (02)   ;
;520;(0000000000001011) (13) (11) (0B)    ;(1111111111000010) (177702) (65474) (FFC2)   ;(0000000000000111) (7) (7) (07)   ;(1111111111001101) (177715) (65485) (FFCD)   ;(1111111110110101) (177665) (65461) (FFB5)   ;(1111111111100110) (177746) (65510) (FFE6)   ;(0000000000100110) (46) (38) (26)   ;(1111111111001101) (177715) (65485) (FFCD)   ;
;528;(0000000000011011) (33) (27) (1B)    ;(0000000000100000) (40) (32) (20)   ;(1111111111011010) (177732) (65498) (FFDA)   ;(0000000000111010) (72) (58) (3A)   ;(1111111110111001) (177671) (65465) (FFB9)   ;(1111111111101001) (177751) (65513) (FFE9)   ;(0000000000000101) (5) (5) (05)   ;(1111111111101001) (177751) (65513) (FFE9)   ;
;536;(0000000000000000) (0) (0) (00)    ;(0000000000001011) (13) (11) (0B)   ;(1111111111011001) (177731) (65497) (FFD9)   ;(1111111111110110) (177766) (65526) (FFF6)   ;(1111111111111001) (177771) (65529) (FFF9)   ;(1111111111101000) (177750) (65512) (FFE8)   ;(1111111111110110) (177766) (65526) (FFF6)   ;(0000000000010110) (26) (22) (16)   ;
;544;(1111111111110001) (177761) (65521) (FFF1)    ;(0000000000100110) (46) (38) (26)   ;(1111111111111110) (177776) (65534) (FFFE)   ;(1111111111111000) (177770) (65528) (FFF8)   ;(0000000000010001) (21) (17) (11)   ;(1111111111100101) (177745) (65509) (FFE5)   ;(1111111111100000) (177740) (65504) (FFE0)   ;(0000000000100001) (41) (33) (21)   ;
;552;(1111111111111010) (177772) (65530) (FFFA)    ;(0000000000100001) (41) (33) (21)   ;(0000000000000000) (0) (0) (00)   ;(1111111111100011) (177743) (65507) (FFE3)   ;(0000000000000011) (3) (3) (03)   ;(1111111111110101) (177765) (65525) (FFF5)   ;(1111111111110001) (177761) (65521) (FFF1)   ;(0000000000001011) (13) (11) (0B)   ;
;560;(0000000000100100) (44) (36) (24)    ;(1111111111111011) (177773) (65531) (FFFB)   ;(0000000000011001) (31) (25) (19)   ;(1111111111110110) (177766) (65526) (FFF6)   ;(1111111111110000) (177760) (65520) (FFF0)   ;(1111111111100000) (177740) (65504) (FFE0)   ;(1111111111010111) (177727) (65495) (FFD7)   ;(1111111111101010) (177752) (65514) (FFEA)   ;
;568;(1111111111101110) (177756) (65518) (FFEE)    ;(1111111111110010) (177762) (65522) (FFF2)   ;(0000000000001000) (10) (8) (08)   ;(1111111111111000) (177770) (65528) (FFF8)   ;(1111111111111010) (177772) (65530) (FFFA)   ;(1111111111001011) (177713) (65483) (FFCB)   ;(1111111111111010) (177772) (65530) (FFFA)   ;(1111111111110110) (177766) (65526) (FFF6)   ;
;576;(0000000000001101) (15) (13) (0D)    ;(0000000000000010) (2) (2) (02)   ;(1111111111100111) (177747) (65511) (FFE7)   ;(1111111111101011) (177753) (65515) (FFEB)   ;(0000000000000110) (6) (6) (06)   ;(0000000000000101) (5) (5) (05)   ;(1111111111100010) (177742) (65506) (FFE2)   ;(0000000000001001) (11) (9) (09)   ;
;584;(1111111111011001) (177731) (65497) (FFD9)    ;(1111111111110000) (177760) (65520) (FFF0)   ;(1111111111111111) (177777) (65535) (FFFF)   ;(0000000000001000) (10) (8) (08)   ;(0000000000001011) (13) (11) (0B)   ;(0000000000010100) (24) (20) (14)   ;(1111111111101010) (177752) (65514) (FFEA)   ;(1111111111110100) (177764) (65524) (FFF4)   ;
;592;(1111111111100011) (177743) (65507) (FFE3)    ;(1111111111011001) (177731) (65497) (FFD9)   ;(0000000000011111) (37) (31) (1F)   ;(1111111111101111) (177757) (65519) (FFEF)   ;(1111111111101101) (177755) (65517) (FFED)   ;(0000000000010011) (23) (19) (13)   ;(0000000000001010) (12) (10) (0A)   ;(0000000000001100) (14) (12) (0C)   ;
;600;(0000000000010101) (25) (21) (15)    ;(1111111111011101) (177735) (65501) (FFDD)   ;(0000000000100110) (46) (38) (26)   ;(1111111111110111) (177767) (65527) (FFF7)   ;(0000000000010010) (22) (18) (12)   ;(1111111110001100) (177614) (65420) (FF8C)   ;(1111111111000110) (177706) (65478) (FFC6)   ;(0000000000010101) (25) (21) (15)   ;
;608;(1111111111111010) (177772) (65530) (FFFA)    ;(0000000000001100) (14) (12) (0C)   ;(0000000000100010) (42) (34) (22)   ;(0000000000011100) (34) (28) (1C)   ;(0000000000001110) (16) (14) (0E)   ;(0000000000100010) (42) (34) (22)   ;(0000000000000110) (6) (6) (06)   ;(1111111111000100) (177704) (65476) (FFC4)   ;
;616;(1111111111110110) (177766) (65526) (FFF6)    ;(1111111111110011) (177763) (65523) (FFF3)   ;(1111111111110000) (177760) (65520) (FFF0)   ;(0000000000001010) (12) (10) (0A)   ;(1111111111010000) (177720) (65488) (FFD0)   ;(0000000000111110) (76) (62) (3E)   ;(1111111111011001) (177731) (65497) (FFD9)   ;(0000000000110101) (65) (53) (35)   ;
;624;(0000000000111111) (77) (63) (3F)    ;(1111111110100011) (177643) (65443) (FFA3)   ;(1111111111110101) (177765) (65525) (FFF5)   ;(0000000000110010) (62) (50) (32)   ;(1111111111100110) (177746) (65510) (FFE6)   ;(1111111110111011) (177673) (65467) (FFBB)   ;(0000000001000000) (100) (64) (40)   ;(0000000000101011) (53) (43) (2B)   ;
;632;(1111111111111010) (177772) (65530) (FFFA)    ;(1111111111010011) (177723) (65491) (FFD3)   ;(0000000000010111) (27) (23) (17)   ;(1111111111001110) (177716) (65486) (FFCE)   ;(1111111111000110) (177706) (65478) (FFC6)   ;(1111111111110101) (177765) (65525) (FFF5)   ;(0000000000000010) (2) (2) (02)   ;(1111111111000100) (177704) (65476) (FFC4)   ;
;640;(1111111111101100) (177754) (65516) (FFEC)    ;(0000000000000100) (4) (4) (04)   ;(0000000000010101) (25) (21) (15)   ;(1111111111111000) (177770) (65528) (FFF8)   ;(0000000000100001) (41) (33) (21)   ;(0000000000001011) (13) (11) (0B)   ;(1111111111000001) (177701) (65473) (FFC1)   ;(0000000001001001) (111) (73) (49)   ;
;648;(1111111111100100) (177744) (65508) (FFE4)    ;(1111111111101100) (177754) (65516) (FFEC)   ;(1111111111111010) (177772) (65530) (FFFA)   ;(0000000000001010) (12) (10) (0A)   ;(1111111111010110) (177726) (65494) (FFD6)   ;(0000000000000011) (3) (3) (03)   ;(0000000000101111) (57) (47) (2F)   ;(1111111111110100) (177764) (65524) (FFF4)   ;
;656;(1111111111100000) (177740) (65504) (FFE0)    ;(0000000001000110) (106) (70) (46)   ;(0000000000000011) (3) (3) (03)   ;(1111111101100000) (177540) (65376) (FF60)   ;(1111111111100011) (177743) (65507) (FFE3)   ;(0000000000000011) (3) (3) (03)   ;(1111111111101101) (177755) (65517) (FFED)   ;(1111111111111001) (177771) (65529) (FFF9)   ;
;664;(0000000000001010) (12) (10) (0A)    ;(1111111111111111) (177777) (65535) (FFFF)   ;(1111111111001010) (177712) (65482) (FFCA)   ;(0000000000010101) (25) (21) (15)   ;(1111111111111010) (177772) (65530) (FFFA)   ;(0000000000011111) (37) (31) (1F)   ;(1111111111110001) (177761) (65521) (FFF1)   ;(1111111111110011) (177763) (65523) (FFF3)   ;
;672;(0000000000000111) (7) (7) (07)    ;(1111111110111101) (177675) (65469) (FFBD)   ;(0000000000010000) (20) (16) (10)   ;(0000000000001011) (13) (11) (0B)   ;(0000000000100001) (41) (33) (21)   ;(1111111111100111) (177747) (65511) (FFE7)   ;(0000000000110101) (65) (53) (35)   ;(0000000000001100) (14) (12) (0C)   ;
;680;(1111111111010000) (177720) (65488) (FFD0)    ;(1111111111011001) (177731) (65497) (FFD9)   ;(1111111111011101) (177735) (65501) (FFDD)   ;(0000000000001010) (12) (10) (0A)   ;(1111111111101011) (177753) (65515) (FFEB)   ;(0000000000011001) (31) (25) (19)   ;(1111111111110010) (177762) (65522) (FFF2)   ;(1111111111010111) (177727) (65495) (FFD7)   ;
;688;(0000000000011101) (35) (29) (1D)    ;(0000000001000011) (103) (67) (43)   ;(0000000000011011) (33) (27) (1B)   ;(1111111111100101) (177745) (65509) (FFE5)   ;(1111111111101110) (177756) (65518) (FFEE)   ;(1111111111101000) (177750) (65512) (FFE8)   ;(0000000000010010) (22) (18) (12)   ;(1111111111100010) (177742) (65506) (FFE2)   ;
;696;(0000000000011101) (35) (29) (1D)    ;(1111111111100011) (177743) (65507) (FFE3)   ;(1111111111110000) (177760) (65520) (FFF0)   ;(0000000000010100) (24) (20) (14)   ;(1111111111111111) (177777) (65535) (FFFF)   ;(0000000000010101) (25) (21) (15)   ;(0000000000010001) (21) (17) (11)   ;(1111111111101111) (177757) (65519) (FFEF)   ;
;704;(1111111111110101) (177765) (65525) (FFF5)    ;(1111111111101010) (177752) (65514) (FFEA)   ;(1111111111110001) (177761) (65521) (FFF1)   ;(0000000000001001) (11) (9) (09)   ;(1111111111011110) (177736) (65502) (FFDE)   ;(1111111111001100) (177714) (65484) (FFCC)   ;(0000000000011111) (37) (31) (1F)   ;(0000000000000001) (1) (1) (01)   ;
;712;(1111111111110111) (177767) (65527) (FFF7)    ;(1111111111101100) (177754) (65516) (FFEC)   ;(0000000000001010) (12) (10) (0A)   ;(0000000000011100) (34) (28) (1C)   ;(0000000000000100) (4) (4) (04)   ;(0000000000011101) (35) (29) (1D)   ;(1111111111010011) (177723) (65491) (FFD3)   ;(0000000000010000) (20) (16) (10)   ;
;720;(0000000000001101) (15) (13) (0D)    ;(1111111111100001) (177741) (65505) (FFE1)   ;(0000000000000011) (3) (3) (03)   ;(1111111111011111) (177737) (65503) (FFDF)   ;(0000000000010101) (25) (21) (15)   ;(1111111111100010) (177742) (65506) (FFE2)   ;(0000000000100010) (42) (34) (22)   ;(1111111111111110) (177776) (65534) (FFFE)   ;
;728;(1111111111111000) (177770) (65528) (FFF8)    ;(0000000000100011) (43) (35) (23)   ;(0000000000000111) (7) (7) (07)   ;(1111111111110110) (177766) (65526) (FFF6)   ;(1111111111001101) (177715) (65485) (FFCD)   ;(0000000000100010) (42) (34) (22)   ;(0000000000010100) (24) (20) (14)   ;(0000000000000011) (3) (3) (03)   ;
;736;(0000000000000101) (5) (5) (05)    ;(1111111111100001) (177741) (65505) (FFE1)   ;(0000000000010111) (27) (23) (17)   ;(1111111111101111) (177757) (65519) (FFEF)   ;(0000000000001110) (16) (14) (0E)   ;(0000000000010110) (26) (22) (16)   ;(0000000001000100) (104) (68) (44)   ;(1111111111110111) (177767) (65527) (FFF7)   ;
;744;(1111111111011101) (177735) (65501) (FFDD)    ;(1111111111111110) (177776) (65534) (FFFE)   ;(1111111111111001) (177771) (65529) (FFF9)   ;(0000000000110110) (66) (54) (36)   ;(1111111111100111) (177747) (65511) (FFE7)   ;(1111111110110101) (177665) (65461) (FFB5)   ;(0000000000101010) (52) (42) (2A)   ;(0000000000010011) (23) (19) (13)   ;
;752;(0000000000000011) (3) (3) (03)    ;(0000000000001111) (17) (15) (0F)   ;(0000000000000011) (3) (3) (03)   ;(1111111111001011) (177713) (65483) (FFCB)   ;(0000000000011011) (33) (27) (1B)   ;(0000000000010011) (23) (19) (13)   ;(1111111111101100) (177754) (65516) (FFEC)   ;(0000000000101010) (52) (42) (2A)   ;
;760;(0000000000101110) (56) (46) (2E)    ;(1111111111010001) (177721) (65489) (FFD1)   ;(1111111110100001) (177641) (65441) (FFA1)   ;(1111111111001110) (177716) (65486) (FFCE)   ;(1111111111111010) (177772) (65530) (FFFA)   ;(1111111111011100) (177734) (65500) (FFDC)   ;(0000000000001000) (10) (8) (08)   ;(0000000001000010) (102) (66) (42)   ;
;768;(1111111111011000) (177730) (65496) (FFD8)    ;(1111111111101000) (177750) (65512) (FFE8)   ;(0000000000000011) (3) (3) (03)   ;(1111111111110000) (177760) (65520) (FFF0)   ;(1111111111010111) (177727) (65495) (FFD7)   ;(1111111111000000) (177700) (65472) (FFC0)   ;(0000000000010000) (20) (16) (10)   ;(1111111111111100) (177774) (65532) (FFFC)   ;
;776;(1111111111101010) (177752) (65514) (FFEA)    ;(0000000000011101) (35) (29) (1D)   ;(1111111111011010) (177732) (65498) (FFDA)   ;(1111111111011110) (177736) (65502) (FFDE)   ;(0000000000000111) (7) (7) (07)   ;(0000000000000011) (3) (3) (03)   ;(1111111110111100) (177674) (65468) (FFBC)   ;(1111111111001101) (177715) (65485) (FFCD)   ;
;784;(0000000000001011) (13) (11) (0B)    ;(0000000000011010) (32) (26) (1A)   ;(0000000000100011) (43) (35) (23)   ;(0000000000000000) (0) (0) (00)   ;(1111111111101100) (177754) (65516) (FFEC)   ;(0000000000011101) (35) (29) (1D)   ;(1111111111111101) (177775) (65533) (FFFD)   ;(1111111111100000) (177740) (65504) (FFE0)   ;
;792;(0000000000010000) (20) (16) (10)    ;(0000000000101001) (51) (41) (29)   ;(0000000000000010) (2) (2) (02)   ;(1111111111101111) (177757) (65519) (FFEF)   ;(1111111111110110) (177766) (65526) (FFF6)   ;(1111111111111010) (177772) (65530) (FFFA)   ;(1111111111110000) (177760) (65520) (FFF0)   ;(1111111111110111) (177767) (65527) (FFF7)   ;
;800;(1111111111000111) (177707) (65479) (FFC7)    ;(1111111110111011) (177673) (65467) (FFBB)   ;(0000000000011010) (32) (26) (1A)   ;(0000000000101101) (55) (45) (2D)   ;(0000000000001010) (12) (10) (0A)   ;(0000000000100000) (40) (32) (20)   ;(1111111111011010) (177732) (65498) (FFDA)   ;(0000000000000010) (2) (2) (02)   ;
;808;(0000000000000101) (5) (5) (05)    ;(1111111111111100) (177774) (65532) (FFFC)   ;(1111111111101101) (177755) (65517) (FFED)   ;(0000000000001010) (12) (10) (0A)   ;(0000000000111001) (71) (57) (39)   ;(0000000000010110) (26) (22) (16)   ;(1111111110111111) (177677) (65471) (FFBF)   ;(1111111111100111) (177747) (65511) (FFE7)   ;
;816;(1111111110101011) (177653) (65451) (FFAB)    ;(0000000001000111) (107) (71) (47)   ;(0000000000100001) (41) (33) (21)   ;(1111111111011011) (177733) (65499) (FFDB)   ;(1111111111100100) (177744) (65508) (FFE4)   ;(0000000000000110) (6) (6) (06)   ;(0000000000010100) (24) (20) (14)   ;(1111111111111100) (177774) (65532) (FFFC)   ;
;824;(0000000000011000) (30) (24) (18)    ;(0000000000010011) (23) (19) (13)   ;(0000000000001001) (11) (9) (09)   ;(0000000000001010) (12) (10) (0A)   ;(0000000000000110) (6) (6) (06)   ;(0000000000101100) (54) (44) (2C)   ;(0000000000011000) (30) (24) (18)   ;(1111111111001011) (177713) (65483) (FFCB)   ;
;832;(1111111111001110) (177716) (65486) (FFCE)    ;(1111111111001101) (177715) (65485) (FFCD)   ;(0000000000000001) (1) (1) (01)   ;(0000000000010011) (23) (19) (13)   ;(0000000000000101) (5) (5) (05)   ;(1111111110110100) (177664) (65460) (FFB4)   ;(0000000000100011) (43) (35) (23)   ;(0000000000101010) (52) (42) (2A)   ;
;840;(1111111111111100) (177774) (65532) (FFFC)    ;(1111111111011111) (177737) (65503) (FFDF)   ;(0000000000010011) (23) (19) (13)   ;(0000000000001000) (10) (8) (08)   ;(1111111111100000) (177740) (65504) (FFE0)   ;(1111111111010011) (177723) (65491) (FFD3)   ;(1111111111001111) (177717) (65487) (FFCF)   ;(1111111111101100) (177754) (65516) (FFEC)   ;
;848;(0000000000111100) (74) (60) (3C)    ;(0000000000000000) (0) (0) (00)   ;(0000000000000001) (1) (1) (01)   ;(1111111111011101) (177735) (65501) (FFDD)   ;(1111111111110100) (177764) (65524) (FFF4)   ;(0000000000110000) (60) (48) (30)   ;(1111111111011010) (177732) (65498) (FFDA)   ;(0000000000001001) (11) (9) (09)   ;
;856;(0000000000000110) (6) (6) (06)    ;(0000000000100001) (41) (33) (21)   ;(1111111111110000) (177760) (65520) (FFF0)   ;(0000000000001010) (12) (10) (0A)   ;(1111111110110011) (177663) (65459) (FFB3)   ;(1111111110110010) (177662) (65458) (FFB2)   ;(1111111111111101) (177775) (65533) (FFFD)   ;(0000000000010000) (20) (16) (10)   ;
;864;(1111111111110110) (177766) (65526) (FFF6)    ;(1111111111100000) (177740) (65504) (FFE0)   ;(1111111111101111) (177757) (65519) (FFEF)   ;(1111111111011110) (177736) (65502) (FFDE)   ;(0000000000000110) (6) (6) (06)   ;(0000000001000001) (101) (65) (41)   ;(1111111111110010) (177762) (65522) (FFF2)   ;(0000000000011111) (37) (31) (1F)   ;
;872;(1111111111110000) (177760) (65520) (FFF0)    ;(1111111111110101) (177765) (65525) (FFF5)   ;(0000000000000011) (3) (3) (03)   ;(1111111111101101) (177755) (65517) (FFED)   ;(0000000000001010) (12) (10) (0A)   ;(1111111111010111) (177727) (65495) (FFD7)   ;(0000000000100010) (42) (34) (22)   ;(1111111111011010) (177732) (65498) (FFDA)   ;
;880;(1111111111001001) (177711) (65481) (FFC9)    ;(1111111111001110) (177716) (65486) (FFCE)   ;(1111111111111100) (177774) (65532) (FFFC)   ;(1111111111000100) (177704) (65476) (FFC4)   ;(0000000000011010) (32) (26) (1A)   ;(1111111111011000) (177730) (65496) (FFD8)   ;(1111111111011111) (177737) (65503) (FFDF)   ;(1111111111101100) (177754) (65516) (FFEC)   ;
;888;(0000000000100000) (40) (32) (20)    ;(0000000000100001) (41) (33) (21)   ;(1111111111001011) (177713) (65483) (FFCB)   ;(1111111111100101) (177745) (65509) (FFE5)   ;(1111111111001001) (177711) (65481) (FFC9)   ;(0000000000010111) (27) (23) (17)   ;(1111111111101100) (177754) (65516) (FFEC)   ;(0000000000000010) (2) (2) (02)   ;
;896;(0000000000000010) (2) (2) (02)    ;(0000000000001011) (13) (11) (0B)   ;(0000000000100111) (47) (39) (27)   ;(0000000000001010) (12) (10) (0A)   ;(1111111111111111) (177777) (65535) (FFFF)   ;(0000000000010000) (20) (16) (10)   ;(0000000000110011) (63) (51) (33)   ;(1111111111001110) (177716) (65486) (FFCE)   ;
;904;(0000000000000101) (5) (5) (05)    ;(1111111111111100) (177774) (65532) (FFFC)   ;(0000000000110011) (63) (51) (33)   ;(0000000000101001) (51) (41) (29)   ;(1111111111111100) (177774) (65532) (FFFC)   ;(1111111111100110) (177746) (65510) (FFE6)   ;(0000000000000100) (4) (4) (04)   ;(0000000000000110) (6) (6) (06)   ;
;912;(0000000000001110) (16) (14) (0E)    ;(1111111111111001) (177771) (65529) (FFF9)   ;(0000000000010010) (22) (18) (12)   ;(0000000000100111) (47) (39) (27)   ;(0000000000001001) (11) (9) (09)   ;(1111111111110011) (177763) (65523) (FFF3)   ;(1111111111110010) (177762) (65522) (FFF2)   ;(0000000000011011) (33) (27) (1B)   ;
;920;(0000000000011111) (37) (31) (1F)    ;(0000000000010000) (20) (16) (10)   ;(0000000000000011) (3) (3) (03)   ;(1111111110100001) (177641) (65441) (FFA1)   ;(1111111111100010) (177742) (65506) (FFE2)   ;(0000000000101101) (55) (45) (2D)   ;(1111111111010110) (177726) (65494) (FFD6)   ;(0000000001000110) (106) (70) (46)   ;
;928;(1111111111101011) (177753) (65515) (FFEB)    ;(0000000000011000) (30) (24) (18)   ;(0000000000001010) (12) (10) (0A)   ;(1111111111011010) (177732) (65498) (FFDA)   ;(1111111111010100) (177724) (65492) (FFD4)   ;(1111111110011011) (177633) (65435) (FF9B)   ;(1111111111111001) (177771) (65529) (FFF9)   ;(0000000000011111) (37) (31) (1F)   ;
;936;(0000000000001011) (13) (11) (0B)    ;(0000000000101000) (50) (40) (28)   ;(0000000000010110) (26) (22) (16)   ;(1111111111100001) (177741) (65505) (FFE1)   ;(0000000000100001) (41) (33) (21)   ;(0000000000001110) (16) (14) (0E)   ;(1111111111110000) (177760) (65520) (FFF0)   ;(0000000000000111) (7) (7) (07)   ;
;944;(1111111111101000) (177750) (65512) (FFE8)    ;(0000000000110100) (64) (52) (34)   ;(0000000001001110) (116) (78) (4E)   ;(1111111111010100) (177724) (65492) (FFD4)   ;(1111111111101011) (177753) (65515) (FFEB)   ;(1111111111100010) (177742) (65506) (FFE2)   ;(1111111111010001) (177721) (65489) (FFD1)   ;(1111111111101101) (177755) (65517) (FFED)   ;
;952;(1111111111110111) (177767) (65527) (FFF7)    ;(0000000000101111) (57) (47) (2F)   ;(1111111110100101) (177645) (65445) (FFA5)   ;(1111111111101100) (177754) (65516) (FFEC)   ;(0000000000000001) (1) (1) (01)   ;(0000000000101000) (50) (40) (28)   ;(0000000000001000) (10) (8) (08)   ;(1111111111101100) (177754) (65516) (FFEC)   ;
;960;(1111111110110101) (177665) (65461) (FFB5)    ;(1111111111010111) (177727) (65495) (FFD7)   ;(1111111111100101) (177745) (65509) (FFE5)   ;(0000000000100001) (41) (33) (21)   ;(1111111111110001) (177761) (65521) (FFF1)   ;(0000000000010110) (26) (22) (16)   ;(1111111111110111) (177767) (65527) (FFF7)   ;(1111111111101011) (177753) (65515) (FFEB)   ;
;968;(1111111111110101) (177765) (65525) (FFF5)    ;(0000000000101011) (53) (43) (2B)   ;(0000000000010010) (22) (18) (12)   ;(1111111111110111) (177767) (65527) (FFF7)   ;(0000000000000010) (2) (2) (02)   ;(1111111111110010) (177762) (65522) (FFF2)   ;(1111111110111100) (177674) (65468) (FFBC)   ;(1111111111010111) (177727) (65495) (FFD7)   ;
;976;(1111111111011111) (177737) (65503) (FFDF)    ;(1111111111111010) (177772) (65530) (FFFA)   ;(1111111111111001) (177771) (65529) (FFF9)   ;(0000000000010100) (24) (20) (14)   ;(1111111111101101) (177755) (65517) (FFED)   ;(1111111111101000) (177750) (65512) (FFE8)   ;(1111111111011111) (177737) (65503) (FFDF)   ;(1111111111100001) (177741) (65505) (FFE1)   ;
;984;(0000000000011101) (35) (29) (1D)    ;(0000000000000011) (3) (3) (03)   ;(1111111111110010) (177762) (65522) (FFF2)   ;(1111111111100110) (177746) (65510) (FFE6)   ;(1111111111110110) (177766) (65526) (FFF6)   ;(1111111111110001) (177761) (65521) (FFF1)   ;(0000000000001000) (10) (8) (08)   ;(1111111111001001) (177711) (65481) (FFC9)   ;
;992;(1111111111111111) (177777) (65535) (FFFF)    ;(0000000000010111) (27) (23) (17)   ;(0000000000101000) (50) (40) (28)   ;(0000000000100111) (47) (39) (27)   ;(0000000000011101) (35) (29) (1D)   ;(1111111111001001) (177711) (65481) (FFC9)   ;(0000000000101010) (52) (42) (2A)   ;(1111111111111011) (177773) (65531) (FFFB)   ;
;1000;(0000000000000101) (5) (5) (05)    ;(1111111111101000) (177750) (65512) (FFE8)   ;(0000000000000111) (7) (7) (07)   ;(1111111111100111) (177747) (65511) (FFE7)   ;(0000000000000010) (2) (2) (02)   ;(0000000000010011) (23) (19) (13)   ;(1111111111110011) (177763) (65523) (FFF3)   ;(0000000000011000) (30) (24) (18)   ;
;1008;(1111111111111010) (177772) (65530) (FFFA)    ;(1111111111110011) (177763) (65523) (FFF3)   ;(1111111111001000) (177710) (65480) (FFC8)   ;(0000000000011010) (32) (26) (1A)   ;(0000000000011011) (33) (27) (1B)   ;(1111111111111000) (177770) (65528) (FFF8)   ;(0000000000001111) (17) (15) (0F)   ;(1111111111010001) (177721) (65489) (FFD1)   ;
;1016;(1111111111110110) (177766) (65526) (FFF6)    ;(0000000000100010) (42) (34) (22)   ;(1111111111101011) (177753) (65515) (FFEB)   ;(1111111111111001) (177771) (65529) (FFF9)   ;(1111111111011001) (177731) (65497) (FFD9)   ;(0000000000000110) (6) (6) (06)   ;(1111111111101011) (177753) (65515) (FFEB)   ;(0000000000000110) (6) (6) (06)   ;
;1024;(0000000000011001) (31) (25) (19)    ;(1111111111101011) (177753) (65515) (FFEB)   ;(0000000000001101) (15) (13) (0D)   ;(1111111111110011) (177763) (65523) (FFF3)   ;(0000000000011010) (32) (26) (1A)   ;(1111111111101100) (177754) (65516) (FFEC)   ;(1111111111100110) (177746) (65510) (FFE6)   ;(0000000000011110) (36) (30) (1E)   ;
;1032;(0000000000001101) (15) (13) (0D)    ;(0000000000001010) (12) (10) (0A)   ;(1111111111100001) (177741) (65505) (FFE1)   ;(0000000000001111) (17) (15) (0F)   ;(1111111111101111) (177757) (65519) (FFEF)   ;(0000000000011101) (35) (29) (1D)   ;(0000000000011101) (35) (29) (1D)   ;(0000000000000101) (5) (5) (05)   ;
;1040;(1111111111101111) (177757) (65519) (FFEF)    ;(1111111111110111) (177767) (65527) (FFF7)   ;(1111111111101101) (177755) (65517) (FFED)   ;(1111111111100011) (177743) (65507) (FFE3)   ;(0000000000100001) (41) (33) (21)   ;(0000000000011100) (34) (28) (1C)   ;(1111111111110111) (177767) (65527) (FFF7)   ;(1111111111101011) (177753) (65515) (FFEB)   ;
;1048;(0000000000100111) (47) (39) (27)    ;(0000000000001000) (10) (8) (08)   ;(1111111111101010) (177752) (65514) (FFEA)   ;(1111111111101101) (177755) (65517) (FFED)   ;(0000000000000000) (0) (0) (00)   ;(0000000000000001) (1) (1) (01)   ;(0000000000001101) (15) (13) (0D)   ;(1111111111100000) (177740) (65504) (FFE0)   ;
;1056;(1111111111101001) (177751) (65513) (FFE9)    ;(1111111111100001) (177741) (65505) (FFE1)   ;(0000000000100111) (47) (39) (27)   ;(0000000000010111) (27) (23) (17)   ;(0000000000000011) (3) (3) (03)   ;(1111111111001011) (177713) (65483) (FFCB)   ;(0000000000011100) (34) (28) (1C)   ;(1111111111110110) (177766) (65526) (FFF6)   ;
;1064;(1111111111011011) (177733) (65499) (FFDB)    ;(0000000000011111) (37) (31) (1F)   ;(0000000000111001) (71) (57) (39)   ;(1111111111100111) (177747) (65511) (FFE7)   ;(1111111111100100) (177744) (65508) (FFE4)   ;(1111111111110001) (177761) (65521) (FFF1)   ;(0000000000100001) (41) (33) (21)   ;(0000000000010001) (21) (17) (11)   ;
;1072;(1111111111101100) (177754) (65516) (FFEC)    ;(0000000000101011) (53) (43) (2B)   ;(1111111111111001) (177771) (65529) (FFF9)   ;(1111111111101100) (177754) (65516) (FFEC)   ;(1111111111101110) (177756) (65518) (FFEE)   ;(1111111111111001) (177771) (65529) (FFF9)   ;(0000000000110010) (62) (50) (32)   ;(0000000000011010) (32) (26) (1A)   ;
;1080;(0000000000100100) (44) (36) (24)    ;(0000000000001101) (15) (13) (0D)   ;(0000000000011000) (30) (24) (18)   ;(1111111111011101) (177735) (65501) (FFDD)   ;(1111111111110001) (177761) (65521) (FFF1)   ;(0000000000101001) (51) (41) (29)   ;(1111111111110001) (177761) (65521) (FFF1)   ;(1111111111101001) (177751) (65513) (FFE9)   ;
;1088;(0000000000001001) (11) (9) (09)    ;(0000000000110000) (60) (48) (30)   ;(0000000000100000) (40) (32) (20)   ;(0000000000000011) (3) (3) (03)   ;(0000000000000110) (6) (6) (06)   ;(1111111111010101) (177725) (65493) (FFD5)   ;(1111111111110100) (177764) (65524) (FFF4)   ;(1111111111100001) (177741) (65505) (FFE1)   ;
;1096;(0000000000101100) (54) (44) (2C)    ;(1111111111010111) (177727) (65495) (FFD7)   ;(0000000000010001) (21) (17) (11)   ;(0000000000100011) (43) (35) (23)   ;(0000000000011001) (31) (25) (19)   ;(0000000000111110) (76) (62) (3E)   ;(0000000000001000) (10) (8) (08)   ;(1111111111111111) (177777) (65535) (FFFF)   ;
;1104;(0000000000000100) (4) (4) (04)    ;(1111111111110110) (177766) (65526) (FFF6)   ;(1111111111111111) (177777) (65535) (FFFF)   ;(0000000000011111) (37) (31) (1F)   ;(0000000000000110) (6) (6) (06)   ;(0000000000100111) (47) (39) (27)   ;(1111111111111101) (177775) (65533) (FFFD)   ;(0000000001001110) (116) (78) (4E)   ;
;1112;(0000000000111110) (76) (62) (3E)    ;(0000000000001010) (12) (10) (0A)   ;(0000000000010001) (21) (17) (11)   ;(1111111110010001) (177621) (65425) (FF91)   ;(1111111110111100) (177674) (65468) (FFBC)   ;(0000000000010000) (20) (16) (10)   ;(0000000000001110) (16) (14) (0E)   ;(0000000000000110) (6) (6) (06)   ;
;1120;(1111111111101110) (177756) (65518) (FFEE)    ;(1111111110011100) (177634) (65436) (FF9C)   ;(1111111111110001) (177761) (65521) (FFF1)   ;(1111111111010111) (177727) (65495) (FFD7)   ;(1111111111101001) (177751) (65513) (FFE9)   ;(0000000000011110) (36) (30) (1E)   ;(0000000000111110) (76) (62) (3E)   ;(0000000000001000) (10) (8) (08)   ;
;1128;(0000000000011001) (31) (25) (19)    ;(0000000000001111) (17) (15) (0F)   ;(0000000000011000) (30) (24) (18)   ;(1111111111101111) (177757) (65519) (FFEF)   ;(0000000000001010) (12) (10) (0A)   ;(0000000000000100) (4) (4) (04)   ;(1111111110110001) (177661) (65457) (FFB1)   ;(1111111111111010) (177772) (65530) (FFFA)   ;
;1136;(0000000000111000) (70) (56) (38)    ;(1111111111111010) (177772) (65530) (FFFA)   ;(1111111111111110) (177776) (65534) (FFFE)   ;(0000000000001000) (10) (8) (08)   ;(1111111111011111) (177737) (65503) (FFDF)   ;(0000000000100000) (40) (32) (20)   ;(1111111111010101) (177725) (65493) (FFD5)   ;(0000000000100011) (43) (35) (23)   ;
;1144;(1111111111110101) (177765) (65525) (FFF5)    ;(1111111111100101) (177745) (65509) (FFE5)   ;(1111111110111001) (177671) (65465) (FFB9)   ;(0000000000000101) (5) (5) (05)   ;(0000000000010011) (23) (19) (13)   ;(0000000000000111) (7) (7) (07)   ;(1111111111110101) (177765) (65525) (FFF5)   ;(0000000000100100) (44) (36) (24)   ;
;1152;(1111111111100111) (177747) (65511) (FFE7)    ;(0000000000100101) (45) (37) (25)   ;(0000000000010100) (24) (20) (14)   ;(1111111111101010) (177752) (65514) (FFEA)   ;(1111111111110011) (177763) (65523) (FFF3)   ;(0000000000101000) (50) (40) (28)   ;(1111111111111011) (177773) (65531) (FFFB)   ;(1111111111010111) (177727) (65495) (FFD7)   ;
;1160;(0000000000010010) (22) (18) (12)    ;(1111111111011111) (177737) (65503) (FFDF)   ;(1111111111100100) (177744) (65508) (FFE4)   ;(0000000000000101) (5) (5) (05)   ;(1111111111111011) (177773) (65531) (FFFB)   ;(0000000000011111) (37) (31) (1F)   ;(0000000001000011) (103) (67) (43)   ;(0000000000001110) (16) (14) (0E)   ;
;1168;(1111111111100010) (177742) (65506) (FFE2)    ;(1111111111101110) (177756) (65518) (FFEE)   ;(1111111111110001) (177761) (65521) (FFF1)   ;(1111111111111110) (177776) (65534) (FFFE)   ;(0000000000010100) (24) (20) (14)   ;(1111111111101110) (177756) (65518) (FFEE)   ;(1111111111111101) (177775) (65533) (FFFD)   ;(1111111111100010) (177742) (65506) (FFE2)   ;
;1176;(0000000000011101) (35) (29) (1D)    ;(0000000000000110) (6) (6) (06)   ;(0000000000001110) (16) (14) (0E)   ;(0000000000011010) (32) (26) (1A)   ;(1111111111111101) (177775) (65533) (FFFD)   ;(0000000000000011) (3) (3) (03)   ;(0000000000101010) (52) (42) (2A)   ;(1111111111011101) (177735) (65501) (FFDD)   ;
;1184;(0000000000101100) (54) (44) (2C)    ;(0000000000010110) (26) (22) (16)   ;(1111111111110000) (177760) (65520) (FFF0)   ;(0000000000011011) (33) (27) (1B)   ;(1111111111101100) (177754) (65516) (FFEC)   ;(1111111111111001) (177771) (65529) (FFF9)   ;(1111111111111011) (177773) (65531) (FFFB)   ;(1111111111100110) (177746) (65510) (FFE6)   ;
;1192;(1111111111100111) (177747) (65511) (FFE7)    ;(0000000000010011) (23) (19) (13)   ;(1111111111110111) (177767) (65527) (FFF7)   ;(1111111110011100) (177634) (65436) (FF9C)   ;(1111111110100001) (177641) (65441) (FFA1)   ;(0000000000001010) (12) (10) (0A)   ;(0000000000011010) (32) (26) (1A)   ;(1111111111100101) (177745) (65509) (FFE5)   ;
;1200;(0000000000000001) (1) (1) (01)    ;(0000000000011001) (31) (25) (19)   ;(0000000000001011) (13) (11) (0B)   ;(0000000000011110) (36) (30) (1E)   ;(1111111111111111) (177777) (65535) (FFFF)   ;(1111111111111011) (177773) (65531) (FFFB)   ;(1111111111111101) (177775) (65533) (FFFD)   ;(1111111111111100) (177774) (65532) (FFFC)   ;
;1208;(1111111111100010) (177742) (65506) (FFE2)    ;(1111111111010001) (177721) (65489) (FFD1)   ;(0000000000110101) (65) (53) (35)   ;(0000000000010101) (25) (21) (15)   ;(0000000000001001) (11) (9) (09)   ;(1111111111110011) (177763) (65523) (FFF3)   ;(1111111111000011) (177703) (65475) (FFC3)   ;(0000000000010101) (25) (21) (15)   ;
;1216;(1111111111001011) (177713) (65483) (FFCB)    ;(0000000000110000) (60) (48) (30)   ;(0000000000001100) (14) (12) (0C)   ;(1111111111101010) (177752) (65514) (FFEA)   ;(1111111111110100) (177764) (65524) (FFF4)   ;(0000000000110001) (61) (49) (31)   ;(0000000000001100) (14) (12) (0C)   ;(1111111111100001) (177741) (65505) (FFE1)   ;
;1224;(1111111111101010) (177752) (65514) (FFEA)    ;(1111111111100100) (177744) (65508) (FFE4)   ;(0000000000110110) (66) (54) (36)   ;(0000000000011100) (34) (28) (1C)   ;(1111111110111101) (177675) (65469) (FFBD)   ;(1111111111011000) (177730) (65496) (FFD8)   ;(1111111111111110) (177776) (65534) (FFFE)   ;(1111111111101001) (177751) (65513) (FFE9)   ;
;1232;(0000000000010001) (21) (17) (11)    ;(0000000000000001) (1) (1) (01)   ;(0000000000011001) (31) (25) (19)   ;(0000000000010011) (23) (19) (13)   ;(1111111111101101) (177755) (65517) (FFED)   ;(0000000000101010) (52) (42) (2A)   ;(1111111111110100) (177764) (65524) (FFF4)   ;(0000000000000011) (3) (3) (03)   ;
;1240;(0000000000011110) (36) (30) (1E)    ;(0000000000101010) (52) (42) (2A)   ;(0000000000001100) (14) (12) (0C)   ;(0000000000000100) (4) (4) (04)   ;(1111111111100110) (177746) (65510) (FFE6)   ;(0000000000100010) (42) (34) (22)   ;(1111111111010110) (177726) (65494) (FFD6)   ;(1111111111110001) (177761) (65521) (FFF1)   ;
;1248;(1111111111011101) (177735) (65501) (FFDD)    ;(0000000000010011) (23) (19) (13)   ;(1111111111111011) (177773) (65531) (FFFB)   ;(1111111111100110) (177746) (65510) (FFE6)   ;(1111111111110011) (177763) (65523) (FFF3)   ;(1111111111101101) (177755) (65517) (FFED)   ;(0000000000110100) (64) (52) (34)   ;(1111111111100011) (177743) (65507) (FFE3)   ;
;1256;(1111111111110110) (177766) (65526) (FFF6)    ;(0000000000001100) (14) (12) (0C)   ;(1111111111111010) (177772) (65530) (FFFA)   ;(0000000000101000) (50) (40) (28)   ;(0000000000100010) (42) (34) (22)   ;(0000000000001110) (16) (14) (0E)   ;(0000000000011110) (36) (30) (1E)   ;(0000000000001000) (10) (8) (08)   ;
;1264;(1111111111110111) (177767) (65527) (FFF7)    ;(1111111110101010) (177652) (65450) (FFAA)   ;(1111111111101011) (177753) (65515) (FFEB)   ;(0000000000100111) (47) (39) (27)   ;(1111111111111111) (177777) (65535) (FFFF)   ;(0000000000001000) (10) (8) (08)   ;(0000000000111010) (72) (58) (3A)   ;(1111111111100001) (177741) (65505) (FFE1)   ;
;1272;(1111111111101010) (177752) (65514) (FFEA)    ;(1111111110100011) (177643) (65443) (FFA3)   ;(1111111111011111) (177737) (65503) (FFDF)   ;(1111111110000101) (177605) (65413) (FF85)   ;(0000000000000011) (3) (3) (03)   ;(1111111111111001) (177771) (65529) (FFF9)   ;(0000000000111011) (73) (59) (3B)   ;(0000000000011100) (34) (28) (1C)   ;
;1280;(1111111111010000) (177720) (65488) (FFD0)    ;(1111111111101111) (177757) (65519) (FFEF)   ;(0000000000011100) (34) (28) (1C)   ;(0000000000001110) (16) (14) (0E)   ;(0000000000010101) (25) (21) (15)   ;(0000000001000001) (101) (65) (41)   ;(1111111111010011) (177723) (65491) (FFD3)   ;(0000000000000111) (7) (7) (07)   ;
;1288;(0000000000001111) (17) (15) (0F)    ;(0000000000010010) (22) (18) (12)   ;(1111111110111011) (177673) (65467) (FFBB)   ;(1111111111101110) (177756) (65518) (FFEE)   ;(1111111111100010) (177742) (65506) (FFE2)   ;(1111111110110001) (177661) (65457) (FFB1)   ;(0000000000011111) (37) (31) (1F)   ;(0000000001001001) (111) (73) (49)   ;
;1296;(1111111110101111) (177657) (65455) (FFAF)    ;(1111111111110011) (177763) (65523) (FFF3)   ;(0000000001000000) (100) (64) (40)   ;(0000000000011001) (31) (25) (19)   ;(1111111111110111) (177767) (65527) (FFF7)   ;(0000000000000000) (0) (0) (00)   ;(1111111111001101) (177715) (65485) (FFCD)   ;(0000000000101011) (53) (43) (2B)   ;
;1304;(0000000000001101) (15) (13) (0D)    ;(0000000000101101) (55) (45) (2D)   ;(1111111110111001) (177671) (65465) (FFB9)   ;(0000000000010101) (25) (21) (15)   ;(1111111111000000) (177700) (65472) (FFC0)   ;(0000000000001101) (15) (13) (0D)   ;(1111111111111000) (177770) (65528) (FFF8)   ;(0000000001111101) (175) (125) (7D)   ;
;1312;(1111111111101111) (177757) (65519) (FFEF)    ;(1111111111111010) (177772) (65530) (FFFA)   ;(0000000000100000) (40) (32) (20)   ;(0000000000001000) (10) (8) (08)   ;(0000000000101111) (57) (47) (2F)   ;(1111111111100101) (177745) (65509) (FFE5)   ;(1111111111111010) (177772) (65530) (FFFA)   ;(1111111111100110) (177746) (65510) (FFE6)   ;
;1320;(0000000000000110) (6) (6) (06)    ;(0000000000000001) (1) (1) (01)   ;(0000000000011110) (36) (30) (1E)   ;(0000000000001110) (16) (14) (0E)   ;(1111111111010001) (177721) (65489) (FFD1)   ;(0000000000000010) (2) (2) (02)   ;(0000000000010101) (25) (21) (15)   ;(0000000000000100) (4) (4) (04)   ;
;1328;(0000000000010111) (27) (23) (17)    ;(1111111111101101) (177755) (65517) (FFED)   ;(0000000000010000) (20) (16) (10)   ;(1111111111100111) (177747) (65511) (FFE7)   ;(0000000000010100) (24) (20) (14)   ;(1111111111100001) (177741) (65505) (FFE1)   ;(0000000000001000) (10) (8) (08)   ;(0000000000000011) (3) (3) (03)   ;
;1336;(0000000000000111) (7) (7) (07)    ;(1111111111110110) (177766) (65526) (FFF6)   ;(0000000000100100) (44) (36) (24)   ;(1111111111011101) (177735) (65501) (FFDD)   ;(1111111111010101) (177725) (65493) (FFD5)   ;(0000000000011101) (35) (29) (1D)   ;(0000000000010011) (23) (19) (13)   ;(0000000000001010) (12) (10) (0A)   ;
;1344;(1111111111101100) (177754) (65516) (FFEC)    ;(0000000000011010) (32) (26) (1A)   ;(1111111111010010) (177722) (65490) (FFD2)   ;(0000000000001010) (12) (10) (0A)   ;(1111111111110000) (177760) (65520) (FFF0)   ;(1111111111011110) (177736) (65502) (FFDE)   ;(0000000000010110) (26) (22) (16)   ;(1111111111110010) (177762) (65522) (FFF2)   ;
;1352;(1111111111101000) (177750) (65512) (FFE8)    ;(1111111111100010) (177742) (65506) (FFE2)   ;(1111111111111000) (177770) (65528) (FFF8)   ;(0000000000001001) (11) (9) (09)   ;(1111111111100001) (177741) (65505) (FFE1)   ;(0000000000110000) (60) (48) (30)   ;(0000000000011001) (31) (25) (19)   ;(1111111111011011) (177733) (65499) (FFDB)   ;
;1360;(1111111111111001) (177771) (65529) (FFF9)    ;(0000000000011011) (33) (27) (1B)   ;(0000000000010101) (25) (21) (15)   ;(1111111111011101) (177735) (65501) (FFDD)   ;(1111111111101011) (177753) (65515) (FFEB)   ;(1111111111101111) (177757) (65519) (FFEF)   ;(0000000000000111) (7) (7) (07)   ;(1111111111001111) (177717) (65487) (FFCF)   ;
;1368;(0000000000001010) (12) (10) (0A)    ;(1111111111110001) (177761) (65521) (FFF1)   ;(0000000000000010) (2) (2) (02)   ;(1111111111001110) (177716) (65486) (FFCE)   ;(0000000000011011) (33) (27) (1B)   ;(1111111111111111) (177777) (65535) (FFFF)   ;(1111111111011111) (177737) (65503) (FFDF)   ;(1111111111101110) (177756) (65518) (FFEE)   ;
;1376;(1111111111110100) (177764) (65524) (FFF4)    ;(1111111111000001) (177701) (65473) (FFC1)   ;(0000000000010101) (25) (21) (15)   ;(1111111111011010) (177732) (65498) (FFDA)   ;(1111111110010010) (177622) (65426) (FF92)   ;(1111111111111100) (177774) (65532) (FFFC)   ;(0000000000001001) (11) (9) (09)   ;(1111111111101010) (177752) (65514) (FFEA)   ;
;1384;(1111111111000110) (177706) (65478) (FFC6)    ;(0000000000100000) (40) (32) (20)   ;(1111111110011110) (177636) (65438) (FF9E)   ;(0000000000101010) (52) (42) (2A)   ;(1111111111100101) (177745) (65509) (FFE5)   ;(1111111110101110) (177656) (65454) (FFAE)   ;(0000000000001110) (16) (14) (0E)   ;(1111111111001000) (177710) (65480) (FFC8)   ;
;1392;(0000000000011011) (33) (27) (1B)    ;(1111111111000001) (177701) (65473) (FFC1)   ;(0000000000100110) (46) (38) (26)   ;(0000000000011101) (35) (29) (1D)   ;(1111111111101110) (177756) (65518) (FFEE)   ;(0000000000100110) (46) (38) (26)   ;(1111111111110010) (177762) (65522) (FFF2)   ;(1111111111010011) (177723) (65491) (FFD3)   ;
;1400;(0000000000001000) (10) (8) (08)    ;(1111111111010101) (177725) (65493) (FFD5)   ;(1111111111010111) (177727) (65495) (FFD7)   ;(0000000000010111) (27) (23) (17)   ;(0000000000011101) (35) (29) (1D)   ;(0000000000001100) (14) (12) (0C)   ;(0000000000011100) (34) (28) (1C)   ;(0000000001010100) (124) (84) (54)   ;
;1408;(1111111111111101) (177775) (65533) (FFFD)    ;(1111111111101000) (177750) (65512) (FFE8)   ;(0000000000000110) (6) (6) (06)   ;(1111111111100100) (177744) (65508) (FFE4)   ;(1111111111001011) (177713) (65483) (FFCB)   ;(0000000000100100) (44) (36) (24)   ;(0000000000110110) (66) (54) (36)   ;(0000000000001100) (14) (12) (0C)   ;
;1416;(0000000000100010) (42) (34) (22)    ;(1111111110101101) (177655) (65453) (FFAD)   ;(1111111111111100) (177774) (65532) (FFFC)   ;(0000000000100000) (40) (32) (20)   ;(0000000000101110) (56) (46) (2E)   ;(0000000000001111) (17) (15) (0F)   ;(0000000000001001) (11) (9) (09)   ;(1111111110111111) (177677) (65471) (FFBF)   ;
;1424;(0000000000010010) (22) (18) (12)    ;(1111111111001100) (177714) (65484) (FFCC)   ;(0000000000001011) (13) (11) (0B)   ;(1111111111011010) (177732) (65498) (FFDA)   ;(0000000000011011) (33) (27) (1B)   ;(0000000000110001) (61) (49) (31)   ;(1111111111100101) (177745) (65509) (FFE5)   ;(1111111111111111) (177777) (65535) (FFFF)   ;
;1432;(0000000000100100) (44) (36) (24)    ;(1111111111111111) (177777) (65535) (FFFF)   ;(1111111111010000) (177720) (65488) (FFD0)   ;(1111111111001100) (177714) (65484) (FFCC)   ;(1111111111111001) (177771) (65529) (FFF9)   ;(0000000000001101) (15) (13) (0D)   ;(0000000000010011) (23) (19) (13)   ;(1111111111101101) (177755) (65517) (FFED)   ;
;1440;(1111111111111000) (177770) (65528) (FFF8)    ;(1111111111101000) (177750) (65512) (FFE8)   ;(1111111111100100) (177744) (65508) (FFE4)   ;(0000000000000110) (6) (6) (06)   ;(0000000000010011) (23) (19) (13)   ;(0000000000001111) (17) (15) (0F)   ;(1111111111100101) (177745) (65509) (FFE5)   ;(0000000000001011) (13) (11) (0B)   ;
;1448;(1111111111011111) (177737) (65503) (FFDF)    ;(0000000000000111) (7) (7) (07)   ;(1111111111110110) (177766) (65526) (FFF6)   ;(1111111111100110) (177746) (65510) (FFE6)   ;(0000000000001110) (16) (14) (0E)   ;(1111111111100111) (177747) (65511) (FFE7)   ;(0000000000001010) (12) (10) (0A)   ;(0000000000110010) (62) (50) (32)   ;
;1456;(1111111110110101) (177665) (65461) (FFB5)    ;(1111111111000001) (177701) (65473) (FFC1)   ;(0000000000110001) (61) (49) (31)   ;(0000000000010000) (20) (16) (10)   ;(0000000000011011) (33) (27) (1B)   ;(1111111111010000) (177720) (65488) (FFD0)   ;(1111111111111101) (177775) (65533) (FFFD)   ;(1111111111001101) (177715) (65485) (FFCD)   ;
;1464;(0000000000100111) (47) (39) (27)    ;(1111111111010110) (177726) (65494) (FFD6)   ;(1111111111110000) (177760) (65520) (FFF0)   ;(1111111111010101) (177725) (65493) (FFD5)   ;(0000000000011111) (37) (31) (1F)   ;(0000000000000111) (7) (7) (07)   ;(1111111111111111) (177777) (65535) (FFFF)   ;(0000000000111100) (74) (60) (3C)   ;
;1472;(1111111110110101) (177665) (65461) (FFB5)    ;(1111111111100010) (177742) (65506) (FFE2)   ;(0000000000100000) (40) (32) (20)   ;(1111111111101100) (177754) (65516) (FFEC)   ;(0000000000010111) (27) (23) (17)   ;(1111111111100100) (177744) (65508) (FFE4)   ;(0000000000010110) (26) (22) (16)   ;(0000000000111111) (77) (63) (3F)   ;
;1480;(0000000000001111) (17) (15) (0F)    ;(0000000000011100) (34) (28) (1C)   ;(0000000000010110) (26) (22) (16)   ;(0000000000111101) (75) (61) (3D)   ;(1111111111111100) (177774) (65532) (FFFC)   ;(0000000000011101) (35) (29) (1D)   ;(0000000000100111) (47) (39) (27)   ;(0000000000011011) (33) (27) (1B)   ;
;1488;(1111111111111001) (177771) (65529) (FFF9)    ;(1111111111101111) (177757) (65519) (FFEF)   ;(1111111111100010) (177742) (65506) (FFE2)   ;(0000000000101100) (54) (44) (2C)   ;(0000000000011010) (32) (26) (1A)   ;(1111111111101001) (177751) (65513) (FFE9)   ;(1111111111001111) (177717) (65487) (FFCF)   ;(1111111111100000) (177740) (65504) (FFE0)   ;
;1496;(0000000000011010) (32) (26) (1A)    ;(0000000000011110) (36) (30) (1E)   ;(0000000000110010) (62) (50) (32)   ;(1111111111001001) (177711) (65481) (FFC9)   ;(0000000000011101) (35) (29) (1D)   ;(1111111111010001) (177721) (65489) (FFD1)   ;(1111111111100111) (177747) (65511) (FFE7)   ;(0000000000011000) (30) (24) (18)   ;
;1504;(1111111111101110) (177756) (65518) (FFEE)    ;(0000000000011100) (34) (28) (1C)   ;(0000000000100100) (44) (36) (24)   ;(1111111111110011) (177763) (65523) (FFF3)   ;(1111111111111010) (177772) (65530) (FFFA)   ;(0000000000000001) (1) (1) (01)   ;(1111111111100101) (177745) (65509) (FFE5)   ;(0000000000000110) (6) (6) (06)   ;
;1512;(1111111111011010) (177732) (65498) (FFDA)    ;(1111111111010100) (177724) (65492) (FFD4)   ;(0000000000100001) (41) (33) (21)   ;(0000000000001001) (11) (9) (09)   ;(1111111111011110) (177736) (65502) (FFDE)   ;(1111111111010110) (177726) (65494) (FFD6)   ;(1111111111111111) (177777) (65535) (FFFF)   ;(0000000000101011) (53) (43) (2B)   ;
;1520;(0000000000001010) (12) (10) (0A)    ;(1111111111100110) (177746) (65510) (FFE6)   ;(1111111111100001) (177741) (65505) (FFE1)   ;(1111111111010100) (177724) (65492) (FFD4)   ;(0000000000011010) (32) (26) (1A)   ;(1111111111100111) (177747) (65511) (FFE7)   ;(0000000000101010) (52) (42) (2A)   ;(0000000000001010) (12) (10) (0A)   ;
;1528;(1111111111111011) (177773) (65531) (FFFB)    ;(0000000000011111) (37) (31) (1F)   ;(0000000000001111) (17) (15) (0F)   ;(1111111111100110) (177746) (65510) (FFE6)   ;(1111111111111110) (177776) (65534) (FFFE)   ;(0000000000010010) (22) (18) (12)   ;(0000000000011001) (31) (25) (19)   ;(1111111111110000) (177760) (65520) (FFF0)   ;
;1536;(0000000000100010) (42) (34) (22)    ;(0000000000000000) (0) (0) (00)   ;(1111111111011010) (177732) (65498) (FFDA)   ;(0000000000100101) (45) (37) (25)   ;(1111111111101001) (177751) (65513) (FFE9)   ;(1111111111101001) (177751) (65513) (FFE9)   ;(0000000000100011) (43) (35) (23)   ;(1111111111110011) (177763) (65523) (FFF3)   ;
;1544;(1111111111111000) (177770) (65528) (FFF8)    ;(1111111111110110) (177766) (65526) (FFF6)   ;(1111111111111111) (177777) (65535) (FFFF)   ;(1111111111110100) (177764) (65524) (FFF4)   ;(1111111111100100) (177744) (65508) (FFE4)   ;(1111111111010110) (177726) (65494) (FFD6)   ;(0000000000110101) (65) (53) (35)   ;(0000000000000111) (7) (7) (07)   ;
;1552;(0000000000001100) (14) (12) (0C)    ;(1111111111110101) (177765) (65525) (FFF5)   ;(1111111111111110) (177776) (65534) (FFFE)   ;(1111111111101011) (177753) (65515) (FFEB)   ;(0000000000101010) (52) (42) (2A)   ;(0000000000000111) (7) (7) (07)   ;(0000000000011111) (37) (31) (1F)   ;(1111111111101100) (177754) (65516) (FFEC)   ;
;1560;(0000000000010110) (26) (22) (16)    ;(0000000000110100) (64) (52) (34)   ;(1111111111101000) (177750) (65512) (FFE8)   ;(0000000000001101) (15) (13) (0D)   ;(0000000000010000) (20) (16) (10)   ;(0000000000010000) (20) (16) (10)   ;(0000000000000001) (1) (1) (01)   ;(1111111111111100) (177774) (65532) (FFFC)   ;
;1568;(0000000000001111) (17) (15) (0F)    ;(1111111111001110) (177716) (65486) (FFCE)   ;(0000000000001111) (17) (15) (0F)   ;(1111111110110101) (177665) (65461) (FFB5)   ;(1111111110101101) (177655) (65453) (FFAD)   ;(0000000000000100) (4) (4) (04)   ;(1111111111111101) (177775) (65533) (FFFD)   ;(0000000000100101) (45) (37) (25)   ;
;1576;(0000000000000010) (2) (2) (02)    ;(1111111111010011) (177723) (65491) (FFD3)   ;(0000000000101111) (57) (47) (2F)   ;(0000000000111100) (74) (60) (3C)   ;(1111111111101001) (177751) (65513) (FFE9)   ;(0000000000000100) (4) (4) (04)   ;(1111111111100101) (177745) (65509) (FFE5)   ;(0000000000101000) (50) (40) (28)   ;
;1584;(1111111111011010) (177732) (65498) (FFDA)    ;(0000000000001011) (13) (11) (0B)   ;(0000000001000100) (104) (68) (44)   ;(0000000000000010) (2) (2) (02)   ;(1111111111010001) (177721) (65489) (FFD1)   ;(1111111111110101) (177765) (65525) (FFF5)   ;(1111111111010011) (177723) (65491) (FFD3)   ;(0000000000000110) (6) (6) (06)   ;
;1592;(1111111111111011) (177773) (65531) (FFFB)    ;(1111111111100001) (177741) (65505) (FFE1)   ;(0000000000100001) (41) (33) (21)   ;(1111111111111110) (177776) (65534) (FFFE)   ;(1111111111101110) (177756) (65518) (FFEE)   ;(1111111111111000) (177770) (65528) (FFF8)   ;(1111111111101100) (177754) (65516) (FFEC)   ;(1111111111101110) (177756) (65518) (FFEE)   ;
;1600;(1111111111110111) (177767) (65527) (FFF7)    ;(1111111111010000) (177720) (65488) (FFD0)   ;(0000000000100111) (47) (39) (27)   ;(0000000000010001) (21) (17) (11)   ;(0000000000101101) (55) (45) (2D)   ;(1111111111100111) (177747) (65511) (FFE7)   ;(1111111111111011) (177773) (65531) (FFFB)   ;(0000000000011100) (34) (28) (1C)   ;
;1608;(1111111111111111) (177777) (65535) (FFFF)    ;(1111111111111000) (177770) (65528) (FFF8)   ;(1111111111101010) (177752) (65514) (FFEA)   ;(1111111110111110) (177676) (65470) (FFBE)   ;(1111111111111001) (177771) (65529) (FFF9)   ;(0000000000101101) (55) (45) (2D)   ;(1111111111100111) (177747) (65511) (FFE7)   ;(0000000000100101) (45) (37) (25)   ;
;1616;(0000000000010011) (23) (19) (13)    ;(1111111111100110) (177746) (65510) (FFE6)   ;(1111111111101100) (177754) (65516) (FFEC)   ;(0000000000100010) (42) (34) (22)   ;(1111111111011010) (177732) (65498) (FFDA)   ;(0000000000100100) (44) (36) (24)   ;(0000000000010100) (24) (20) (14)   ;(1111111111011100) (177734) (65500) (FFDC)   ;
;1624;(0000000000010010) (22) (18) (12)    ;(0000000000000111) (7) (7) (07)   ;(0000000000001100) (14) (12) (0C)   ;(1111111111010010) (177722) (65490) (FFD2)   ;(1111111111101001) (177751) (65513) (FFE9)   ;(0000000000100000) (40) (32) (20)   ;(0000000000000001) (1) (1) (01)   ;(1111111111111010) (177772) (65530) (FFFA)   ;
;1632;(0000000000011010) (32) (26) (1A)    ;(0000000000011010) (32) (26) (1A)   ;(0000000000010110) (26) (22) (16)   ;(0000000000001101) (15) (13) (0D)   ;(0000000000011111) (37) (31) (1F)   ;(1111111111111101) (177775) (65533) (FFFD)   ;(1111111111110000) (177760) (65520) (FFF0)   ;(1111111111001010) (177712) (65482) (FFCA)   ;
;1640;(0000000000011100) (34) (28) (1C)    ;(1111111111110111) (177767) (65527) (FFF7)   ;(1111111111110100) (177764) (65524) (FFF4)   ;(0000000000110011) (63) (51) (33)   ;(1111111111001100) (177714) (65484) (FFCC)   ;(1111111111110101) (177765) (65525) (FFF5)   ;(0000000000110000) (60) (48) (30)   ;(1111111111100000) (177740) (65504) (FFE0)   ;
;1648;(1111111111011101) (177735) (65501) (FFDD)    ;(1111111111100000) (177740) (65504) (FFE0)   ;(0000000000001011) (13) (11) (0B)   ;(0000000000010010) (22) (18) (12)   ;(0000000001000001) (101) (65) (41)   ;(1111111111100000) (177740) (65504) (FFE0)   ;(0000000000011011) (33) (27) (1B)   ;(0000000000001110) (16) (14) (0E)   ;
;1656;(1111111111111011) (177773) (65531) (FFFB)    ;(0000000000110010) (62) (50) (32)   ;(1111111111110100) (177764) (65524) (FFF4)   ;(1111111111110010) (177762) (65522) (FFF2)   ;(1111111111110100) (177764) (65524) (FFF4)   ;(0000000000010001) (21) (17) (11)   ;(1111111111011010) (177732) (65498) (FFDA)   ;(1111111111110001) (177761) (65521) (FFF1)   ;
;1664;(1111111111110100) (177764) (65524) (FFF4)    ;(1111111111111000) (177770) (65528) (FFF8)   ;(0000000000001101) (15) (13) (0D)   ;(1111111111111000) (177770) (65528) (FFF8)   ;(0000000000001001) (11) (9) (09)   ;(1111111111100000) (177740) (65504) (FFE0)   ;(1111111111110110) (177766) (65526) (FFF6)   ;(0000000000010110) (26) (22) (16)   ;
;1672;(0000000000010010) (22) (18) (12)    ;(0000000000011001) (31) (25) (19)   ;(0000000000101000) (50) (40) (28)   ;(1111111111101000) (177750) (65512) (FFE8)   ;(0000000000001010) (12) (10) (0A)   ;(0000000000001001) (11) (9) (09)   ;(1111111111101101) (177755) (65517) (FFED)   ;(0000000000100110) (46) (38) (26)   ;
;1680;(0000000000100101) (45) (37) (25)    ;(1111111111101001) (177751) (65513) (FFE9)   ;(0000000000011111) (37) (31) (1F)   ;(0000000000000101) (5) (5) (05)   ;(1111111111111001) (177771) (65529) (FFF9)   ;(1111111111101101) (177755) (65517) (FFED)   ;(0000000000100100) (44) (36) (24)   ;(1111111111011100) (177734) (65500) (FFDC)   ;
;1688;(1111111111101101) (177755) (65517) (FFED)    ;(1111111111100110) (177746) (65510) (FFE6)   ;(1111111111011011) (177733) (65499) (FFDB)   ;(1111111111011100) (177734) (65500) (FFDC)   ;(1111111111011010) (177732) (65498) (FFDA)   ;(1111111111110000) (177760) (65520) (FFF0)   ;(0000000000011111) (37) (31) (1F)   ;(1111111111110010) (177762) (65522) (FFF2)   ;
;1696;(0000000000100010) (42) (34) (22)    ;(0000000000010100) (24) (20) (14)   ;(1111111111101100) (177754) (65516) (FFEC)   ;(1111111111101010) (177752) (65514) (FFEA)   ;(1111111111110001) (177761) (65521) (FFF1)   ;(0000000000001011) (13) (11) (0B)   ;(1111111111111111) (177777) (65535) (FFFF)   ;(1111111111100011) (177743) (65507) (FFE3)   ;
;1704;(0000000000010000) (20) (16) (10)    ;(0000000000010101) (25) (21) (15)   ;(0000000000000001) (1) (1) (01)   ;(0000000000100011) (43) (35) (23)   ;(1111111111011100) (177734) (65500) (FFDC)   ;(1111111110111011) (177673) (65467) (FFBB)   ;(1111111111110101) (177765) (65525) (FFF5)   ;(0000000000000100) (4) (4) (04)   ;
;1712;(0000000000001111) (17) (15) (0F)    ;(0000000000011001) (31) (25) (19)   ;(0000000000010000) (20) (16) (10)   ;(0000000000000001) (1) (1) (01)   ;(0000000000100100) (44) (36) (24)   ;(1111111111101001) (177751) (65513) (FFE9)   ;(0000000000110100) (64) (52) (34)   ;(0000000000001011) (13) (11) (0B)   ;
;1720;(1111111111110010) (177762) (65522) (FFF2)    ;(0000000000000011) (3) (3) (03)   ;(1111111111100101) (177745) (65509) (FFE5)   ;(0000000000010111) (27) (23) (17)   ;(0000000000001101) (15) (13) (0D)   ;(0000000000011100) (34) (28) (1C)   ;(1111111111110100) (177764) (65524) (FFF4)   ;(1111111111100010) (177742) (65506) (FFE2)   ;
;1728;(0000000000100110) (46) (38) (26)    ;(0000000000010100) (24) (20) (14)   ;(0000000000010011) (23) (19) (13)   ;(0000000000011111) (37) (31) (1F)   ;(1111111111001111) (177717) (65487) (FFCF)   ;(1111111111111000) (177770) (65528) (FFF8)   ;(1111111111110101) (177765) (65525) (FFF5)   ;(0000000000001010) (12) (10) (0A)   ;
;1736;(0000000000001000) (10) (8) (08)    ;(1111111111011001) (177731) (65497) (FFD9)   ;(1111111111111001) (177771) (65529) (FFF9)   ;(1111111110101101) (177655) (65453) (FFAD)   ;(0000000000001101) (15) (13) (0D)   ;(1111111111101011) (177753) (65515) (FFEB)   ;(1111111111101101) (177755) (65517) (FFED)   ;(1111111111000011) (177703) (65475) (FFC3)   ;
;1744;(1111111111100010) (177742) (65506) (FFE2)    ;(0000000000001001) (11) (9) (09)   ;(0000000000001111) (17) (15) (0F)   ;(0000000001011010) (132) (90) (5A)   ;(1111111111011110) (177736) (65502) (FFDE)   ;(0000000000000110) (6) (6) (06)   ;(1111111111110110) (177766) (65526) (FFF6)   ;(1111111111110100) (177764) (65524) (FFF4)   ;
;1752;(0000000000011001) (31) (25) (19)    ;(1111111111101011) (177753) (65515) (FFEB)   ;(0000000000000010) (2) (2) (02)   ;(0000000000001100) (14) (12) (0C)   ;(1111111111001100) (177714) (65484) (FFCC)   ;(1111111111110110) (177766) (65526) (FFF6)   ;(1111111111011100) (177734) (65500) (FFDC)   ;(0000000000111100) (74) (60) (3C)   ;
;1760;(0000000000000110) (6) (6) (06)    ;(1111111111000101) (177705) (65477) (FFC5)   ;(0000000000011111) (37) (31) (1F)   ;(1111111111101100) (177754) (65516) (FFEC)   ;(0000000000000011) (3) (3) (03)   ;(1111111111011001) (177731) (65497) (FFD9)   ;(0000000000001011) (13) (11) (0B)   ;(0000000000010111) (27) (23) (17)   ;
;1768;(0000000000010111) (27) (23) (17)    ;(1111111110101010) (177652) (65450) (FFAA)   ;(1111111111001111) (177717) (65487) (FFCF)   ;(1111111111011000) (177730) (65496) (FFD8)   ;(1111111111000111) (177707) (65479) (FFC7)   ;(0000000000110011) (63) (51) (33)   ;(1111111111011100) (177734) (65500) (FFDC)   ;(0000000000100110) (46) (38) (26)   ;
;1776;(0000000000101111) (57) (47) (2F)    ;(1111111111110111) (177767) (65527) (FFF7)   ;(0000000000010100) (24) (20) (14)   ;(1111111111110101) (177765) (65525) (FFF5)   ;(0000000000000100) (4) (4) (04)   ;(1111111111100110) (177746) (65510) (FFE6)   ;(1111111111101010) (177752) (65514) (FFEA)   ;(0000000000001010) (12) (10) (0A)   ;
;1784;(0000000000011110) (36) (30) (1E)    ;(0000000000010011) (23) (19) (13)   ;(1111111111100110) (177746) (65510) (FFE6)   ;(0000000000001101) (15) (13) (0D)   ;(0000000000010111) (27) (23) (17)   ;(1111111111111000) (177770) (65528) (FFF8)   ;(0000000000000001) (1) (1) (01)   ;(0000000000101100) (54) (44) (2C)   ;
;1792;(0000000000010101) (25) (21) (15)    ;(1111111111011011) (177733) (65499) (FFDB)   ;(1111111111101101) (177755) (65517) (FFED)   ;(1111111111101011) (177753) (65515) (FFEB)   ;(1111111111101111) (177757) (65519) (FFEF)   ;(0000000000000100) (4) (4) (04)   ;(1111111111110110) (177766) (65526) (FFF6)   ;(1111111111100001) (177741) (65505) (FFE1)   ;
;1800;(0000000000000110) (6) (6) (06)    ;(0000000000001110) (16) (14) (0E)   ;(1111111111111111) (177777) (65535) (FFFF)   ;(1111111111111001) (177771) (65529) (FFF9)   ;(1111111111111001) (177771) (65529) (FFF9)   ;(0000000000010110) (26) (22) (16)   ;(0000000000010011) (23) (19) (13)   ;(1111111110110011) (177663) (65459) (FFB3)   ;
;1808;(0000000000101111) (57) (47) (2F)    ;(1111111111001101) (177715) (65485) (FFCD)   ;(0000000000000010) (2) (2) (02)   ;(1111111111001111) (177717) (65487) (FFCF)   ;(0000000000011011) (33) (27) (1B)   ;(0000000000100001) (41) (33) (21)   ;(1111111111101100) (177754) (65516) (FFEC)   ;(1111111111011111) (177737) (65503) (FFDF)   ;
;1816;(1111111111010101) (177725) (65493) (FFD5)    ;(0000000000101110) (56) (46) (2E)   ;(1111111111110011) (177763) (65523) (FFF3)   ;(0000000000100010) (42) (34) (22)   ;(1111111111011111) (177737) (65503) (FFDF)   ;(1111111111110111) (177767) (65527) (FFF7)   ;(1111111111110100) (177764) (65524) (FFF4)   ;(1111111111110100) (177764) (65524) (FFF4)   ;
;1824;(1111111111110010) (177762) (65522) (FFF2)    ;(0000000000000011) (3) (3) (03)   ;(1111111111010100) (177724) (65492) (FFD4)   ;(0000000000000100) (4) (4) (04)   ;(1111111111110011) (177763) (65523) (FFF3)   ;(1111111111110010) (177762) (65522) (FFF2)   ;(0000000000111110) (76) (62) (3E)   ;(1111111111000010) (177702) (65474) (FFC2)   ;
;1832;(1111111111100110) (177746) (65510) (FFE6)    ;(0000000000101010) (52) (42) (2A)   ;(1111111111001111) (177717) (65487) (FFCF)   ;(1111111111110011) (177763) (65523) (FFF3)   ;(0000000000001101) (15) (13) (0D)   ;(0000000000101010) (52) (42) (2A)   ;(0000000000010100) (24) (20) (14)   ;(0000000000010000) (20) (16) (10)   ;
;1840;(0000000000000000) (0) (0) (00)    ;(0000000000010010) (22) (18) (12)   ;(0000000000011111) (37) (31) (1F)   ;(1111111111100111) (177747) (65511) (FFE7)   ;(1111111111011000) (177730) (65496) (FFD8)   ;(1111111111100010) (177742) (65506) (FFE2)   ;(0000000000011111) (37) (31) (1F)   ;(0000000000000100) (4) (4) (04)   ;
;1848;(0000000000000100) (4) (4) (04)    ;(1111111111011000) (177730) (65496) (FFD8)   ;(0000000000001100) (14) (12) (0C)   ;(0000000000101011) (53) (43) (2B)   ;(0000000000110001) (61) (49) (31)   ;(1111111111111011) (177773) (65531) (FFFB)   ;(1111111111100001) (177741) (65505) (FFE1)   ;(1111111111101010) (177752) (65514) (FFEA)   ;
;1856;(0000000000011110) (36) (30) (1E)    ;(1111111111100101) (177745) (65509) (FFE5)   ;(1111111111010101) (177725) (65493) (FFD5)   ;(1111111111100110) (177746) (65510) (FFE6)   ;(1111111110101111) (177657) (65455) (FFAF)   ;(0000000000110010) (62) (50) (32)   ;(0000000000011100) (34) (28) (1C)   ;(0000000000000100) (4) (4) (04)   ;
;1864;(1111111110111011) (177673) (65467) (FFBB)    ;(0000000000111000) (70) (56) (38)   ;(1111111111111010) (177772) (65530) (FFFA)   ;(1111111111110011) (177763) (65523) (FFF3)   ;(1111111111010010) (177722) (65490) (FFD2)   ;(1111111111111001) (177771) (65529) (FFF9)   ;(1111111111101100) (177754) (65516) (FFEC)   ;(1111111111111100) (177774) (65532) (FFFC)   ;
;1872;(0000000000100001) (41) (33) (21)    ;(0000000000010010) (22) (18) (12)   ;(0000000000100100) (44) (36) (24)   ;(1111111111001100) (177714) (65484) (FFCC)   ;(0000000000000011) (3) (3) (03)   ;(1111111111111100) (177774) (65532) (FFFC)   ;(0000000000001110) (16) (14) (0E)   ;(1111111111111111) (177777) (65535) (FFFF)   ;
;1880;(1111111111011101) (177735) (65501) (FFDD)    ;(1111111111101011) (177753) (65515) (FFEB)   ;(1111111110110001) (177661) (65457) (FFB1)   ;(0000000000010010) (22) (18) (12)   ;(1111111111010000) (177720) (65488) (FFD0)   ;(0000000000101011) (53) (43) (2B)   ;(0000000000011011) (33) (27) (1B)   ;(1111111111011001) (177731) (65497) (FFD9)   ;
;1888;(0000000000100110) (46) (38) (26)    ;(0000000000001000) (10) (8) (08)   ;(1111111111110000) (177760) (65520) (FFF0)   ;(0000000000000011) (3) (3) (03)   ;(1111111111010011) (177723) (65491) (FFD3)   ;(0000000000000010) (2) (2) (02)   ;(1111111111111101) (177775) (65533) (FFFD)   ;(0000000000010101) (25) (21) (15)   ;
;1896;(0000000000010100) (24) (20) (14)    ;(0000000000010111) (27) (23) (17)   ;(1111111111111010) (177772) (65530) (FFFA)   ;(1111111111100011) (177743) (65507) (FFE3)   ;(0000000000000101) (5) (5) (05)   ;(0000000000101000) (50) (40) (28)   ;(0000000000010101) (25) (21) (15)   ;(1111111111101111) (177757) (65519) (FFEF)   ;
;1904;(1111111111101011) (177753) (65515) (FFEB)    ;(0000000000011110) (36) (30) (1E)   ;(1111111110111111) (177677) (65471) (FFBF)   ;(1111111111100010) (177742) (65506) (FFE2)   ;(1111111111001111) (177717) (65487) (FFCF)   ;(0000000001010000) (120) (80) (50)   ;(0000000000100011) (43) (35) (23)   ;(1111111111010000) (177720) (65488) (FFD0)   ;
;1912;(1111111111000111) (177707) (65479) (FFC7)    ;(1111111111111101) (177775) (65533) (FFFD)   ;(0000000000000011) (3) (3) (03)   ;(0000000000100000) (40) (32) (20)   ;(0000000000010001) (21) (17) (11)   ;(0000000000011000) (30) (24) (18)   ;(1111111111101000) (177750) (65512) (FFE8)   ;(0000000000000110) (6) (6) (06)   ;
;1920;(1111111111111110) (177776) (65534) (FFFE)    ;(0000000000001011) (13) (11) (0B)   ;(1111111111110111) (177767) (65527) (FFF7)   ;(0000000000100010) (42) (34) (22)   ;(0000000000000101) (5) (5) (05)   ;(0000000000100010) (42) (34) (22)   ;(1111111111010001) (177721) (65489) (FFD1)   ;(1111111111101111) (177757) (65519) (FFEF)   ;
;1928;(1111111111000001) (177701) (65473) (FFC1)    ;(1111111111111101) (177775) (65533) (FFFD)   ;(1111111111011111) (177737) (65503) (FFDF)   ;(0000000000100010) (42) (34) (22)   ;(1111111110100010) (177642) (65442) (FFA2)   ;(0000000000110011) (63) (51) (33)   ;(0000000000000101) (5) (5) (05)   ;(0000000000100001) (41) (33) (21)   ;
;1936;(1111111110111111) (177677) (65471) (FFBF)    ;(1111111111010100) (177724) (65492) (FFD4)   ;(1111111110101110) (177656) (65454) (FFAE)   ;(0000000000110010) (62) (50) (32)   ;(1111111111111100) (177774) (65532) (FFFC)   ;(0000000000001001) (11) (9) (09)   ;(0000000000100000) (40) (32) (20)   ;(0000000000000110) (6) (6) (06)   ;
;1944;(0000000000000110) (6) (6) (06)    ;(0000000000001110) (16) (14) (0E)   ;(1111111111100011) (177743) (65507) (FFE3)   ;(1111111110111111) (177677) (65471) (FFBF)   ;(1111111111010110) (177726) (65494) (FFD6)   ;(1111111111111011) (177773) (65531) (FFFB)   ;(0000000000100001) (41) (33) (21)   ;(0000000000101111) (57) (47) (2F)   ;
;1952;(0000000000001001) (11) (9) (09)    ;(0000000000000110) (6) (6) (06)   ;(1111111111111110) (177776) (65534) (FFFE)   ;(1111111111110000) (177760) (65520) (FFF0)   ;(0000000000000111) (7) (7) (07)   ;(1111111111100010) (177742) (65506) (FFE2)   ;(0000000000101000) (50) (40) (28)   ;(1111111110010011) (177623) (65427) (FF93)   ;
;1960;(0000000000100110) (46) (38) (26)    ;(1111111111011001) (177731) (65497) (FFD9)   ;(0000000000100110) (46) (38) (26)   ;(1111111111111110) (177776) (65534) (FFFE)   ;(1111111111101110) (177756) (65518) (FFEE)   ;(1111111111111100) (177774) (65532) (FFFC)   ;(0000000000001100) (14) (12) (0C)   ;(1111111111010010) (177722) (65490) (FFD2)   ;
;1968;(0000000000100011) (43) (35) (23)    ;(1111111111110010) (177762) (65522) (FFF2)   ;(0000000000010011) (23) (19) (13)   ;(0000000000010001) (21) (17) (11)   ;(0000000000000001) (1) (1) (01)   ;(1111111111101011) (177753) (65515) (FFEB)   ;(1111111111101100) (177754) (65516) (FFEC)   ;(0000000000001001) (11) (9) (09)   ;
;1976;(0000000000000100) (4) (4) (04)    ;(0000000000011001) (31) (25) (19)   ;(0000000000011010) (32) (26) (1A)   ;(1111111111010100) (177724) (65492) (FFD4)   ;(1111111111110010) (177762) (65522) (FFF2)   ;(1111111111001110) (177716) (65486) (FFCE)   ;(1111111111000111) (177707) (65479) (FFC7)   ;(0000000000010101) (25) (21) (15)   ;
;1984;(1111111111100011) (177743) (65507) (FFE3)    ;(1111111111011100) (177734) (65500) (FFDC)   ;(1111111110111001) (177671) (65465) (FFB9)   ;(1111111111100100) (177744) (65508) (FFE4)   ;(1111111111110000) (177760) (65520) (FFF0)   ;(1111111111100110) (177746) (65510) (FFE6)   ;(0000000000001110) (16) (14) (0E)   ;(0000000000100110) (46) (38) (26)   ;
;1992;(0000000000110100) (64) (52) (34)    ;(1111111111111011) (177773) (65531) (FFFB)   ;(1111111111101110) (177756) (65518) (FFEE)   ;(0000000000011110) (36) (30) (1E)   ;(0000000000010111) (27) (23) (17)   ;(0000000000010100) (24) (20) (14)   ;(1111111111011101) (177735) (65501) (FFDD)   ;(1111111111111011) (177773) (65531) (FFFB)   ;
;2000;(0000000000011000) (30) (24) (18)    ;(0000000000000010) (2) (2) (02)   ;(1111111111011110) (177736) (65502) (FFDE)   ;(0000000000001100) (14) (12) (0C)   ;(1111111111100010) (177742) (65506) (FFE2)   ;(1111111111110101) (177765) (65525) (FFF5)   ;(1111111111011000) (177730) (65496) (FFD8)   ;(1111111111100100) (177744) (65508) (FFE4)   ;
;2008;(0000000000000010) (2) (2) (02)    ;(1111111111101101) (177755) (65517) (FFED)   ;(1111111111101110) (177756) (65518) (FFEE)   ;(1111111111100010) (177742) (65506) (FFE2)   ;(0000000000100111) (47) (39) (27)   ;(0000000000010101) (25) (21) (15)   ;(1111111111110011) (177763) (65523) (FFF3)   ;(0000000000010001) (21) (17) (11)   ;
;2016;(1111111111100101) (177745) (65509) (FFE5)    ;(1111111111000110) (177706) (65478) (FFC6)   ;(0000000000111000) (70) (56) (38)   ;(1111111111111001) (177771) (65529) (FFF9)   ;(1111111110100000) (177640) (65440) (FFA0)   ;(0000000000001101) (15) (13) (0D)   ;(1111111111011000) (177730) (65496) (FFD8)   ;(0000000000110101) (65) (53) (35)   ;
;2024;(1111111111010100) (177724) (65492) (FFD4)    ;(0000000000101010) (52) (42) (2A)   ;(1111111110001111) (177617) (65423) (FF8F)   ;(1111111111100000) (177740) (65504) (FFE0)   ;(1111111110000101) (177605) (65413) (FF85)   ;(0000000000001111) (17) (15) (0F)   ;(0000000000011101) (35) (29) (1D)   ;(1111111111110010) (177762) (65522) (FFF2)   ;
;2032;(0000000000101010) (52) (42) (2A)    ;(1111111111111011) (177773) (65531) (FFFB)   ;(1111111111101111) (177757) (65519) (FFEF)   ;(0000000000010101) (25) (21) (15)   ;(1111111111110100) (177764) (65524) (FFF4)   ;(0000000000000010) (2) (2) (02)   ;(0000000000001110) (16) (14) (0E)   ;(1111111111100000) (177740) (65504) (FFE0)   ;
;2040;(1111111111011011) (177733) (65499) (FFDB)    ;(0000000000010001) (21) (17) (11)   ;(0000000000011110) (36) (30) (1E)   ;(0000000000000100) (4) (4) (04)   ;(0000000000000110) (6) (6) (06)   ;(1111111111100111) (177747) (65511) (FFE7)   ;(1111111111100110) (177746) (65510) (FFE6)   ;(0000000000010110) (26) (22) (16)   ;
;2048;(0000000000010111) (27) (23) (17)    ;(1111111111011101) (177735) (65501) (FFDD)   ;(0000000000100100) (44) (36) (24)   ;(1111111110011011) (177633) (65435) (FF9B)   ;(1111111111101000) (177750) (65512) (FFE8)   ;(1111111111101100) (177754) (65516) (FFEC)   ;(1111111111100101) (177745) (65509) (FFE5)   ;(1111111111001111) (177717) (65487) (FFCF)   ;
;2056;(0000000000011101) (35) (29) (1D)    ;(0000000000000000) (0) (0) (00)   ;(0000000000000001) (1) (1) (01)   ;(1111111111100101) (177745) (65509) (FFE5)   ;(0000000000011001) (31) (25) (19)   ;(1111111111010011) (177723) (65491) (FFD3)   ;(0000000000110001) (61) (49) (31)   ;(1111111111010111) (177727) (65495) (FFD7)   ;
;2064;(0000000000111101) (75) (61) (3D)    ;(1111111111001111) (177717) (65487) (FFCF)   ;(1111111111001011) (177713) (65483) (FFCB)   ;(0000000000010010) (22) (18) (12)   ;(1111111111010110) (177726) (65494) (FFD6)   ;(0000000000011101) (35) (29) (1D)   ;(1111111111100100) (177744) (65508) (FFE4)   ;(0000000000001010) (12) (10) (0A)   ;
;2072;(0000000000000010) (2) (2) (02)    ;(1111111111100110) (177746) (65510) (FFE6)   ;(1111111111111101) (177775) (65533) (FFFD)   ;(0000000000001001) (11) (9) (09)   ;(1111111111101110) (177756) (65518) (FFEE)   ;(0000000000010010) (22) (18) (12)   ;(1111111111110101) (177765) (65525) (FFF5)   ;(0000000000011111) (37) (31) (1F)   ;
;2080;(0000000000000011) (3) (3) (03)    ;(0000000000000010) (2) (2) (02)   ;(1111111111111000) (177770) (65528) (FFF8)   ;(0000000000001110) (16) (14) (0E)   ;(1111111111010110) (177726) (65494) (FFD6)   ;(0000000000100110) (46) (38) (26)   ;(0000000000101100) (54) (44) (2C)   ;(1111111110110001) (177661) (65457) (FFB1)   ;
;2088;(0000000000010111) (27) (23) (17)    ;(0000000000010010) (22) (18) (12)   ;(1111111111011100) (177734) (65500) (FFDC)   ;(1111111110110100) (177664) (65460) (FFB4)   ;(1111111111000100) (177704) (65476) (FFC4)   ;(0000000001000011) (103) (67) (43)   ;(0000000000010100) (24) (20) (14)   ;(0000000000100011) (43) (35) (23)   ;
;2096;(1111111111011111) (177737) (65503) (FFDF)    ;(1111111111100011) (177743) (65507) (FFE3)   ;(1111111111101110) (177756) (65518) (FFEE)   ;(0000000000101100) (54) (44) (2C)   ;(0000000000010011) (23) (19) (13)   ;(0000000000010011) (23) (19) (13)   ;(0000000000110000) (60) (48) (30)   ;(1111111111010110) (177726) (65494) (FFD6)   ;
;2104;(1111111111100010) (177742) (65506) (FFE2)    ;(1111111111111100) (177774) (65532) (FFFC)   ;(1111111111111100) (177774) (65532) (FFFC)   ;(1111111111110000) (177760) (65520) (FFF0)   ;(0000000000010011) (23) (19) (13)   ;(1111111111110110) (177766) (65526) (FFF6)   ;(0000000000100010) (42) (34) (22)   ;(0000000000010111) (27) (23) (17)   ;
;2112;(0000000000000000) (0) (0) (00)    ;(1111111111000111) (177707) (65479) (FFC7)   ;(1111111111001111) (177717) (65487) (FFCF)   ;(1111111111010111) (177727) (65495) (FFD7)   ;(0000000000000111) (7) (7) (07)   ;(1111111111011100) (177734) (65500) (FFDC)   ;(0000000000110100) (64) (52) (34)   ;(1111111111100000) (177740) (65504) (FFE0)   ;
;2120;(0000000000000100) (4) (4) (04)    ;(1111111111101001) (177751) (65513) (FFE9)   ;(1111111111011001) (177731) (65497) (FFD9)   ;(1111111111110100) (177764) (65524) (FFF4)   ;(1111111111010000) (177720) (65488) (FFD0)   ;(1111111111110101) (177765) (65525) (FFF5)   ;(1111111111100111) (177747) (65511) (FFE7)   ;(1111111111010101) (177725) (65493) (FFD5)   ;
;2128;(1111111111110100) (177764) (65524) (FFF4)    ;(1111111111010100) (177724) (65492) (FFD4)   ;(1111111110110100) (177664) (65460) (FFB4)   ;(1111111111110111) (177767) (65527) (FFF7)   ;(0000000000011000) (30) (24) (18)   ;(1111111111100001) (177741) (65505) (FFE1)   ;(0000000000100000) (40) (32) (20)   ;(0000000000001100) (14) (12) (0C)   ;
;2136;(1111111111000100) (177704) (65476) (FFC4)    ;(1111111111101011) (177753) (65515) (FFEB)   ;(1111111111110001) (177761) (65521) (FFF1)   ;(1111111111110000) (177760) (65520) (FFF0)   ;(1111111111111101) (177775) (65533) (FFFD)   ;(1111111111111001) (177771) (65529) (FFF9)   ;(0000000000001111) (17) (15) (0F)   ;(0000000000110100) (64) (52) (34)   ;
;2144;(1111111110111000) (177670) (65464) (FFB8)    ;(0000000000101010) (52) (42) (2A)   ;(1111111111110101) (177765) (65525) (FFF5)   ;(1111111110010100) (177624) (65428) (FF94)   ;(0000000000010111) (27) (23) (17)   ;(1111111111010111) (177727) (65495) (FFD7)   ;(1111111111110100) (177764) (65524) (FFF4)   ;(1111111111111011) (177773) (65531) (FFFB)   ;
;2152;(1111111111111011) (177773) (65531) (FFFB)    ;(0000000000011010) (32) (26) (1A)   ;(0000000000011010) (32) (26) (1A)   ;(0000000000100111) (47) (39) (27)   ;(0000000000101000) (50) (40) (28)   ;(0000000000010000) (20) (16) (10)   ;(1111111110111101) (177675) (65469) (FFBD)   ;(0000000000100011) (43) (35) (23)   ;
;2160;(0000000000101010) (52) (42) (2A)    ;(1111111111011111) (177737) (65503) (FFDF)   ;(0000000000011011) (33) (27) (1B)   ;(0000000000010111) (27) (23) (17)   ;(1111111110110101) (177665) (65461) (FFB5)   ;(0000000000111010) (72) (58) (3A)   ;(0000000000100000) (40) (32) (20)   ;(1111111110111110) (177676) (65470) (FFBE)   ;
;2168;(1111111111110001) (177761) (65521) (FFF1)    ;(1111111111010011) (177723) (65491) (FFD3)   ;(0000000000101001) (51) (41) (29)   ;(1111111111100111) (177747) (65511) (FFE7)   ;(1111111111110110) (177766) (65526) (FFF6)   ;(1111111111110011) (177763) (65523) (FFF3)   ;(0000000000001111) (17) (15) (0F)   ;(0000000000001101) (15) (13) (0D)   ;
;2176;(0000000000110100) (64) (52) (34)    ;(1111111111011100) (177734) (65500) (FFDC)   ;(0000000000100101) (45) (37) (25)   ;(1111111111100000) (177740) (65504) (FFE0)   ;(0000000000010000) (20) (16) (10)   ;(0000000000010011) (23) (19) (13)   ;(0000000000011000) (30) (24) (18)   ;(0000000000000011) (3) (3) (03)   ;
;2184;(1111111111011000) (177730) (65496) (FFD8)    ;(0000000000101111) (57) (47) (2F)   ;(1111111111010010) (177722) (65490) (FFD2)   ;(1111111111100011) (177743) (65507) (FFE3)   ;(1111111110100110) (177646) (65446) (FFA6)   ;(0000000000111001) (71) (57) (39)   ;(1111111111110101) (177765) (65525) (FFF5)   ;(1111111111000011) (177703) (65475) (FFC3)   ;
;2192;(0000000000001011) (13) (11) (0B)    ;(1111111111011110) (177736) (65502) (FFDE)   ;(1111111111100101) (177745) (65509) (FFE5)   ;(1111111111110101) (177765) (65525) (FFF5)   ;(1111111111111101) (177775) (65533) (FFFD)   ;(0000000000000110) (6) (6) (06)   ;(0000000000100101) (45) (37) (25)   ;(1111111111110001) (177761) (65521) (FFF1)   ;
;2200;(1111111111000010) (177702) (65474) (FFC2)    ;(0000000000100011) (43) (35) (23)   ;(1111111110111110) (177676) (65470) (FFBE)   ;(1111111110111101) (177675) (65469) (FFBD)   ;(0000000000011101) (35) (29) (1D)   ;(0000000000000110) (6) (6) (06)   ;(1111111111010111) (177727) (65495) (FFD7)   ;(0000000000110010) (62) (50) (32)   ;
;2208;(1111111111011010) (177732) (65498) (FFDA)    ;(0000000000101100) (54) (44) (2C)   ;(0000000000001001) (11) (9) (09)   ;(1111111111110000) (177760) (65520) (FFF0)   ;(0000000000011100) (34) (28) (1C)   ;(0000000000000010) (2) (2) (02)   ;(1111111111110110) (177766) (65526) (FFF6)   ;(1111111111000111) (177707) (65479) (FFC7)   ;
;2216;(0000000000101111) (57) (47) (2F)    ;(1111111111111010) (177772) (65530) (FFFA)   ;(0000000000001110) (16) (14) (0E)   ;(1111111111111001) (177771) (65529) (FFF9)   ;(0000000000011011) (33) (27) (1B)   ;(0000000000011110) (36) (30) (1E)   ;(0000000001100000) (140) (96) (60)   ;(1111111111011100) (177734) (65500) (FFDC)   ;
;2224;(0000000000000100) (4) (4) (04)    ;(1111111111011001) (177731) (65497) (FFD9)   ;(1111111111110011) (177763) (65523) (FFF3)   ;(1111111111111001) (177771) (65529) (FFF9)   ;(1111111111101000) (177750) (65512) (FFE8)   ;(1111111111101110) (177756) (65518) (FFEE)   ;(1111111110010100) (177624) (65428) (FF94)   ;(0000000000001000) (10) (8) (08)   ;
;2232;(1111111111000101) (177705) (65477) (FFC5)    ;(1111111111100111) (177747) (65511) (FFE7)   ;(1111111111101100) (177754) (65516) (FFEC)   ;(0000000000000101) (5) (5) (05)   ;(1111111110011110) (177636) (65438) (FF9E)   ;(0000000000000110) (6) (6) (06)   ;(1111111111100011) (177743) (65507) (FFE3)   ;(0000000000100010) (42) (34) (22)   ;
;2240;(1111111111101110) (177756) (65518) (FFEE)    ;(0000000000010100) (24) (20) (14)   ;(0000000000000000) (0) (0) (00)   ;(0000000000100100) (44) (36) (24)   ;(0000000000101100) (54) (44) (2C)   ;(1111111111110111) (177767) (65527) (FFF7)   ;(0000000000100000) (40) (32) (20)   ;(1111111111110110) (177766) (65526) (FFF6)   ;
;2248;(1111111111011100) (177734) (65500) (FFDC)    ;(1111111111001100) (177714) (65484) (FFCC)   ;(1111111111111000) (177770) (65528) (FFF8)   ;(1111111111010011) (177723) (65491) (FFD3)   ;(1111111111111100) (177774) (65532) (FFFC)   ;(0000000000101111) (57) (47) (2F)   ;(1111111111111000) (177770) (65528) (FFF8)   ;(1111111111111010) (177772) (65530) (FFFA)   ;
;2256;(0000000000000110) (6) (6) (06)    ;(1111111110100101) (177645) (65445) (FFA5)   ;(1111111111110010) (177762) (65522) (FFF2)   ;(1111111111010000) (177720) (65488) (FFD0)   ;(0000000000101100) (54) (44) (2C)   ;(1111111111110100) (177764) (65524) (FFF4)   ;(0000000000101011) (53) (43) (2B)   ;(1111111111110011) (177763) (65523) (FFF3)   ;
;2264;(1111111111011010) (177732) (65498) (FFDA)    ;(1111111111100110) (177746) (65510) (FFE6)   ;(0000000000000001) (1) (1) (01)   ;(1111111111100100) (177744) (65508) (FFE4)   ;(1111111111111101) (177775) (65533) (FFFD)   ;(1111111111101100) (177754) (65516) (FFEC)   ;(0000000000101000) (50) (40) (28)   ;(1111111111100100) (177744) (65508) (FFE4)   ;
;2272;(0000000000010101) (25) (21) (15)    ;(1111111111001100) (177714) (65484) (FFCC)   ;(1111111111101000) (177750) (65512) (FFE8)   ;(0000000000011110) (36) (30) (1E)   ;(0000000000101001) (51) (41) (29)   ;(1111111111110111) (177767) (65527) (FFF7)   ;(0000000000101101) (55) (45) (2D)   ;(1111111111000011) (177703) (65475) (FFC3)   ;
;2280;(1111111111011001) (177731) (65497) (FFD9)    ;(0000000000100000) (40) (32) (20)   ;(0000000000111001) (71) (57) (39)   ;(1111111111101000) (177750) (65512) (FFE8)   ;(0000000000111110) (76) (62) (3E)   ;(1111111111010000) (177720) (65488) (FFD0)   ;(1111111111110001) (177761) (65521) (FFF1)   ;(0000000000100111) (47) (39) (27)   ;
;2288;(0000000000001101) (15) (13) (0D)    ;(0000000000001100) (14) (12) (0C)   ;(1111111111101011) (177753) (65515) (FFEB)   ;(0000000000010101) (25) (21) (15)   ;(0000000000011011) (33) (27) (1B)   ;(0000000000100111) (47) (39) (27)   ;(1111111111011011) (177733) (65499) (FFDB)   ;(0000000000100010) (42) (34) (22)   ;
;2296;(1111111110111110) (177676) (65470) (FFBE)    ;(0000000000101100) (54) (44) (2C)   ;(1111111111011010) (177732) (65498) (FFDA)   ;(0000000000010001) (21) (17) (11)   ;(0000000000101011) (53) (43) (2B)   ;(0000000000101001) (51) (41) (29)   ;(0000000000101000) (50) (40) (28)   ;(1111111111100101) (177745) (65509) (FFE5)   ;
;2304;(1111111111001101) (177715) (65485) (FFCD)    ;(1111111111110011) (177763) (65523) (FFF3)   ;(0000000000010100) (24) (20) (14)   ;(1111111111101001) (177751) (65513) (FFE9)   ;(0000000000011110) (36) (30) (1E)   ;(1111111111110100) (177764) (65524) (FFF4)   ;(0000000000000011) (3) (3) (03)   ;(1111111111011011) (177733) (65499) (FFDB)   ;
;2312;(1111111111101100) (177754) (65516) (FFEC)    ;(0000000000011101) (35) (29) (1D)   ;(1111111111110101) (177765) (65525) (FFF5)   ;(0000000000000011) (3) (3) (03)   ;(0000000000001101) (15) (13) (0D)   ;(0000000000010001) (21) (17) (11)   ;(1111111111010100) (177724) (65492) (FFD4)   ;(0000000000001100) (14) (12) (0C)   ;
;2320;(1111111111110001) (177761) (65521) (FFF1)    ;(1111111111110000) (177760) (65520) (FFF0)   ;(1111111111111011) (177773) (65531) (FFFB)   ;(0000000000010000) (20) (16) (10)   ;(1111111111100100) (177744) (65508) (FFE4)   ;(1111111111110011) (177763) (65523) (FFF3)   ;(0000000000011111) (37) (31) (1F)   ;(1111111111110011) (177763) (65523) (FFF3)   ;
;2328;(0000000000001010) (12) (10) (0A)    ;(0000000000001011) (13) (11) (0B)   ;(0000000000010011) (23) (19) (13)   ;(1111111111101100) (177754) (65516) (FFEC)   ;(0000000000101111) (57) (47) (2F)   ;(1111111111010001) (177721) (65489) (FFD1)   ;(1111111111111010) (177772) (65530) (FFFA)   ;(1111111111100100) (177744) (65508) (FFE4)   ;
;2336;(1111111111111101) (177775) (65533) (FFFD)    ;(1111111111111100) (177774) (65532) (FFFC)   ;(1111111111011000) (177730) (65496) (FFD8)   ;(0000000000100000) (40) (32) (20)   ;(0000000000000000) (0) (0) (00)   ;(0000000000100000) (40) (32) (20)   ;(0000000000101000) (50) (40) (28)   ;(0000000000000000) (0) (0) (00)   ;
;2344;(1111111111100010) (177742) (65506) (FFE2)    ;(0000000000010000) (20) (16) (10)   ;(1111111111111000) (177770) (65528) (FFF8)   ;(1111111111010110) (177726) (65494) (FFD6)   ;(1111111111011100) (177734) (65500) (FFDC)   ;(1111111110111110) (177676) (65470) (FFBE)   ;(1111111111101001) (177751) (65513) (FFE9)   ;(1111111111100011) (177743) (65507) (FFE3)   ;
;2352;(1111111111101101) (177755) (65517) (FFED)    ;(1111111111110100) (177764) (65524) (FFF4)   ;(1111111111100101) (177745) (65509) (FFE5)   ;(1111111111111000) (177770) (65528) (FFF8)   ;(0000000000001100) (14) (12) (0C)   ;(0000000000101010) (52) (42) (2A)   ;(1111111111101111) (177757) (65519) (FFEF)   ;(0000000000011110) (36) (30) (1E)   ;
;2360;(1111111110000000) (177600) (65408) (FF80)    ;(0000000000010111) (27) (23) (17)   ;(1111111111110001) (177761) (65521) (FFF1)   ;(1111111111111111) (177777) (65535) (FFFF)   ;(0000000000101001) (51) (41) (29)   ;(1111111111101011) (177753) (65515) (FFEB)   ;(1111111111110100) (177764) (65524) (FFF4)   ;(0000000000110011) (63) (51) (33)   ;
;2368;(0000000000011001) (31) (25) (19)    ;(0000000000001110) (16) (14) (0E)   ;(0000000000010011) (23) (19) (13)   ;(0000000000000101) (5) (5) (05)   ;(0000000000011101) (35) (29) (1D)   ;(0000000000011100) (34) (28) (1C)   ;(1111111111001111) (177717) (65487) (FFCF)   ;(0000000000100010) (42) (34) (22)   ;
;2376;(1111111111111000) (177770) (65528) (FFF8)    ;(1111111111101110) (177756) (65518) (FFEE)   ;(0000000000011100) (34) (28) (1C)   ;(1111111111000100) (177704) (65476) (FFC4)   ;(0000000000000110) (6) (6) (06)   ;(0000000001000110) (106) (70) (46)   ;(1111111111101010) (177752) (65514) (FFEA)   ;(1111111111001110) (177716) (65486) (FFCE)   ;
;2384;(0000000000101110) (56) (46) (2E)    ;(0000000000001101) (15) (13) (0D)   ;(1111111111011100) (177734) (65500) (FFDC)   ;(0000000000100011) (43) (35) (23)   ;(1111111111101111) (177757) (65519) (FFEF)   ;(1111111111100000) (177740) (65504) (FFE0)   ;(1111111110110111) (177667) (65463) (FFB7)   ;(1111111111110001) (177761) (65521) (FFF1)   ;
;2392;(1111111110011100) (177634) (65436) (FF9C)    ;(0000000000101010) (52) (42) (2A)   ;(0000000000010011) (23) (19) (13)   ;(0000000000010001) (21) (17) (11)   ;(1111111110110000) (177660) (65456) (FFB0)   ;(0000000000101000) (50) (40) (28)   ;(1111111111110000) (177760) (65520) (FFF0)   ;(0000000000011110) (36) (30) (1E)   ;
;2400;(0000000000011100) (34) (28) (1C)    ;(0000000001001010) (112) (74) (4A)   ;(0000000000101110) (56) (46) (2E)   ;(0000000000001101) (15) (13) (0D)   ;(0000000000101110) (56) (46) (2E)   ;(1111111111111010) (177772) (65530) (FFFA)   ;(1111111111111010) (177772) (65530) (FFFA)   ;(1111111111011111) (177737) (65503) (FFDF)   ;
;2408;(0000000000001111) (17) (15) (0F)    ;(1111111111100001) (177741) (65505) (FFE1)   ;(1111111110111000) (177670) (65464) (FFB8)   ;(1111111111101111) (177757) (65519) (FFEF)   ;(1111111111011001) (177731) (65497) (FFD9)   ;(0000000000010011) (23) (19) (13)   ;(0000000000001000) (10) (8) (08)   ;(0000000000000110) (6) (6) (06)   ;
;2416;(1111111111100010) (177742) (65506) (FFE2)    ;(1111111111010010) (177722) (65490) (FFD2)   ;(0000000000110100) (64) (52) (34)   ;(1111111111110100) (177764) (65524) (FFF4)   ;(0000000000010000) (20) (16) (10)   ;(0000000000010101) (25) (21) (15)   ;(1111111111100110) (177746) (65510) (FFE6)   ;(1111111111101010) (177752) (65514) (FFEA)   ;
;2424;(1111111111100100) (177744) (65508) (FFE4)    ;(0000000000001110) (16) (14) (0E)   ;(0000000000110111) (67) (55) (37)   ;(1111111111111101) (177775) (65533) (FFFD)   ;(1111111111101101) (177755) (65517) (FFED)   ;(0000000000000100) (4) (4) (04)   ;(0000000000000011) (3) (3) (03)   ;(0000000000001111) (17) (15) (0F)   ;
;2432;(0000000000000110) (6) (6) (06)    ;(1111111111110010) (177762) (65522) (FFF2)   ;(1111111111110010) (177762) (65522) (FFF2)   ;(1111111111010101) (177725) (65493) (FFD5)   ;(0000000000001011) (13) (11) (0B)   ;(0000000000101111) (57) (47) (2F)   ;(1111111111101011) (177753) (65515) (FFEB)   ;(0000000000100011) (43) (35) (23)   ;
;2440;(1111111110110110) (177666) (65462) (FFB6)    ;(0000000000110010) (62) (50) (32)   ;(0000000001000010) (102) (66) (42)   ;(1111111110110001) (177661) (65457) (FFB1)   ;(0000000000100110) (46) (38) (26)   ;(1111111111101000) (177750) (65512) (FFE8)   ;(1111111111000011) (177703) (65475) (FFC3)   ;(1111111111101010) (177752) (65514) (FFEA)   ;
;2448;(1111111111000010) (177702) (65474) (FFC2)    ;(0000000001001101) (115) (77) (4D)   ;(1111111111110000) (177760) (65520) (FFF0)   ;(1111111111110110) (177766) (65526) (FFF6)   ;(1111111110011110) (177636) (65438) (FF9E)   ;(0000000001000100) (104) (68) (44)   ;(0000000000100110) (46) (38) (26)   ;(1111111111111110) (177776) (65534) (FFFE)   ;
;2456;(1111111111001111) (177717) (65487) (FFCF)    ;(0000000000011101) (35) (29) (1D)   ;(1111111111001000) (177710) (65480) (FFC8)   ;(0000000000010001) (21) (17) (11)   ;(1111111111010100) (177724) (65492) (FFD4)   ;(1111111111111001) (177771) (65529) (FFF9)   ;(0000000000111010) (72) (58) (3A)   ;(1111111111001100) (177714) (65484) (FFCC)   ;
;2464;(1111111111111110) (177776) (65534) (FFFE)    ;(1111111111100000) (177740) (65504) (FFE0)   ;(0000000000001101) (15) (13) (0D)   ;(1111111111011101) (177735) (65501) (FFDD)   ;(1111111111011100) (177734) (65500) (FFDC)   ;(0000000000010001) (21) (17) (11)   ;(0000000000010010) (22) (18) (12)   ;(1111111111000000) (177700) (65472) (FFC0)   ;
;2472;(1111111111101010) (177752) (65514) (FFEA)    ;(0000000000010001) (21) (17) (11)   ;(1111111111111010) (177772) (65530) (FFFA)   ;(0000000000101111) (57) (47) (2F)   ;(0000000000010111) (27) (23) (17)   ;(1111111111101100) (177754) (65516) (FFEC)   ;(0000000000010001) (21) (17) (11)   ;(1111111111001101) (177715) (65485) (FFCD)   ;
;2480;(0000000000000111) (7) (7) (07)    ;(0000000000101001) (51) (41) (29)   ;(0000000000100111) (47) (39) (27)   ;(1111111111111010) (177772) (65530) (FFFA)   ;(1111111111011001) (177731) (65497) (FFD9)   ;(0000000000000101) (5) (5) (05)   ;(0000000000001110) (16) (14) (0E)   ;(1111111111001111) (177717) (65487) (FFCF)   ;
;2488;(0000000000011011) (33) (27) (1B)    ;(1111111111101110) (177756) (65518) (FFEE)   ;(1111111111010010) (177722) (65490) (FFD2)   ;(1111111111110111) (177767) (65527) (FFF7)   ;(0000000000101101) (55) (45) (2D)   ;(0000000000001110) (16) (14) (0E)   ;(1111111111110100) (177764) (65524) (FFF4)   ;(1111111111101001) (177751) (65513) (FFE9)   ;
;2496;(0000000000001001) (11) (9) (09)    ;(1111111111101010) (177752) (65514) (FFEA)   ;(0000000000010001) (21) (17) (11)   ;(1111111111101001) (177751) (65513) (FFE9)   ;(1111111111101011) (177753) (65515) (FFEB)   ;(1111111111111000) (177770) (65528) (FFF8)   ;(0000000000110110) (66) (54) (36)   ;(1111111111111111) (177777) (65535) (FFFF)   ;
;2504;(1111111111010000) (177720) (65488) (FFD0)    ;(0000000000101111) (57) (47) (2F)   ;(0000000000000101) (5) (5) (05)   ;(1111111111011011) (177733) (65499) (FFDB)   ;(0000000000010101) (25) (21) (15)   ;(1111111111101101) (177755) (65517) (FFED)   ;(0000000000010100) (24) (20) (14)   ;(0000000000010010) (22) (18) (12)   ;
;2512;(1111111111011111) (177737) (65503) (FFDF)    ;(0000000000000011) (3) (3) (03)   ;(0000000000100110) (46) (38) (26)   ;(1111111111110101) (177765) (65525) (FFF5)   ;(1111111111011010) (177732) (65498) (FFDA)   ;(1111111111101110) (177756) (65518) (FFEE)   ;(1111111111000110) (177706) (65478) (FFC6)   ;(0000000000000011) (3) (3) (03)   ;
;2520;(1111111111001001) (177711) (65481) (FFC9)    ;(1111111111111000) (177770) (65528) (FFF8)   ;(1111111111110110) (177766) (65526) (FFF6)   ;(0000000000001001) (11) (9) (09)   ;(0000000000000001) (1) (1) (01)   ;(0000000000011110) (36) (30) (1E)   ;(0000000000010001) (21) (17) (11)   ;(1111111111111101) (177775) (65533) (FFFD)   ;
;2528;(0000000000100111) (47) (39) (27)    ;(0000000000011110) (36) (30) (1E)   ;(1111111110111101) (177675) (65469) (FFBD)   ;(1111111111111101) (177775) (65533) (FFFD)   ;(1111111111101111) (177757) (65519) (FFEF)   ;(0000000000000010) (2) (2) (02)   ;(0000000000001011) (13) (11) (0B)   ;(0000000000010110) (26) (22) (16)   ;
;2536;(1111111111101010) (177752) (65514) (FFEA)    ;(1111111111101000) (177750) (65512) (FFE8)   ;(0000000000010101) (25) (21) (15)   ;(0000000000001001) (11) (9) (09)   ;(0000000000000001) (1) (1) (01)   ;(1111111111011101) (177735) (65501) (FFDD)   ;(1111111111000111) (177707) (65479) (FFC7)   ;(0000000000001011) (13) (11) (0B)   ;
;2544;(1111111111100000) (177740) (65504) (FFE0)    ;(0000000000110000) (60) (48) (30)   ;(0000000000010001) (21) (17) (11)   ;(0000000000011000) (30) (24) (18)   ;(1111111111110010) (177762) (65522) (FFF2)   ;(0000000000011110) (36) (30) (1E)   ;(1111111111110011) (177763) (65523) (FFF3)   ;(0000000000010011) (23) (19) (13)   ;
;2552;(1111111110110010) (177662) (65458) (FFB2)    ;(0000000000110010) (62) (50) (32)   ;(1111111111100000) (177740) (65504) (FFE0)   ;(0000000000100101) (45) (37) (25)   ;(1111111111011000) (177730) (65496) (FFD8)   ;(1111111110101101) (177655) (65453) (FFAD)   ;(0000000000110001) (61) (49) (31)   ;(1111111111101100) (177754) (65516) (FFEC)   ;


RAM content values are presented in the following format: (Binary) (Octal) (Decimal) (Hexadecimal) 
+------------------------------------------------------------------------------------------------------------------------------------------------------------------------------------------------------------------------------------------------------------------+
; |top|conv2_w:u_conv2w|altsyncram:altsyncram_component|altsyncram_2jk1:auto_generated|ALTSYNCRAM                                                                                                                                                                  ;
+------------------------------------------------------------------------------------------------------------------------------------------------------------------------------------------------------------------------------------------------------------------+
;   Addr   ;              +0              ;              +1              ;              +2              ;              +3              ;              +4              ;              +5              ;              +6              ;              +7              ;
+----------+------------------------------+------------------------------+------------------------------+------------------------------+------------------------------+------------------------------+------------------------------+------------------------------+
;0;(0000000000001011) (13) (11) (0B)    ;(0000000000111111) (77) (63) (3F)   ;(0000000000100010) (42) (34) (22)   ;(0000000000010100) (24) (20) (14)   ;(1111111111110100) (177764) (65524) (FFF4)   ;(1111111111101001) (177751) (65513) (FFE9)   ;(1111111111111001) (177771) (65529) (FFF9)   ;(1111111111111111) (177777) (65535) (FFFF)   ;
;8;(1111111111111001) (177771) (65529) (FFF9)    ;(0000000000011011) (33) (27) (1B)   ;(1111111111101100) (177754) (65516) (FFEC)   ;(1111111111111110) (177776) (65534) (FFFE)   ;(0000000000011101) (35) (29) (1D)   ;(0000000000010000) (20) (16) (10)   ;(0000000000000011) (3) (3) (03)   ;(0000000000100101) (45) (37) (25)   ;
;16;(1111111111111010) (177772) (65530) (FFFA)    ;(0000000000011000) (30) (24) (18)   ;(0000000000010111) (27) (23) (17)   ;(0000000000000011) (3) (3) (03)   ;(0000000000011001) (31) (25) (19)   ;(0000000000101100) (54) (44) (2C)   ;(1111111111011100) (177734) (65500) (FFDC)   ;(1111111111111101) (177775) (65533) (FFFD)   ;
;24;(1111111111110100) (177764) (65524) (FFF4)    ;(0000000000010100) (24) (20) (14)   ;(1111111111101000) (177750) (65512) (FFE8)   ;(0000000000000001) (1) (1) (01)   ;(0000000000000111) (7) (7) (07)   ;(0000000000011001) (31) (25) (19)   ;(0000000000011011) (33) (27) (1B)   ;(1111111111110011) (177763) (65523) (FFF3)   ;
;32;(0000000000001011) (13) (11) (0B)    ;(1111111111110010) (177762) (65522) (FFF2)   ;(1111111111101111) (177757) (65519) (FFEF)   ;(1111111111111111) (177777) (65535) (FFFF)   ;(0000000000010001) (21) (17) (11)   ;(0000000000000101) (5) (5) (05)   ;(1111111111011101) (177735) (65501) (FFDD)   ;(1111111111001010) (177712) (65482) (FFCA)   ;
;40;(1111111111010110) (177726) (65494) (FFD6)    ;(1111111111100100) (177744) (65508) (FFE4)   ;(0000000000000110) (6) (6) (06)   ;(0000000000011110) (36) (30) (1E)   ;(1111111111011101) (177735) (65501) (FFDD)   ;(1111111111110011) (177763) (65523) (FFF3)   ;(1111111111110000) (177760) (65520) (FFF0)   ;(1111111111101101) (177755) (65517) (FFED)   ;
;48;(1111111111111111) (177777) (65535) (FFFF)    ;(1111111111010111) (177727) (65495) (FFD7)   ;(1111111111111101) (177775) (65533) (FFFD)   ;(0000000000001000) (10) (8) (08)   ;(0000000000001100) (14) (12) (0C)   ;(0000000000011101) (35) (29) (1D)   ;(0000000000001100) (14) (12) (0C)   ;(0000000000000001) (1) (1) (01)   ;
;56;(0000000000011001) (31) (25) (19)    ;(0000000000010011) (23) (19) (13)   ;(1111111111010001) (177721) (65489) (FFD1)   ;(0000000000000011) (3) (3) (03)   ;(1111111111001000) (177710) (65480) (FFC8)   ;(0000000000100101) (45) (37) (25)   ;(0000000001010110) (126) (86) (56)   ;(1111111111001011) (177713) (65483) (FFCB)   ;
;64;(0000000000100110) (46) (38) (26)    ;(0000000000110010) (62) (50) (32)   ;(0000000000010101) (25) (21) (15)   ;(1111111111101000) (177750) (65512) (FFE8)   ;(0000000000000001) (1) (1) (01)   ;(0000000000100001) (41) (33) (21)   ;(1111111111101000) (177750) (65512) (FFE8)   ;(0000000000010001) (21) (17) (11)   ;
;72;(1111111111101011) (177753) (65515) (FFEB)    ;(0000000000010101) (25) (21) (15)   ;(1111111111001000) (177710) (65480) (FFC8)   ;(0000000000000101) (5) (5) (05)   ;(0000000000100000) (40) (32) (20)   ;(1111111111101010) (177752) (65514) (FFEA)   ;(0000000000001001) (11) (9) (09)   ;(0000000000001000) (10) (8) (08)   ;
;80;(1111111111101000) (177750) (65512) (FFE8)    ;(0000000000110001) (61) (49) (31)   ;(0000000000011011) (33) (27) (1B)   ;(1111111111101010) (177752) (65514) (FFEA)   ;(1111111111101000) (177750) (65512) (FFE8)   ;(0000000000101110) (56) (46) (2E)   ;(0000000000000000) (0) (0) (00)   ;(1111111111111011) (177773) (65531) (FFFB)   ;
;88;(1111111111111011) (177773) (65531) (FFFB)    ;(0000000000001101) (15) (13) (0D)   ;(0000000000000100) (4) (4) (04)   ;(0000000000010100) (24) (20) (14)   ;(0000000000010000) (20) (16) (10)   ;(1111111111110011) (177763) (65523) (FFF3)   ;(0000000000001101) (15) (13) (0D)   ;(1111111111111100) (177774) (65532) (FFFC)   ;
;96;(0000000000101000) (50) (40) (28)    ;(0000000000000110) (6) (6) (06)   ;(0000000000101001) (51) (41) (29)   ;(0000000000001000) (10) (8) (08)   ;(0000000000000000) (0) (0) (00)   ;(0000000000011100) (34) (28) (1C)   ;(1111111111011000) (177730) (65496) (FFD8)   ;(0000000000010010) (22) (18) (12)   ;
;104;(1111111111001100) (177714) (65484) (FFCC)    ;(1111111111010100) (177724) (65492) (FFD4)   ;(1111111111010110) (177726) (65494) (FFD6)   ;(1111111111110011) (177763) (65523) (FFF3)   ;(0000000000010111) (27) (23) (17)   ;(0000000000100111) (47) (39) (27)   ;(0000000000000110) (6) (6) (06)   ;(0000000000010001) (21) (17) (11)   ;
;112;(1111111111011110) (177736) (65502) (FFDE)    ;(1111111111110110) (177766) (65526) (FFF6)   ;(0000000000010100) (24) (20) (14)   ;(1111111111101000) (177750) (65512) (FFE8)   ;(0000000000000001) (1) (1) (01)   ;(0000000000101000) (50) (40) (28)   ;(0000000000000101) (5) (5) (05)   ;(0000000000010001) (21) (17) (11)   ;
;120;(1111111111101101) (177755) (65517) (FFED)    ;(1111111111111000) (177770) (65528) (FFF8)   ;(0000000000000111) (7) (7) (07)   ;(1111111111101111) (177757) (65519) (FFEF)   ;(0000000000001110) (16) (14) (0E)   ;(0000000000010001) (21) (17) (11)   ;(0000000000111111) (77) (63) (3F)   ;(1111111111110010) (177762) (65522) (FFF2)   ;
;128;(1111111111110111) (177767) (65527) (FFF7)    ;(0000000000111110) (76) (62) (3E)   ;(0000000000010010) (22) (18) (12)   ;(1111111111110000) (177760) (65520) (FFF0)   ;(0000000000000010) (2) (2) (02)   ;(1111111111101001) (177751) (65513) (FFE9)   ;(1111111111101111) (177757) (65519) (FFEF)   ;(1111111111110011) (177763) (65523) (FFF3)   ;
;136;(1111111111101101) (177755) (65517) (FFED)    ;(0000000000001101) (15) (13) (0D)   ;(1111111110111110) (177676) (65470) (FFBE)   ;(0000000000001000) (10) (8) (08)   ;(1111111111110110) (177766) (65526) (FFF6)   ;(1111111111110011) (177763) (65523) (FFF3)   ;(1111111111001111) (177717) (65487) (FFCF)   ;(0000000000001000) (10) (8) (08)   ;
;144;(0000000000011010) (32) (26) (1A)    ;(0000000000011101) (35) (29) (1D)   ;(1111111111110111) (177767) (65527) (FFF7)   ;(0000000000000011) (3) (3) (03)   ;(1111111111111100) (177774) (65532) (FFFC)   ;(1111111111111110) (177776) (65534) (FFFE)   ;(0000000000010000) (20) (16) (10)   ;(0000000000000010) (2) (2) (02)   ;
;152;(1111111111010001) (177721) (65489) (FFD1)    ;(1111111111101001) (177751) (65513) (FFE9)   ;(1111111111010001) (177721) (65489) (FFD1)   ;(1111111111111110) (177776) (65534) (FFFE)   ;(1111111111100010) (177742) (65506) (FFE2)   ;(0000000000000001) (1) (1) (01)   ;(1111111111101000) (177750) (65512) (FFE8)   ;(0000000000011011) (33) (27) (1B)   ;
;160;(1111111111101001) (177751) (65513) (FFE9)    ;(0000000000000011) (3) (3) (03)   ;(0000000000001100) (14) (12) (0C)   ;(0000000000000000) (0) (0) (00)   ;(1111111111101101) (177755) (65517) (FFED)   ;(0000000000001010) (12) (10) (0A)   ;(1111111111110101) (177765) (65525) (FFF5)   ;(1111111111001110) (177716) (65486) (FFCE)   ;
;168;(0000000000000011) (3) (3) (03)    ;(0000000000011000) (30) (24) (18)   ;(0000000000010100) (24) (20) (14)   ;(0000000000100101) (45) (37) (25)   ;(1111111111110110) (177766) (65526) (FFF6)   ;(1111111111010000) (177720) (65488) (FFD0)   ;(1111111110000000) (177600) (65408) (FF80)   ;(0000000000100111) (47) (39) (27)   ;
;176;(1111111111101111) (177757) (65519) (FFEF)    ;(1111111111000100) (177704) (65476) (FFC4)   ;(1111111111111011) (177773) (65531) (FFFB)   ;(0000000000011100) (34) (28) (1C)   ;(0000000000000010) (2) (2) (02)   ;(0000000000111000) (70) (56) (38)   ;(1111111111110010) (177762) (65522) (FFF2)   ;(1111111111110011) (177763) (65523) (FFF3)   ;
;184;(0000000000000111) (7) (7) (07)    ;(1111111111100001) (177741) (65505) (FFE1)   ;(1111111111000011) (177703) (65475) (FFC3)   ;(1111111111101011) (177753) (65515) (FFEB)   ;(1111111111001011) (177713) (65483) (FFCB)   ;(0000000000010100) (24) (20) (14)   ;(0000000000001000) (10) (8) (08)   ;(1111111111011111) (177737) (65503) (FFDF)   ;
;192;(0000000000011000) (30) (24) (18)    ;(0000000000100010) (42) (34) (22)   ;(1111111111110101) (177765) (65525) (FFF5)   ;(0000000000000100) (4) (4) (04)   ;(0000000000001110) (16) (14) (0E)   ;(0000000000001001) (11) (9) (09)   ;(1111111111110110) (177766) (65526) (FFF6)   ;(1111111111110100) (177764) (65524) (FFF4)   ;
;200;(1111111111111001) (177771) (65529) (FFF9)    ;(0000000000001111) (17) (15) (0F)   ;(1111111111011110) (177736) (65502) (FFDE)   ;(1111111111101000) (177750) (65512) (FFE8)   ;(0000000000010111) (27) (23) (17)   ;(1111111111110011) (177763) (65523) (FFF3)   ;(0000000000000001) (1) (1) (01)   ;(0000000000010001) (21) (17) (11)   ;
;208;(0000000000010100) (24) (20) (14)    ;(0000000000001001) (11) (9) (09)   ;(1111111111100111) (177747) (65511) (FFE7)   ;(0000000000001111) (17) (15) (0F)   ;(0000000000001100) (14) (12) (0C)   ;(0000000000001010) (12) (10) (0A)   ;(1111111111101010) (177752) (65514) (FFEA)   ;(0000000000000010) (2) (2) (02)   ;
;216;(0000000000000001) (1) (1) (01)    ;(0000000000001011) (13) (11) (0B)   ;(1111111110111111) (177677) (65471) (FFBF)   ;(0000000000010110) (26) (22) (16)   ;(1111111111110000) (177760) (65520) (FFF0)   ;(0000000000010101) (25) (21) (15)   ;(1111111111100001) (177741) (65505) (FFE1)   ;(0000000000011000) (30) (24) (18)   ;
;224;(1111111111110111) (177767) (65527) (FFF7)    ;(1111111111011011) (177733) (65499) (FFDB)   ;(0000000000001111) (17) (15) (0F)   ;(0000000000100100) (44) (36) (24)   ;(1111111111100101) (177745) (65509) (FFE5)   ;(1111111111111010) (177772) (65530) (FFFA)   ;(0000000000001110) (16) (14) (0E)   ;(1111111111110110) (177766) (65526) (FFF6)   ;
;232;(1111111111100111) (177747) (65511) (FFE7)    ;(1111111111110010) (177762) (65522) (FFF2)   ;(1111111111011010) (177732) (65498) (FFDA)   ;(0000000000011110) (36) (30) (1E)   ;(1111111111110011) (177763) (65523) (FFF3)   ;(0000000000001010) (12) (10) (0A)   ;(0000000000001000) (10) (8) (08)   ;(1111111111110010) (177762) (65522) (FFF2)   ;
;240;(1111111111101010) (177752) (65514) (FFEA)    ;(0000000000100011) (43) (35) (23)   ;(0000000000000101) (5) (5) (05)   ;(1111111111111110) (177776) (65534) (FFFE)   ;(1111111111100101) (177745) (65509) (FFE5)   ;(0000000000110011) (63) (51) (33)   ;(0000000000011101) (35) (29) (1D)   ;(0000000000001110) (16) (14) (0E)   ;
;248;(1111111111101111) (177757) (65519) (FFEF)    ;(1111111111111101) (177775) (65533) (FFFD)   ;(1111111111001010) (177712) (65482) (FFCA)   ;(1111111111100001) (177741) (65505) (FFE1)   ;(0000000000001100) (14) (12) (0C)   ;(0000000000100101) (45) (37) (25)   ;(1111111111111010) (177772) (65530) (FFFA)   ;(1111111111110111) (177767) (65527) (FFF7)   ;
;256;(1111111111101110) (177756) (65518) (FFEE)    ;(0000000000010011) (23) (19) (13)   ;(1111111111110111) (177767) (65527) (FFF7)   ;(0000000000001101) (15) (13) (0D)   ;(1111111111110110) (177766) (65526) (FFF6)   ;(1111111111011101) (177735) (65501) (FFDD)   ;(0000000000000111) (7) (7) (07)   ;(1111111111111001) (177771) (65529) (FFF9)   ;
;264;(0000000000000000) (0) (0) (00)    ;(0000000000001011) (13) (11) (0B)   ;(1111111110111100) (177674) (65468) (FFBC)   ;(0000000000010011) (23) (19) (13)   ;(1111111111101010) (177752) (65514) (FFEA)   ;(1111111111011111) (177737) (65503) (FFDF)   ;(1111111111011100) (177734) (65500) (FFDC)   ;(0000000000011100) (34) (28) (1C)   ;
;272;(1111111111110111) (177767) (65527) (FFF7)    ;(1111111111100001) (177741) (65505) (FFE1)   ;(0000000000000100) (4) (4) (04)   ;(1111111111111101) (177775) (65533) (FFFD)   ;(1111111111101111) (177757) (65519) (FFEF)   ;(1111111111010101) (177725) (65493) (FFD5)   ;(0000000000000100) (4) (4) (04)   ;(1111111111110100) (177764) (65524) (FFF4)   ;
;280;(1111111111110001) (177761) (65521) (FFF1)    ;(1111111111101011) (177753) (65515) (FFEB)   ;(1111111111001111) (177717) (65487) (FFCF)   ;(0000000000001010) (12) (10) (0A)   ;(1111111111101001) (177751) (65513) (FFE9)   ;(1111111111011011) (177733) (65499) (FFDB)   ;(1111111110110101) (177665) (65461) (FFB5)   ;(0000000000001100) (14) (12) (0C)   ;
;288;(1111111111100001) (177741) (65505) (FFE1)    ;(0000000000110000) (60) (48) (30)   ;(1111111111100101) (177745) (65509) (FFE5)   ;(0000000000010000) (20) (16) (10)   ;(0000000000000001) (1) (1) (01)   ;(1111111111011111) (177737) (65503) (FFDF)   ;(0000000000001111) (17) (15) (0F)   ;(1111111111100111) (177747) (65511) (FFE7)   ;
;296;(0000000000000100) (4) (4) (04)    ;(0000000000000001) (1) (1) (01)   ;(1111111111001111) (177717) (65487) (FFCF)   ;(0000000000101001) (51) (41) (29)   ;(1111111110111111) (177677) (65471) (FFBF)   ;(1111111111011101) (177735) (65501) (FFDD)   ;(1111111110101010) (177652) (65450) (FFAA)   ;(0000000000011110) (36) (30) (1E)   ;
;304;(0000000000000101) (5) (5) (05)    ;(1111111111011010) (177732) (65498) (FFDA)   ;(1111111111011001) (177731) (65497) (FFD9)   ;(1111111111111011) (177773) (65531) (FFFB)   ;(1111111111101100) (177754) (65516) (FFEC)   ;(0000000000010110) (26) (22) (16)   ;(0000000000001011) (13) (11) (0B)   ;(1111111111111010) (177772) (65530) (FFFA)   ;
;312;(0000000000001101) (15) (13) (0D)    ;(1111111111111111) (177777) (65535) (FFFF)   ;(1111111111001101) (177715) (65485) (FFCD)   ;(0000000000000111) (7) (7) (07)   ;(1111111111100110) (177746) (65510) (FFE6)   ;(0000000000001011) (13) (11) (0B)   ;(1111111111101100) (177754) (65516) (FFEC)   ;(0000000000000111) (7) (7) (07)   ;
;320;(0000000000100010) (42) (34) (22)    ;(1111111111100001) (177741) (65505) (FFE1)   ;(1111111111100110) (177746) (65510) (FFE6)   ;(1111111111101110) (177756) (65518) (FFEE)   ;(0000000000011000) (30) (24) (18)   ;(1111111111010010) (177722) (65490) (FFD2)   ;(0000000000000111) (7) (7) (07)   ;(0000000000010001) (21) (17) (11)   ;
;328;(1111111111111011) (177773) (65531) (FFFB)    ;(0000000000001011) (13) (11) (0B)   ;(0000000000001001) (11) (9) (09)   ;(1111111111011001) (177731) (65497) (FFD9)   ;(0000000000011010) (32) (26) (1A)   ;(1111111111011011) (177733) (65499) (FFDB)   ;(1111111110111100) (177674) (65468) (FFBC)   ;(0000000000000110) (6) (6) (06)   ;
;336;(1111111111101111) (177757) (65519) (FFEF)    ;(0000000000011000) (30) (24) (18)   ;(1111111111101110) (177756) (65518) (FFEE)   ;(1111111111111100) (177774) (65532) (FFFC)   ;(1111111111110010) (177762) (65522) (FFF2)   ;(1111111111110100) (177764) (65524) (FFF4)   ;(0000000000001110) (16) (14) (0E)   ;(1111111111111010) (177772) (65530) (FFFA)   ;
;344;(1111111111011100) (177734) (65500) (FFDC)    ;(1111111111101010) (177752) (65514) (FFEA)   ;(1111111111000000) (177700) (65472) (FFC0)   ;(1111111111110111) (177767) (65527) (FFF7)   ;(1111111111111011) (177773) (65531) (FFFB)   ;(0000000000010000) (20) (16) (10)   ;(1111111111011011) (177733) (65499) (FFDB)   ;(1111111111101101) (177755) (65517) (FFED)   ;
;352;(0000000000001011) (13) (11) (0B)    ;(1111111110111001) (177671) (65465) (FFB9)   ;(0000000000010010) (22) (18) (12)   ;(1111111111111110) (177776) (65534) (FFFE)   ;(1111111111010000) (177720) (65488) (FFD0)   ;(1111111111010101) (177725) (65493) (FFD5)   ;(0000000000001100) (14) (12) (0C)   ;(0000000000010000) (20) (16) (10)   ;
;360;(0000000000001011) (13) (11) (0B)    ;(0000000000000110) (6) (6) (06)   ;(1111111111111110) (177776) (65534) (FFFE)   ;(1111111111100010) (177742) (65506) (FFE2)   ;(1111111111000101) (177705) (65477) (FFC5)   ;(1111111111011010) (177732) (65498) (FFDA)   ;(1111111111001100) (177714) (65484) (FFCC)   ;(0000000000000110) (6) (6) (06)   ;
;368;(0000000000001100) (14) (12) (0C)    ;(0000000000010011) (23) (19) (13)   ;(1111111111111101) (177775) (65533) (FFFD)   ;(1111111111110111) (177767) (65527) (FFF7)   ;(1111111111110010) (177762) (65522) (FFF2)   ;(0000000000001110) (16) (14) (0E)   ;(1111111111111001) (177771) (65529) (FFF9)   ;(0000000000001110) (16) (14) (0E)   ;
;376;(0000000000000001) (1) (1) (01)    ;(1111111111011000) (177730) (65496) (FFD8)   ;(1111111111010111) (177727) (65495) (FFD7)   ;(1111111111111111) (177777) (65535) (FFFF)   ;(1111111111011111) (177737) (65503) (FFDF)   ;(0000000000000110) (6) (6) (06)   ;(1111111111110011) (177763) (65523) (FFF3)   ;(1111111111010100) (177724) (65492) (FFD4)   ;
;384;(0000000000000110) (6) (6) (06)    ;(1111111111010100) (177724) (65492) (FFD4)   ;(0000000000010000) (20) (16) (10)   ;(1111111111110000) (177760) (65520) (FFF0)   ;(0000000000000010) (2) (2) (02)   ;(1111111111011110) (177736) (65502) (FFDE)   ;(1111111111111001) (177771) (65529) (FFF9)   ;(0000000000010110) (26) (22) (16)   ;
;392;(1111111111111110) (177776) (65534) (FFFE)    ;(0000000000010001) (21) (17) (11)   ;(1111111111010111) (177727) (65495) (FFD7)   ;(0000000000000010) (2) (2) (02)   ;(1111111111101011) (177753) (65515) (FFEB)   ;(1111111111101011) (177753) (65515) (FFEB)   ;(1111111111010110) (177726) (65494) (FFD6)   ;(1111111111111001) (177771) (65529) (FFF9)   ;
;400;(1111111111110100) (177764) (65524) (FFF4)    ;(1111111111001100) (177714) (65484) (FFCC)   ;(1111111111100110) (177746) (65510) (FFE6)   ;(0000000000011100) (34) (28) (1C)   ;(1111111111100110) (177746) (65510) (FFE6)   ;(1111111111010101) (177725) (65493) (FFD5)   ;(1111111111111100) (177774) (65532) (FFFC)   ;(0000000000001101) (15) (13) (0D)   ;
;408;(1111111111100101) (177745) (65509) (FFE5)    ;(1111111111100111) (177747) (65511) (FFE7)   ;(1111111111100000) (177740) (65504) (FFE0)   ;(0000000000000110) (6) (6) (06)   ;(1111111111100111) (177747) (65511) (FFE7)   ;(1111111111101000) (177750) (65512) (FFE8)   ;(1111111111010000) (177720) (65488) (FFD0)   ;(0000000000010011) (23) (19) (13)   ;
;416;(1111111111000011) (177703) (65475) (FFC3)    ;(0000000000010000) (20) (16) (10)   ;(1111111111011010) (177732) (65498) (FFDA)   ;(1111111111101000) (177750) (65512) (FFE8)   ;(0000000000011000) (30) (24) (18)   ;(0000000000011110) (36) (30) (1E)   ;(0000000000101001) (51) (41) (29)   ;(1111111111011100) (177734) (65500) (FFDC)   ;
;424;(1111111111111101) (177775) (65533) (FFFD)    ;(1111111111110110) (177766) (65526) (FFF6)   ;(1111111110101111) (177657) (65455) (FFAF)   ;(0000000000100110) (46) (38) (26)   ;(1111111111000011) (177703) (65475) (FFC3)   ;(0000000000000010) (2) (2) (02)   ;(0000000000011010) (32) (26) (1A)   ;(1111111111110111) (177767) (65527) (FFF7)   ;
;432;(1111111111100011) (177743) (65507) (FFE3)    ;(1111111111010001) (177721) (65489) (FFD1)   ;(1111111111011100) (177734) (65500) (FFDC)   ;(0000000000100011) (43) (35) (23)   ;(1111111111101100) (177754) (65516) (FFEC)   ;(1111111111001111) (177717) (65487) (FFCF)   ;(0000000000001001) (11) (9) (09)   ;(0000000000001100) (14) (12) (0C)   ;
;440;(0000000000010110) (26) (22) (16)    ;(0000000000001010) (12) (10) (0A)   ;(0000000000000001) (1) (1) (01)   ;(1111111111101000) (177750) (65512) (FFE8)   ;(1111111111100110) (177746) (65510) (FFE6)   ;(1111111111110101) (177765) (65525) (FFF5)   ;(1111111110101000) (177650) (65448) (FFA8)   ;(1111111111011011) (177733) (65499) (FFDB)   ;
;448;(0000000000100010) (42) (34) (22)    ;(1111111111000100) (177704) (65476) (FFC4)   ;(1111111111110010) (177762) (65522) (FFF2)   ;(0000000000000000) (0) (0) (00)   ;(0000000000000101) (5) (5) (05)   ;(1111111110101111) (177657) (65455) (FFAF)   ;(0000000000100000) (40) (32) (20)   ;(1111111111110111) (177767) (65527) (FFF7)   ;
;456;(1111111111011010) (177732) (65498) (FFDA)    ;(0000000000011000) (30) (24) (18)   ;(0000000000010010) (22) (18) (12)   ;(0000000000000100) (4) (4) (04)   ;(0000000000001110) (16) (14) (0E)   ;(1111111111111101) (177775) (65533) (FFFD)   ;(1111111111000111) (177707) (65479) (FFC7)   ;(0000000000011100) (34) (28) (1C)   ;
;464;(0000000000001010) (12) (10) (0A)    ;(1111111111010001) (177721) (65489) (FFD1)   ;(1111111111011110) (177736) (65502) (FFDE)   ;(0000000000000101) (5) (5) (05)   ;(0000000000001111) (17) (15) (0F)   ;(1111111111110001) (177761) (65521) (FFF1)   ;(1111111111100110) (177746) (65510) (FFE6)   ;(0000000000010000) (20) (16) (10)   ;
;472;(0000000000001111) (17) (15) (0F)    ;(0000000000001101) (15) (13) (0D)   ;(1111111111100111) (177747) (65511) (FFE7)   ;(1111111111111010) (177772) (65530) (FFFA)   ;(1111111111010011) (177723) (65491) (FFD3)   ;(1111111111100001) (177741) (65505) (FFE1)   ;(1111111110111100) (177674) (65468) (FFBC)   ;(0000000000000101) (5) (5) (05)   ;
;480;(1111111111110001) (177761) (65521) (FFF1)    ;(1111111110010010) (177622) (65426) (FF92)   ;(0000000000010010) (22) (18) (12)   ;(0000000000000010) (2) (2) (02)   ;(1111111111001010) (177712) (65482) (FFCA)   ;(0000000000000000) (0) (0) (00)   ;(0000000000001011) (13) (11) (0B)   ;(0000000000001001) (11) (9) (09)   ;
;488;(1111111111100011) (177743) (65507) (FFE3)    ;(1111111111110100) (177764) (65524) (FFF4)   ;(1111111111111001) (177771) (65529) (FFF9)   ;(0000000000000101) (5) (5) (05)   ;(0000000000001111) (17) (15) (0F)   ;(1111111111111101) (177775) (65533) (FFFD)   ;(1111111111100001) (177741) (65505) (FFE1)   ;(1111111111100011) (177743) (65507) (FFE3)   ;
;496;(0000000000010110) (26) (22) (16)    ;(1111111111100011) (177743) (65507) (FFE3)   ;(1111111111101011) (177753) (65515) (FFEB)   ;(0000000000000001) (1) (1) (01)   ;(1111111111100010) (177742) (65506) (FFE2)   ;(1111111111010101) (177725) (65493) (FFD5)   ;(1111111111110010) (177762) (65522) (FFF2)   ;(0000000000000101) (5) (5) (05)   ;
;504;(0000000000100100) (44) (36) (24)    ;(0000000000000010) (2) (2) (02)   ;(1111111111110001) (177761) (65521) (FFF1)   ;(1111111111111010) (177772) (65530) (FFFA)   ;(1111111111000011) (177703) (65475) (FFC3)   ;(0000000000000001) (1) (1) (01)   ;(1111111110011011) (177633) (65435) (FF9B)   ;(1111111110111011) (177673) (65467) (FFBB)   ;
;512;(1111111111101010) (177752) (65514) (FFEA)    ;(1111111110111101) (177675) (65469) (FFBD)   ;(0000000000000000) (0) (0) (00)   ;(1111111111110011) (177763) (65523) (FFF3)   ;(0000000000010001) (21) (17) (11)   ;(1111111111110110) (177766) (65526) (FFF6)   ;(1111111111111100) (177774) (65532) (FFFC)   ;(0000000000000110) (6) (6) (06)   ;
;520;(1111111111110100) (177764) (65524) (FFF4)    ;(1111111111110101) (177765) (65525) (FFF5)   ;(1111111111010011) (177723) (65491) (FFD3)   ;(0000000000001011) (13) (11) (0B)   ;(1111111111111010) (177772) (65530) (FFFA)   ;(1111111111110111) (177767) (65527) (FFF7)   ;(1111111111100010) (177742) (65506) (FFE2)   ;(0000000000000000) (0) (0) (00)   ;
;528;(0000000000000000) (0) (0) (00)    ;(1111111110100101) (177645) (65445) (FFA5)   ;(0000000000001101) (15) (13) (0D)   ;(1111111111101000) (177750) (65512) (FFE8)   ;(1111111111111011) (177773) (65531) (FFFB)   ;(0000000000010100) (24) (20) (14)   ;(0000000000011010) (32) (26) (1A)   ;(1111111111111110) (177776) (65534) (FFFE)   ;
;536;(1111111111111001) (177771) (65529) (FFF9)    ;(1111111111101011) (177753) (65515) (FFEB)   ;(1111111111100111) (177747) (65511) (FFE7)   ;(0000000000000010) (2) (2) (02)   ;(0000000000010110) (26) (22) (16)   ;(1111111111110001) (177761) (65521) (FFF1)   ;(1111111111001110) (177716) (65486) (FFCE)   ;(0000000000001101) (15) (13) (0D)   ;
;544;(1111111111000011) (177703) (65475) (FFC3)    ;(0000000000011010) (32) (26) (1A)   ;(1111111111110001) (177761) (65521) (FFF1)   ;(0000000000001101) (15) (13) (0D)   ;(0000000000011011) (33) (27) (1B)   ;(0000000000101110) (56) (46) (2E)   ;(0000000000011110) (36) (30) (1E)   ;(1111111111100011) (177743) (65507) (FFE3)   ;
;552;(0000000000101000) (50) (40) (28)    ;(1111111111111110) (177776) (65534) (FFFE)   ;(1111111110101110) (177656) (65454) (FFAE)   ;(1111111111011111) (177737) (65503) (FFDF)   ;(1111111111010110) (177726) (65494) (FFD6)   ;(0000000000000101) (5) (5) (05)   ;(0000000000010100) (24) (20) (14)   ;(1111111111101100) (177754) (65516) (FFEC)   ;
;560;(1111111111111011) (177773) (65531) (FFFB)    ;(1111111111100010) (177742) (65506) (FFE2)   ;(1111111111110011) (177763) (65523) (FFF3)   ;(0000000000000011) (3) (3) (03)   ;(1111111111001111) (177717) (65487) (FFCF)   ;(1111111111101010) (177752) (65514) (FFEA)   ;(0000000000110000) (60) (48) (30)   ;(0000000000111101) (75) (61) (3D)   ;
;568;(1111111111110010) (177762) (65522) (FFF2)    ;(1111111111100010) (177742) (65506) (FFE2)   ;(0000000000100111) (47) (39) (27)   ;(0000000000001000) (10) (8) (08)   ;(0000000000001100) (14) (12) (0C)   ;(1111111111110101) (177765) (65525) (FFF5)   ;(1111111111111001) (177771) (65529) (FFF9)   ;(1111111111100001) (177741) (65505) (FFE1)   ;
;576;(0000000000001101) (15) (13) (0D)    ;(1111111110111110) (177676) (65470) (FFBE)   ;(0000000000001010) (12) (10) (0A)   ;(1111111111110001) (177761) (65521) (FFF1)   ;(1111111111101110) (177756) (65518) (FFEE)   ;(1111111111010101) (177725) (65493) (FFD5)   ;(0000000000011011) (33) (27) (1B)   ;(0000000000011100) (34) (28) (1C)   ;
;584;(1111111111000101) (177705) (65477) (FFC5)    ;(0000000000010010) (22) (18) (12)   ;(0000000000000011) (3) (3) (03)   ;(0000000000000101) (5) (5) (05)   ;(0000000000110010) (62) (50) (32)   ;(1111111111101100) (177754) (65516) (FFEC)   ;(1111111111001001) (177711) (65481) (FFC9)   ;(0000000000100010) (42) (34) (22)   ;
;592;(0000000000000101) (5) (5) (05)    ;(1111111110101101) (177655) (65453) (FFAD)   ;(1111111111101011) (177753) (65515) (FFEB)   ;(1111111111101000) (177750) (65512) (FFE8)   ;(1111111111111010) (177772) (65530) (FFFA)   ;(1111111111100100) (177744) (65508) (FFE4)   ;(0000000000011111) (37) (31) (1F)   ;(0000000000000001) (1) (1) (01)   ;
;600;(1111111111110100) (177764) (65524) (FFF4)    ;(1111111111110001) (177761) (65521) (FFF1)   ;(1111111111111011) (177773) (65531) (FFFB)   ;(1111111111101110) (177756) (65518) (FFEE)   ;(0000000000001111) (17) (15) (0F)   ;(0000000000000000) (0) (0) (00)   ;(1111111110111111) (177677) (65471) (FFBF)   ;(0000000000010001) (21) (17) (11)   ;
;608;(1111111111110110) (177766) (65526) (FFF6)    ;(1111111110110111) (177667) (65463) (FFB7)   ;(0000000000011000) (30) (24) (18)   ;(1111111111110100) (177764) (65524) (FFF4)   ;(1111111111001001) (177711) (65481) (FFC9)   ;(0000000000001101) (15) (13) (0D)   ;(1111111111111010) (177772) (65530) (FFFA)   ;(0000000000011011) (33) (27) (1B)   ;
;616;(1111111111010000) (177720) (65488) (FFD0)    ;(1111111111110100) (177764) (65524) (FFF4)   ;(0000000000000100) (4) (4) (04)   ;(1111111111110110) (177766) (65526) (FFF6)   ;(0000000000101111) (57) (47) (2F)   ;(1111111111111010) (177772) (65530) (FFFA)   ;(1111111111100100) (177744) (65508) (FFE4)   ;(0000000000010000) (20) (16) (10)   ;
;624;(0000000000001000) (10) (8) (08)    ;(1111111110111010) (177672) (65466) (FFBA)   ;(1111111111101101) (177755) (65517) (FFED)   ;(0000000000001001) (11) (9) (09)   ;(1111111111110111) (177767) (65527) (FFF7)   ;(0000000000000100) (4) (4) (04)   ;(0000000000001111) (17) (15) (0F)   ;(0000000000000010) (2) (2) (02)   ;
;632;(1111111111101110) (177756) (65518) (FFEE)    ;(0000000000001110) (16) (14) (0E)   ;(0000000000010110) (26) (22) (16)   ;(0000000000101110) (56) (46) (2E)   ;(0000000000000010) (2) (2) (02)   ;(1111111111100101) (177745) (65509) (FFE5)   ;(1111111111111110) (177776) (65534) (FFFE)   ;(0000000000000011) (3) (3) (03)   ;
;640;(0000000000010100) (24) (20) (14)    ;(0000000000010011) (23) (19) (13)   ;(0000000000010000) (20) (16) (10)   ;(1111111111100111) (177747) (65511) (FFE7)   ;(1111111111111101) (177775) (65533) (FFFD)   ;(1111111111101011) (177753) (65515) (FFEB)   ;(1111111111011110) (177736) (65502) (FFDE)   ;(1111111111100101) (177745) (65509) (FFE5)   ;
;648;(0000000000010100) (24) (20) (14)    ;(0000000000010010) (22) (18) (12)   ;(0000000000001000) (10) (8) (08)   ;(1111111111101111) (177757) (65519) (FFEF)   ;(1111111111111011) (177773) (65531) (FFFB)   ;(0000000000010011) (23) (19) (13)   ;(1111111111100010) (177742) (65506) (FFE2)   ;(0000000000100101) (45) (37) (25)   ;
;656;(1111111111110001) (177761) (65521) (FFF1)    ;(0000000000011101) (35) (29) (1D)   ;(0000000000010010) (22) (18) (12)   ;(0000000000010101) (25) (21) (15)   ;(1111111111111111) (177777) (65535) (FFFF)   ;(1111111111111100) (177774) (65532) (FFFC)   ;(0000000000010010) (22) (18) (12)   ;(0000000000000011) (3) (3) (03)   ;
;664;(1111111111111101) (177775) (65533) (FFFD)    ;(0000000000000010) (2) (2) (02)   ;(1111111111101000) (177750) (65512) (FFE8)   ;(1111111111111100) (177774) (65532) (FFFC)   ;(0000000000001011) (13) (11) (0B)   ;(0000000000000100) (4) (4) (04)   ;(0000000000101010) (52) (42) (2A)   ;(0000000000000011) (3) (3) (03)   ;
;672;(0000000000011111) (37) (31) (1F)    ;(0000000000010011) (23) (19) (13)   ;(1111111111010010) (177722) (65490) (FFD2)   ;(0000000000001011) (13) (11) (0B)   ;(0000000001000001) (101) (65) (41)   ;(0000000000000101) (5) (5) (05)   ;(1111111111011101) (177735) (65501) (FFDD)   ;(1111111111000010) (177702) (65474) (FFC2)   ;
;680;(1111111111110010) (177762) (65522) (FFF2)    ;(1111111111110001) (177761) (65521) (FFF1)   ;(0000000000110111) (67) (55) (37)   ;(0000000000101111) (57) (47) (2F)   ;(1111111111111101) (177775) (65533) (FFFD)   ;(1111111111000111) (177707) (65479) (FFC7)   ;(1111111111010001) (177721) (65489) (FFD1)   ;(1111111111110101) (177765) (65525) (FFF5)   ;
;688;(1111111111101010) (177752) (65514) (FFEA)    ;(1111111110111100) (177674) (65468) (FFBC)   ;(0000000000000101) (5) (5) (05)   ;(0000000000010001) (21) (17) (11)   ;(0000000000001111) (17) (15) (0F)   ;(0000000000000001) (1) (1) (01)   ;(0000000000000000) (0) (0) (00)   ;(1111111111000101) (177705) (65477) (FFC5)   ;
;696;(0000000000001110) (16) (14) (0E)    ;(1111111111111111) (177777) (65535) (FFFF)   ;(1111111111011111) (177737) (65503) (FFDF)   ;(1111111111101001) (177751) (65513) (FFE9)   ;(1111111111011000) (177730) (65496) (FFD8)   ;(0000000000000011) (3) (3) (03)   ;(0000000001000100) (104) (68) (44)   ;(1111111111000101) (177705) (65477) (FFC5)   ;
;704;(0000000000000011) (3) (3) (03)    ;(0000000000000101) (5) (5) (05)   ;(0000000000001110) (16) (14) (0E)   ;(0000000000000101) (5) (5) (05)   ;(1111111111111011) (177773) (65531) (FFFB)   ;(1111111111111100) (177774) (65532) (FFFC)   ;(0000000000000010) (2) (2) (02)   ;(0000000000011011) (33) (27) (1B)   ;
;712;(1111111111110101) (177765) (65525) (FFF5)    ;(0000000000010011) (23) (19) (13)   ;(1111111111110100) (177764) (65524) (FFF4)   ;(1111111111100011) (177743) (65507) (FFE3)   ;(0000000000000010) (2) (2) (02)   ;(1111111111011000) (177730) (65496) (FFD8)   ;(0000000000101010) (52) (42) (2A)   ;(0000000000010110) (26) (22) (16)   ;
;720;(0000000000000100) (4) (4) (04)    ;(1111111111111100) (177774) (65532) (FFFC)   ;(0000000000011110) (36) (30) (1E)   ;(0000000000001011) (13) (11) (0B)   ;(1111111111110111) (177767) (65527) (FFF7)   ;(1111111111110111) (177767) (65527) (FFF7)   ;(0000000000001100) (14) (12) (0C)   ;(1111111111111010) (177772) (65530) (FFFA)   ;
;728;(0000000000001000) (10) (8) (08)    ;(0000000000100101) (45) (37) (25)   ;(1111111111100100) (177744) (65508) (FFE4)   ;(1111111111101100) (177754) (65516) (FFEC)   ;(0000000000000101) (5) (5) (05)   ;(0000000000011001) (31) (25) (19)   ;(0000000000011111) (37) (31) (1F)   ;(1111111111111010) (177772) (65530) (FFFA)   ;
;736;(0000000000001101) (15) (13) (0D)    ;(0000000000110011) (63) (51) (33)   ;(0000000000010101) (25) (21) (15)   ;(0000000000000111) (7) (7) (07)   ;(1111111111110000) (177760) (65520) (FFF0)   ;(1111111111110110) (177766) (65526) (FFF6)   ;(1111111111111111) (177777) (65535) (FFFF)   ;(0000000000110010) (62) (50) (32)   ;
;744;(0000000000000100) (4) (4) (04)    ;(1111111111111111) (177777) (65535) (FFFF)   ;(1111111111111101) (177775) (65533) (FFFD)   ;(0000000000000000) (0) (0) (00)   ;(0000000000100100) (44) (36) (24)   ;(0000000000111000) (70) (56) (38)   ;(0000000000101111) (57) (47) (2F)   ;(0000000000000010) (2) (2) (02)   ;
;752;(0000000000001100) (14) (12) (0C)    ;(1111111111010010) (177722) (65490) (FFD2)   ;(0000000000001001) (11) (9) (09)   ;(0000000000000100) (4) (4) (04)   ;(1111111111101001) (177751) (65513) (FFE9)   ;(0000000000000110) (6) (6) (06)   ;(0000000000011000) (30) (24) (18)   ;(0000000000000011) (3) (3) (03)   ;
;760;(0000000000000100) (4) (4) (04)    ;(0000000000000100) (4) (4) (04)   ;(0000000000000001) (1) (1) (01)   ;(1111111111010100) (177724) (65492) (FFD4)   ;(1111111111110001) (177761) (65521) (FFF1)   ;(0000000001000110) (106) (70) (46)   ;(0000000001000100) (104) (68) (44)   ;(1111111111110000) (177760) (65520) (FFF0)   ;
;768;(1111111111101101) (177755) (65517) (FFED)    ;(0000000001001000) (110) (72) (48)   ;(0000000000000010) (2) (2) (02)   ;(1111111111101101) (177755) (65517) (FFED)   ;(0000000000000110) (6) (6) (06)   ;(1111111111010100) (177724) (65492) (FFD4)   ;(1111111111100101) (177745) (65509) (FFE5)   ;(1111111111110111) (177767) (65527) (FFF7)   ;
;776;(1111111111100100) (177744) (65508) (FFE4)    ;(0000000000001010) (12) (10) (0A)   ;(0000000000001111) (17) (15) (0F)   ;(1111111111110000) (177760) (65520) (FFF0)   ;(0000000000000001) (1) (1) (01)   ;(0000000000010111) (27) (23) (17)   ;(1111111111001001) (177711) (65481) (FFC9)   ;(1111111111110111) (177767) (65527) (FFF7)   ;
;784;(1111111111110001) (177761) (65521) (FFF1)    ;(0000000000010110) (26) (22) (16)   ;(0000000000101000) (50) (40) (28)   ;(1111111111111100) (177774) (65532) (FFFC)   ;(1111111111111101) (177775) (65533) (FFFD)   ;(1111111111010111) (177727) (65495) (FFD7)   ;(1111111111110101) (177765) (65525) (FFF5)   ;(1111111111110100) (177764) (65524) (FFF4)   ;
;792;(0000000000000011) (3) (3) (03)    ;(1111111111111110) (177776) (65534) (FFFE)   ;(1111111111011100) (177734) (65500) (FFDC)   ;(1111111111100010) (177742) (65506) (FFE2)   ;(0000000000011100) (34) (28) (1C)   ;(0000000000000110) (6) (6) (06)   ;(1111111111111100) (177774) (65532) (FFFC)   ;(0000000000011001) (31) (25) (19)   ;
;800;(0000000000100110) (46) (38) (26)    ;(1111111111111000) (177770) (65528) (FFF8)   ;(0000000000010010) (22) (18) (12)   ;(0000000000001100) (14) (12) (0C)   ;(0000000000010101) (25) (21) (15)   ;(1111111111101110) (177756) (65518) (FFEE)   ;(0000000000000010) (2) (2) (02)   ;(1111111111011100) (177734) (65500) (FFDC)   ;
;808;(1111111111111000) (177770) (65528) (FFF8)    ;(1111111111111111) (177777) (65535) (FFFF)   ;(0000000000001011) (13) (11) (0B)   ;(0000000000001010) (12) (10) (0A)   ;(1111111111011001) (177731) (65497) (FFD9)   ;(1111111110110100) (177664) (65460) (FFB4)   ;(1111111110101011) (177653) (65451) (FFAB)   ;(0000000000000000) (0) (0) (00)   ;
;816;(1111111111100101) (177745) (65509) (FFE5)    ;(1111111111100011) (177743) (65507) (FFE3)   ;(1111111111101100) (177754) (65516) (FFEC)   ;(0000000000100000) (40) (32) (20)   ;(1111111111101000) (177750) (65512) (FFE8)   ;(1111111111110101) (177765) (65525) (FFF5)   ;(0000000000000111) (7) (7) (07)   ;(1111111110110001) (177661) (65457) (FFB1)   ;
;824;(0000000000010010) (22) (18) (12)    ;(0000000000000100) (4) (4) (04)   ;(1111111111100110) (177746) (65510) (FFE6)   ;(0000000000001010) (12) (10) (0A)   ;(1111111111011001) (177731) (65497) (FFD9)   ;(1111111111110110) (177766) (65526) (FFF6)   ;(0000000001000011) (103) (67) (43)   ;(1111111111110010) (177762) (65522) (FFF2)   ;
;832;(0000000000000110) (6) (6) (06)    ;(0000000001000101) (105) (69) (45)   ;(0000000000011110) (36) (30) (1E)   ;(0000000000001101) (15) (13) (0D)   ;(0000000000011000) (30) (24) (18)   ;(1111111111011000) (177730) (65496) (FFD8)   ;(0000000000010000) (20) (16) (10)   ;(1111111111110101) (177765) (65525) (FFF5)   ;
;840;(1111111111101001) (177751) (65513) (FFE9)    ;(0000000000010111) (27) (23) (17)   ;(0000000000010100) (24) (20) (14)   ;(0000000000010000) (20) (16) (10)   ;(1111111111111000) (177770) (65528) (FFF8)   ;(0000000000001001) (11) (9) (09)   ;(1111111111111010) (177772) (65530) (FFFA)   ;(0000000000010010) (22) (18) (12)   ;
;848;(0000000000010000) (20) (16) (10)    ;(0000000000100110) (46) (38) (26)   ;(0000000000010110) (26) (22) (16)   ;(0000000000011100) (34) (28) (1C)   ;(1111111111111111) (177777) (65535) (FFFF)   ;(0000000000000000) (0) (0) (00)   ;(0000000000011000) (30) (24) (18)   ;(0000000000010101) (25) (21) (15)   ;
;856;(1111111111101101) (177755) (65517) (FFED)    ;(0000000000001000) (10) (8) (08)   ;(1111111111110101) (177765) (65525) (FFF5)   ;(1111111111100100) (177744) (65508) (FFE4)   ;(0000000000001100) (14) (12) (0C)   ;(0000000000100011) (43) (35) (23)   ;(1111111111111011) (177773) (65531) (FFFB)   ;(0000000000000101) (5) (5) (05)   ;
;864;(1111111111001011) (177713) (65483) (FFCB)    ;(0000000000100111) (47) (39) (27)   ;(1111111111101011) (177753) (65515) (FFEB)   ;(0000000000001100) (14) (12) (0C)   ;(0000000000001001) (11) (9) (09)   ;(1111111111100011) (177743) (65507) (FFE3)   ;(0000000000001000) (10) (8) (08)   ;(1111111111111000) (177770) (65528) (FFF8)   ;
;872;(0000000000100100) (44) (36) (24)    ;(0000000000001001) (11) (9) (09)   ;(1111111111010100) (177724) (65492) (FFD4)   ;(0000000000000110) (6) (6) (06)   ;(0000000000011101) (35) (29) (1D)   ;(0000000000100001) (41) (33) (21)   ;(1111111111011010) (177732) (65498) (FFDA)   ;(1111111111111111) (177777) (65535) (FFFF)   ;
;880;(1111111111101000) (177750) (65512) (FFE8)    ;(1111111111110011) (177763) (65523) (FFF3)   ;(0000000000010001) (21) (17) (11)   ;(0000000000001010) (12) (10) (0A)   ;(0000000000001111) (17) (15) (0F)   ;(1111111111101111) (177757) (65519) (FFEF)   ;(0000000000001000) (10) (8) (08)   ;(0000000000001000) (10) (8) (08)   ;
;888;(0000000000011000) (30) (24) (18)    ;(0000000000000100) (4) (4) (04)   ;(0000000000000010) (2) (2) (02)   ;(1111111111100110) (177746) (65510) (FFE6)   ;(0000000000101000) (50) (40) (28)   ;(0000000000111000) (70) (56) (38)   ;(0000000000011111) (37) (31) (1F)   ;(1111111111101011) (177753) (65515) (FFEB)   ;
;896;(1111111111110100) (177764) (65524) (FFF4)    ;(0000000000011010) (32) (26) (1A)   ;(0000000000110011) (63) (51) (33)   ;(1111111111111110) (177776) (65534) (FFFE)   ;(0000000000000011) (3) (3) (03)   ;(1111111111111110) (177776) (65534) (FFFE)   ;(1111111111110101) (177765) (65525) (FFF5)   ;(1111111111111100) (177774) (65532) (FFFC)   ;
;904;(1111111111100101) (177745) (65509) (FFE5)    ;(0000000000010011) (23) (19) (13)   ;(1111111111100100) (177744) (65508) (FFE4)   ;(0000000000010000) (20) (16) (10)   ;(1111111111011100) (177734) (65500) (FFDC)   ;(1111111111111110) (177776) (65534) (FFFE)   ;(1111111111001111) (177717) (65487) (FFCF)   ;(0000000000000100) (4) (4) (04)   ;
;912;(1111111111110100) (177764) (65524) (FFF4)    ;(0000000000110010) (62) (50) (32)   ;(0000000000000011) (3) (3) (03)   ;(1111111111100111) (177747) (65511) (FFE7)   ;(0000000000011100) (34) (28) (1C)   ;(1111111111011001) (177731) (65497) (FFD9)   ;(0000000000001110) (16) (14) (0E)   ;(0000000000010100) (24) (20) (14)   ;
;920;(1111111111101110) (177756) (65518) (FFEE)    ;(1111111111111101) (177775) (65533) (FFFD)   ;(1111111111011000) (177730) (65496) (FFD8)   ;(0000000000001110) (16) (14) (0E)   ;(0000000000011100) (34) (28) (1C)   ;(1111111111100101) (177745) (65509) (FFE5)   ;(1111111110110110) (177666) (65462) (FFB6)   ;(1111111111101101) (177755) (65517) (FFED)   ;
;928;(0000000000011001) (31) (25) (19)    ;(1111111111001101) (177715) (65485) (FFCD)   ;(0000000000100010) (42) (34) (22)   ;(0000000000111000) (70) (56) (38)   ;(0000000000000110) (6) (6) (06)   ;(0000000000001011) (13) (11) (0B)   ;(0000000000000001) (1) (1) (01)   ;(1111111111111010) (177772) (65530) (FFFA)   ;
;936;(1111111111110001) (177761) (65521) (FFF1)    ;(0000000000001001) (11) (9) (09)   ;(0000000000001011) (13) (11) (0B)   ;(0000000000101011) (53) (43) (2B)   ;(1111111111010001) (177721) (65489) (FFD1)   ;(1111111111111100) (177774) (65532) (FFFC)   ;(0000000000100010) (42) (34) (22)   ;(1111111111101010) (177752) (65514) (FFEA)   ;
;944;(1111111111011111) (177737) (65503) (FFDF)    ;(1111111111100100) (177744) (65508) (FFE4)   ;(0000000000011100) (34) (28) (1C)   ;(1111111111110110) (177766) (65526) (FFF6)   ;(0000000000011110) (36) (30) (1E)   ;(1111111111100111) (177747) (65511) (FFE7)   ;(0000000000000110) (6) (6) (06)   ;(0000000000001101) (15) (13) (0D)   ;
;952;(0000000000011010) (32) (26) (1A)    ;(1111111111111000) (177770) (65528) (FFF8)   ;(1111111111010000) (177720) (65488) (FFD0)   ;(0000000000010001) (21) (17) (11)   ;(0000000000011001) (31) (25) (19)   ;(1111111111100100) (177744) (65508) (FFE4)   ;(1111111111100011) (177743) (65507) (FFE3)   ;(0000000000000011) (3) (3) (03)   ;
;960;(1111111111100110) (177746) (65510) (FFE6)    ;(0000000000011110) (36) (30) (1E)   ;(1111111111111000) (177770) (65528) (FFF8)   ;(1111111111111110) (177776) (65534) (FFFE)   ;(0000000000001110) (16) (14) (0E)   ;(1111111111010010) (177722) (65490) (FFD2)   ;(0000000000000100) (4) (4) (04)   ;(1111111111111111) (177777) (65535) (FFFF)   ;
;968;(1111111111101010) (177752) (65514) (FFEA)    ;(0000000000000011) (3) (3) (03)   ;(1111111111001101) (177715) (65485) (FFCD)   ;(0000000000011110) (36) (30) (1E)   ;(1111111111011111) (177737) (65503) (FFDF)   ;(0000000000001011) (13) (11) (0B)   ;(1111111110101110) (177656) (65454) (FFAE)   ;(0000000000001110) (16) (14) (0E)   ;
;976;(0000000000011110) (36) (30) (1E)    ;(0000000000100011) (43) (35) (23)   ;(0000000000011110) (36) (30) (1E)   ;(1111111111111101) (177775) (65533) (FFFD)   ;(0000000000011011) (33) (27) (1B)   ;(1111111111011000) (177730) (65496) (FFD8)   ;(0000000000001010) (12) (10) (0A)   ;(0000000000001110) (16) (14) (0E)   ;
;984;(1111111111110000) (177760) (65520) (FFF0)    ;(0000000000011001) (31) (25) (19)   ;(1111111111011110) (177736) (65502) (FFDE)   ;(0000000000001001) (11) (9) (09)   ;(1111111111101000) (177750) (65512) (FFE8)   ;(0000000000000101) (5) (5) (05)   ;(1111111111001001) (177711) (65481) (FFC9)   ;(1111111111101010) (177752) (65514) (FFEA)   ;
;992;(1111111111011000) (177730) (65496) (FFD8)    ;(0000000000100110) (46) (38) (26)   ;(0000000000001100) (14) (12) (0C)   ;(1111111111111001) (177771) (65529) (FFF9)   ;(0000000000001000) (10) (8) (08)   ;(1111111111100000) (177740) (65504) (FFE0)   ;(1111111111110101) (177765) (65525) (FFF5)   ;(0000000000001101) (15) (13) (0D)   ;
;1000;(1111111111111101) (177775) (65533) (FFFD)    ;(0000000000010000) (20) (16) (10)   ;(1111111111111010) (177772) (65530) (FFFA)   ;(0000000000001110) (16) (14) (0E)   ;(0000000000000011) (3) (3) (03)   ;(0000000000011101) (35) (29) (1D)   ;(1111111111000011) (177703) (65475) (FFC3)   ;(1111111111110101) (177765) (65525) (FFF5)   ;
;1008;(1111111111010010) (177722) (65490) (FFD2)    ;(0000000000100000) (40) (32) (20)   ;(0000000000010101) (25) (21) (15)   ;(1111111111110111) (177767) (65527) (FFF7)   ;(0000000000101101) (55) (45) (2D)   ;(1111111111101101) (177755) (65517) (FFED)   ;(0000000000000101) (5) (5) (05)   ;(1111111111101111) (177757) (65519) (FFEF)   ;
;1016;(1111111111110010) (177762) (65522) (FFF2)    ;(1111111111100000) (177740) (65504) (FFE0)   ;(0000000000010000) (20) (16) (10)   ;(1111111111101010) (177752) (65514) (FFEA)   ;(0000000000101001) (51) (41) (29)   ;(0000000000101000) (50) (40) (28)   ;(1111111111000010) (177702) (65474) (FFC2)   ;(1111111111011111) (177737) (65503) (FFDF)   ;
;1024;(1111111111110101) (177765) (65525) (FFF5)    ;(0000000000010110) (26) (22) (16)   ;(0000000000000111) (7) (7) (07)   ;(0000000000001000) (10) (8) (08)   ;(1111111111111101) (177775) (65533) (FFFD)   ;(0000000000000111) (7) (7) (07)   ;(1111111111111110) (177776) (65534) (FFFE)   ;(0000000000010010) (22) (18) (12)   ;
;1032;(0000000000000100) (4) (4) (04)    ;(0000000000011011) (33) (27) (1B)   ;(1111111111110110) (177766) (65526) (FFF6)   ;(1111111111111110) (177776) (65534) (FFFE)   ;(1111111111000100) (177704) (65476) (FFC4)   ;(1111111111101011) (177753) (65515) (FFEB)   ;(1111111111110100) (177764) (65524) (FFF4)   ;(0000000000000011) (3) (3) (03)   ;
;1040;(1111111111111100) (177774) (65532) (FFFC)    ;(0000000000101001) (51) (41) (29)   ;(0000000000001101) (15) (13) (0D)   ;(1111111111100011) (177743) (65507) (FFE3)   ;(1111111111111100) (177774) (65532) (FFFC)   ;(0000000000000010) (2) (2) (02)   ;(0000000000001000) (10) (8) (08)   ;(0000000000011101) (35) (29) (1D)   ;
;1048;(0000000000000100) (4) (4) (04)    ;(1111111111110100) (177764) (65524) (FFF4)   ;(1111111111001010) (177712) (65482) (FFCA)   ;(1111111111111100) (177774) (65532) (FFFC)   ;(1111111111000111) (177707) (65479) (FFC7)   ;(1111111111101011) (177753) (65515) (FFEB)   ;(1111111111110010) (177762) (65522) (FFF2)   ;(1111111111101111) (177757) (65519) (FFEF)   ;
;1056;(0000000000011011) (33) (27) (1B)    ;(1111111110111101) (177675) (65469) (FFBD)   ;(0000000000100001) (41) (33) (21)   ;(0000000000010110) (26) (22) (16)   ;(0000000000000100) (4) (4) (04)   ;(0000000001000001) (101) (65) (41)   ;(1111111111111010) (177772) (65530) (FFFA)   ;(0000000000001110) (16) (14) (0E)   ;
;1064;(0000000000000100) (4) (4) (04)    ;(0000000000010101) (25) (21) (15)   ;(1111111111100001) (177741) (65505) (FFE1)   ;(0000000000100101) (45) (37) (25)   ;(1111111111101010) (177752) (65514) (FFEA)   ;(1111111111010101) (177725) (65493) (FFD5)   ;(0000000000010001) (21) (17) (11)   ;(0000000000100101) (45) (37) (25)   ;
;1072;(1111111111000100) (177704) (65476) (FFC4)    ;(1111111111110110) (177766) (65526) (FFF6)   ;(1111111111111111) (177777) (65535) (FFFF)   ;(0000000000110100) (64) (52) (34)   ;(0000000000111000) (70) (56) (38)   ;(0000000000000001) (1) (1) (01)   ;(0000000000100111) (47) (39) (27)   ;(0000000000001001) (11) (9) (09)   ;
;1080;(0000000000100000) (40) (32) (20)    ;(1111111111111011) (177773) (65531) (FFFB)   ;(1111111111100100) (177744) (65508) (FFE4)   ;(1111111111110100) (177764) (65524) (FFF4)   ;(0000000000001101) (15) (13) (0D)   ;(0000000000011000) (30) (24) (18)   ;(1111111111010011) (177723) (65491) (FFD3)   ;(1111111111011011) (177733) (65499) (FFDB)   ;
;1088;(1111111111010101) (177725) (65493) (FFD5)    ;(0000000000100111) (47) (39) (27)   ;(0000000000011011) (33) (27) (1B)   ;(0000000000001001) (11) (9) (09)   ;(1111111111111000) (177770) (65528) (FFF8)   ;(1111111111000100) (177704) (65476) (FFC4)   ;(1111111111111101) (177775) (65533) (FFFD)   ;(0000000000001110) (16) (14) (0E)   ;
;1096;(1111111111011111) (177737) (65503) (FFDF)    ;(1111111111110011) (177763) (65523) (FFF3)   ;(1111111111011000) (177730) (65496) (FFD8)   ;(1111111111110011) (177763) (65523) (FFF3)   ;(1111111111100110) (177746) (65510) (FFE6)   ;(1111111111011011) (177733) (65499) (FFDB)   ;(1111111110110110) (177666) (65462) (FFB6)   ;(1111111111100001) (177741) (65505) (FFE1)   ;
;1104;(1111111111111001) (177771) (65529) (FFF9)    ;(1111111111110100) (177764) (65524) (FFF4)   ;(1111111111111001) (177771) (65529) (FFF9)   ;(0000000000010001) (21) (17) (11)   ;(0000000000101000) (50) (40) (28)   ;(1111111111010110) (177726) (65494) (FFD6)   ;(1111111111101000) (177750) (65512) (FFE8)   ;(1111111111110101) (177765) (65525) (FFF5)   ;
;1112;(1111111111111010) (177772) (65530) (FFFA)    ;(0000000000010111) (27) (23) (17)   ;(1111111111101010) (177752) (65514) (FFEA)   ;(1111111111111010) (177772) (65530) (FFFA)   ;(0000000000000010) (2) (2) (02)   ;(1111111111011110) (177736) (65502) (FFDE)   ;(1111111111011011) (177733) (65499) (FFDB)   ;(0000000000000100) (4) (4) (04)   ;
;1120;(1111111111001101) (177715) (65485) (FFCD)    ;(0000000000001010) (12) (10) (0A)   ;(0000000000100011) (43) (35) (23)   ;(0000000000000101) (5) (5) (05)   ;(0000000000011011) (33) (27) (1B)   ;(0000000000000000) (0) (0) (00)   ;(1111111111101101) (177755) (65517) (FFED)   ;(0000000000100000) (40) (32) (20)   ;
;1128;(0000000000011101) (35) (29) (1D)    ;(1111111111110011) (177763) (65523) (FFF3)   ;(1111111111100011) (177743) (65507) (FFE3)   ;(0000000000000111) (7) (7) (07)   ;(1111111111011110) (177736) (65502) (FFDE)   ;(0000000000110010) (62) (50) (32)   ;(0000000000100010) (42) (34) (22)   ;(1111111111010111) (177727) (65495) (FFD7)   ;
;1136;(1111111111110001) (177761) (65521) (FFF1)    ;(0000000000111011) (73) (59) (3B)   ;(0000000000001011) (13) (11) (0B)   ;(1111111111111010) (177772) (65530) (FFFA)   ;(0000000000011010) (32) (26) (1A)   ;(1111111111100101) (177745) (65509) (FFE5)   ;(0000000000010101) (25) (21) (15)   ;(0000000000001101) (15) (13) (0D)   ;
;1144;(1111111111100110) (177746) (65510) (FFE6)    ;(1111111111100001) (177741) (65505) (FFE1)   ;(1111111111110110) (177766) (65526) (FFF6)   ;(1111111111110111) (177767) (65527) (FFF7)   ;(0000000000001001) (11) (9) (09)   ;(0000000000010000) (20) (16) (10)   ;(1111111111010100) (177724) (65492) (FFD4)   ;(1111111111010100) (177724) (65492) (FFD4)   ;
;1152;(1111111111111010) (177772) (65530) (FFFA)    ;(1111111111101010) (177752) (65514) (FFEA)   ;(0000000000010110) (26) (22) (16)   ;(1111111111010010) (177722) (65490) (FFD2)   ;(0000000000001010) (12) (10) (0A)   ;(1111111111110010) (177762) (65522) (FFF2)   ;(1111111111101101) (177755) (65517) (FFED)   ;(1111111111100101) (177745) (65509) (FFE5)   ;
;1160;(1111111111110101) (177765) (65525) (FFF5)    ;(0000000000000101) (5) (5) (05)   ;(1111111111000110) (177706) (65478) (FFC6)   ;(1111111111110101) (177765) (65525) (FFF5)   ;(1111111111000010) (177702) (65474) (FFC2)   ;(1111111111110011) (177763) (65523) (FFF3)   ;(1111111111101011) (177753) (65515) (FFEB)   ;(0000000000100010) (42) (34) (22)   ;
;1168;(1111111111110011) (177763) (65523) (FFF3)    ;(1111111111011101) (177735) (65501) (FFDD)   ;(0000000000001000) (10) (8) (08)   ;(1111111111011101) (177735) (65501) (FFDD)   ;(0000000000001100) (14) (12) (0C)   ;(0000000000000001) (1) (1) (01)   ;(1111111111101000) (177750) (65512) (FFE8)   ;(0000000000000101) (5) (5) (05)   ;
;1176;(1111111111101001) (177751) (65513) (FFE9)    ;(1111111111101101) (177755) (65517) (FFED)   ;(1111111111000101) (177705) (65477) (FFC5)   ;(1111111111110101) (177765) (65525) (FFF5)   ;(1111111111100110) (177746) (65510) (FFE6)   ;(1111111111110010) (177762) (65522) (FFF2)   ;(0000000000001000) (10) (8) (08)   ;(0000000000100111) (47) (39) (27)   ;
;1184;(0000000000110101) (65) (53) (35)    ;(1111111111011000) (177730) (65496) (FFD8)   ;(0000000000011111) (37) (31) (1F)   ;(0000000000001110) (16) (14) (0E)   ;(0000000000101011) (53) (43) (2B)   ;(0000000000011011) (33) (27) (1B)   ;(0000000000011010) (32) (26) (1A)   ;(1111111111110100) (177764) (65524) (FFF4)   ;
;1192;(0000000000011110) (36) (30) (1E)    ;(0000000000101001) (51) (41) (29)   ;(1111111111101001) (177751) (65513) (FFE9)   ;(1111111111110011) (177763) (65523) (FFF3)   ;(0000000000011010) (32) (26) (1A)   ;(1111111111100100) (177744) (65508) (FFE4)   ;(0000000000010001) (21) (17) (11)   ;(0000000001010110) (126) (86) (56)   ;
;1200;(1111111111001010) (177712) (65482) (FFCA)    ;(1111111111100110) (177746) (65510) (FFE6)   ;(0000000000010001) (21) (17) (11)   ;(0000000000010000) (20) (16) (10)   ;(1111111111111001) (177771) (65529) (FFF9)   ;(0000000000110101) (65) (53) (35)   ;(1111111111101110) (177756) (65518) (FFEE)   ;(0000000000100101) (45) (37) (25)   ;
;1208;(0000000000000101) (5) (5) (05)    ;(1111111111110110) (177766) (65526) (FFF6)   ;(1111111111011111) (177737) (65503) (FFDF)   ;(0000000000001110) (16) (14) (0E)   ;(1111111111111000) (177770) (65528) (FFF8)   ;(1111111111111101) (177775) (65533) (FFFD)   ;(0000000000010110) (26) (22) (16)   ;(0000000000010110) (26) (22) (16)   ;
;1216;(1111111111010101) (177725) (65493) (FFD5)    ;(0000000000010110) (26) (22) (16)   ;(0000000000010111) (27) (23) (17)   ;(1111111111011001) (177731) (65497) (FFD9)   ;(1111111111111111) (177777) (65535) (FFFF)   ;(1111111111100001) (177741) (65505) (FFE1)   ;(1111111111101010) (177752) (65514) (FFEA)   ;(0000000000011010) (32) (26) (1A)   ;
;1224;(1111111111100101) (177745) (65509) (FFE5)    ;(0000000000011110) (36) (30) (1E)   ;(1111111111100011) (177743) (65507) (FFE3)   ;(0000000000000000) (0) (0) (00)   ;(1111111111100001) (177741) (65505) (FFE1)   ;(0000000000010001) (21) (17) (11)   ;(1111111111111000) (177770) (65528) (FFF8)   ;(0000000000000110) (6) (6) (06)   ;
;1232;(1111111111101111) (177757) (65519) (FFEF)    ;(1111111111110110) (177766) (65526) (FFF6)   ;(0000000000100011) (43) (35) (23)   ;(1111111111100111) (177747) (65511) (FFE7)   ;(0000000000000110) (6) (6) (06)   ;(1111111111101010) (177752) (65514) (FFEA)   ;(1111111111111000) (177770) (65528) (FFF8)   ;(0000000000010011) (23) (19) (13)   ;
;1240;(0000000000000100) (4) (4) (04)    ;(0000000000010100) (24) (20) (14)   ;(1111111111010010) (177722) (65490) (FFD2)   ;(1111111111111111) (177777) (65535) (FFFF)   ;(1111111111010110) (177726) (65494) (FFD6)   ;(0000000000000100) (4) (4) (04)   ;(1111111111110011) (177763) (65523) (FFF3)   ;(0000000000001111) (17) (15) (0F)   ;
;1248;(1111111111110000) (177760) (65520) (FFF0)    ;(1111111111110101) (177765) (65525) (FFF5)   ;(1111111111101011) (177753) (65515) (FFEB)   ;(1111111111110101) (177765) (65525) (FFF5)   ;(1111111111101010) (177752) (65514) (FFEA)   ;(0000000000011110) (36) (30) (1E)   ;(1111111111011111) (177737) (65503) (FFDF)   ;(1111111111111100) (177774) (65532) (FFFC)   ;
;1256;(1111111111111110) (177776) (65534) (FFFE)    ;(0000000000010111) (27) (23) (17)   ;(1111111110111001) (177671) (65465) (FFB9)   ;(1111111111101011) (177753) (65515) (FFEB)   ;(0000000000101110) (56) (46) (2E)   ;(0000000000010010) (22) (18) (12)   ;(0000000000011110) (36) (30) (1E)   ;(0000000000110110) (66) (54) (36)   ;
;1264;(1111111111100100) (177744) (65508) (FFE4)    ;(1111111111111000) (177770) (65528) (FFF8)   ;(0000000000000110) (6) (6) (06)   ;(1111111111111100) (177774) (65532) (FFFC)   ;(1111111111110010) (177762) (65522) (FFF2)   ;(0000000000001110) (16) (14) (0E)   ;(1111111111011111) (177737) (65503) (FFDF)   ;(0000000000001011) (13) (11) (0B)   ;
;1272;(1111111111111101) (177775) (65533) (FFFD)    ;(0000000000001100) (14) (12) (0C)   ;(1111111111111101) (177775) (65533) (FFFD)   ;(0000000000100110) (46) (38) (26)   ;(1111111111011100) (177734) (65500) (FFDC)   ;(0000000000001100) (14) (12) (0C)   ;(0000000000000111) (7) (7) (07)   ;(1111111111111110) (177776) (65534) (FFFE)   ;
;1280;(0000000000111100) (74) (60) (3C)    ;(0000000000001110) (16) (14) (0E)   ;(0000000000110101) (65) (53) (35)   ;(1111111111111101) (177775) (65533) (FFFD)   ;(1111111111011010) (177732) (65498) (FFDA)   ;(1111111111010000) (177720) (65488) (FFD0)   ;(1111111111110111) (177767) (65527) (FFF7)   ;(1111111111011001) (177731) (65497) (FFD9)   ;
;1288;(1111111111111010) (177772) (65530) (FFFA)    ;(0000000000000000) (0) (0) (00)   ;(0000000000011001) (31) (25) (19)   ;(1111111111111000) (177770) (65528) (FFF8)   ;(1111111111011101) (177735) (65501) (FFDD)   ;(1111111111110110) (177766) (65526) (FFF6)   ;(1111111111100110) (177746) (65510) (FFE6)   ;(1111111111110101) (177765) (65525) (FFF5)   ;
;1296;(0000000000001101) (15) (13) (0D)    ;(1111111111101100) (177754) (65516) (FFEC)   ;(0000000000101111) (57) (47) (2F)   ;(0000000000010010) (22) (18) (12)   ;(0000000000000111) (7) (7) (07)   ;(1111111111101000) (177750) (65512) (FFE8)   ;(1111111111110000) (177760) (65520) (FFF0)   ;(1111111111011111) (177737) (65503) (FFDF)   ;
;1304;(1111111111110000) (177760) (65520) (FFF0)    ;(0000000000000111) (7) (7) (07)   ;(0000000000001000) (10) (8) (08)   ;(1111111111110100) (177764) (65524) (FFF4)   ;(1111111111101100) (177754) (65516) (FFEC)   ;(0000000000010100) (24) (20) (14)   ;(0000000000001110) (16) (14) (0E)   ;(0000000000000101) (5) (5) (05)   ;
;1312;(0000000000010101) (25) (21) (15)    ;(0000000000101000) (50) (40) (28)   ;(1111111111100011) (177743) (65507) (FFE3)   ;(1111111111001110) (177716) (65486) (FFCE)   ;(0000000000101110) (56) (46) (2E)   ;(1111111111110110) (177766) (65526) (FFF6)   ;(0000000000000101) (5) (5) (05)   ;(0000000000011001) (31) (25) (19)   ;
;1320;(1111111111010110) (177726) (65494) (FFD6)    ;(1111111111010011) (177723) (65491) (FFD3)   ;(1111111111110111) (177767) (65527) (FFF7)   ;(1111111111111111) (177777) (65535) (FFFF)   ;(0000000000001110) (16) (14) (0E)   ;(1111111111000001) (177701) (65473) (FFC1)   ;(0000000000001001) (11) (9) (09)   ;(0000000000010101) (25) (21) (15)   ;
;1328;(1111111111001100) (177714) (65484) (FFCC)    ;(1111111111010010) (177722) (65490) (FFD2)   ;(1111111111110100) (177764) (65524) (FFF4)   ;(0000000000101011) (53) (43) (2B)   ;(1111111111111010) (177772) (65530) (FFFA)   ;(1111111111001001) (177711) (65481) (FFC9)   ;(1111111111100001) (177741) (65505) (FFE1)   ;(1111111110111000) (177670) (65464) (FFB8)   ;
;1336;(1111111111111100) (177774) (65532) (FFFC)    ;(0000000000001011) (13) (11) (0B)   ;(0000000000010110) (26) (22) (16)   ;(0000000000100110) (46) (38) (26)   ;(1111111111011101) (177735) (65501) (FFDD)   ;(1111111110110000) (177660) (65456) (FFB0)   ;(0000000001100111) (147) (103) (67)   ;(1111111111010110) (177726) (65494) (FFD6)   ;
;1344;(0000000000001111) (17) (15) (0F)    ;(1111111111000100) (177704) (65476) (FFC4)   ;(0000000000101101) (55) (45) (2D)   ;(1111111111110110) (177766) (65526) (FFF6)   ;(1111111111110111) (177767) (65527) (FFF7)   ;(0000000000001011) (13) (11) (0B)   ;(1111111111110010) (177762) (65522) (FFF2)   ;(1111111111001011) (177713) (65483) (FFCB)   ;
;1352;(0000000000001001) (11) (9) (09)    ;(0000000000010000) (20) (16) (10)   ;(0000000000100010) (42) (34) (22)   ;(0000000000000011) (3) (3) (03)   ;(1111111111100101) (177745) (65509) (FFE5)   ;(1111111111100000) (177740) (65504) (FFE0)   ;(0000000000010001) (21) (17) (11)   ;(1111111111110111) (177767) (65527) (FFF7)   ;
;1360;(0000000000011010) (32) (26) (1A)    ;(1111111111101100) (177754) (65516) (FFEC)   ;(0000000000111001) (71) (57) (39)   ;(1111111111111000) (177770) (65528) (FFF8)   ;(1111111111111010) (177772) (65530) (FFFA)   ;(1111111111010110) (177726) (65494) (FFD6)   ;(1111111111110011) (177763) (65523) (FFF3)   ;(1111111111110001) (177761) (65521) (FFF1)   ;
;1368;(0000000000100001) (41) (33) (21)    ;(0000000000001011) (13) (11) (0B)   ;(0000000000001101) (15) (13) (0D)   ;(0000000000000100) (4) (4) (04)   ;(1111111111011111) (177737) (65503) (FFDF)   ;(1111111111111100) (177774) (65532) (FFFC)   ;(0000000000000000) (0) (0) (00)   ;(1111111111111001) (177771) (65529) (FFF9)   ;
;1376;(1111111111110110) (177766) (65526) (FFF6)    ;(1111111111110101) (177765) (65525) (FFF5)   ;(1111111111101000) (177750) (65512) (FFE8)   ;(0000000000100001) (41) (33) (21)   ;(1111111111100010) (177742) (65506) (FFE2)   ;(1111111111110111) (177767) (65527) (FFF7)   ;(0000000000001001) (11) (9) (09)   ;(1111111111011011) (177733) (65499) (FFDB)   ;
;1384;(0000000000100010) (42) (34) (22)    ;(0000000000010110) (26) (22) (16)   ;(1111111111101000) (177750) (65512) (FFE8)   ;(1111111111111111) (177777) (65535) (FFFF)   ;(0000000000000110) (6) (6) (06)   ;(0000000001000001) (101) (65) (41)   ;(0000000000011100) (34) (28) (1C)   ;(1111111111111111) (177777) (65535) (FFFF)   ;
;1392;(1111111111110001) (177761) (65521) (FFF1)    ;(1111111110111010) (177672) (65466) (FFBA)   ;(0000000000101000) (50) (40) (28)   ;(0000000000110000) (60) (48) (30)   ;(0000000000001000) (10) (8) (08)   ;(1111111111101011) (177753) (65515) (FFEB)   ;(0000000000000001) (1) (1) (01)   ;(1111111111010111) (177727) (65495) (FFD7)   ;
;1400;(0000000000100010) (42) (34) (22)    ;(0000000000100010) (42) (34) (22)   ;(1111111111101100) (177754) (65516) (FFEC)   ;(1111111111110011) (177763) (65523) (FFF3)   ;(1111111111111111) (177777) (65535) (FFFF)   ;(0000000000011100) (34) (28) (1C)   ;(0000000001000101) (105) (69) (45)   ;(1111111111011010) (177732) (65498) (FFDA)   ;
;1408;(0000000000111110) (76) (62) (3E)    ;(1111111111110110) (177766) (65526) (FFF6)   ;(0000000000010000) (20) (16) (10)   ;(0000000000000011) (3) (3) (03)   ;(0000000000001101) (15) (13) (0D)   ;(1111111111111111) (177777) (65535) (FFFF)   ;(1111111111100111) (177747) (65511) (FFE7)   ;(0000000000001011) (13) (11) (0B)   ;
;1416;(0000000000011000) (30) (24) (18)    ;(0000000000101001) (51) (41) (29)   ;(0000000000101001) (51) (41) (29)   ;(1111111111110011) (177763) (65523) (FFF3)   ;(0000000000100000) (40) (32) (20)   ;(0000000000011101) (35) (29) (1D)   ;(1111111111100101) (177745) (65509) (FFE5)   ;(1111111111111010) (177772) (65530) (FFFA)   ;
;1424;(0000000000100001) (41) (33) (21)    ;(0000000000011001) (31) (25) (19)   ;(0000000000011101) (35) (29) (1D)   ;(1111111111111111) (177777) (65535) (FFFF)   ;(1111111111110000) (177760) (65520) (FFF0)   ;(1111111111001100) (177714) (65484) (FFCC)   ;(1111111111110110) (177766) (65526) (FFF6)   ;(1111111111111000) (177770) (65528) (FFF8)   ;
;1432;(0000000000010110) (26) (22) (16)    ;(0000000000101000) (50) (40) (28)   ;(0000000000001101) (15) (13) (0D)   ;(0000000000010001) (21) (17) (11)   ;(0000000000001111) (17) (15) (0F)   ;(0000000000110001) (61) (49) (31)   ;(1111111111011011) (177733) (65499) (FFDB)   ;(1111111111101001) (177751) (65513) (FFE9)   ;
;1440;(0000000000101101) (55) (45) (2D)    ;(0000000000010011) (23) (19) (13)   ;(0000000000001101) (15) (13) (0D)   ;(1111111111101111) (177757) (65519) (FFEF)   ;(1111111111100111) (177747) (65511) (FFE7)   ;(1111111111110011) (177763) (65523) (FFF3)   ;(1111111111011101) (177735) (65501) (FFDD)   ;(0000000000011000) (30) (24) (18)   ;
;1448;(1111111111010010) (177722) (65490) (FFD2)    ;(1111111111100001) (177741) (65505) (FFE1)   ;(0000000000100101) (45) (37) (25)   ;(1111111111111110) (177776) (65534) (FFFE)   ;(0000000000011001) (31) (25) (19)   ;(1111111110100011) (177643) (65443) (FFA3)   ;(1111111111010010) (177722) (65490) (FFD2)   ;(1111111111111011) (177773) (65531) (FFFB)   ;
;1456;(1111111111100110) (177746) (65510) (FFE6)    ;(1111111111101100) (177754) (65516) (FFEC)   ;(0000000000001111) (17) (15) (0F)   ;(0000000000000000) (0) (0) (00)   ;(1111111111101001) (177751) (65513) (FFE9)   ;(1111111111100001) (177741) (65505) (FFE1)   ;(1111111111110110) (177766) (65526) (FFF6)   ;(1111111111110001) (177761) (65521) (FFF1)   ;
;1464;(0000000000000001) (1) (1) (01)    ;(0000000000000000) (0) (0) (00)   ;(1111111111011101) (177735) (65501) (FFDD)   ;(0000000000011000) (30) (24) (18)   ;(1111111111011111) (177737) (65503) (FFDF)   ;(1111111111100101) (177745) (65509) (FFE5)   ;(0000000000100100) (44) (36) (24)   ;(1111111111110101) (177765) (65525) (FFF5)   ;
;1472;(0000000000100011) (43) (35) (23)    ;(0000000000010110) (26) (22) (16)   ;(0000000000010111) (27) (23) (17)   ;(0000000000010100) (24) (20) (14)   ;(0000000000100001) (41) (33) (21)   ;(1111111111110111) (177767) (65527) (FFF7)   ;(0000000000010000) (20) (16) (10)   ;(1111111111110011) (177763) (65523) (FFF3)   ;
;1480;(1111111111101100) (177754) (65516) (FFEC)    ;(0000000000010001) (21) (17) (11)   ;(0000000000100000) (40) (32) (20)   ;(1111111111101000) (177750) (65512) (FFE8)   ;(0000000000001010) (12) (10) (0A)   ;(0000000000010010) (22) (18) (12)   ;(1111111111011000) (177730) (65496) (FFD8)   ;(0000000000001110) (16) (14) (0E)   ;
;1488;(0000000000010001) (21) (17) (11)    ;(1111111111110011) (177763) (65523) (FFF3)   ;(0000000000011101) (35) (29) (1D)   ;(0000000000001101) (15) (13) (0D)   ;(1111111111101010) (177752) (65514) (FFEA)   ;(1111111111110111) (177767) (65527) (FFF7)   ;(0000000000010100) (24) (20) (14)   ;(0000000000000101) (5) (5) (05)   ;
;1496;(0000000000001010) (12) (10) (0A)    ;(0000000000000010) (2) (2) (02)   ;(1111111111101101) (177755) (65517) (FFED)   ;(0000000000010000) (20) (16) (10)   ;(0000000000010000) (20) (16) (10)   ;(0000000000101001) (51) (41) (29)   ;(0000000000000011) (3) (3) (03)   ;(1111111111110010) (177762) (65522) (FFF2)   ;
;1504;(1111111111111101) (177775) (65533) (FFFD)    ;(0000000000001001) (11) (9) (09)   ;(1111111111010101) (177725) (65493) (FFD5)   ;(1111111111010101) (177725) (65493) (FFD5)   ;(1111111111101001) (177751) (65513) (FFE9)   ;(1111111111011001) (177731) (65497) (FFD9)   ;(1111111111110101) (177765) (65525) (FFF5)   ;(0000000000010011) (23) (19) (13)   ;
;1512;(0000000000110100) (64) (52) (34)    ;(0000000000000010) (2) (2) (02)   ;(1111111111110100) (177764) (65524) (FFF4)   ;(0000000000001101) (15) (13) (0D)   ;(0000000000011010) (32) (26) (1A)   ;(0000000000111000) (70) (56) (38)   ;(1111111111010011) (177723) (65491) (FFD3)   ;(0000000000010001) (21) (17) (11)   ;
;1520;(1111111111011101) (177735) (65501) (FFDD)    ;(1111111111101100) (177754) (65516) (FFEC)   ;(1111111111101110) (177756) (65518) (FFEE)   ;(0000000000000000) (0) (0) (00)   ;(0000000000000100) (4) (4) (04)   ;(1111111111001110) (177716) (65486) (FFCE)   ;(0000000000001001) (11) (9) (09)   ;(1111111111100010) (177742) (65506) (FFE2)   ;
;1528;(0000000000010010) (22) (18) (12)    ;(0000000000101111) (57) (47) (2F)   ;(0000000000001101) (15) (13) (0D)   ;(0000000000001111) (17) (15) (0F)   ;(0000000000001111) (17) (15) (0F)   ;(0000000000110000) (60) (48) (30)   ;(0000000000000000) (0) (0) (00)   ;(1111111111101001) (177751) (65513) (FFE9)   ;
;1536;(0000000000100100) (44) (36) (24)    ;(1111111111110000) (177760) (65520) (FFF0)   ;(0000000000100001) (41) (33) (21)   ;(1111111111011110) (177736) (65502) (FFDE)   ;(0000000000001010) (12) (10) (0A)   ;(0000000000000111) (7) (7) (07)   ;(1111111111110011) (177763) (65523) (FFF3)   ;(1111111111011110) (177736) (65502) (FFDE)   ;
;1544;(1111111111101010) (177752) (65514) (FFEA)    ;(0000000000010011) (23) (19) (13)   ;(0000000000011101) (35) (29) (1D)   ;(0000000000010011) (23) (19) (13)   ;(0000000000010101) (25) (21) (15)   ;(0000000000011001) (31) (25) (19)   ;(1111111111101011) (177753) (65515) (FFEB)   ;(1111111111100111) (177747) (65511) (FFE7)   ;
;1552;(0000000000101001) (51) (41) (29)    ;(0000000000001001) (11) (9) (09)   ;(1111111111110111) (177767) (65527) (FFF7)   ;(1111111111011111) (177737) (65503) (FFDF)   ;(1111111111110000) (177760) (65520) (FFF0)   ;(1111111111011110) (177736) (65502) (FFDE)   ;(1111111111100000) (177740) (65504) (FFE0)   ;(0000000000000010) (2) (2) (02)   ;
;1560;(1111111111100010) (177742) (65506) (FFE2)    ;(1111111111110110) (177766) (65526) (FFF6)   ;(0000000000001111) (17) (15) (0F)   ;(1111111111110100) (177764) (65524) (FFF4)   ;(0000000000101001) (51) (41) (29)   ;(0000000000011000) (30) (24) (18)   ;(1111111111001001) (177711) (65481) (FFC9)   ;(1111111111010100) (177724) (65492) (FFD4)   ;
;1568;(0000000000011101) (35) (29) (1D)    ;(0000000000011111) (37) (31) (1F)   ;(0000000000010011) (23) (19) (13)   ;(0000000000101111) (57) (47) (2F)   ;(1111111111001111) (177717) (65487) (FFCF)   ;(0000000000110011) (63) (51) (33)   ;(0000000000000100) (4) (4) (04)   ;(0000000000011101) (35) (29) (1D)   ;
;1576;(1111111111011111) (177737) (65503) (FFDF)    ;(1111111111110101) (177765) (65525) (FFF5)   ;(1111111111111001) (177771) (65529) (FFF9)   ;(0000000000000100) (4) (4) (04)   ;(1111111110110011) (177663) (65459) (FFB3)   ;(1111111111011001) (177731) (65497) (FFD9)   ;(0000000000000101) (5) (5) (05)   ;(0000000000001000) (10) (8) (08)   ;
;1584;(1111111111010001) (177721) (65489) (FFD1)    ;(0000000000010001) (21) (17) (11)   ;(1111111111111110) (177776) (65534) (FFFE)   ;(0000000000001011) (13) (11) (0B)   ;(0000000000000010) (2) (2) (02)   ;(1111111111011111) (177737) (65503) (FFDF)   ;(1111111111101010) (177752) (65514) (FFEA)   ;(0000000000101001) (51) (41) (29)   ;
;1592;(0000000000011001) (31) (25) (19)    ;(1111111111110001) (177761) (65521) (FFF1)   ;(1111111111011011) (177733) (65499) (FFDB)   ;(0000000000101000) (50) (40) (28)   ;(0000000000011101) (35) (29) (1D)   ;(1111111111111011) (177773) (65531) (FFFB)   ;(1111111111101000) (177750) (65512) (FFE8)   ;(1111111111010011) (177723) (65491) (FFD3)   ;
;1600;(0000000000101010) (52) (42) (2A)    ;(1111111111111101) (177775) (65533) (FFFD)   ;(0000000000110001) (61) (49) (31)   ;(1111111111100110) (177746) (65510) (FFE6)   ;(0000000000001100) (14) (12) (0C)   ;(1111111111110010) (177762) (65522) (FFF2)   ;(0000000000001111) (17) (15) (0F)   ;(0000000000011110) (36) (30) (1E)   ;
;1608;(1111111111101100) (177754) (65516) (FFEC)    ;(0000000000001011) (13) (11) (0B)   ;(0000000000010111) (27) (23) (17)   ;(0000000000011001) (31) (25) (19)   ;(0000000000000111) (7) (7) (07)   ;(0000000000100001) (41) (33) (21)   ;(1111111110100010) (177642) (65442) (FFA2)   ;(1111111111111001) (177771) (65529) (FFF9)   ;
;1616;(0000000000001110) (16) (14) (0E)    ;(0000000000000111) (7) (7) (07)   ;(0000000000001010) (12) (10) (0A)   ;(1111111111111100) (177774) (65532) (FFFC)   ;(1111111111110101) (177765) (65525) (FFF5)   ;(1111111111100101) (177745) (65509) (FFE5)   ;(0000000000011010) (32) (26) (1A)   ;(0000000000010000) (20) (16) (10)   ;
;1624;(0000000000010111) (27) (23) (17)    ;(1111111111110110) (177766) (65526) (FFF6)   ;(0000000000000001) (1) (1) (01)   ;(0000000000011011) (33) (27) (1B)   ;(0000000000001111) (17) (15) (0F)   ;(0000000000010001) (21) (17) (11)   ;(1111111110111011) (177673) (65467) (FFBB)   ;(1111111111100101) (177745) (65509) (FFE5)   ;
;1632;(1111111111100101) (177745) (65509) (FFE5)    ;(0000000000010100) (24) (20) (14)   ;(0000000000000110) (6) (6) (06)   ;(0000000000000000) (0) (0) (00)   ;(0000000000011101) (35) (29) (1D)   ;(1111111111111100) (177774) (65532) (FFFC)   ;(1111111111101011) (177753) (65515) (FFEB)   ;(0000000000010000) (20) (16) (10)   ;
;1640;(1111111111100010) (177742) (65506) (FFE2)    ;(0000000000000110) (6) (6) (06)   ;(0000000000011110) (36) (30) (1E)   ;(0000000000101011) (53) (43) (2B)   ;(0000000001011110) (136) (94) (5E)   ;(0000000000011010) (32) (26) (1A)   ;(1111111111011011) (177733) (65499) (FFDB)   ;(1111111111000111) (177707) (65479) (FFC7)   ;
;1648;(0000000000000111) (7) (7) (07)    ;(1111111111111101) (177775) (65533) (FFFD)   ;(0000000000001010) (12) (10) (0A)   ;(1111111111011101) (177735) (65501) (FFDD)   ;(0000000000100011) (43) (35) (23)   ;(1111111111010010) (177722) (65490) (FFD2)   ;(1111111111101100) (177754) (65516) (FFEC)   ;(1111111111110000) (177760) (65520) (FFF0)   ;
;1656;(0000000000010111) (27) (23) (17)    ;(0000000000010100) (24) (20) (14)   ;(1111111111110111) (177767) (65527) (FFF7)   ;(0000000000001011) (13) (11) (0B)   ;(0000000000111010) (72) (58) (3A)   ;(0000000000010110) (26) (22) (16)   ;(1111111110111111) (177677) (65471) (FFBF)   ;(1111111110110100) (177664) (65460) (FFB4)   ;
;1664;(0000000001000100) (104) (68) (44)    ;(0000000000000001) (1) (1) (01)   ;(0000000000101101) (55) (45) (2D)   ;(1111111111110001) (177761) (65521) (FFF1)   ;(0000000000011111) (37) (31) (1F)   ;(1111111111111111) (177777) (65535) (FFFF)   ;(0000000000011010) (32) (26) (1A)   ;(1111111111100101) (177745) (65509) (FFE5)   ;
;1672;(1111111111101110) (177756) (65518) (FFEE)    ;(0000000000010000) (20) (16) (10)   ;(0000000000010001) (21) (17) (11)   ;(0000000000000110) (6) (6) (06)   ;(1111111111110111) (177767) (65527) (FFF7)   ;(0000000000000010) (2) (2) (02)   ;(1111111111100101) (177745) (65509) (FFE5)   ;(0000000000001011) (13) (11) (0B)   ;
;1680;(0000000000101101) (55) (45) (2D)    ;(0000000000011011) (33) (27) (1B)   ;(0000000000011101) (35) (29) (1D)   ;(0000000000001001) (11) (9) (09)   ;(0000000000101001) (51) (41) (29)   ;(0000000000000100) (4) (4) (04)   ;(1111111111101110) (177756) (65518) (FFEE)   ;(0000000000001111) (17) (15) (0F)   ;
;1688;(0000000000000000) (0) (0) (00)    ;(0000000000000110) (6) (6) (06)   ;(0000000000011001) (31) (25) (19)   ;(0000000000010001) (21) (17) (11)   ;(1111111111101010) (177752) (65514) (FFEA)   ;(0000000000010001) (21) (17) (11)   ;(0000000000010100) (24) (20) (14)   ;(1111111111111101) (177775) (65533) (FFFD)   ;
;1696;(0000000000100011) (43) (35) (23)    ;(1111111111000010) (177702) (65474) (FFC2)   ;(0000000000001110) (16) (14) (0E)   ;(0000000000001000) (10) (8) (08)   ;(1111111110111011) (177673) (65467) (FFBB)   ;(0000000000001100) (14) (12) (0C)   ;(0000000000101101) (55) (45) (2D)   ;(1111111111100011) (177743) (65507) (FFE3)   ;
;1704;(1111111111111001) (177771) (65529) (FFF9)    ;(0000000001000000) (100) (64) (40)   ;(1111111111010111) (177727) (65495) (FFD7)   ;(0000000000010101) (25) (21) (15)   ;(1111111111000010) (177702) (65474) (FFC2)   ;(1111111111100111) (177747) (65511) (FFE7)   ;(0000000000010011) (23) (19) (13)   ;(0000000000110000) (60) (48) (30)   ;
;1712;(1111111111011001) (177731) (65497) (FFD9)    ;(0000000000101111) (57) (47) (2F)   ;(0000000000010100) (24) (20) (14)   ;(0000000000011100) (34) (28) (1C)   ;(0000000000100011) (43) (35) (23)   ;(0000000000011011) (33) (27) (1B)   ;(1111111111100001) (177741) (65505) (FFE1)   ;(0000000000101011) (53) (43) (2B)   ;
;1720;(1111111111110000) (177760) (65520) (FFF0)    ;(0000000000000101) (5) (5) (05)   ;(1111111111100001) (177741) (65505) (FFE1)   ;(0000000000011101) (35) (29) (1D)   ;(0000000000001100) (14) (12) (0C)   ;(0000000000011011) (33) (27) (1B)   ;(0000000000000101) (5) (5) (05)   ;(1111111111010000) (177720) (65488) (FFD0)   ;
;1728;(0000000000001010) (12) (10) (0A)    ;(0000000000011000) (30) (24) (18)   ;(0000000000100100) (44) (36) (24)   ;(0000000000001001) (11) (9) (09)   ;(0000000000001110) (16) (14) (0E)   ;(1111111111111110) (177776) (65534) (FFFE)   ;(1111111111011011) (177733) (65499) (FFDB)   ;(0000000000001111) (17) (15) (0F)   ;
;1736;(1111111111110001) (177761) (65521) (FFF1)    ;(1111111111111110) (177776) (65534) (FFFE)   ;(0000000000000011) (3) (3) (03)   ;(1111111111111000) (177770) (65528) (FFF8)   ;(1111111111111000) (177770) (65528) (FFF8)   ;(1111111111111100) (177774) (65532) (FFFC)   ;(1111111111110100) (177764) (65524) (FFF4)   ;(1111111111111111) (177777) (65535) (FFFF)   ;
;1744;(0000000000011100) (34) (28) (1C)    ;(0000000000010000) (20) (16) (10)   ;(1111111111110000) (177760) (65520) (FFF0)   ;(1111111111110111) (177767) (65527) (FFF7)   ;(1111111111111111) (177777) (65535) (FFFF)   ;(1111111111110011) (177763) (65523) (FFF3)   ;(1111111111101111) (177757) (65519) (FFEF)   ;(0000000000011100) (34) (28) (1C)   ;
;1752;(1111111111100000) (177740) (65504) (FFE0)    ;(0000000000011110) (36) (30) (1E)   ;(0000000000101000) (50) (40) (28)   ;(0000000000000001) (1) (1) (01)   ;(1111111111111100) (177774) (65532) (FFFC)   ;(1111111111111011) (177773) (65531) (FFFB)   ;(1111111111010101) (177725) (65493) (FFD5)   ;(1111111111110100) (177764) (65524) (FFF4)   ;
;1760;(1111111111111011) (177773) (65531) (FFFB)    ;(0000000001000111) (107) (71) (47)   ;(0000000000001110) (16) (14) (0E)   ;(1111111111110001) (177761) (65521) (FFF1)   ;(0000000000101000) (50) (40) (28)   ;(0000000000000101) (5) (5) (05)   ;(0000000000001111) (17) (15) (0F)   ;(1111111111111001) (177771) (65529) (FFF9)   ;
;1768;(0000000000011000) (30) (24) (18)    ;(0000000000010100) (24) (20) (14)   ;(1111111111011011) (177733) (65499) (FFDB)   ;(0000000000010000) (20) (16) (10)   ;(0000000000010001) (21) (17) (11)   ;(0000000000010010) (22) (18) (12)   ;(0000000000110101) (65) (53) (35)   ;(1111111111101110) (177756) (65518) (FFEE)   ;
;1776;(1111111111100101) (177745) (65509) (FFE5)    ;(0000000000111010) (72) (58) (3A)   ;(1111111111100010) (177742) (65506) (FFE2)   ;(1111111111110000) (177760) (65520) (FFF0)   ;(0000000000110101) (65) (53) (35)   ;(0000000000010011) (23) (19) (13)   ;(1111111111110000) (177760) (65520) (FFF0)   ;(0000000000010001) (21) (17) (11)   ;
;1784;(1111111111101001) (177751) (65513) (FFE9)    ;(0000000000000100) (4) (4) (04)   ;(1111111111111010) (177772) (65530) (FFFA)   ;(1111111111011110) (177736) (65502) (FFDE)   ;(0000000000011100) (34) (28) (1C)   ;(1111111111111011) (177773) (65531) (FFFB)   ;(1111111111110100) (177764) (65524) (FFF4)   ;(1111111111011111) (177737) (65503) (FFDF)   ;
;1792;(0000000000101110) (56) (46) (2E)    ;(1111111111111000) (177770) (65528) (FFF8)   ;(0000000000000100) (4) (4) (04)   ;(1111111111111010) (177772) (65530) (FFFA)   ;(0000000000010111) (27) (23) (17)   ;(0000000000110010) (62) (50) (32)   ;(0000000000010000) (20) (16) (10)   ;(1111111111010010) (177722) (65490) (FFD2)   ;
;1800;(0000000000100001) (41) (33) (21)    ;(1111111111110111) (177767) (65527) (FFF7)   ;(0000000000011110) (36) (30) (1E)   ;(1111111111110111) (177767) (65527) (FFF7)   ;(1111111111101100) (177754) (65516) (FFEC)   ;(1111111111111110) (177776) (65534) (FFFE)   ;(0000000000001001) (11) (9) (09)   ;(0000000000011000) (30) (24) (18)   ;
;1808;(0000000000000000) (0) (0) (00)    ;(0000000000100001) (41) (33) (21)   ;(0000000000011000) (30) (24) (18)   ;(1111111111111110) (177776) (65534) (FFFE)   ;(0000000000001000) (10) (8) (08)   ;(0000000000001111) (17) (15) (0F)   ;(1111111111100011) (177743) (65507) (FFE3)   ;(0000000000010001) (21) (17) (11)   ;
;1816;(0000000000010101) (25) (21) (15)    ;(0000000000100000) (40) (32) (20)   ;(1111111111111111) (177777) (65535) (FFFF)   ;(0000000000000001) (1) (1) (01)   ;(1111111111011111) (177737) (65503) (FFDF)   ;(1111111111101100) (177754) (65516) (FFEC)   ;(0000000000011111) (37) (31) (1F)   ;(0000000000001000) (10) (8) (08)   ;
;1824;(0000000000100011) (43) (35) (23)    ;(1111111111101111) (177757) (65519) (FFEF)   ;(0000000000001001) (11) (9) (09)   ;(1111111111110011) (177763) (65523) (FFF3)   ;(0000000000010110) (26) (22) (16)   ;(1111111111110111) (177767) (65527) (FFF7)   ;(0000000000011010) (32) (26) (1A)   ;(1111111111000100) (177704) (65476) (FFC4)   ;
;1832;(1111111111111110) (177776) (65534) (FFFE)    ;(0000000000100101) (45) (37) (25)   ;(1111111111111111) (177777) (65535) (FFFF)   ;(0000000000001110) (16) (14) (0E)   ;(1111111111110010) (177762) (65522) (FFF2)   ;(1111111111100001) (177741) (65505) (FFE1)   ;(0000000000001000) (10) (8) (08)   ;(0000000001001110) (116) (78) (4E)   ;
;1840;(1111111111110011) (177763) (65523) (FFF3)    ;(0000000000001010) (12) (10) (0A)   ;(0000000000001101) (15) (13) (0D)   ;(0000000000000010) (2) (2) (02)   ;(0000000000000000) (0) (0) (00)   ;(0000000000100111) (47) (39) (27)   ;(1111111111101011) (177753) (65515) (FFEB)   ;(0000000000101001) (51) (41) (29)   ;
;1848;(0000000000100100) (44) (36) (24)    ;(0000000000011010) (32) (26) (1A)   ;(1111111110111101) (177675) (65469) (FFBD)   ;(1111111111111010) (177772) (65530) (FFFA)   ;(1111111111011110) (177736) (65502) (FFDE)   ;(0000000000001001) (11) (9) (09)   ;(0000000000101011) (53) (43) (2B)   ;(0000000000111001) (71) (57) (39)   ;
;1856;(0000000000000111) (7) (7) (07)    ;(0000000000001011) (13) (11) (0B)   ;(0000000000011110) (36) (30) (1E)   ;(1111111111110010) (177762) (65522) (FFF2)   ;(1111111111111111) (177777) (65535) (FFFF)   ;(0000000000010110) (26) (22) (16)   ;(1111111111110101) (177765) (65525) (FFF5)   ;(1111111111101111) (177757) (65519) (FFEF)   ;
;1864;(1111111111111001) (177771) (65529) (FFF9)    ;(1111111111111100) (177774) (65532) (FFFC)   ;(1111111111010111) (177727) (65495) (FFD7)   ;(1111111111111100) (177774) (65532) (FFFC)   ;(1111111111100001) (177741) (65505) (FFE1)   ;(0000000000001101) (15) (13) (0D)   ;(0000000000000000) (0) (0) (00)   ;(0000000000000010) (2) (2) (02)   ;
;1872;(0000000000000001) (1) (1) (01)    ;(0000000000000110) (6) (6) (06)   ;(0000000000000101) (5) (5) (05)   ;(1111111111110010) (177762) (65522) (FFF2)   ;(1111111111111100) (177774) (65532) (FFFC)   ;(0000000000101110) (56) (46) (2E)   ;(0000000000001101) (15) (13) (0D)   ;(0000000000000100) (4) (4) (04)   ;
;1880;(1111111111110010) (177762) (65522) (FFF2)    ;(0000000000010001) (21) (17) (11)   ;(0000000000010011) (23) (19) (13)   ;(1111111111101100) (177754) (65516) (FFEC)   ;(1111111111101000) (177750) (65512) (FFE8)   ;(1111111111111001) (177771) (65529) (FFF9)   ;(0000000000010001) (21) (17) (11)   ;(0000000000000011) (3) (3) (03)   ;
;1888;(1111111111101000) (177750) (65512) (FFE8)    ;(0000000000001110) (16) (14) (0E)   ;(1111111111101110) (177756) (65518) (FFEE)   ;(1111111111100000) (177740) (65504) (FFE0)   ;(0000000000000111) (7) (7) (07)   ;(1111111111110111) (177767) (65527) (FFF7)   ;(1111111111110011) (177763) (65523) (FFF3)   ;(1111111110111111) (177677) (65471) (FFBF)   ;
;1896;(0000000000001100) (14) (12) (0C)    ;(0000000000011110) (36) (30) (1E)   ;(1111111111011011) (177733) (65499) (FFDB)   ;(1111111111101011) (177753) (65515) (FFEB)   ;(0000000000001100) (14) (12) (0C)   ;(0000000000010110) (26) (22) (16)   ;(0000000000111101) (75) (61) (3D)   ;(0000000001000110) (106) (70) (46)   ;
;1904;(1111111111101111) (177757) (65519) (FFEF)    ;(0000000000011011) (33) (27) (1B)   ;(0000000000010001) (21) (17) (11)   ;(0000000000001000) (10) (8) (08)   ;(0000000000100111) (47) (39) (27)   ;(0000000000101011) (53) (43) (2B)   ;(1111111111100111) (177747) (65511) (FFE7)   ;(0000000000011100) (34) (28) (1C)   ;
;1912;(0000000000011011) (33) (27) (1B)    ;(1111111111111101) (177775) (65533) (FFFD)   ;(0000000000000001) (1) (1) (01)   ;(1111111111110101) (177765) (65525) (FFF5)   ;(1111111111110011) (177763) (65523) (FFF3)   ;(1111111111111011) (177773) (65531) (FFFB)   ;(0000000000110001) (61) (49) (31)   ;(0000000000011110) (36) (30) (1E)   ;
;1920;(0000000000100111) (47) (39) (27)    ;(0000000000000000) (0) (0) (00)   ;(0000000000011010) (32) (26) (1A)   ;(0000000000101110) (56) (46) (2E)   ;(1111111111100101) (177745) (65509) (FFE5)   ;(1111111111110001) (177761) (65521) (FFF1)   ;(0000000000010111) (27) (23) (17)   ;(0000000000011110) (36) (30) (1E)   ;
;1928;(0000000000100100) (44) (36) (24)    ;(0000000000000000) (0) (0) (00)   ;(0000000000101100) (54) (44) (2C)   ;(1111111111110101) (177765) (65525) (FFF5)   ;(1111111111110101) (177765) (65525) (FFF5)   ;(0000000000000110) (6) (6) (06)   ;(1111111111011111) (177737) (65503) (FFDF)   ;(0000000000011001) (31) (25) (19)   ;
;1936;(0000000000001010) (12) (10) (0A)    ;(1111111111010111) (177727) (65495) (FFD7)   ;(0000000000100010) (42) (34) (22)   ;(0000000000101111) (57) (47) (2F)   ;(1111111111101101) (177755) (65517) (FFED)   ;(1111111111010100) (177724) (65492) (FFD4)   ;(1111111111101010) (177752) (65514) (FFEA)   ;(1111111111111000) (177770) (65528) (FFF8)   ;
;1944;(0000000000000101) (5) (5) (05)    ;(1111111111110100) (177764) (65524) (FFF4)   ;(0000000000000010) (2) (2) (02)   ;(1111111111101110) (177756) (65518) (FFEE)   ;(0000000000000001) (1) (1) (01)   ;(1111111111110111) (177767) (65527) (FFF7)   ;(1111111111110111) (177767) (65527) (FFF7)   ;(0000000000011000) (30) (24) (18)   ;
;1952;(1111111111101011) (177753) (65515) (FFEB)    ;(0000000000101101) (55) (45) (2D)   ;(1111111110001011) (177613) (65419) (FF8B)   ;(1111111110110001) (177661) (65457) (FFB1)   ;(1111111111100111) (177747) (65511) (FFE7)   ;(0000000000010000) (20) (16) (10)   ;(0000000000011010) (32) (26) (1A)   ;(0000000001001101) (115) (77) (4D)   ;
;1960;(1111111111001011) (177713) (65483) (FFCB)    ;(1111111111011001) (177731) (65497) (FFD9)   ;(0000000000010100) (24) (20) (14)   ;(1111111111101100) (177754) (65516) (FFEC)   ;(0000000000101101) (55) (45) (2D)   ;(1111111111111110) (177776) (65534) (FFFE)   ;(1111111111100100) (177744) (65508) (FFE4)   ;(0000000000011101) (35) (29) (1D)   ;
;1968;(1111111111110101) (177765) (65525) (FFF5)    ;(1111111110111100) (177674) (65468) (FFBC)   ;(0000000000101100) (54) (44) (2C)   ;(1111111111101101) (177755) (65517) (FFED)   ;(1111111111111011) (177773) (65531) (FFFB)   ;(0000000000010001) (21) (17) (11)   ;(1111111111010010) (177722) (65490) (FFD2)   ;(1111111111011010) (177732) (65498) (FFDA)   ;
;1976;(1111111111100000) (177740) (65504) (FFE0)    ;(1111111111100001) (177741) (65505) (FFE1)   ;(1111111111111101) (177775) (65533) (FFFD)   ;(0000000000100101) (45) (37) (25)   ;(0000000000001111) (17) (15) (0F)   ;(1111111110111110) (177676) (65470) (FFBE)   ;(0000000001000111) (107) (71) (47)   ;(1111111111100001) (177741) (65505) (FFE1)   ;
;1984;(0000000000101101) (55) (45) (2D)    ;(1111111111110100) (177764) (65524) (FFF4)   ;(0000000000011101) (35) (29) (1D)   ;(0000000000100000) (40) (32) (20)   ;(1111111111110001) (177761) (65521) (FFF1)   ;(1111111111100011) (177743) (65507) (FFE3)   ;(1111111111111001) (177771) (65529) (FFF9)   ;(1111111111100001) (177741) (65505) (FFE1)   ;
;1992;(0000000000011101) (35) (29) (1D)    ;(1111111111111011) (177773) (65531) (FFFB)   ;(0000000000001010) (12) (10) (0A)   ;(1111111111011101) (177735) (65501) (FFDD)   ;(1111111111111111) (177777) (65535) (FFFF)   ;(0000000000000101) (5) (5) (05)   ;(1111111111111010) (177772) (65530) (FFFA)   ;(0000000000001001) (11) (9) (09)   ;
;2000;(1111111111111110) (177776) (65534) (FFFE)    ;(1111111111011110) (177736) (65502) (FFDE)   ;(1111111111111010) (177772) (65530) (FFFA)   ;(0000000000111101) (75) (61) (3D)   ;(0000000000001011) (13) (11) (0B)   ;(1111111111010011) (177723) (65491) (FFD3)   ;(1111111111111101) (177775) (65533) (FFFD)   ;(1111111111011001) (177731) (65497) (FFD9)   ;
;2008;(0000000000000110) (6) (6) (06)    ;(0000000000010111) (27) (23) (17)   ;(1111111111111110) (177776) (65534) (FFFE)   ;(0000000000001110) (16) (14) (0E)   ;(1111111111110010) (177762) (65522) (FFF2)   ;(0000000000010101) (25) (21) (15)   ;(0000000000001110) (16) (14) (0E)   ;(1111111111110111) (177767) (65527) (FFF7)   ;
;2016;(0000000000011111) (37) (31) (1F)    ;(1111111111101100) (177754) (65516) (FFEC)   ;(1111111111110010) (177762) (65522) (FFF2)   ;(0000000000011100) (34) (28) (1C)   ;(1111111111011001) (177731) (65497) (FFD9)   ;(1111111111111001) (177771) (65529) (FFF9)   ;(0000000000000101) (5) (5) (05)   ;(1111111111111111) (177777) (65535) (FFFF)   ;
;2024;(0000000000010001) (21) (17) (11)    ;(0000000000010000) (20) (16) (10)   ;(1111111111101110) (177756) (65518) (FFEE)   ;(0000000000000011) (3) (3) (03)   ;(1111111111001010) (177712) (65482) (FFCA)   ;(0000000000010101) (25) (21) (15)   ;(1111111111100000) (177740) (65504) (FFE0)   ;(0000000000000010) (2) (2) (02)   ;
;2032;(0000000000000100) (4) (4) (04)    ;(1111111111000011) (177703) (65475) (FFC3)   ;(0000000000101101) (55) (45) (2D)   ;(0000000000111100) (74) (60) (3C)   ;(0000000000100100) (44) (36) (24)   ;(1111111111010010) (177722) (65490) (FFD2)   ;(0000000000000101) (5) (5) (05)   ;(1111111110110110) (177666) (65462) (FFB6)   ;
;2040;(0000000000100011) (43) (35) (23)    ;(0000000000000001) (1) (1) (01)   ;(1111111111111011) (177773) (65531) (FFFB)   ;(0000000000100010) (42) (34) (22)   ;(1111111111111011) (177773) (65531) (FFFB)   ;(1111111111111001) (177771) (65529) (FFF9)   ;(0000000000110110) (66) (54) (36)   ;(1111111111110000) (177760) (65520) (FFF0)   ;
;2048;(1111111111101000) (177750) (65512) (FFE8)    ;(1111111111101000) (177750) (65512) (FFE8)   ;(1111111111110011) (177763) (65523) (FFF3)   ;(0000000000010101) (25) (21) (15)   ;(1111111111001111) (177717) (65487) (FFCF)   ;(1111111111111010) (177772) (65530) (FFFA)   ;(0000000000111000) (70) (56) (38)   ;(1111111111011001) (177731) (65497) (FFD9)   ;
;2056;(0000000000101100) (54) (44) (2C)    ;(0000000000100001) (41) (33) (21)   ;(0000000000000110) (6) (6) (06)   ;(1111111111101001) (177751) (65513) (FFE9)   ;(1111111111011111) (177737) (65503) (FFDF)   ;(0000000000101100) (54) (44) (2C)   ;(1111111111011011) (177733) (65499) (FFDB)   ;(1111111111100101) (177745) (65509) (FFE5)   ;
;2064;(0000000000010101) (25) (21) (15)    ;(1111111111010111) (177727) (65495) (FFD7)   ;(1111111111110000) (177760) (65520) (FFF0)   ;(0000000000001110) (16) (14) (0E)   ;(1111111111010111) (177727) (65495) (FFD7)   ;(1111111111111001) (177771) (65529) (FFF9)   ;(0000000000001010) (12) (10) (0A)   ;(0000000000000101) (5) (5) (05)   ;
;2072;(0000000000001100) (14) (12) (0C)    ;(1111111111111000) (177770) (65528) (FFF8)   ;(0000000000010010) (22) (18) (12)   ;(0000000000000011) (3) (3) (03)   ;(1111111111111010) (177772) (65530) (FFFA)   ;(0000000000011101) (35) (29) (1D)   ;(1111111111010001) (177721) (65489) (FFD1)   ;(1111111111110110) (177766) (65526) (FFF6)   ;
;2080;(1111111111110000) (177760) (65520) (FFF0)    ;(0000000001010011) (123) (83) (53)   ;(1111111111100001) (177741) (65505) (FFE1)   ;(0000000000100011) (43) (35) (23)   ;(1111111111100110) (177746) (65510) (FFE6)   ;(0000000000010010) (22) (18) (12)   ;(0000000000000011) (3) (3) (03)   ;(0000000000011100) (34) (28) (1C)   ;
;2088;(1111111110111010) (177672) (65466) (FFBA)    ;(1111111111001101) (177715) (65485) (FFCD)   ;(0000000000011111) (37) (31) (1F)   ;(1111111111110000) (177760) (65520) (FFF0)   ;(0000000000101000) (50) (40) (28)   ;(1111111111010000) (177720) (65488) (FFD0)   ;(0000000000010100) (24) (20) (14)   ;(1111111111110100) (177764) (65524) (FFF4)   ;
;2096;(0000000000100010) (42) (34) (22)    ;(1111111111110110) (177766) (65526) (FFF6)   ;(0000000000000101) (5) (5) (05)   ;(1111111111011000) (177730) (65496) (FFD8)   ;(1111111111110101) (177765) (65525) (FFF5)   ;(1111111111101001) (177751) (65513) (FFE9)   ;(0000000000001110) (16) (14) (0E)   ;(0000000000111111) (77) (63) (3F)   ;
;2104;(1111111111100101) (177745) (65509) (FFE5)    ;(1111111111000100) (177704) (65476) (FFC4)   ;(1111111111101000) (177750) (65512) (FFE8)   ;(0000000000010010) (22) (18) (12)   ;(0000000000001110) (16) (14) (0E)   ;(0000000000010100) (24) (20) (14)   ;(0000000000000111) (7) (7) (07)   ;(0000000000001011) (13) (11) (0B)   ;
;2112;(0000000000110110) (66) (54) (36)    ;(0000000000000111) (7) (7) (07)   ;(0000000000000110) (6) (6) (06)   ;(0000000000110110) (66) (54) (36)   ;(1111111111110110) (177766) (65526) (FFF6)   ;(1111111111110100) (177764) (65524) (FFF4)   ;(0000000000000011) (3) (3) (03)   ;(0000000000001110) (16) (14) (0E)   ;
;2120;(0000000000101000) (50) (40) (28)    ;(0000000000001110) (16) (14) (0E)   ;(0000000000000000) (0) (0) (00)   ;(0000000000000010) (2) (2) (02)   ;(1111111111001011) (177713) (65483) (FFCB)   ;(0000000000001010) (12) (10) (0A)   ;(1111111110111111) (177677) (65471) (FFBF)   ;(0000000000000000) (0) (0) (00)   ;
;2128;(1111111111100110) (177746) (65510) (FFE6)    ;(1111111111101111) (177757) (65519) (FFEF)   ;(0000000000000101) (5) (5) (05)   ;(0000000000100100) (44) (36) (24)   ;(1111111111111010) (177772) (65530) (FFFA)   ;(1111111111100111) (177747) (65511) (FFE7)   ;(0000000000101011) (53) (43) (2B)   ;(1111111111011001) (177731) (65497) (FFD9)   ;
;2136;(0000000000010110) (26) (22) (16)    ;(0000000000001110) (16) (14) (0E)   ;(0000000000010101) (25) (21) (15)   ;(1111111111110100) (177764) (65524) (FFF4)   ;(1111111111111101) (177775) (65533) (FFFD)   ;(0000000000010001) (21) (17) (11)   ;(1111111111101011) (177753) (65515) (FFEB)   ;(1111111111011111) (177737) (65503) (FFDF)   ;
;2144;(0000000000011100) (34) (28) (1C)    ;(1111111111010110) (177726) (65494) (FFD6)   ;(1111111111010001) (177721) (65489) (FFD1)   ;(1111111111011011) (177733) (65499) (FFDB)   ;(1111111111101011) (177753) (65515) (FFEB)   ;(1111111111110011) (177763) (65523) (FFF3)   ;(0000000000001101) (15) (13) (0D)   ;(1111111111101100) (177754) (65516) (FFEC)   ;
;2152;(0000000000000100) (4) (4) (04)    ;(0000000000110001) (61) (49) (31)   ;(0000000000000110) (6) (6) (06)   ;(1111111111111110) (177776) (65534) (FFFE)   ;(0000000000100010) (42) (34) (22)   ;(0000000000010100) (24) (20) (14)   ;(1111111110111100) (177674) (65468) (FFBC)   ;(1111111111111010) (177772) (65530) (FFFA)   ;
;2160;(1111111111110001) (177761) (65521) (FFF1)    ;(1111111111000010) (177702) (65474) (FFC2)   ;(1111111111110000) (177760) (65520) (FFF0)   ;(0000000000000111) (7) (7) (07)   ;(0000000000010001) (21) (17) (11)   ;(1111111110110111) (177667) (65463) (FFB7)   ;(0000000000000100) (4) (4) (04)   ;(1111111111111100) (177774) (65532) (FFFC)   ;
;2168;(0000000000011011) (33) (27) (1B)    ;(1111111111110101) (177765) (65525) (FFF5)   ;(0000000000001111) (17) (15) (0F)   ;(0000000000101011) (53) (43) (2B)   ;(0000000000001111) (17) (15) (0F)   ;(0000000000001101) (15) (13) (0D)   ;(1111111111110111) (177767) (65527) (FFF7)   ;(1111111111010010) (177722) (65490) (FFD2)   ;
;2176;(0000000000101100) (54) (44) (2C)    ;(1111111111011101) (177735) (65501) (FFDD)   ;(0000000000001011) (13) (11) (0B)   ;(0000000000010011) (23) (19) (13)   ;(1111111111011101) (177735) (65501) (FFDD)   ;(1111111111100011) (177743) (65507) (FFE3)   ;(0000000000010011) (23) (19) (13)   ;(1111111111011111) (177737) (65503) (FFDF)   ;
;2184;(0000000000100001) (41) (33) (21)    ;(0000000000010000) (20) (16) (10)   ;(0000000000110001) (61) (49) (31)   ;(0000000000000110) (6) (6) (06)   ;(1111111111111000) (177770) (65528) (FFF8)   ;(0000000000010101) (25) (21) (15)   ;(0000000000000000) (0) (0) (00)   ;(1111111111111101) (177775) (65533) (FFFD)   ;
;2192;(0000000000011101) (35) (29) (1D)    ;(1111111111101011) (177753) (65515) (FFEB)   ;(0000000000000101) (5) (5) (05)   ;(1111111111100100) (177744) (65508) (FFE4)   ;(1111111111110100) (177764) (65524) (FFF4)   ;(0000000000001000) (10) (8) (08)   ;(0000000000001111) (17) (15) (0F)   ;(1111111111110010) (177762) (65522) (FFF2)   ;
;2200;(0000000000011111) (37) (31) (1F)    ;(0000000000100101) (45) (37) (25)   ;(0000000000101100) (54) (44) (2C)   ;(1111111111101010) (177752) (65514) (FFEA)   ;(0000000000100001) (41) (33) (21)   ;(0000000000000010) (2) (2) (02)   ;(1111111111110111) (177767) (65527) (FFF7)   ;(1111111111111000) (177770) (65528) (FFF8)   ;
;2208;(1111111111110101) (177765) (65525) (FFF5)    ;(0000000001011001) (131) (89) (59)   ;(0000000000101011) (53) (43) (2B)   ;(0000000000111110) (76) (62) (3E)   ;(1111111111011011) (177733) (65499) (FFDB)   ;(0000000000011101) (35) (29) (1D)   ;(0000000001010101) (125) (85) (55)   ;(0000000000101000) (50) (40) (28)   ;
;2216;(0000000000000110) (6) (6) (06)    ;(1111111111011011) (177733) (65499) (FFDB)   ;(0000000000000001) (1) (1) (01)   ;(1111111111010101) (177725) (65493) (FFD5)   ;(1111111110010010) (177622) (65426) (FF92)   ;(1111111111011001) (177731) (65497) (FFD9)   ;(0000000000101000) (50) (40) (28)   ;(0000000000010110) (26) (22) (16)   ;
;2224;(0000000000000011) (3) (3) (03)    ;(0000000000101100) (54) (44) (2C)   ;(1111111111111111) (177777) (65535) (FFFF)   ;(1111111111100111) (177747) (65511) (FFE7)   ;(1111111111001010) (177712) (65482) (FFCA)   ;(0000000000000101) (5) (5) (05)   ;(1111111111011000) (177730) (65496) (FFD8)   ;(0000000000100111) (47) (39) (27)   ;
;2232;(1111111111110001) (177761) (65521) (FFF1)    ;(0000000000000000) (0) (0) (00)   ;(0000000000011000) (30) (24) (18)   ;(0000000000100110) (46) (38) (26)   ;(0000000001000000) (100) (64) (40)   ;(0000000000001110) (16) (14) (0E)   ;(0000000000000001) (1) (1) (01)   ;(1111111110111000) (177670) (65464) (FFB8)   ;
;2240;(0000000001000111) (107) (71) (47)    ;(1111111111110000) (177760) (65520) (FFF0)   ;(0000000000010000) (20) (16) (10)   ;(0000000000011011) (33) (27) (1B)   ;(1111111111110001) (177761) (65521) (FFF1)   ;(1111111111100001) (177741) (65505) (FFE1)   ;(0000000000010110) (26) (22) (16)   ;(1111111111110101) (177765) (65525) (FFF5)   ;
;2248;(0000000000000001) (1) (1) (01)    ;(0000000000010111) (27) (23) (17)   ;(0000000000101100) (54) (44) (2C)   ;(0000000000011000) (30) (24) (18)   ;(0000000000001011) (13) (11) (0B)   ;(0000000000011111) (37) (31) (1F)   ;(1111111111011111) (177737) (65503) (FFDF)   ;(1111111111110111) (177767) (65527) (FFF7)   ;
;2256;(1111111111111100) (177774) (65532) (FFFC)    ;(1111111111010111) (177727) (65495) (FFD7)   ;(0000000000100011) (43) (35) (23)   ;(1111111111100110) (177746) (65510) (FFE6)   ;(1111111111110000) (177760) (65520) (FFF0)   ;(1111111111110011) (177763) (65523) (FFF3)   ;(0000000000100011) (43) (35) (23)   ;(0000000000001110) (16) (14) (0E)   ;
;2264;(0000000000000111) (7) (7) (07)    ;(0000000000011000) (30) (24) (18)   ;(0000000000000100) (4) (4) (04)   ;(0000000000001010) (12) (10) (0A)   ;(0000000000011101) (35) (29) (1D)   ;(0000000000000010) (2) (2) (02)   ;(1111111111000001) (177701) (65473) (FFC1)   ;(1111111111111101) (177775) (65533) (FFFD)   ;
;2272;(0000000000010011) (23) (19) (13)    ;(0000000000000111) (7) (7) (07)   ;(1111111111101000) (177750) (65512) (FFE8)   ;(1111111111011000) (177730) (65496) (FFD8)   ;(0000000000001111) (17) (15) (0F)   ;(0000000000001011) (13) (11) (0B)   ;(1111111111100100) (177744) (65508) (FFE4)   ;(1111111111101011) (177753) (65515) (FFEB)   ;
;2280;(0000000000000110) (6) (6) (06)    ;(1111111111111001) (177771) (65529) (FFF9)   ;(0000000000100001) (41) (33) (21)   ;(0000000000010101) (25) (21) (15)   ;(0000000001010110) (126) (86) (56)   ;(0000000000001011) (13) (11) (0B)   ;(1111111111101011) (177753) (65515) (FFEB)   ;(1111111110111110) (177676) (65470) (FFBE)   ;
;2288;(0000000000000100) (4) (4) (04)    ;(1111111111011011) (177733) (65499) (FFDB)   ;(1111111111110010) (177762) (65522) (FFF2)   ;(1111111111011001) (177731) (65497) (FFD9)   ;(1111111111111001) (177771) (65529) (FFF9)   ;(0000000000000010) (2) (2) (02)   ;(1111111111110101) (177765) (65525) (FFF5)   ;(0000000000011001) (31) (25) (19)   ;
;2296;(0000000000001001) (11) (9) (09)    ;(0000000000011001) (31) (25) (19)   ;(0000000000001011) (13) (11) (0B)   ;(0000000000000101) (5) (5) (05)   ;(0000000001000100) (104) (68) (44)   ;(0000000000011010) (32) (26) (1A)   ;(1111111111100011) (177743) (65507) (FFE3)   ;(1111111110111111) (177677) (65471) (FFBF)   ;
;2304;(0000000000010010) (22) (18) (12)    ;(0000000000000101) (5) (5) (05)   ;(1111111111100001) (177741) (65505) (FFE1)   ;(1111111111111100) (177774) (65532) (FFFC)   ;(0000000000101110) (56) (46) (2E)   ;(1111111111110010) (177762) (65522) (FFF2)   ;(0000000000100110) (46) (38) (26)   ;(1111111111111100) (177774) (65532) (FFFC)   ;
;2312;(0000000000010011) (23) (19) (13)    ;(1111111111110000) (177760) (65520) (FFF0)   ;(0000000000001111) (17) (15) (0F)   ;(1111111111110110) (177766) (65526) (FFF6)   ;(1111111111101000) (177750) (65512) (FFE8)   ;(1111111111111011) (177773) (65531) (FFFB)   ;(0000000000010110) (26) (22) (16)   ;(1111111111111000) (177770) (65528) (FFF8)   ;
;2320;(0000000000010101) (25) (21) (15)    ;(0000000000010111) (27) (23) (17)   ;(0000000000000101) (5) (5) (05)   ;(0000000000000100) (4) (4) (04)   ;(0000000000100010) (42) (34) (22)   ;(0000000000100011) (43) (35) (23)   ;(1111111111110011) (177763) (65523) (FFF3)   ;(0000000000001101) (15) (13) (0D)   ;
;2328;(0000000000000010) (2) (2) (02)    ;(1111111111110011) (177763) (65523) (FFF3)   ;(0000000000000111) (7) (7) (07)   ;(0000000000000010) (2) (2) (02)   ;(0000000000000011) (3) (3) (03)   ;(1111111111111111) (177777) (65535) (FFFF)   ;(1111111111111100) (177774) (65532) (FFFC)   ;(0000000000010110) (26) (22) (16)   ;
;2336;(1111111111111111) (177777) (65535) (FFFF)    ;(0000000000100000) (40) (32) (20)   ;(1111111111110001) (177761) (65521) (FFF1)   ;(1111111111111011) (177773) (65531) (FFFB)   ;(1111111110110001) (177661) (65457) (FFB1)   ;(1111111111000101) (177705) (65477) (FFC5)   ;(0000000001000111) (107) (71) (47)   ;(0000000000000101) (5) (5) (05)   ;
;2344;(0000000000011000) (30) (24) (18)    ;(0000000000011010) (32) (26) (1A)   ;(1111111111010011) (177723) (65491) (FFD3)   ;(0000000000110110) (66) (54) (36)   ;(1111111110100100) (177644) (65444) (FFA4)   ;(1111111111001011) (177713) (65483) (FFCB)   ;(1111111111110111) (177767) (65527) (FFF7)   ;(0000000000011011) (33) (27) (1B)   ;
;2352;(0000000000011000) (30) (24) (18)    ;(0000000000111101) (75) (61) (3D)   ;(1111111111101011) (177753) (65515) (FFEB)   ;(1111111111100100) (177744) (65508) (FFE4)   ;(1111111111101101) (177755) (65517) (FFED)   ;(0000000000010001) (21) (17) (11)   ;(1111111111011010) (177732) (65498) (FFDA)   ;(0000000000010010) (22) (18) (12)   ;
;2360;(0000000000010001) (21) (17) (11)    ;(0000000000101011) (53) (43) (2B)   ;(1111111111100101) (177745) (65509) (FFE5)   ;(0000000000000000) (0) (0) (00)   ;(0000000000100001) (41) (33) (21)   ;(0000000000010101) (25) (21) (15)   ;(0000000000100011) (43) (35) (23)   ;(1111111111111101) (177775) (65533) (FFFD)   ;
;2368;(0000000000101110) (56) (46) (2E)    ;(1111111111110101) (177765) (65525) (FFF5)   ;(0000000000011010) (32) (26) (1A)   ;(0000000000010110) (26) (22) (16)   ;(0000000000001001) (11) (9) (09)   ;(0000000000010101) (25) (21) (15)   ;(0000000000100111) (47) (39) (27)   ;(1111111111111001) (177771) (65529) (FFF9)   ;
;2376;(1111111111110111) (177767) (65527) (FFF7)    ;(0000000000001010) (12) (10) (0A)   ;(0000000000010101) (25) (21) (15)   ;(0000000000000001) (1) (1) (01)   ;(1111111111101110) (177756) (65518) (FFEE)   ;(1111111111111011) (177773) (65531) (FFFB)   ;(0000000000000001) (1) (1) (01)   ;(1111111111111110) (177776) (65534) (FFFE)   ;
;2384;(0000000000011010) (32) (26) (1A)    ;(1111111111110101) (177765) (65525) (FFF5)   ;(1111111111110000) (177760) (65520) (FFF0)   ;(0000000000010010) (22) (18) (12)   ;(0000000000010100) (24) (20) (14)   ;(0000000000101100) (54) (44) (2C)   ;(0000000000010010) (22) (18) (12)   ;(0000000000011010) (32) (26) (1A)   ;
;2392;(1111111111111010) (177772) (65530) (FFFA)    ;(0000000000001001) (11) (9) (09)   ;(0000000000010000) (20) (16) (10)   ;(0000000000010100) (24) (20) (14)   ;(0000000000000101) (5) (5) (05)   ;(0000000000010100) (24) (20) (14)   ;(0000000000010011) (23) (19) (13)   ;(1111111111010111) (177727) (65495) (FFD7)   ;
;2400;(0000000000011010) (32) (26) (1A)    ;(0000000000001000) (10) (8) (08)   ;(1111111111111011) (177773) (65531) (FFFB)   ;(1111111111001011) (177713) (65483) (FFCB)   ;(0000000000101010) (52) (42) (2A)   ;(0000000000001011) (13) (11) (0B)   ;(0000000000010001) (21) (17) (11)   ;(1111111111011011) (177733) (65499) (FFDB)   ;
;2408;(0000000000001111) (17) (15) (0F)    ;(1111111111101001) (177751) (65513) (FFE9)   ;(0000000000000110) (6) (6) (06)   ;(0000000000001101) (15) (13) (0D)   ;(0000000000001110) (16) (14) (0E)   ;(1111111111111100) (177774) (65532) (FFFC)   ;(0000000000101011) (53) (43) (2B)   ;(0000000000000010) (2) (2) (02)   ;
;2416;(0000000000000000) (0) (0) (00)    ;(0000000000000011) (3) (3) (03)   ;(1111111111100011) (177743) (65507) (FFE3)   ;(1111111111011111) (177737) (65503) (FFDF)   ;(0000000000111101) (75) (61) (3D)   ;(0000000000001101) (15) (13) (0D)   ;(1111111111111110) (177776) (65534) (FFFE)   ;(0000000000010000) (20) (16) (10)   ;
;2424;(0000000000000111) (7) (7) (07)    ;(0000000000000110) (6) (6) (06)   ;(0000000000011110) (36) (30) (1E)   ;(1111111111100011) (177743) (65507) (FFE3)   ;(0000000000011110) (36) (30) (1E)   ;(0000000000001110) (16) (14) (0E)   ;(0000000000011111) (37) (31) (1F)   ;(1111111111011011) (177733) (65499) (FFDB)   ;
;2432;(1111111111111001) (177771) (65529) (FFF9)    ;(0000000000100101) (45) (37) (25)   ;(1111111111001010) (177712) (65482) (FFCA)   ;(0000000000011010) (32) (26) (1A)   ;(0000000000110011) (63) (51) (33)   ;(0000000000011010) (32) (26) (1A)   ;(0000000000001111) (17) (15) (0F)   ;(1111111111011000) (177730) (65496) (FFD8)   ;
;2440;(0000000000001011) (13) (11) (0B)    ;(0000000000100100) (44) (36) (24)   ;(0000000000100111) (47) (39) (27)   ;(0000000000000110) (6) (6) (06)   ;(1111111111010110) (177726) (65494) (FFD6)   ;(0000000000000100) (4) (4) (04)   ;(1111111111111011) (177773) (65531) (FFFB)   ;(0000000000001000) (10) (8) (08)   ;
;2448;(0000000000100010) (42) (34) (22)    ;(1111111111110100) (177764) (65524) (FFF4)   ;(1111111111101100) (177754) (65516) (FFEC)   ;(1111111111110001) (177761) (65521) (FFF1)   ;(0000000000001100) (14) (12) (0C)   ;(0000000000011011) (33) (27) (1B)   ;(0000000000001000) (10) (8) (08)   ;(1111111111001111) (177717) (65487) (FFCF)   ;
;2456;(0000000000000001) (1) (1) (01)    ;(0000000000011110) (36) (30) (1E)   ;(0000000000101101) (55) (45) (2D)   ;(1111111111110111) (177767) (65527) (FFF7)   ;(1111111111011110) (177736) (65502) (FFDE)   ;(1111111111111000) (177770) (65528) (FFF8)   ;(0000000000011000) (30) (24) (18)   ;(0000000000011000) (30) (24) (18)   ;
;2464;(1111111111101001) (177751) (65513) (FFE9)    ;(0000000000011111) (37) (31) (1F)   ;(1111111111111000) (177770) (65528) (FFF8)   ;(0000000000010010) (22) (18) (12)   ;(0000000000100110) (46) (38) (26)   ;(1111111111011110) (177736) (65502) (FFDE)   ;(1111111111110010) (177762) (65522) (FFF2)   ;(1111111111111010) (177772) (65530) (FFFA)   ;
;2472;(1111111111111111) (177777) (65535) (FFFF)    ;(0000000000101111) (57) (47) (2F)   ;(1111111111100001) (177741) (65505) (FFE1)   ;(0000000000011111) (37) (31) (1F)   ;(0000000000001000) (10) (8) (08)   ;(1111111111000101) (177705) (65477) (FFC5)   ;(1111111110111010) (177672) (65466) (FFBA)   ;(1111111110100111) (177647) (65447) (FFA7)   ;
;2480;(0000000000011011) (33) (27) (1B)    ;(1111111111111000) (177770) (65528) (FFF8)   ;(0000000000010110) (26) (22) (16)   ;(1111111111000100) (177704) (65476) (FFC4)   ;(1111111111101001) (177751) (65513) (FFE9)   ;(0000000000001011) (13) (11) (0B)   ;(0000000000001011) (13) (11) (0B)   ;(1111111111010010) (177722) (65490) (FFD2)   ;
;2488;(0000000000100011) (43) (35) (23)    ;(0000000000010100) (24) (20) (14)   ;(1111111111011111) (177737) (65503) (FFDF)   ;(0000000000010011) (23) (19) (13)   ;(1111111111101101) (177755) (65517) (FFED)   ;(1111111111111001) (177771) (65529) (FFF9)   ;(0000000000111010) (72) (58) (3A)   ;(0000000001000000) (100) (64) (40)   ;
;2496;(0000000000110010) (62) (50) (32)    ;(1111111111111111) (177777) (65535) (FFFF)   ;(0000000000001001) (11) (9) (09)   ;(1111111111110100) (177764) (65524) (FFF4)   ;(0000000000100101) (45) (37) (25)   ;(0000000000001001) (11) (9) (09)   ;(0000000000100001) (41) (33) (21)   ;(1111111111101100) (177754) (65516) (FFEC)   ;
;2504;(0000000000000001) (1) (1) (01)    ;(1111111111110110) (177766) (65526) (FFF6)   ;(0000000000011011) (33) (27) (1B)   ;(0000000000001011) (13) (11) (0B)   ;(1111111111001011) (177713) (65483) (FFCB)   ;(0000000000000111) (7) (7) (07)   ;(0000000000000010) (2) (2) (02)   ;(0000000000010010) (22) (18) (12)   ;
;2512;(1111111111111000) (177770) (65528) (FFF8)    ;(0000000000011100) (34) (28) (1C)   ;(1111111111110010) (177762) (65522) (FFF2)   ;(1111111111100101) (177745) (65509) (FFE5)   ;(0000000000010011) (23) (19) (13)   ;(0000000000101011) (53) (43) (2B)   ;(0000000000001001) (11) (9) (09)   ;(1111111111110010) (177762) (65522) (FFF2)   ;
;2520;(0000000000000100) (4) (4) (04)    ;(0000000000110001) (61) (49) (31)   ;(0000000000100010) (42) (34) (22)   ;(1111111111101001) (177751) (65513) (FFE9)   ;(1111111111100010) (177742) (65506) (FFE2)   ;(0000000000000101) (5) (5) (05)   ;(0000000000001110) (16) (14) (0E)   ;(0000000000011011) (33) (27) (1B)   ;
;2528;(0000000000000110) (6) (6) (06)    ;(0000000000010101) (25) (21) (15)   ;(1111111111111111) (177777) (65535) (FFFF)   ;(1111111111100101) (177745) (65509) (FFE5)   ;(0000000000010011) (23) (19) (13)   ;(0000000000001011) (13) (11) (0B)   ;(1111111111100110) (177746) (65510) (FFE6)   ;(1111111111001100) (177714) (65484) (FFCC)   ;
;2536;(0000000000000100) (4) (4) (04)    ;(1111111111101111) (177757) (65519) (FFEF)   ;(0000000000111000) (70) (56) (38)   ;(0000000000001101) (15) (13) (0D)   ;(0000000000101011) (53) (43) (2B)   ;(0000000000001110) (16) (14) (0E)   ;(0000000001000010) (102) (66) (42)   ;(0000000000100010) (42) (34) (22)   ;
;2544;(0000000000010110) (26) (22) (16)    ;(0000000000001101) (15) (13) (0D)   ;(1111111111011111) (177737) (65503) (FFDF)   ;(1111111111011000) (177730) (65496) (FFD8)   ;(0000000000011001) (31) (25) (19)   ;(0000000000011001) (31) (25) (19)   ;(0000000000000000) (0) (0) (00)   ;(0000000000000111) (7) (7) (07)   ;
;2552;(1111111111101100) (177754) (65516) (FFEC)    ;(0000000000001101) (15) (13) (0D)   ;(0000000000101001) (51) (41) (29)   ;(1111111111011111) (177737) (65503) (FFDF)   ;(0000000000000101) (5) (5) (05)   ;(1111111111101011) (177753) (65515) (FFEB)   ;(0000000000100000) (40) (32) (20)   ;(0000000000001110) (16) (14) (0E)   ;
;2560;(1111111111001000) (177710) (65480) (FFC8)    ;(0000000000000110) (6) (6) (06)   ;(1111111110111011) (177673) (65467) (FFBB)   ;(0000000000100010) (42) (34) (22)   ;(0000000000100011) (43) (35) (23)   ;(0000000000001100) (14) (12) (0C)   ;(1111111111110100) (177764) (65524) (FFF4)   ;(1111111111101111) (177757) (65519) (FFEF)   ;
;2568;(0000000000001111) (17) (15) (0F)    ;(1111111110110110) (177666) (65462) (FFB6)   ;(0000000000011100) (34) (28) (1C)   ;(1111111111010010) (177722) (65490) (FFD2)   ;(1111111111111011) (177773) (65531) (FFFB)   ;(0000000000000111) (7) (7) (07)   ;(0000000000100001) (41) (33) (21)   ;(0000000000011110) (36) (30) (1E)   ;
;2576;(1111111111110001) (177761) (65521) (FFF1)    ;(1111111111110010) (177762) (65522) (FFF2)   ;(0000000000000101) (5) (5) (05)   ;(0000000000101001) (51) (41) (29)   ;(0000000000100111) (47) (39) (27)   ;(1111111111110111) (177767) (65527) (FFF7)   ;(1111111111100110) (177746) (65510) (FFE6)   ;(1111111111111000) (177770) (65528) (FFF8)   ;
;2584;(1111111111111010) (177772) (65530) (FFFA)    ;(1111111111000000) (177700) (65472) (FFC0)   ;(0000000000010000) (20) (16) (10)   ;(1111111111100111) (177747) (65511) (FFE7)   ;(1111111111110011) (177763) (65523) (FFF3)   ;(0000000000001000) (10) (8) (08)   ;(0000000000010010) (22) (18) (12)   ;(0000000000001001) (11) (9) (09)   ;
;2592;(1111111111001100) (177714) (65484) (FFCC)    ;(1111111111101000) (177750) (65512) (FFE8)   ;(1111111111100000) (177740) (65504) (FFE0)   ;(1111111110101010) (177652) (65450) (FFAA)   ;(1111111111010111) (177727) (65495) (FFD7)   ;(0000000000011001) (31) (25) (19)   ;(1111111111110101) (177765) (65525) (FFF5)   ;(0000000000001111) (17) (15) (0F)   ;
;2600;(1111111111111000) (177770) (65528) (FFF8)    ;(1111111111011110) (177736) (65502) (FFDE)   ;(0000000000000111) (7) (7) (07)   ;(1111111111111001) (177771) (65529) (FFF9)   ;(0000000000001000) (10) (8) (08)   ;(0000000000001010) (12) (10) (0A)   ;(1111111111101101) (177755) (65517) (FFED)   ;(0000000000000011) (3) (3) (03)   ;
;2608;(0000000000001010) (12) (10) (0A)    ;(0000000000001011) (13) (11) (0B)   ;(1111111111111101) (177775) (65533) (FFFD)   ;(1111111111001101) (177715) (65485) (FFCD)   ;(0000000000000110) (6) (6) (06)   ;(0000000000000000) (0) (0) (00)   ;(1111111111000010) (177702) (65474) (FFC2)   ;(0000000001000111) (107) (71) (47)   ;
;2616;(1111111111101010) (177752) (65514) (FFEA)    ;(1111111110111001) (177671) (65465) (FFB9)   ;(0000000000010111) (27) (23) (17)   ;(0000000000000011) (3) (3) (03)   ;(0000000000011011) (33) (27) (1B)   ;(0000000000001011) (13) (11) (0B)   ;(0000000000001000) (10) (8) (08)   ;(1111111111101011) (177753) (65515) (FFEB)   ;
;2624;(0000000000011001) (31) (25) (19)    ;(0000000000101011) (53) (43) (2B)   ;(1111111111011000) (177730) (65496) (FFD8)   ;(0000000000110111) (67) (55) (37)   ;(1111111111110010) (177762) (65522) (FFF2)   ;(1111111111011000) (177730) (65496) (FFD8)   ;(0000000000010011) (23) (19) (13)   ;(0000000000011100) (34) (28) (1C)   ;
;2632;(0000000000011100) (34) (28) (1C)    ;(1111111111011000) (177730) (65496) (FFD8)   ;(0000000000011110) (36) (30) (1E)   ;(1111111111110011) (177763) (65523) (FFF3)   ;(1111111111111100) (177774) (65532) (FFFC)   ;(0000000000010011) (23) (19) (13)   ;(0000000000000001) (1) (1) (01)   ;(0000000000000001) (1) (1) (01)   ;
;2640;(1111111111110111) (177767) (65527) (FFF7)    ;(0000000000001011) (13) (11) (0B)   ;(0000000000000111) (7) (7) (07)   ;(1111111111111001) (177771) (65529) (FFF9)   ;(0000000000100001) (41) (33) (21)   ;(0000000000001000) (10) (8) (08)   ;(0000000000001011) (13) (11) (0B)   ;(1111111111101101) (177755) (65517) (FFED)   ;
;2648;(0000000000100110) (46) (38) (26)    ;(1111111111000111) (177707) (65479) (FFC7)   ;(0000000000101001) (51) (41) (29)   ;(1111111111111010) (177772) (65530) (FFFA)   ;(1111111111101100) (177754) (65516) (FFEC)   ;(0000000000000110) (6) (6) (06)   ;(0000000000001011) (13) (11) (0B)   ;(0000000000000010) (2) (2) (02)   ;
;2656;(0000000000001011) (13) (11) (0B)    ;(0000000000000010) (2) (2) (02)   ;(1111111111110101) (177765) (65525) (FFF5)   ;(0000000000101000) (50) (40) (28)   ;(0000000000011111) (37) (31) (1F)   ;(1111111111011000) (177730) (65496) (FFD8)   ;(0000000000001011) (13) (11) (0B)   ;(0000000000000011) (3) (3) (03)   ;
;2664;(1111111111100010) (177742) (65506) (FFE2)    ;(1111111111010110) (177726) (65494) (FFD6)   ;(0000000000100000) (40) (32) (20)   ;(0000000000101011) (53) (43) (2B)   ;(0000000000000110) (6) (6) (06)   ;(1111111111101010) (177752) (65514) (FFEA)   ;(0000000000010011) (23) (19) (13)   ;(1111111111101111) (177757) (65519) (FFEF)   ;
;2672;(0000000000000001) (1) (1) (01)    ;(1111111111011011) (177733) (65499) (FFDB)   ;(1111111111101000) (177750) (65512) (FFE8)   ;(0000000000010111) (27) (23) (17)   ;(0000000000000010) (2) (2) (02)   ;(1111111111111101) (177775) (65533) (FFFD)   ;(1111111111111011) (177773) (65531) (FFFB)   ;(0000000000010110) (26) (22) (16)   ;
;2680;(0000000000011000) (30) (24) (18)    ;(1111111110111101) (177675) (65469) (FFBD)   ;(0000000000000111) (7) (7) (07)   ;(0000000000001100) (14) (12) (0C)   ;(0000000000001001) (11) (9) (09)   ;(1111111111110100) (177764) (65524) (FFF4)   ;(0000000000001010) (12) (10) (0A)   ;(1111111111100101) (177745) (65509) (FFE5)   ;
;2688;(1111111110110011) (177663) (65459) (FFB3)    ;(1111111111110011) (177763) (65523) (FFF3)   ;(1111111111001000) (177710) (65480) (FFC8)   ;(0000000000001000) (10) (8) (08)   ;(0000000000001111) (17) (15) (0F)   ;(0000000000000111) (7) (7) (07)   ;(0000000000111110) (76) (62) (3E)   ;(1111111111101011) (177753) (65515) (FFEB)   ;
;2696;(0000000000100010) (42) (34) (22)    ;(1111111111001000) (177710) (65480) (FFC8)   ;(1111111111111110) (177776) (65534) (FFFE)   ;(1111111111101111) (177757) (65519) (FFEF)   ;(1111111111110000) (177760) (65520) (FFF0)   ;(0000000000010100) (24) (20) (14)   ;(0000000000001001) (11) (9) (09)   ;(0000000000000010) (2) (2) (02)   ;
;2704;(1111111111011110) (177736) (65502) (FFDE)    ;(1111111111100101) (177745) (65509) (FFE5)   ;(1111111111010111) (177727) (65495) (FFD7)   ;(0000000000001000) (10) (8) (08)   ;(1111111111101011) (177753) (65515) (FFEB)   ;(1111111111111111) (177777) (65535) (FFFF)   ;(0000000000110000) (60) (48) (30)   ;(1111111111110110) (177766) (65526) (FFF6)   ;
;2712;(0000000000010111) (27) (23) (17)    ;(1111111111100100) (177744) (65508) (FFE4)   ;(0000000000011100) (34) (28) (1C)   ;(0000000000000101) (5) (5) (05)   ;(0000000000001011) (13) (11) (0B)   ;(1111111111111001) (177771) (65529) (FFF9)   ;(0000000000000101) (5) (5) (05)   ;(1111111111111110) (177776) (65534) (FFFE)   ;
;2720;(1111111111110011) (177763) (65523) (FFF3)    ;(0000000000011001) (31) (25) (19)   ;(0000000000010001) (21) (17) (11)   ;(1111111111100101) (177745) (65509) (FFE5)   ;(1111111111001111) (177717) (65487) (FFCF)   ;(0000000000010111) (27) (23) (17)   ;(1111111111000111) (177707) (65479) (FFC7)   ;(1111111111101100) (177754) (65516) (FFEC)   ;
;2728;(0000000000001101) (15) (13) (0D)    ;(1111111110110110) (177666) (65462) (FFB6)   ;(1111111111111110) (177776) (65534) (FFFE)   ;(1111111111000011) (177703) (65475) (FFC3)   ;(0000000001010100) (124) (84) (54)   ;(0000000000001111) (17) (15) (0F)   ;(1111111111110100) (177764) (65524) (FFF4)   ;(0000000000000010) (2) (2) (02)   ;
;2736;(0000000000010110) (26) (22) (16)    ;(0000000000110101) (65) (53) (35)   ;(1111111111100011) (177743) (65507) (FFE3)   ;(1111111110111000) (177670) (65464) (FFB8)   ;(1111111111010000) (177720) (65488) (FFD0)   ;(1111111111101001) (177751) (65513) (FFE9)   ;(1111111111011101) (177735) (65501) (FFDD)   ;(0000000000110100) (64) (52) (34)   ;
;2744;(1111111111001011) (177713) (65483) (FFCB)    ;(1111111111010111) (177727) (65495) (FFD7)   ;(0000000000010101) (25) (21) (15)   ;(0000000000001000) (10) (8) (08)   ;(0000000001000001) (101) (65) (41)   ;(1111111111110100) (177764) (65524) (FFF4)   ;(0000000000001011) (13) (11) (0B)   ;(0000000000011010) (32) (26) (1A)   ;
;2752;(1111111111111011) (177773) (65531) (FFFB)    ;(0000000000010111) (27) (23) (17)   ;(1111111111000000) (177700) (65472) (FFC0)   ;(0000000000100111) (47) (39) (27)   ;(0000000000000100) (4) (4) (04)   ;(0000000000001010) (12) (10) (0A)   ;(0000000000101110) (56) (46) (2E)   ;(0000000000001010) (12) (10) (0A)   ;
;2760;(0000000000010011) (23) (19) (13)    ;(0000000000000011) (3) (3) (03)   ;(1111111111111001) (177771) (65529) (FFF9)   ;(1111111111101110) (177756) (65518) (FFEE)   ;(1111111111101010) (177752) (65514) (FFEA)   ;(1111111111111000) (177770) (65528) (FFF8)   ;(1111111111100111) (177747) (65511) (FFE7)   ;(1111111111101101) (177755) (65517) (FFED)   ;
;2768;(1111111111101011) (177753) (65515) (FFEB)    ;(0000000000000000) (0) (0) (00)   ;(1111111111111100) (177774) (65532) (FFFC)   ;(0000000000001000) (10) (8) (08)   ;(0000000000010110) (26) (22) (16)   ;(1111111111100011) (177743) (65507) (FFE3)   ;(0000000000000001) (1) (1) (01)   ;(0000000000011010) (32) (26) (1A)   ;
;2776;(0000000000101000) (50) (40) (28)    ;(1111111111100000) (177740) (65504) (FFE0)   ;(1111111111111001) (177771) (65529) (FFF9)   ;(1111111111111101) (177775) (65533) (FFFD)   ;(1111111111111111) (177777) (65535) (FFFF)   ;(0000000000100001) (41) (33) (21)   ;(1111111111101110) (177756) (65518) (FFEE)   ;(1111111111111010) (177772) (65530) (FFFA)   ;
;2784;(1111111111011011) (177733) (65499) (FFDB)    ;(1111111111110100) (177764) (65524) (FFF4)   ;(1111111111100010) (177742) (65506) (FFE2)   ;(1111111111110111) (177767) (65527) (FFF7)   ;(1111111111011100) (177734) (65500) (FFDC)   ;(0000000000011101) (35) (29) (1D)   ;(0000000001000010) (102) (66) (42)   ;(1111111111101000) (177750) (65512) (FFE8)   ;
;2792;(0000000000011011) (33) (27) (1B)    ;(1111111111110101) (177765) (65525) (FFF5)   ;(1111111111110111) (177767) (65527) (FFF7)   ;(0000000000011001) (31) (25) (19)   ;(0000000000110001) (61) (49) (31)   ;(1111111111100011) (177743) (65507) (FFE3)   ;(1111111111010011) (177723) (65491) (FFD3)   ;(0000000000000101) (5) (5) (05)   ;
;2800;(1111111111110110) (177766) (65526) (FFF6)    ;(1111111111101010) (177752) (65514) (FFEA)   ;(1111111111110001) (177761) (65521) (FFF1)   ;(1111111111111110) (177776) (65534) (FFFE)   ;(0000000000001110) (16) (14) (0E)   ;(1111111111111010) (177772) (65530) (FFFA)   ;(0000000000010000) (20) (16) (10)   ;(0000000000100000) (40) (32) (20)   ;
;2808;(1111111111011100) (177734) (65500) (FFDC)    ;(1111111111111010) (177772) (65530) (FFFA)   ;(0000000000100000) (40) (32) (20)   ;(0000000000100111) (47) (39) (27)   ;(1111111111111100) (177774) (65532) (FFFC)   ;(0000000000011100) (34) (28) (1C)   ;(0000000000001100) (14) (12) (0C)   ;(1111111111100011) (177743) (65507) (FFE3)   ;
;2816;(1111111110111100) (177674) (65468) (FFBC)    ;(1111111111011000) (177730) (65496) (FFD8)   ;(1111111111010111) (177727) (65495) (FFD7)   ;(0000000000010010) (22) (18) (12)   ;(1111111111010000) (177720) (65488) (FFD0)   ;(0000000000001110) (16) (14) (0E)   ;(0000000000110101) (65) (53) (35)   ;(0000000000001000) (10) (8) (08)   ;
;2824;(0000000000001101) (15) (13) (0D)    ;(0000000000000101) (5) (5) (05)   ;(0000000000010101) (25) (21) (15)   ;(0000000000010001) (21) (17) (11)   ;(1111111111111011) (177773) (65531) (FFFB)   ;(0000000000010011) (23) (19) (13)   ;(0000000000000101) (5) (5) (05)   ;(0000000000000110) (6) (6) (06)   ;
;2832;(1111111111110111) (177767) (65527) (FFF7)    ;(1111111111111010) (177772) (65530) (FFFA)   ;(1111111111110010) (177762) (65522) (FFF2)   ;(0000000000000000) (0) (0) (00)   ;(1111111111110000) (177760) (65520) (FFF0)   ;(0000000000001100) (14) (12) (0C)   ;(0000000000011010) (32) (26) (1A)   ;(1111111111110000) (177760) (65520) (FFF0)   ;
;2840;(0000000000000011) (3) (3) (03)    ;(1111111111111101) (177775) (65533) (FFFD)   ;(0000000000000100) (4) (4) (04)   ;(1111111111101110) (177756) (65518) (FFEE)   ;(0000000000001011) (13) (11) (0B)   ;(0000000000100000) (40) (32) (20)   ;(1111111111100001) (177741) (65505) (FFE1)   ;(1111111111110100) (177764) (65524) (FFF4)   ;
;2848;(0000000000001011) (13) (11) (0B)    ;(0000000000111110) (76) (62) (3E)   ;(0000000000011010) (32) (26) (1A)   ;(0000000000001001) (11) (9) (09)   ;(0000000000100000) (40) (32) (20)   ;(1111111111110001) (177761) (65521) (FFF1)   ;(1111111111110011) (177763) (65523) (FFF3)   ;(0000000000101010) (52) (42) (2A)   ;
;2856;(0000000000000010) (2) (2) (02)    ;(1111111110010001) (177621) (65425) (FF91)   ;(0000000000001000) (10) (8) (08)   ;(1111111111111110) (177776) (65534) (FFFE)   ;(1111111111011000) (177730) (65496) (FFD8)   ;(1111111111001100) (177714) (65484) (FFCC)   ;(0000000000101001) (51) (41) (29)   ;(0000000000001110) (16) (14) (0E)   ;
;2864;(1111111111111000) (177770) (65528) (FFF8)    ;(0000000000010010) (22) (18) (12)   ;(1111111110111010) (177672) (65466) (FFBA)   ;(0000000000000011) (3) (3) (03)   ;(1111111111001101) (177715) (65485) (FFCD)   ;(0000000000100011) (43) (35) (23)   ;(1111111111101100) (177754) (65516) (FFEC)   ;(0000000000001001) (11) (9) (09)   ;
;2872;(0000000000000000) (0) (0) (00)    ;(1111111111111001) (177771) (65529) (FFF9)   ;(0000000000011000) (30) (24) (18)   ;(0000000000000000) (0) (0) (00)   ;(0000000001100100) (144) (100) (64)   ;(0000000000010001) (21) (17) (11)   ;(0000000000100001) (41) (33) (21)   ;(1111111111101010) (177752) (65514) (FFEA)   ;
;2880;(1111111111111100) (177774) (65532) (FFFC)    ;(0000000000001101) (15) (13) (0D)   ;(1111111111001111) (177717) (65487) (FFCF)   ;(0000000000110101) (65) (53) (35)   ;(1111111111011010) (177732) (65498) (FFDA)   ;(0000000000000011) (3) (3) (03)   ;(0000000000111111) (77) (63) (3F)   ;(1111111111111111) (177777) (65535) (FFFF)   ;
;2888;(0000000000100111) (47) (39) (27)    ;(0000000000001101) (15) (13) (0D)   ;(1111111111111011) (177773) (65531) (FFFB)   ;(0000000000010010) (22) (18) (12)   ;(0000000000011001) (31) (25) (19)   ;(0000000000001011) (13) (11) (0B)   ;(1111111111110000) (177760) (65520) (FFF0)   ;(0000000000000011) (3) (3) (03)   ;
;2896;(1111111111101110) (177756) (65518) (FFEE)    ;(1111111111110010) (177762) (65522) (FFF2)   ;(1111111111010110) (177726) (65494) (FFD6)   ;(0000000000010001) (21) (17) (11)   ;(1111111111011001) (177731) (65497) (FFD9)   ;(0000000000110101) (65) (53) (35)   ;(0000000000010011) (23) (19) (13)   ;(1111111111110100) (177764) (65524) (FFF4)   ;
;2904;(0000000000010100) (24) (20) (14)    ;(0000000000000100) (4) (4) (04)   ;(0000000000000100) (4) (4) (04)   ;(0000000000011101) (35) (29) (1D)   ;(1111111111111001) (177771) (65529) (FFF9)   ;(0000000000000011) (3) (3) (03)   ;(1111111111101101) (177755) (65517) (FFED)   ;(1111111111100011) (177743) (65507) (FFE3)   ;
;2912;(0000000000000111) (7) (7) (07)    ;(1111111111011010) (177732) (65498) (FFDA)   ;(1111111111100000) (177740) (65504) (FFE0)   ;(1111111111110101) (177765) (65525) (FFF5)   ;(1111111110111100) (177674) (65468) (FFBC)   ;(0000000000100101) (45) (37) (25)   ;(1111111111100101) (177745) (65509) (FFE5)   ;(1111111111011110) (177736) (65502) (FFDE)   ;
;2920;(1111111111101111) (177757) (65519) (FFEF)    ;(0000000000001111) (17) (15) (0F)   ;(0000000000000111) (7) (7) (07)   ;(0000000000010010) (22) (18) (12)   ;(0000000000110100) (64) (52) (34)   ;(0000000000010011) (23) (19) (13)   ;(0000000000001100) (14) (12) (0C)   ;(0000000000010000) (20) (16) (10)   ;
;2928;(1111111111100101) (177745) (65509) (FFE5)    ;(1111111111110010) (177762) (65522) (FFF2)   ;(1111111111000010) (177702) (65474) (FFC2)   ;(0000000000001111) (17) (15) (0F)   ;(1111111111110010) (177762) (65522) (FFF2)   ;(0000000000111001) (71) (57) (39)   ;(0000000000000001) (1) (1) (01)   ;(1111111111111011) (177773) (65531) (FFFB)   ;
;2936;(1111111111101001) (177751) (65513) (FFE9)    ;(1111111111111110) (177776) (65534) (FFFE)   ;(0000000000011001) (31) (25) (19)   ;(0000000000001101) (15) (13) (0D)   ;(0000000000110001) (61) (49) (31)   ;(0000000000000111) (7) (7) (07)   ;(0000000000100010) (42) (34) (22)   ;(1111111111100111) (177747) (65511) (FFE7)   ;
;2944;(1111111111100011) (177743) (65507) (FFE3)    ;(1111111111110100) (177764) (65524) (FFF4)   ;(1111111111100001) (177741) (65505) (FFE1)   ;(0000000000001100) (14) (12) (0C)   ;(0000000000000111) (7) (7) (07)   ;(0000000000010101) (25) (21) (15)   ;(1111111111111111) (177777) (65535) (FFFF)   ;(1111111111001111) (177717) (65487) (FFCF)   ;
;2952;(0000000000010000) (20) (16) (10)    ;(0000000000011011) (33) (27) (1B)   ;(0000000000000001) (1) (1) (01)   ;(0000000000001011) (13) (11) (0B)   ;(1111111111111011) (177773) (65531) (FFFB)   ;(0000000000011111) (37) (31) (1F)   ;(1111111111110001) (177761) (65521) (FFF1)   ;(1111111111111101) (177775) (65533) (FFFD)   ;
;2960;(1111111111011001) (177731) (65497) (FFD9)    ;(1111111111011110) (177736) (65502) (FFDE)   ;(1111111111101101) (177755) (65517) (FFED)   ;(1111111111110111) (177767) (65527) (FFF7)   ;(1111111111110111) (177767) (65527) (FFF7)   ;(0000000000110110) (66) (54) (36)   ;(1111111111111100) (177774) (65532) (FFFC)   ;(1111111111001100) (177714) (65484) (FFCC)   ;
;2968;(0000000000001110) (16) (14) (0E)    ;(1111111111111001) (177771) (65529) (FFF9)   ;(0000000000100100) (44) (36) (24)   ;(1111111111101001) (177751) (65513) (FFE9)   ;(1111111111110110) (177766) (65526) (FFF6)   ;(1111111111111000) (177770) (65528) (FFF8)   ;(0000000000000100) (4) (4) (04)   ;(0000000000001011) (13) (11) (0B)   ;
;2976;(1111111111110001) (177761) (65521) (FFF1)    ;(0000000000100010) (42) (34) (22)   ;(1111111111110000) (177760) (65520) (FFF0)   ;(1111111111110000) (177760) (65520) (FFF0)   ;(1111111111001110) (177716) (65486) (FFCE)   ;(1111111111011010) (177732) (65498) (FFDA)   ;(1111111111110000) (177760) (65520) (FFF0)   ;(0000000000001100) (14) (12) (0C)   ;
;2984;(0000000000000111) (7) (7) (07)    ;(1111111111110001) (177761) (65521) (FFF1)   ;(1111111111101001) (177751) (65513) (FFE9)   ;(1111111111111111) (177777) (65535) (FFFF)   ;(1111111111011100) (177734) (65500) (FFDC)   ;(1111111111011101) (177735) (65501) (FFDD)   ;(1111111111101001) (177751) (65513) (FFE9)   ;(0000000000001100) (14) (12) (0C)   ;
;2992;(1111111111101010) (177752) (65514) (FFEA)    ;(0000000000010000) (20) (16) (10)   ;(1111111111011011) (177733) (65499) (FFDB)   ;(1111111111010110) (177726) (65494) (FFD6)   ;(1111111111011111) (177737) (65503) (FFDF)   ;(1111111111111111) (177777) (65535) (FFFF)   ;(0000000000010101) (25) (21) (15)   ;(1111111111010111) (177727) (65495) (FFD7)   ;
;3000;(0000000000010010) (22) (18) (12)    ;(1111111111011011) (177733) (65499) (FFDB)   ;(0000000000010000) (20) (16) (10)   ;(0000000000100101) (45) (37) (25)   ;(0000000000010100) (24) (20) (14)   ;(1111111111100110) (177746) (65510) (FFE6)   ;(0000000000100111) (47) (39) (27)   ;(0000000000101010) (52) (42) (2A)   ;
;3008;(1111111111110010) (177762) (65522) (FFF2)    ;(1111111111101111) (177757) (65519) (FFEF)   ;(1111111111011101) (177735) (65501) (FFDD)   ;(0000000000011100) (34) (28) (1C)   ;(1111111111101101) (177755) (65517) (FFED)   ;(0000000000011110) (36) (30) (1E)   ;(0000000001000101) (105) (69) (45)   ;(1111111111101010) (177752) (65514) (FFEA)   ;
;3016;(0000000000011101) (35) (29) (1D)    ;(1111111111111011) (177773) (65531) (FFFB)   ;(0000000000010101) (25) (21) (15)   ;(0000000000010001) (21) (17) (11)   ;(1111111111110011) (177763) (65523) (FFF3)   ;(1111111111101110) (177756) (65518) (FFEE)   ;(0000000000100001) (41) (33) (21)   ;(0000000000000101) (5) (5) (05)   ;
;3024;(0000000000000110) (6) (6) (06)    ;(1111111111101111) (177757) (65519) (FFEF)   ;(1111111111101101) (177755) (65517) (FFED)   ;(1111111111110111) (177767) (65527) (FFF7)   ;(1111111111101010) (177752) (65514) (FFEA)   ;(0000000000101001) (51) (41) (29)   ;(0000000000001001) (11) (9) (09)   ;(1111111111100111) (177747) (65511) (FFE7)   ;
;3032;(0000000000010001) (21) (17) (11)    ;(1111111111110011) (177763) (65523) (FFF3)   ;(0000000000000110) (6) (6) (06)   ;(1111111111110010) (177762) (65522) (FFF2)   ;(0000000000011011) (33) (27) (1B)   ;(1111111111110000) (177760) (65520) (FFF0)   ;(1111111111111001) (177771) (65529) (FFF9)   ;(0000000000001001) (11) (9) (09)   ;
;3040;(1111111111110111) (177767) (65527) (FFF7)    ;(1111111111011001) (177731) (65497) (FFD9)   ;(0000000000000011) (3) (3) (03)   ;(1111111111011101) (177735) (65501) (FFDD)   ;(0000000000101110) (56) (46) (2E)   ;(1111111111111011) (177773) (65531) (FFFB)   ;(1111111111110100) (177764) (65524) (FFF4)   ;(1111111111010010) (177722) (65490) (FFD2)   ;
;3048;(0000000000010001) (21) (17) (11)    ;(0000000000010011) (23) (19) (13)   ;(0000000000011100) (34) (28) (1C)   ;(1111111111110011) (177763) (65523) (FFF3)   ;(0000000000001100) (14) (12) (0C)   ;(0000000000010011) (23) (19) (13)   ;(0000000000011111) (37) (31) (1F)   ;(0000000000000100) (4) (4) (04)   ;
;3056;(1111111111101010) (177752) (65514) (FFEA)    ;(0000000000000100) (4) (4) (04)   ;(1111111111010111) (177727) (65495) (FFD7)   ;(0000000000001100) (14) (12) (0C)   ;(1111111111000000) (177700) (65472) (FFC0)   ;(0000000000011011) (33) (27) (1B)   ;(1111111111110001) (177761) (65521) (FFF1)   ;(1111111111111111) (177777) (65535) (FFFF)   ;
;3064;(1111111111101010) (177752) (65514) (FFEA)    ;(0000000000100001) (41) (33) (21)   ;(1111111111111111) (177777) (65535) (FFFF)   ;(1111111111110001) (177761) (65521) (FFF1)   ;(0000000000001010) (12) (10) (0A)   ;(0000000000000001) (1) (1) (01)   ;(0000000000011110) (36) (30) (1E)   ;(0000000000111001) (71) (57) (39)   ;
;3072;(1111111111101111) (177757) (65519) (FFEF)    ;(0000000000000000) (0) (0) (00)   ;(1111111111101111) (177757) (65519) (FFEF)   ;(1111111111101000) (177750) (65512) (FFE8)   ;(1111111111110011) (177763) (65523) (FFF3)   ;(0000000000001111) (17) (15) (0F)   ;(1111111111110011) (177763) (65523) (FFF3)   ;(1111111111101000) (177750) (65512) (FFE8)   ;
;3080;(1111111111111110) (177776) (65534) (FFFE)    ;(0000000000011010) (32) (26) (1A)   ;(0000000000010001) (21) (17) (11)   ;(0000000000001010) (12) (10) (0A)   ;(1111111111100011) (177743) (65507) (FFE3)   ;(0000000000001101) (15) (13) (0D)   ;(1111111111111011) (177773) (65531) (FFFB)   ;(0000000000010001) (21) (17) (11)   ;
;3088;(1111111111011100) (177734) (65500) (FFDC)    ;(1111111111111000) (177770) (65528) (FFF8)   ;(1111111111110100) (177764) (65524) (FFF4)   ;(1111111111110000) (177760) (65520) (FFF0)   ;(0000000000100100) (44) (36) (24)   ;(0000000000001110) (16) (14) (0E)   ;(0000000000010111) (27) (23) (17)   ;(1111111111101000) (177750) (65512) (FFE8)   ;
;3096;(1111111111111001) (177771) (65529) (FFF9)    ;(0000000000001011) (13) (11) (0B)   ;(0000000000101100) (54) (44) (2C)   ;(1111111111110110) (177766) (65526) (FFF6)   ;(0000000000001001) (11) (9) (09)   ;(1111111111101100) (177754) (65516) (FFEC)   ;(0000000000100000) (40) (32) (20)   ;(0000000000011001) (31) (25) (19)   ;
;3104;(1111111111110010) (177762) (65522) (FFF2)    ;(0000000000000110) (6) (6) (06)   ;(0000000000000011) (3) (3) (03)   ;(1111111111110010) (177762) (65522) (FFF2)   ;(1111111111101100) (177754) (65516) (FFEC)   ;(0000000000001011) (13) (11) (0B)   ;(1111111111011010) (177732) (65498) (FFDA)   ;(0000000000001001) (11) (9) (09)   ;
;3112;(1111111111110101) (177765) (65525) (FFF5)    ;(0000000000001000) (10) (8) (08)   ;(1111111111011101) (177735) (65501) (FFDD)   ;(1111111111111101) (177775) (65533) (FFFD)   ;(1111111111101010) (177752) (65514) (FFEA)   ;(1111111110111011) (177673) (65467) (FFBB)   ;(1111111110001001) (177611) (65417) (FF89)   ;(1111111110100101) (177645) (65445) (FFA5)   ;
;3120;(1111111111111000) (177770) (65528) (FFF8)    ;(0000000000011010) (32) (26) (1A)   ;(0000000000000101) (5) (5) (05)   ;(1111111111100001) (177741) (65505) (FFE1)   ;(1111111111111010) (177772) (65530) (FFFA)   ;(0000000000011010) (32) (26) (1A)   ;(1111111111111010) (177772) (65530) (FFFA)   ;(1111111110111000) (177670) (65464) (FFB8)   ;
;3128;(0000000000101110) (56) (46) (2E)    ;(1111111111011011) (177733) (65499) (FFDB)   ;(0000000000000011) (3) (3) (03)   ;(0000000000110101) (65) (53) (35)   ;(1111111111111111) (177777) (65535) (FFFF)   ;(1111111111100100) (177744) (65508) (FFE4)   ;(0000000000101100) (54) (44) (2C)   ;(0000000000110001) (61) (49) (31)   ;
;3136;(0000000000001100) (14) (12) (0C)    ;(1111111111110110) (177766) (65526) (FFF6)   ;(1111111111101111) (177757) (65519) (FFEF)   ;(0000000000011000) (30) (24) (18)   ;(0000000000101101) (55) (45) (2D)   ;(0000000000100101) (45) (37) (25)   ;(0000000000000000) (0) (0) (00)   ;(1111111111010101) (177725) (65493) (FFD5)   ;
;3144;(0000000000100111) (47) (39) (27)    ;(0000000000011010) (32) (26) (1A)   ;(0000000000001011) (13) (11) (0B)   ;(0000000000001111) (17) (15) (0F)   ;(1111111111011001) (177731) (65497) (FFD9)   ;(1111111111100000) (177740) (65504) (FFE0)   ;(0000000000000101) (5) (5) (05)   ;(1111111111110111) (177767) (65527) (FFF7)   ;
;3152;(0000000000010010) (22) (18) (12)    ;(1111111111100010) (177742) (65506) (FFE2)   ;(1111111111011010) (177732) (65498) (FFDA)   ;(1111111111011111) (177737) (65503) (FFDF)   ;(0000000000001001) (11) (9) (09)   ;(0000000000011010) (32) (26) (1A)   ;(1111111111111111) (177777) (65535) (FFFF)   ;(1111111111111001) (177771) (65529) (FFF9)   ;
;3160;(0000000000000101) (5) (5) (05)    ;(0000000000011101) (35) (29) (1D)   ;(1111111111110100) (177764) (65524) (FFF4)   ;(0000000000000001) (1) (1) (01)   ;(1111111111110111) (177767) (65527) (FFF7)   ;(0000000000010010) (22) (18) (12)   ;(0000000000011001) (31) (25) (19)   ;(0000000000011110) (36) (30) (1E)   ;
;3168;(1111111111101101) (177755) (65517) (FFED)    ;(0000000000010001) (21) (17) (11)   ;(1111111111000110) (177706) (65478) (FFC6)   ;(1111111111101001) (177751) (65513) (FFE9)   ;(0000000000001101) (15) (13) (0D)   ;(0000000000111000) (70) (56) (38)   ;(1111111111101110) (177756) (65518) (FFEE)   ;(1111111111100101) (177745) (65509) (FFE5)   ;
;3176;(0000000000010110) (26) (22) (16)    ;(1111111111110101) (177765) (65525) (FFF5)   ;(0000000000110010) (62) (50) (32)   ;(1111111111100101) (177745) (65509) (FFE5)   ;(0000000000101101) (55) (45) (2D)   ;(0000000000011111) (37) (31) (1F)   ;(0000000000000110) (6) (6) (06)   ;(0000000000001010) (12) (10) (0A)   ;
;3184;(1111111111000010) (177702) (65474) (FFC2)    ;(0000000000001100) (14) (12) (0C)   ;(1111111111110011) (177763) (65523) (FFF3)   ;(1111111111100000) (177740) (65504) (FFE0)   ;(1111111111011010) (177732) (65498) (FFDA)   ;(0000000000111010) (72) (58) (3A)   ;(1111111111011101) (177735) (65501) (FFDD)   ;(1111111111011010) (177732) (65498) (FFDA)   ;
;3192;(0000000000000101) (5) (5) (05)    ;(1111111111011000) (177730) (65496) (FFD8)   ;(0000000000011100) (34) (28) (1C)   ;(1111111111111110) (177776) (65534) (FFFE)   ;(0000000000011000) (30) (24) (18)   ;(0000000000000010) (2) (2) (02)   ;(0000000000011010) (32) (26) (1A)   ;(0000000000111101) (75) (61) (3D)   ;


RAM content values are presented in the following format: (Binary) (Octal) (Decimal) (Hexadecimal) 
+------------------------------------------------------------------------------------------------------------------------------------------------------------------------------------------------------------------------------------------------------------------+
; |top|image:u_image|altsyncram:altsyncram_component|altsyncram_1dm1:auto_generated|ALTSYNCRAM                                                                                                                                                                     ;
+------------------------------------------------------------------------------------------------------------------------------------------------------------------------------------------------------------------------------------------------------------------+
;   Addr   ;              +0              ;              +1              ;              +2              ;              +3              ;              +4              ;              +5              ;              +6              ;              +7              ;
+----------+------------------------------+------------------------------+------------------------------+------------------------------+------------------------------+------------------------------+------------------------------+------------------------------+
;0;(0000000000000000) (0) (0) (00)    ;(0000000000000000) (0) (0) (00)   ;(0000000000000000) (0) (0) (00)   ;(0000000000000000) (0) (0) (00)   ;(0000000000000000) (0) (0) (00)   ;(0000000000000000) (0) (0) (00)   ;(0000000000000000) (0) (0) (00)   ;(0000000000000000) (0) (0) (00)   ;
;8;(0000000000000000) (0) (0) (00)    ;(0000000000000000) (0) (0) (00)   ;(0000000000000000) (0) (0) (00)   ;(0000000000000000) (0) (0) (00)   ;(0000000000000000) (0) (0) (00)   ;(0000000000000000) (0) (0) (00)   ;(0000000000000000) (0) (0) (00)   ;(0000000000000000) (0) (0) (00)   ;
;16;(0000000000000000) (0) (0) (00)    ;(0000000000000000) (0) (0) (00)   ;(0000000000000000) (0) (0) (00)   ;(0000000000000000) (0) (0) (00)   ;(0000000000000000) (0) (0) (00)   ;(0000000000000000) (0) (0) (00)   ;(0000000000000000) (0) (0) (00)   ;(0000000000000000) (0) (0) (00)   ;
;24;(0000000000000000) (0) (0) (00)    ;(0000000000000000) (0) (0) (00)   ;(0000000000000000) (0) (0) (00)   ;(0000000000000000) (0) (0) (00)   ;(0000000000000000) (0) (0) (00)   ;(0000000000000000) (0) (0) (00)   ;(0000000000000000) (0) (0) (00)   ;(0000000000000000) (0) (0) (00)   ;
;32;(0000000000000000) (0) (0) (00)    ;(0000000000000000) (0) (0) (00)   ;(0000000000000000) (0) (0) (00)   ;(0000000000000000) (0) (0) (00)   ;(0000000000000000) (0) (0) (00)   ;(0000000000000000) (0) (0) (00)   ;(0000000000000000) (0) (0) (00)   ;(0000000000000000) (0) (0) (00)   ;
;40;(0000000000000000) (0) (0) (00)    ;(0000000000000000) (0) (0) (00)   ;(0000000000000000) (0) (0) (00)   ;(0000000000000000) (0) (0) (00)   ;(0000000000000000) (0) (0) (00)   ;(0000000000000000) (0) (0) (00)   ;(0000000000000000) (0) (0) (00)   ;(0000000000000000) (0) (0) (00)   ;
;48;(0000000000000000) (0) (0) (00)    ;(0000000000000000) (0) (0) (00)   ;(0000000000000000) (0) (0) (00)   ;(0000000000000000) (0) (0) (00)   ;(0000000000000000) (0) (0) (00)   ;(0000000000000000) (0) (0) (00)   ;(0000000000000000) (0) (0) (00)   ;(0000000000000000) (0) (0) (00)   ;
;56;(0000000000000000) (0) (0) (00)    ;(0000000000000000) (0) (0) (00)   ;(0000000000000000) (0) (0) (00)   ;(0000000000000000) (0) (0) (00)   ;(0000000000000000) (0) (0) (00)   ;(0000000000000000) (0) (0) (00)   ;(0000000000000000) (0) (0) (00)   ;(0000000000000000) (0) (0) (00)   ;
;64;(0000000000000000) (0) (0) (00)    ;(0000000000000000) (0) (0) (00)   ;(0000000000000000) (0) (0) (00)   ;(0000000000000000) (0) (0) (00)   ;(0000000000000000) (0) (0) (00)   ;(0000000000000000) (0) (0) (00)   ;(0000000000000000) (0) (0) (00)   ;(0000000000000000) (0) (0) (00)   ;
;72;(0000000000000000) (0) (0) (00)    ;(0000000000000000) (0) (0) (00)   ;(0000000000000000) (0) (0) (00)   ;(0000000000000000) (0) (0) (00)   ;(0000000000000000) (0) (0) (00)   ;(0000000000000000) (0) (0) (00)   ;(0000000000000000) (0) (0) (00)   ;(0000000000000000) (0) (0) (00)   ;
;80;(0000000000000000) (0) (0) (00)    ;(0000000000000000) (0) (0) (00)   ;(0000000000000000) (0) (0) (00)   ;(0000000000000000) (0) (0) (00)   ;(0000000000000000) (0) (0) (00)   ;(0000000000000000) (0) (0) (00)   ;(0000000000000000) (0) (0) (00)   ;(0000000000000000) (0) (0) (00)   ;
;88;(0000000000000000) (0) (0) (00)    ;(0000000000000000) (0) (0) (00)   ;(0000000000000000) (0) (0) (00)   ;(0000000000000000) (0) (0) (00)   ;(0000000000000000) (0) (0) (00)   ;(0000000000000000) (0) (0) (00)   ;(0000000000000000) (0) (0) (00)   ;(0000000000000000) (0) (0) (00)   ;
;96;(0000000000001101) (15) (13) (0D)    ;(0000000001111111) (177) (127) (7F)   ;(0000000010101000) (250) (168) (A8)   ;(0000000011000010) (302) (194) (C2)   ;(0000000011000011) (303) (195) (C3)   ;(0000000011000011) (303) (195) (C3)   ;(0000000010100011) (243) (163) (A3)   ;(0000000000011001) (31) (25) (19)   ;
;104;(0000000000000000) (0) (0) (00)    ;(0000000000000000) (0) (0) (00)   ;(0000000000000000) (0) (0) (00)   ;(0000000000000000) (0) (0) (00)   ;(0000000000000000) (0) (0) (00)   ;(0000000000000000) (0) (0) (00)   ;(0000000000000000) (0) (0) (00)   ;(0000000000000000) (0) (0) (00)   ;
;112;(0000000000000000) (0) (0) (00)    ;(0000000000000000) (0) (0) (00)   ;(0000000000000000) (0) (0) (00)   ;(0000000000000000) (0) (0) (00)   ;(0000000000000000) (0) (0) (00)   ;(0000000000000000) (0) (0) (00)   ;(0000000000000000) (0) (0) (00)   ;(0000000000000000) (0) (0) (00)   ;
;120;(0000000000000000) (0) (0) (00)    ;(0000000000000000) (0) (0) (00)   ;(0000000000000000) (0) (0) (00)   ;(0000000000101101) (55) (45) (2D)   ;(0000000011010101) (325) (213) (D5)   ;(0000000011111111) (377) (255) (FF)   ;(0000000011111111) (377) (255) (FF)   ;(0000000011111111) (377) (255) (FF)   ;
;128;(0000000011111111) (377) (255) (FF)    ;(0000000011111111) (377) (255) (FF)   ;(0000000011111111) (377) (255) (FF)   ;(0000000011010001) (321) (209) (D1)   ;(0000000000001011) (13) (11) (0B)   ;(0000000000000000) (0) (0) (00)   ;(0000000000000000) (0) (0) (00)   ;(0000000000000000) (0) (0) (00)   ;
;136;(0000000000000000) (0) (0) (00)    ;(0000000000000000) (0) (0) (00)   ;(0000000000000000) (0) (0) (00)   ;(0000000000000000) (0) (0) (00)   ;(0000000000000000) (0) (0) (00)   ;(0000000000000000) (0) (0) (00)   ;(0000000000000000) (0) (0) (00)   ;(0000000000000000) (0) (0) (00)   ;
;144;(0000000000000000) (0) (0) (00)    ;(0000000000000000) (0) (0) (00)   ;(0000000000000000) (0) (0) (00)   ;(0000000000000000) (0) (0) (00)   ;(0000000000000000) (0) (0) (00)   ;(0000000000000000) (0) (0) (00)   ;(0000000001001100) (114) (76) (4C)   ;(0000000011110011) (363) (243) (F3)   ;
;152;(0000000011111111) (377) (255) (FF)    ;(0000000011111111) (377) (255) (FF)   ;(0000000011111111) (377) (255) (FF)   ;(0000000011111111) (377) (255) (FF)   ;(0000000011111111) (377) (255) (FF)   ;(0000000011111111) (377) (255) (FF)   ;(0000000011111111) (377) (255) (FF)   ;(0000000011111111) (377) (255) (FF)   ;
;160;(0000000010001000) (210) (136) (88)    ;(0000000000000000) (0) (0) (00)   ;(0000000000000000) (0) (0) (00)   ;(0000000000000000) (0) (0) (00)   ;(0000000000000000) (0) (0) (00)   ;(0000000000000000) (0) (0) (00)   ;(0000000000000000) (0) (0) (00)   ;(0000000000000000) (0) (0) (00)   ;
;168;(0000000000000000) (0) (0) (00)    ;(0000000000000000) (0) (0) (00)   ;(0000000000000000) (0) (0) (00)   ;(0000000000000000) (0) (0) (00)   ;(0000000000000000) (0) (0) (00)   ;(0000000000000000) (0) (0) (00)   ;(0000000000000000) (0) (0) (00)   ;(0000000000000000) (0) (0) (00)   ;
;176;(0000000000000000) (0) (0) (00)    ;(0000000000010000) (20) (16) (10)   ;(0000000011101101) (355) (237) (ED)   ;(0000000011111111) (377) (255) (FF)   ;(0000000011111111) (377) (255) (FF)   ;(0000000011111111) (377) (255) (FF)   ;(0000000011000000) (300) (192) (C0)   ;(0000000010010010) (222) (146) (92)   ;
;184;(0000000010000011) (203) (131) (83)    ;(0000000010110011) (263) (179) (B3)   ;(0000000011111111) (377) (255) (FF)   ;(0000000011111111) (377) (255) (FF)   ;(0000000011100101) (345) (229) (E5)   ;(0000000000001010) (12) (10) (0A)   ;(0000000000000000) (0) (0) (00)   ;(0000000000000000) (0) (0) (00)   ;
;192;(0000000000000000) (0) (0) (00)    ;(0000000000000000) (0) (0) (00)   ;(0000000000000000) (0) (0) (00)   ;(0000000000000000) (0) (0) (00)   ;(0000000000000000) (0) (0) (00)   ;(0000000000000000) (0) (0) (00)   ;(0000000000000000) (0) (0) (00)   ;(0000000000000000) (0) (0) (00)   ;
;200;(0000000000000000) (0) (0) (00)    ;(0000000000000000) (0) (0) (00)   ;(0000000000000000) (0) (0) (00)   ;(0000000000000000) (0) (0) (00)   ;(0000000000000000) (0) (0) (00)   ;(0000000000100000) (40) (32) (20)   ;(0000000011111111) (377) (255) (FF)   ;(0000000011111111) (377) (255) (FF)   ;
;208;(0000000011111111) (377) (255) (FF)    ;(0000000001101011) (153) (107) (6B)   ;(0000000000000000) (0) (0) (00)   ;(0000000000000000) (0) (0) (00)   ;(0000000000000000) (0) (0) (00)   ;(0000000000000000) (0) (0) (00)   ;(0000000011100101) (345) (229) (E5)   ;(0000000011111111) (377) (255) (FF)   ;
;216;(0000000011110101) (365) (245) (F5)    ;(0000000000011001) (31) (25) (19)   ;(0000000000000000) (0) (0) (00)   ;(0000000000000000) (0) (0) (00)   ;(0000000000000000) (0) (0) (00)   ;(0000000000000000) (0) (0) (00)   ;(0000000000000000) (0) (0) (00)   ;(0000000000000000) (0) (0) (00)   ;
;224;(0000000000000000) (0) (0) (00)    ;(0000000000000000) (0) (0) (00)   ;(0000000000000000) (0) (0) (00)   ;(0000000000000000) (0) (0) (00)   ;(0000000000000000) (0) (0) (00)   ;(0000000000000000) (0) (0) (00)   ;(0000000000000000) (0) (0) (00)   ;(0000000000000000) (0) (0) (00)   ;
;232;(0000000000000000) (0) (0) (00)    ;(0000000000000101) (5) (5) (05)   ;(0000000010111010) (272) (186) (BA)   ;(0000000011111111) (377) (255) (FF)   ;(0000000010001101) (215) (141) (8D)   ;(0000000000000000) (0) (0) (00)   ;(0000000000000000) (0) (0) (00)   ;(0000000000000000) (0) (0) (00)   ;
;240;(0000000000000000) (0) (0) (00)    ;(0000000000011101) (35) (29) (1D)   ;(0000000011110000) (360) (240) (F0)   ;(0000000011111111) (377) (255) (FF)   ;(0000000011110110) (366) (246) (F6)   ;(0000000000011001) (31) (25) (19)   ;(0000000000000000) (0) (0) (00)   ;(0000000000000000) (0) (0) (00)   ;
;248;(0000000000000000) (0) (0) (00)    ;(0000000000000000) (0) (0) (00)   ;(0000000000000000) (0) (0) (00)   ;(0000000000000000) (0) (0) (00)   ;(0000000000000000) (0) (0) (00)   ;(0000000000000000) (0) (0) (00)   ;(0000000000000000) (0) (0) (00)   ;(0000000000000000) (0) (0) (00)   ;
;256;(0000000000000000) (0) (0) (00)    ;(0000000000000000) (0) (0) (00)   ;(0000000000000000) (0) (0) (00)   ;(0000000000000000) (0) (0) (00)   ;(0000000000000000) (0) (0) (00)   ;(0000000000000000) (0) (0) (00)   ;(0000000000001000) (10) (8) (08)   ;(0000000000101110) (56) (46) (2E)   ;
;264;(0000000000000000) (0) (0) (00)    ;(0000000000000000) (0) (0) (00)   ;(0000000000000000) (0) (0) (00)   ;(0000000000000000) (0) (0) (00)   ;(0000000000000000) (0) (0) (00)   ;(0000000010100000) (240) (160) (A0)   ;(0000000011111111) (377) (255) (FF)   ;(0000000011111111) (377) (255) (FF)   ;
;272;(0000000011100110) (346) (230) (E6)    ;(0000000000001011) (13) (11) (0B)   ;(0000000000000000) (0) (0) (00)   ;(0000000000000000) (0) (0) (00)   ;(0000000000000000) (0) (0) (00)   ;(0000000000000000) (0) (0) (00)   ;(0000000000000000) (0) (0) (00)   ;(0000000000000000) (0) (0) (00)   ;
;280;(0000000000000000) (0) (0) (00)    ;(0000000000000000) (0) (0) (00)   ;(0000000000000000) (0) (0) (00)   ;(0000000000000000) (0) (0) (00)   ;(0000000000000000) (0) (0) (00)   ;(0000000000000000) (0) (0) (00)   ;(0000000000000000) (0) (0) (00)   ;(0000000000000000) (0) (0) (00)   ;
;288;(0000000000000000) (0) (0) (00)    ;(0000000000000000) (0) (0) (00)   ;(0000000000000000) (0) (0) (00)   ;(0000000000000000) (0) (0) (00)   ;(0000000000000000) (0) (0) (00)   ;(0000000000000000) (0) (0) (00)   ;(0000000000000000) (0) (0) (00)   ;(0000000000000000) (0) (0) (00)   ;
;296;(0000000001010010) (122) (82) (52)    ;(0000000011111111) (377) (255) (FF)   ;(0000000011111111) (377) (255) (FF)   ;(0000000011111111) (377) (255) (FF)   ;(0000000001010101) (125) (85) (55)   ;(0000000000000000) (0) (0) (00)   ;(0000000000000000) (0) (0) (00)   ;(0000000000000000) (0) (0) (00)   ;
;304;(0000000000000000) (0) (0) (00)    ;(0000000000000000) (0) (0) (00)   ;(0000000000000000) (0) (0) (00)   ;(0000000000000000) (0) (0) (00)   ;(0000000000000000) (0) (0) (00)   ;(0000000000000000) (0) (0) (00)   ;(0000000000000000) (0) (0) (00)   ;(0000000000000000) (0) (0) (00)   ;
;312;(0000000000000000) (0) (0) (00)    ;(0000000000000000) (0) (0) (00)   ;(0000000000000000) (0) (0) (00)   ;(0000000000000000) (0) (0) (00)   ;(0000000000000000) (0) (0) (00)   ;(0000000000000000) (0) (0) (00)   ;(0000000000000000) (0) (0) (00)   ;(0000000000000000) (0) (0) (00)   ;
;320;(0000000000000000) (0) (0) (00)    ;(0000000000000000) (0) (0) (00)   ;(0000000000010000) (20) (16) (10)   ;(0000000001101110) (156) (110) (6E)   ;(0000000011111001) (371) (249) (F9)   ;(0000000011111111) (377) (255) (FF)   ;(0000000011111111) (377) (255) (FF)   ;(0000000011000110) (306) (198) (C6)   ;
;328;(0000000000000000) (0) (0) (00)    ;(0000000000000000) (0) (0) (00)   ;(0000000000000000) (0) (0) (00)   ;(0000000000000000) (0) (0) (00)   ;(0000000000000000) (0) (0) (00)   ;(0000000000000000) (0) (0) (00)   ;(0000000000000000) (0) (0) (00)   ;(0000000000000000) (0) (0) (00)   ;
;336;(0000000000000000) (0) (0) (00)    ;(0000000000000000) (0) (0) (00)   ;(0000000000000000) (0) (0) (00)   ;(0000000000000000) (0) (0) (00)   ;(0000000000000000) (0) (0) (00)   ;(0000000000000000) (0) (0) (00)   ;(0000000000000000) (0) (0) (00)   ;(0000000000000000) (0) (0) (00)   ;
;344;(0000000000000000) (0) (0) (00)    ;(0000000000000000) (0) (0) (00)   ;(0000000000000000) (0) (0) (00)   ;(0000000000000000) (0) (0) (00)   ;(0000000000010101) (25) (21) (15)   ;(0000000010000110) (206) (134) (86)   ;(0000000011101000) (350) (232) (E8)   ;(0000000011111111) (377) (255) (FF)   ;
;352;(0000000011111111) (377) (255) (FF)    ;(0000000011111111) (377) (255) (FF)   ;(0000000011100010) (342) (226) (E2)   ;(0000000000011101) (35) (29) (1D)   ;(0000000000000000) (0) (0) (00)   ;(0000000000000000) (0) (0) (00)   ;(0000000000000000) (0) (0) (00)   ;(0000000000000000) (0) (0) (00)   ;
;360;(0000000000000000) (0) (0) (00)    ;(0000000000000000) (0) (0) (00)   ;(0000000000000000) (0) (0) (00)   ;(0000000000000000) (0) (0) (00)   ;(0000000000000000) (0) (0) (00)   ;(0000000000000000) (0) (0) (00)   ;(0000000000000000) (0) (0) (00)   ;(0000000000000000) (0) (0) (00)   ;
;368;(0000000000000000) (0) (0) (00)    ;(0000000000000000) (0) (0) (00)   ;(0000000000000000) (0) (0) (00)   ;(0000000000000000) (0) (0) (00)   ;(0000000000000000) (0) (0) (00)   ;(0000000000000000) (0) (0) (00)   ;(0000000000000000) (0) (0) (00)   ;(0000000000010100) (24) (20) (14)   ;
;376;(0000000011011001) (331) (217) (D9)    ;(0000000011111111) (377) (255) (FF)   ;(0000000011111111) (377) (255) (FF)   ;(0000000011111111) (377) (255) (FF)   ;(0000000011111111) (377) (255) (FF)   ;(0000000011111111) (377) (255) (FF)   ;(0000000011010100) (324) (212) (D4)   ;(0000000000010110) (26) (22) (16)   ;
;384;(0000000000000000) (0) (0) (00)    ;(0000000000000000) (0) (0) (00)   ;(0000000000000000) (0) (0) (00)   ;(0000000000000000) (0) (0) (00)   ;(0000000000000000) (0) (0) (00)   ;(0000000000000000) (0) (0) (00)   ;(0000000000000000) (0) (0) (00)   ;(0000000000000000) (0) (0) (00)   ;
;392;(0000000000000000) (0) (0) (00)    ;(0000000000000000) (0) (0) (00)   ;(0000000000000000) (0) (0) (00)   ;(0000000000000000) (0) (0) (00)   ;(0000000000000000) (0) (0) (00)   ;(0000000000000000) (0) (0) (00)   ;(0000000000000000) (0) (0) (00)   ;(0000000000000000) (0) (0) (00)   ;
;400;(0000000000000000) (0) (0) (00)    ;(0000000000000000) (0) (0) (00)   ;(0000000000000000) (0) (0) (00)   ;(0000000001000001) (101) (65) (41)   ;(0000000011111111) (377) (255) (FF)   ;(0000000011111111) (377) (255) (FF)   ;(0000000011111111) (377) (255) (FF)   ;(0000000011111111) (377) (255) (FF)   ;
;408;(0000000011111111) (377) (255) (FF)    ;(0000000011111111) (377) (255) (FF)   ;(0000000011111111) (377) (255) (FF)   ;(0000000011100100) (344) (228) (E4)   ;(0000000000111110) (76) (62) (3E)   ;(0000000000000000) (0) (0) (00)   ;(0000000000000000) (0) (0) (00)   ;(0000000000000000) (0) (0) (00)   ;
;416;(0000000000000000) (0) (0) (00)    ;(0000000000000000) (0) (0) (00)   ;(0000000000000000) (0) (0) (00)   ;(0000000000000000) (0) (0) (00)   ;(0000000000000000) (0) (0) (00)   ;(0000000000000000) (0) (0) (00)   ;(0000000000000000) (0) (0) (00)   ;(0000000000000000) (0) (0) (00)   ;
;424;(0000000000000000) (0) (0) (00)    ;(0000000000000000) (0) (0) (00)   ;(0000000000000000) (0) (0) (00)   ;(0000000000000000) (0) (0) (00)   ;(0000000000000000) (0) (0) (00)   ;(0000000000000000) (0) (0) (00)   ;(0000000000000000) (0) (0) (00)   ;(0000000000010001) (21) (17) (11)   ;
;432;(0000000011001100) (314) (204) (CC)    ;(0000000011111011) (373) (251) (FB)   ;(0000000011010011) (323) (211) (D3)   ;(0000000011000111) (307) (199) (C7)   ;(0000000011010101) (325) (213) (D5)   ;(0000000011111111) (377) (255) (FF)   ;(0000000011111111) (377) (255) (FF)   ;(0000000011111111) (377) (255) (FF)   ;
;440;(0000000011110101) (365) (245) (F5)    ;(0000000000100000) (40) (32) (20)   ;(0000000000000000) (0) (0) (00)   ;(0000000000000000) (0) (0) (00)   ;(0000000000000000) (0) (0) (00)   ;(0000000000000000) (0) (0) (00)   ;(0000000000000000) (0) (0) (00)   ;(0000000000000000) (0) (0) (00)   ;
;448;(0000000000000000) (0) (0) (00)    ;(0000000000000000) (0) (0) (00)   ;(0000000000000000) (0) (0) (00)   ;(0000000000000000) (0) (0) (00)   ;(0000000000000000) (0) (0) (00)   ;(0000000000000000) (0) (0) (00)   ;(0000000000000000) (0) (0) (00)   ;(0000000000000000) (0) (0) (00)   ;
;456;(0000000000000000) (0) (0) (00)    ;(0000000000000000) (0) (0) (00)   ;(0000000000000000) (0) (0) (00)   ;(0000000000000000) (0) (0) (00)   ;(0000000000000111) (7) (7) (07)   ;(0000000000100011) (43) (35) (23)   ;(0000000000000000) (0) (0) (00)   ;(0000000000000000) (0) (0) (00)   ;
;464;(0000000000000010) (2) (2) (02)    ;(0000000001111100) (174) (124) (7C)   ;(0000000011111111) (377) (255) (FF)   ;(0000000011111111) (377) (255) (FF)   ;(0000000011111111) (377) (255) (FF)   ;(0000000010010111) (227) (151) (97)   ;(0000000000000000) (0) (0) (00)   ;(0000000000000000) (0) (0) (00)   ;
;472;(0000000000000000) (0) (0) (00)    ;(0000000000000000) (0) (0) (00)   ;(0000000000000000) (0) (0) (00)   ;(0000000000000000) (0) (0) (00)   ;(0000000000000000) (0) (0) (00)   ;(0000000000000000) (0) (0) (00)   ;(0000000000000000) (0) (0) (00)   ;(0000000000000000) (0) (0) (00)   ;
;480;(0000000000000000) (0) (0) (00)    ;(0000000000000000) (0) (0) (00)   ;(0000000000000000) (0) (0) (00)   ;(0000000000000000) (0) (0) (00)   ;(0000000000000000) (0) (0) (00)   ;(0000000000000000) (0) (0) (00)   ;(0000000000000000) (0) (0) (00)   ;(0000000000000000) (0) (0) (00)   ;
;488;(0000000000000000) (0) (0) (00)    ;(0000000000000000) (0) (0) (00)   ;(0000000000000000) (0) (0) (00)   ;(0000000000000000) (0) (0) (00)   ;(0000000000000000) (0) (0) (00)   ;(0000000000000000) (0) (0) (00)   ;(0000000001110001) (161) (113) (71)   ;(0000000011111111) (377) (255) (FF)   ;
;496;(0000000011111111) (377) (255) (FF)    ;(0000000011000001) (301) (193) (C1)   ;(0000000000000000) (0) (0) (00)   ;(0000000000000000) (0) (0) (00)   ;(0000000000000000) (0) (0) (00)   ;(0000000000000000) (0) (0) (00)   ;(0000000000000000) (0) (0) (00)   ;(0000000000000000) (0) (0) (00)   ;
;504;(0000000000000000) (0) (0) (00)    ;(0000000000000000) (0) (0) (00)   ;(0000000000000000) (0) (0) (00)   ;(0000000000000000) (0) (0) (00)   ;(0000000000000000) (0) (0) (00)   ;(0000000000000000) (0) (0) (00)   ;(0000000000000000) (0) (0) (00)   ;(0000000000000000) (0) (0) (00)   ;
;512;(0000000000000000) (0) (0) (00)    ;(0000000000000000) (0) (0) (00)   ;(0000000000000000) (0) (0) (00)   ;(0000000000000000) (0) (0) (00)   ;(0000000000000000) (0) (0) (00)   ;(0000000000000000) (0) (0) (00)   ;(0000000000000000) (0) (0) (00)   ;(0000000000000000) (0) (0) (00)   ;
;520;(0000000000000000) (0) (0) (00)    ;(0000000000000000) (0) (0) (00)   ;(0000000000100100) (44) (36) (24)   ;(0000000011111101) (375) (253) (FD)   ;(0000000011111111) (377) (255) (FF)   ;(0000000011010100) (324) (212) (D4)   ;(0000000000000001) (1) (1) (01)   ;(0000000000000000) (0) (0) (00)   ;
;528;(0000000000000000) (0) (0) (00)    ;(0000000000000000) (0) (0) (00)   ;(0000000000000000) (0) (0) (00)   ;(0000000000000000) (0) (0) (00)   ;(0000000000000000) (0) (0) (00)   ;(0000000000000000) (0) (0) (00)   ;(0000000000000000) (0) (0) (00)   ;(0000000000000000) (0) (0) (00)   ;
;536;(0000000000000000) (0) (0) (00)    ;(0000000000000000) (0) (0) (00)   ;(0000000000000000) (0) (0) (00)   ;(0000000000000000) (0) (0) (00)   ;(0000000000000000) (0) (0) (00)   ;(0000000000000000) (0) (0) (00)   ;(0000000000000000) (0) (0) (00)   ;(0000000000000000) (0) (0) (00)   ;
;544;(0000000000000000) (0) (0) (00)    ;(0000000000000000) (0) (0) (00)   ;(0000000000000000) (0) (0) (00)   ;(0000000000000000) (0) (0) (00)   ;(0000000000000000) (0) (0) (00)   ;(0000000000000000) (0) (0) (00)   ;(0000000000011011) (33) (27) (1B)   ;(0000000011110111) (367) (247) (F7)   ;
;552;(0000000011111111) (377) (255) (FF)    ;(0000000011011001) (331) (217) (D9)   ;(0000000000000001) (1) (1) (01)   ;(0000000000000000) (0) (0) (00)   ;(0000000000000000) (0) (0) (00)   ;(0000000000000000) (0) (0) (00)   ;(0000000000000000) (0) (0) (00)   ;(0000000000000000) (0) (0) (00)   ;
;560;(0000000000000000) (0) (0) (00)    ;(0000000000000000) (0) (0) (00)   ;(0000000000000000) (0) (0) (00)   ;(0000000000000000) (0) (0) (00)   ;(0000000000000000) (0) (0) (00)   ;(0000000000000000) (0) (0) (00)   ;(0000000000000111) (7) (7) (07)   ;(0000000000100101) (45) (37) (25)   ;
;568;(0000000000000000) (0) (0) (00)    ;(0000000000000000) (0) (0) (00)   ;(0000000000000000) (0) (0) (00)   ;(0000000000000000) (0) (0) (00)   ;(0000000000000000) (0) (0) (00)   ;(0000000000000000) (0) (0) (00)   ;(0000000000000000) (0) (0) (00)   ;(0000000000000000) (0) (0) (00)   ;
;576;(0000000000000000) (0) (0) (00)    ;(0000000000000000) (0) (0) (00)   ;(0000000000011110) (36) (30) (1E)   ;(0000000011111010) (372) (250) (FA)   ;(0000000011111111) (377) (255) (FF)   ;(0000000011011011) (333) (219) (DB)   ;(0000000000000001) (1) (1) (01)   ;(0000000000000000) (0) (0) (00)   ;
;584;(0000000000000000) (0) (0) (00)    ;(0000000000000000) (0) (0) (00)   ;(0000000000000000) (0) (0) (00)   ;(0000000000000000) (0) (0) (00)   ;(0000000000000000) (0) (0) (00)   ;(0000000000000000) (0) (0) (00)   ;(0000000000000000) (0) (0) (00)   ;(0000000000000000) (0) (0) (00)   ;
;592;(0000000000000000) (0) (0) (00)    ;(0000000000001001) (11) (9) (09)   ;(0000000011000011) (303) (195) (C3)   ;(0000000011111100) (374) (252) (FC)   ;(0000000001101101) (155) (109) (6D)   ;(0000000000000000) (0) (0) (00)   ;(0000000000000000) (0) (0) (00)   ;(0000000000000000) (0) (0) (00)   ;
;600;(0000000000000000) (0) (0) (00)    ;(0000000000000000) (0) (0) (00)   ;(0000000000000000) (0) (0) (00)   ;(0000000000000000) (0) (0) (00)   ;(0000000000000000) (0) (0) (00)   ;(0000000000000000) (0) (0) (00)   ;(0000000010010001) (221) (145) (91)   ;(0000000011111111) (377) (255) (FF)   ;
;608;(0000000011111111) (377) (255) (FF)    ;(0000000011001101) (315) (205) (CD)   ;(0000000000000000) (0) (0) (00)   ;(0000000000000000) (0) (0) (00)   ;(0000000000000000) (0) (0) (00)   ;(0000000000000000) (0) (0) (00)   ;(0000000000000000) (0) (0) (00)   ;(0000000000000000) (0) (0) (00)   ;
;616;(0000000000000000) (0) (0) (00)    ;(0000000000000000) (0) (0) (00)   ;(0000000000000000) (0) (0) (00)   ;(0000000000000000) (0) (0) (00)   ;(0000000000000000) (0) (0) (00)   ;(0000000000110000) (60) (48) (30)   ;(0000000011111111) (377) (255) (FF)   ;(0000000011111111) (377) (255) (FF)   ;
;624;(0000000011100101) (345) (229) (E5)    ;(0000000000010000) (20) (16) (10)   ;(0000000000000000) (0) (0) (00)   ;(0000000000000000) (0) (0) (00)   ;(0000000000000000) (0) (0) (00)   ;(0000000000000000) (0) (0) (00)   ;(0000000000000000) (0) (0) (00)   ;(0000000000000111) (7) (7) (07)   ;
;632;(0000000001001010) (112) (74) (4A)    ;(0000000010110111) (267) (183) (B7)   ;(0000000011111111) (377) (255) (FF)   ;(0000000011111111) (377) (255) (FF)   ;(0000000011111111) (377) (255) (FF)   ;(0000000001100010) (142) (98) (62)   ;(0000000000000000) (0) (0) (00)   ;(0000000000000000) (0) (0) (00)   ;
;640;(0000000000000000) (0) (0) (00)    ;(0000000000000000) (0) (0) (00)   ;(0000000000000000) (0) (0) (00)   ;(0000000000000000) (0) (0) (00)   ;(0000000000000000) (0) (0) (00)   ;(0000000000000000) (0) (0) (00)   ;(0000000000000000) (0) (0) (00)   ;(0000000000000000) (0) (0) (00)   ;
;648;(0000000000000000) (0) (0) (00)    ;(0000000000011101) (35) (29) (1D)   ;(0000000011111100) (374) (252) (FC)   ;(0000000011111111) (377) (255) (FF)   ;(0000000011111111) (377) (255) (FF)   ;(0000000011011000) (330) (216) (D8)   ;(0000000001111111) (177) (127) (7F)   ;(0000000001111010) (172) (122) (7A)   ;
;656;(0000000001111001) (171) (121) (79)    ;(0000000010001010) (212) (138) (8A)   ;(0000000010101100) (254) (172) (AC)   ;(0000000011011110) (336) (222) (DE)   ;(0000000011111111) (377) (255) (FF)   ;(0000000011111111) (377) (255) (FF)   ;(0000000011111111) (377) (255) (FF)   ;(0000000011111111) (377) (255) (FF)   ;
;664;(0000000011001100) (314) (204) (CC)    ;(0000000000000010) (2) (2) (02)   ;(0000000000000000) (0) (0) (00)   ;(0000000000000000) (0) (0) (00)   ;(0000000000000000) (0) (0) (00)   ;(0000000000000000) (0) (0) (00)   ;(0000000000000000) (0) (0) (00)   ;(0000000000000000) (0) (0) (00)   ;
;672;(0000000000000000) (0) (0) (00)    ;(0000000000000000) (0) (0) (00)   ;(0000000000000000) (0) (0) (00)   ;(0000000000000000) (0) (0) (00)   ;(0000000000000000) (0) (0) (00)   ;(0000000000000000) (0) (0) (00)   ;(0000000001111110) (176) (126) (7E)   ;(0000000011111111) (377) (255) (FF)   ;
;680;(0000000011111111) (377) (255) (FF)    ;(0000000011111111) (377) (255) (FF)   ;(0000000011111111) (377) (255) (FF)   ;(0000000011111111) (377) (255) (FF)   ;(0000000011111111) (377) (255) (FF)   ;(0000000011111111) (377) (255) (FF)   ;(0000000011111111) (377) (255) (FF)   ;(0000000011111111) (377) (255) (FF)   ;
;688;(0000000011111111) (377) (255) (FF)    ;(0000000011111111) (377) (255) (FF)   ;(0000000011111111) (377) (255) (FF)   ;(0000000011010101) (325) (213) (D5)   ;(0000000000101010) (52) (42) (2A)   ;(0000000000000000) (0) (0) (00)   ;(0000000000000000) (0) (0) (00)   ;(0000000000000000) (0) (0) (00)   ;
;696;(0000000000000000) (0) (0) (00)    ;(0000000000000000) (0) (0) (00)   ;(0000000000000000) (0) (0) (00)   ;(0000000000000000) (0) (0) (00)   ;(0000000000000000) (0) (0) (00)   ;(0000000000000000) (0) (0) (00)   ;(0000000000000000) (0) (0) (00)   ;(0000000000000000) (0) (0) (00)   ;
;704;(0000000000000000) (0) (0) (00)    ;(0000000000000000) (0) (0) (00)   ;(0000000000000000) (0) (0) (00)   ;(0000000010010011) (223) (147) (93)   ;(0000000011111111) (377) (255) (FF)   ;(0000000011111111) (377) (255) (FF)   ;(0000000011111111) (377) (255) (FF)   ;(0000000011111111) (377) (255) (FF)   ;
;712;(0000000011111111) (377) (255) (FF)    ;(0000000011111111) (377) (255) (FF)   ;(0000000011111111) (377) (255) (FF)   ;(0000000011111111) (377) (255) (FF)   ;(0000000011111111) (377) (255) (FF)   ;(0000000011010100) (324) (212) (D4)   ;(0000000001100111) (147) (103) (67)   ;(0000000000000110) (6) (6) (06)   ;
;720;(0000000000000000) (0) (0) (00)    ;(0000000000000000) (0) (0) (00)   ;(0000000000000000) (0) (0) (00)   ;(0000000000000000) (0) (0) (00)   ;(0000000000000000) (0) (0) (00)   ;(0000000000000000) (0) (0) (00)   ;(0000000000000000) (0) (0) (00)   ;(0000000000000000) (0) (0) (00)   ;
;728;(0000000000000000) (0) (0) (00)    ;(0000000000000000) (0) (0) (00)   ;(0000000000000000) (0) (0) (00)   ;(0000000000000000) (0) (0) (00)   ;(0000000000000000) (0) (0) (00)   ;(0000000000000000) (0) (0) (00)   ;(0000000000000000) (0) (0) (00)   ;(0000000000000000) (0) (0) (00)   ;
;736;(0000000001100001) (141) (97) (61)    ;(0000000010111111) (277) (191) (BF)   ;(0000000011001101) (315) (205) (CD)   ;(0000000011001100) (314) (204) (CC)   ;(0000000011001101) (315) (205) (CD)   ;(0000000011000101) (305) (197) (C5)   ;(0000000010101001) (251) (169) (A9)   ;(0000000001111101) (175) (125) (7D)   ;
;744;(0000000000111010) (72) (58) (3A)    ;(0000000000000010) (2) (2) (02)   ;(0000000000000000) (0) (0) (00)   ;(0000000000000000) (0) (0) (00)   ;(0000000000000000) (0) (0) (00)   ;(0000000000000000) (0) (0) (00)   ;(0000000000000000) (0) (0) (00)   ;(0000000000000000) (0) (0) (00)   ;
;752;(0000000000000000) (0) (0) (00)    ;(0000000000000000) (0) (0) (00)   ;(0000000000000000) (0) (0) (00)   ;(0000000000000000) (0) (0) (00)   ;(0000000000000000) (0) (0) (00)   ;(0000000000000000) (0) (0) (00)   ;(0000000000000000) (0) (0) (00)   ;(0000000000000000) (0) (0) (00)   ;
;760;(0000000000000000) (0) (0) (00)    ;(0000000000000000) (0) (0) (00)   ;(0000000000000000) (0) (0) (00)   ;(0000000000000000) (0) (0) (00)   ;(0000000000000000) (0) (0) (00)   ;(0000000000000000) (0) (0) (00)   ;(0000000000000000) (0) (0) (00)   ;(0000000000000000) (0) (0) (00)   ;
;768;(0000000000000000) (0) (0) (00)    ;(0000000000000000) (0) (0) (00)   ;(0000000000000000) (0) (0) (00)   ;(0000000000000000) (0) (0) (00)   ;(0000000000000000) (0) (0) (00)   ;(0000000000000000) (0) (0) (00)   ;(0000000000000000) (0) (0) (00)   ;(0000000000000000) (0) (0) (00)   ;
;776;(0000000000000000) (0) (0) (00)    ;(0000000000000000) (0) (0) (00)   ;(0000000000000000) (0) (0) (00)   ;(0000000000000000) (0) (0) (00)   ;(0000000000000000) (0) (0) (00)   ;(0000000000000000) (0) (0) (00)   ;(0000000000000000) (0) (0) (00)   ;(0000000000000000) (0) (0) (00)   ;


RAM content values are presented in the following format: (Binary) (Octal) (Decimal) (Hexadecimal) 
+------------------------------------------------------------------------------------------------------------------------------------------------------------------------------------------------------------------------------------------------------------------+
; |top|conv1:conv1_w|altsyncram:altsyncram_component|altsyncram_pnk1:auto_generated|ALTSYNCRAM                                                                                                                                                                     ;
+------------------------------------------------------------------------------------------------------------------------------------------------------------------------------------------------------------------------------------------------------------------+
;   Addr   ;              +0              ;              +1              ;              +2              ;              +3              ;              +4              ;              +5              ;              +6              ;              +7              ;
+----------+------------------------------+------------------------------+------------------------------+------------------------------+------------------------------+------------------------------+------------------------------+------------------------------+
;0;(0000000000001000) (10) (8) (08)    ;(0000000001001010) (112) (74) (4A)   ;(0000000001000011) (103) (67) (43)   ;(1111111111101101) (177755) (65517) (FFED)   ;(0000000000100101) (45) (37) (25)   ;(0000000001000001) (101) (65) (41)   ;(0000000000101101) (55) (45) (2D)   ;(0000000000100100) (44) (36) (24)   ;
;8;(0000000000101010) (52) (42) (2A)    ;(0000000001001001) (111) (73) (49)   ;(0000000001000111) (107) (71) (47)   ;(0000000001001010) (112) (74) (4A)   ;(1111111111100100) (177744) (65508) (FFE4)   ;(0000000000111000) (70) (56) (38)   ;(0000000001000001) (101) (65) (41)   ;(0000000000010011) (23) (19) (13)   ;
;16;(1111111111010011) (177723) (65491) (FFD3)    ;(0000000000010110) (26) (22) (16)   ;(1111111111100101) (177745) (65509) (FFE5)   ;(0000000001010110) (126) (86) (56)   ;(1111111111001000) (177710) (65480) (FFC8)   ;(0000000000010100) (24) (20) (14)   ;(0000000000010111) (27) (23) (17)   ;(0000000000110101) (65) (53) (35)   ;
;24;(1111111110000101) (177605) (65413) (FF85)    ;(1111111111011000) (177730) (65496) (FFD8)   ;(0000000000000011) (3) (3) (03)   ;(0000000000011010) (32) (26) (1A)   ;(1111111111101011) (177753) (65515) (FFEB)   ;(0000000000011000) (30) (24) (18)   ;(0000000000011100) (34) (28) (1C)   ;(0000000000001100) (14) (12) (0C)   ;
;32;(1111111110001000) (177610) (65416) (FF88)    ;(1111111111000011) (177703) (65475) (FFC3)   ;(0000000000011011) (33) (27) (1B)   ;(1111111111101000) (177750) (65512) (FFE8)   ;(1111111111100100) (177744) (65508) (FFE4)   ;(1111111110101011) (177653) (65451) (FFAB)   ;(1111111111011011) (177733) (65499) (FFDB)   ;(1111111110101010) (177652) (65450) (FFAA)   ;
;40;(0000000000010110) (26) (22) (16)    ;(0000000001001000) (110) (72) (48)   ;(1111111111111110) (177776) (65534) (FFFE)   ;(0000000000110000) (60) (48) (30)   ;(0000000001001111) (117) (79) (4F)   ;(0000000000111010) (72) (58) (3A)   ;(1111111110110010) (177662) (65458) (FFB2)   ;(0000000000101111) (57) (47) (2F)   ;
;48;(0000000001010001) (121) (81) (51)    ;(0000000000100001) (41) (33) (21)   ;(1111111110101101) (177655) (65453) (FFAD)   ;(0000000001000011) (103) (67) (43)   ;(1111111111111100) (177774) (65532) (FFFC)   ;(0000000000001111) (17) (15) (0F)   ;(0000000000101010) (52) (42) (2A)   ;(0000000000001100) (14) (12) (0C)   ;
;56;(0000000000001100) (14) (12) (0C)    ;(0000000000000010) (2) (2) (02)   ;(1111111101111100) (177574) (65404) (FF7C)   ;(0000000001001100) (114) (76) (4C)   ;(0000000000111001) (71) (57) (39)   ;(1111111111001011) (177713) (65483) (FFCB)   ;(0000000001110111) (167) (119) (77)   ;(0000000001000110) (106) (70) (46)   ;
;64;(1111111111010001) (177721) (65489) (FFD1)    ;(0000000000011110) (36) (30) (1E)   ;(1111111110100110) (177646) (65446) (FFA6)   ;(1111111111101010) (177752) (65514) (FFEA)   ;(0000000000011010) (32) (26) (1A)   ;(1111111111100101) (177745) (65509) (FFE5)   ;(0000000000011111) (37) (31) (1F)   ;(1111111111001011) (177713) (65483) (FFCB)   ;
;72;(1111111110111010) (177672) (65466) (FFBA)    ;(1111111111101100) (177754) (65516) (FFEC)   ;(1111111111100100) (177744) (65508) (FFE4)   ;(1111111101110110) (177566) (65398) (FF76)   ;(0000000001001010) (112) (74) (4A)   ;(1111111111010010) (177722) (65490) (FFD2)   ;(1111111110111101) (177675) (65469) (FFBD)   ;(1111111110101000) (177650) (65448) (FFA8)   ;
;80;(0000000000101010) (52) (42) (2A)    ;(0000000000010011) (23) (19) (13)   ;(1111111110101011) (177653) (65451) (FFAB)   ;(0000000001001101) (115) (77) (4D)   ;(0000000001001010) (112) (74) (4A)   ;(0000000000011110) (36) (30) (1E)   ;(1111111101110101) (177565) (65397) (FF75)   ;(0000000000111101) (75) (61) (3D)   ;
;88;(0000000000100001) (41) (33) (21)    ;(0000000001011010) (132) (90) (5A)   ;(1111111101110010) (177562) (65394) (FF72)   ;(0000000001011111) (137) (95) (5F)   ;(0000000001010100) (124) (84) (54)   ;(0000000000001101) (15) (13) (0D)   ;(0000000000001100) (14) (12) (0C)   ;(0000000001001010) (112) (74) (4A)   ;
;96;(0000000000011100) (34) (28) (1C)    ;(0000000001001000) (110) (72) (48)   ;(1111111111000110) (177706) (65478) (FFC6)   ;(0000000000011111) (37) (31) (1F)   ;(0000000001000000) (100) (64) (40)   ;(1111111111110111) (177767) (65527) (FFF7)   ;(0000000001110110) (166) (118) (76)   ;(0000000000100001) (41) (33) (21)   ;
;104;(0000000001000110) (106) (70) (46)    ;(0000000000110000) (60) (48) (30)   ;(1111111111011010) (177732) (65498) (FFDA)   ;(1111111111011011) (177733) (65499) (FFDB)   ;(0000000001001011) (113) (75) (4B)   ;(1111111111010001) (177721) (65489) (FFD1)   ;(0000000001000100) (104) (68) (44)   ;(1111111110101001) (177651) (65449) (FFA9)   ;
;112;(0000000001010010) (122) (82) (52)    ;(0000000000000111) (7) (7) (07)   ;(0000000001001110) (116) (78) (4E)   ;(1111111101111011) (177573) (65403) (FF7B)   ;(0000000000110100) (64) (52) (34)   ;(0000000000011011) (33) (27) (1B)   ;(1111111111111000) (177770) (65528) (FFF8)   ;(1111111110001000) (177610) (65416) (FF88)   ;
;120;(0000000000000101) (5) (5) (05)    ;(1111111111111000) (177770) (65528) (FFF8)   ;(1111111110110010) (177662) (65458) (FFB2)   ;(0000000000011111) (37) (31) (1F)   ;(0000000000100011) (43) (35) (23)   ;(0000000000101010) (52) (42) (2A)   ;(1111111110001100) (177614) (65420) (FF8C)   ;(0000000000101110) (56) (46) (2E)   ;
;128;(0000000000110110) (66) (54) (36)    ;(0000000001010011) (123) (83) (53)   ;(1111111111000000) (177700) (65472) (FFC0)   ;(0000000001001100) (114) (76) (4C)   ;(0000000000101100) (54) (44) (2C)   ;(0000000000000011) (3) (3) (03)   ;(0000000000010101) (25) (21) (15)   ;(0000000001010000) (120) (80) (50)   ;
;136;(0000000001110000) (160) (112) (70)    ;(0000000000111011) (73) (59) (3B)   ;(0000000000001011) (13) (11) (0B)   ;(0000000000011000) (30) (24) (18)   ;(0000000000001001) (11) (9) (09)   ;(0000000001001000) (110) (72) (48)   ;(0000000000110101) (65) (53) (35)   ;(0000000001101011) (153) (107) (6B)   ;
;144;(0000000001111001) (171) (121) (79)    ;(0000000000110111) (67) (55) (37)   ;(0000000001001101) (115) (77) (4D)   ;(1111111110011011) (177633) (65435) (FF9B)   ;(1111111111111101) (177775) (65533) (FFFD)   ;(0000000001001101) (115) (77) (4D)   ;(0000000001001111) (117) (79) (4F)   ;(1111111111100110) (177746) (65510) (FFE6)   ;
;152;(0000000001010000) (120) (80) (50)    ;(0000000000011110) (36) (30) (1E)   ;(0000000001011010) (132) (90) (5A)   ;(1111111110010010) (177622) (65426) (FF92)   ;(0000000000111000) (70) (56) (38)   ;(1111111111111111) (177777) (65535) (FFFF)   ;(1111111111100101) (177745) (65509) (FFE5)   ;(1111111110011011) (177633) (65435) (FF9B)   ;
;160;(0000000000000100) (4) (4) (04)    ;(1111111111010110) (177726) (65494) (FFD6)   ;(0000000000010000) (20) (16) (10)   ;(0000000000110000) (60) (48) (30)   ;(1111111110101001) (177651) (65449) (FFA9)   ;(0000000000001101) (15) (13) (0D)   ;(1111111110110001) (177661) (65457) (FFB1)   ;(0000000000000001) (1) (1) (01)   ;
;168;(0000000000100101) (45) (37) (25)    ;(0000000000101101) (55) (45) (2D)   ;(0000000010000000) (200) (128) (80)   ;(0000000000110111) (67) (55) (37)   ;(1111111111000111) (177707) (65479) (FFC7)   ;(0000000000011110) (36) (30) (1E)   ;(0000000000110100) (64) (52) (34)   ;(0000000000101100) (54) (44) (2C)   ;
;176;(0000000000100111) (47) (39) (27)    ;(0000000000101110) (56) (46) (2E)   ;(0000000010000011) (203) (131) (83)   ;(1111111110111111) (177677) (65471) (FFBF)   ;(1111111110111111) (177677) (65471) (FFBF)   ;(0000000000000110) (6) (6) (06)   ;(0000000001000100) (104) (68) (44)   ;(0000000001101101) (155) (109) (6D)   ;
;184;(0000000000110010) (62) (50) (32)    ;(0000000000011101) (35) (29) (1D)   ;(0000000001101010) (152) (106) (6A)   ;(1111111110010110) (177626) (65430) (FF96)   ;(1111111110101011) (177653) (65451) (FFAB)   ;(0000000000011001) (31) (25) (19)   ;(1111111111110001) (177761) (65521) (FFF1)   ;(0000000000000001) (1) (1) (01)   ;
;192;(0000000000110100) (64) (52) (34)    ;(0000000000001000) (10) (8) (08)   ;(0000000000100001) (41) (33) (21)   ;(1111111111001001) (177711) (65481) (FFC9)   ;(1111111110100110) (177646) (65446) (FFA6)   ;(0000000000100100) (44) (36) (24)   ;(0000000000010110) (26) (22) (16)   ;(1111111111101100) (177754) (65516) (FFEC)   ;
;200;(0000000000000000) (0) (0) (00)    ;(0000000000000000) (0) (0) (00)   ;(0000000000000000) (0) (0) (00)   ;(0000000000000000) (0) (0) (00)   ;(0000000000000000) (0) (0) (00)   ;(0000000000000000) (0) (0) (00)   ;(0000000000000000) (0) (0) (00)   ;(0000000000000000) (0) (0) (00)   ;
;208;(0000000000000000) (0) (0) (00)    ;(0000000000000000) (0) (0) (00)   ;(0000000000000000) (0) (0) (00)   ;(0000000000000000) (0) (0) (00)   ;(0000000000000000) (0) (0) (00)   ;(0000000000000000) (0) (0) (00)   ;(0000000000000000) (0) (0) (00)   ;(0000000000000000) (0) (0) (00)   ;
;216;(0000000000000000) (0) (0) (00)    ;(0000000000000000) (0) (0) (00)   ;(0000000000000000) (0) (0) (00)   ;(0000000000000000) (0) (0) (00)   ;(0000000000000000) (0) (0) (00)   ;(0000000000000000) (0) (0) (00)   ;(0000000000000000) (0) (0) (00)   ;(0000000000000000) (0) (0) (00)   ;
;224;(0000000000000000) (0) (0) (00)    ;(0000000000000000) (0) (0) (00)   ;(0000000000000000) (0) (0) (00)   ;(0000000000000000) (0) (0) (00)   ;(0000000000000000) (0) (0) (00)   ;(0000000000000000) (0) (0) (00)   ;(0000000000000000) (0) (0) (00)   ;(0000000000000000) (0) (0) (00)   ;
;232;(0000000000000000) (0) (0) (00)    ;(0000000000000000) (0) (0) (00)   ;(0000000000000000) (0) (0) (00)   ;(0000000000000000) (0) (0) (00)   ;(0000000000000000) (0) (0) (00)   ;(0000000000000000) (0) (0) (00)   ;(0000000000000000) (0) (0) (00)   ;(0000000000000000) (0) (0) (00)   ;
;240;(0000000000000000) (0) (0) (00)    ;(0000000000000000) (0) (0) (00)   ;(0000000000000000) (0) (0) (00)   ;(0000000000000000) (0) (0) (00)   ;(0000000000000000) (0) (0) (00)   ;(0000000000000000) (0) (0) (00)   ;(0000000000000000) (0) (0) (00)   ;(0000000000000000) (0) (0) (00)   ;
;248;(0000000000000000) (0) (0) (00)    ;(0000000000000000) (0) (0) (00)   ;(0000000000000000) (0) (0) (00)   ;(0000000000000000) (0) (0) (00)   ;(0000000000000000) (0) (0) (00)   ;(0000000000000000) (0) (0) (00)   ;(0000000000000000) (0) (0) (00)   ;(0000000000000000) (0) (0) (00)   ;
;256;(0000000000000000) (0) (0) (00)    ;(0000000000000000) (0) (0) (00)   ;(0000000000000000) (0) (0) (00)   ;(0000000000000000) (0) (0) (00)   ;(0000000000000000) (0) (0) (00)   ;(0000000000000000) (0) (0) (00)   ;(0000000000000000) (0) (0) (00)   ;(0000000000000000) (0) (0) (00)   ;
;264;(0000000000000000) (0) (0) (00)    ;(0000000000000000) (0) (0) (00)   ;(0000000000000000) (0) (0) (00)   ;(0000000000000000) (0) (0) (00)   ;(0000000000000000) (0) (0) (00)   ;(0000000000000000) (0) (0) (00)   ;(0000000000000000) (0) (0) (00)   ;(0000000000000000) (0) (0) (00)   ;
;272;(0000000000000000) (0) (0) (00)    ;(0000000000000000) (0) (0) (00)   ;(0000000000000000) (0) (0) (00)   ;(0000000000000000) (0) (0) (00)   ;(0000000000000000) (0) (0) (00)   ;(0000000000000000) (0) (0) (00)   ;(0000000000000000) (0) (0) (00)   ;(0000000000000000) (0) (0) (00)   ;
;280;(0000000000000000) (0) (0) (00)    ;(0000000000000000) (0) (0) (00)   ;(0000000000000000) (0) (0) (00)   ;(0000000000000000) (0) (0) (00)   ;(0000000000000000) (0) (0) (00)   ;(0000000000000000) (0) (0) (00)   ;(0000000000000000) (0) (0) (00)   ;(0000000000000000) (0) (0) (00)   ;
;288;(0000000000000000) (0) (0) (00)    ;(0000000000000000) (0) (0) (00)   ;(0000000000000000) (0) (0) (00)   ;(0000000000000000) (0) (0) (00)   ;(0000000000000000) (0) (0) (00)   ;(0000000000000000) (0) (0) (00)   ;(0000000000000000) (0) (0) (00)   ;(0000000000000000) (0) (0) (00)   ;
;296;(0000000000000000) (0) (0) (00)    ;(0000000000000000) (0) (0) (00)   ;(0000000000000000) (0) (0) (00)   ;(0000000000000000) (0) (0) (00)   ;(0000000000000000) (0) (0) (00)   ;(0000000000000000) (0) (0) (00)   ;(0000000000000000) (0) (0) (00)   ;(0000000000000000) (0) (0) (00)   ;
;304;(0000000000000000) (0) (0) (00)    ;(0000000000000000) (0) (0) (00)   ;(0000000000000000) (0) (0) (00)   ;(0000000000000000) (0) (0) (00)   ;(0000000000000000) (0) (0) (00)   ;(0000000000000000) (0) (0) (00)   ;(0000000000000000) (0) (0) (00)   ;(0000000000000000) (0) (0) (00)   ;
;312;(0000000000000000) (0) (0) (00)    ;(0000000000000000) (0) (0) (00)   ;(0000000000000000) (0) (0) (00)   ;(0000000000000000) (0) (0) (00)   ;(0000000000000000) (0) (0) (00)   ;(0000000000000000) (0) (0) (00)   ;(0000000000000000) (0) (0) (00)   ;(0000000000000000) (0) (0) (00)   ;
;320;(0000000000000000) (0) (0) (00)    ;(0000000000000000) (0) (0) (00)   ;(0000000000000000) (0) (0) (00)   ;(0000000000000000) (0) (0) (00)   ;(0000000000000000) (0) (0) (00)   ;(0000000000000000) (0) (0) (00)   ;(0000000000000000) (0) (0) (00)   ;(0000000000000000) (0) (0) (00)   ;
;328;(0000000000000000) (0) (0) (00)    ;(0000000000000000) (0) (0) (00)   ;(0000000000000000) (0) (0) (00)   ;(0000000000000000) (0) (0) (00)   ;(0000000000000000) (0) (0) (00)   ;(0000000000000000) (0) (0) (00)   ;(0000000000000000) (0) (0) (00)   ;(0000000000000000) (0) (0) (00)   ;
;336;(0000000000000000) (0) (0) (00)    ;(0000000000000000) (0) (0) (00)   ;(0000000000000000) (0) (0) (00)   ;(0000000000000000) (0) (0) (00)   ;(0000000000000000) (0) (0) (00)   ;(0000000000000000) (0) (0) (00)   ;(0000000000000000) (0) (0) (00)   ;(0000000000000000) (0) (0) (00)   ;
;344;(0000000000000000) (0) (0) (00)    ;(0000000000000000) (0) (0) (00)   ;(0000000000000000) (0) (0) (00)   ;(0000000000000000) (0) (0) (00)   ;(0000000000000000) (0) (0) (00)   ;(0000000000000000) (0) (0) (00)   ;(0000000000000000) (0) (0) (00)   ;(0000000000000000) (0) (0) (00)   ;
;352;(0000000000000000) (0) (0) (00)    ;(0000000000000000) (0) (0) (00)   ;(0000000000000000) (0) (0) (00)   ;(0000000000000000) (0) (0) (00)   ;(0000000000000000) (0) (0) (00)   ;(0000000000000000) (0) (0) (00)   ;(0000000000000000) (0) (0) (00)   ;(0000000000000000) (0) (0) (00)   ;
;360;(0000000000000000) (0) (0) (00)    ;(0000000000000000) (0) (0) (00)   ;(0000000000000000) (0) (0) (00)   ;(0000000000000000) (0) (0) (00)   ;(0000000000000000) (0) (0) (00)   ;(0000000000000000) (0) (0) (00)   ;(0000000000000000) (0) (0) (00)   ;(0000000000000000) (0) (0) (00)   ;
;368;(0000000000000000) (0) (0) (00)    ;(0000000000000000) (0) (0) (00)   ;(0000000000000000) (0) (0) (00)   ;(0000000000000000) (0) (0) (00)   ;(0000000000000000) (0) (0) (00)   ;(0000000000000000) (0) (0) (00)   ;(0000000000000000) (0) (0) (00)   ;(0000000000000000) (0) (0) (00)   ;
;376;(0000000000000000) (0) (0) (00)    ;(0000000000000000) (0) (0) (00)   ;(0000000000000000) (0) (0) (00)   ;(0000000000000000) (0) (0) (00)   ;(0000000000000000) (0) (0) (00)   ;(0000000000000000) (0) (0) (00)   ;(0000000000000000) (0) (0) (00)   ;(0000000000000000) (0) (0) (00)   ;
;384;(0000000000000000) (0) (0) (00)    ;(0000000000000000) (0) (0) (00)   ;(0000000000000000) (0) (0) (00)   ;(0000000000000000) (0) (0) (00)   ;(0000000000000000) (0) (0) (00)   ;(0000000000000000) (0) (0) (00)   ;(0000000000000000) (0) (0) (00)   ;(0000000000000000) (0) (0) (00)   ;
;392;(0000000000000000) (0) (0) (00)    ;(0000000000000000) (0) (0) (00)   ;(0000000000000000) (0) (0) (00)   ;(0000000000000000) (0) (0) (00)   ;(0000000000000000) (0) (0) (00)   ;(0000000000000000) (0) (0) (00)   ;(0000000000000000) (0) (0) (00)   ;(0000000000000000) (0) (0) (00)   ;
;400;(0000000000000000) (0) (0) (00)    ;(0000000000000000) (0) (0) (00)   ;(0000000000000000) (0) (0) (00)   ;(0000000000000000) (0) (0) (00)   ;(0000000000000000) (0) (0) (00)   ;(0000000000000000) (0) (0) (00)   ;(0000000000000000) (0) (0) (00)   ;(0000000000000000) (0) (0) (00)   ;
;408;(0000000000000000) (0) (0) (00)    ;(0000000000000000) (0) (0) (00)   ;(0000000000000000) (0) (0) (00)   ;(0000000000000000) (0) (0) (00)   ;(0000000000000000) (0) (0) (00)   ;(0000000000000000) (0) (0) (00)   ;(0000000000000000) (0) (0) (00)   ;(0000000000000000) (0) (0) (00)   ;
;416;(0000000000000000) (0) (0) (00)    ;(0000000000000000) (0) (0) (00)   ;(0000000000000000) (0) (0) (00)   ;(0000000000000000) (0) (0) (00)   ;(0000000000000000) (0) (0) (00)   ;(0000000000000000) (0) (0) (00)   ;(0000000000000000) (0) (0) (00)   ;(0000000000000000) (0) (0) (00)   ;
;424;(0000000000000000) (0) (0) (00)    ;(0000000000000000) (0) (0) (00)   ;(0000000000000000) (0) (0) (00)   ;(0000000000000000) (0) (0) (00)   ;(0000000000000000) (0) (0) (00)   ;(0000000000000000) (0) (0) (00)   ;(0000000000000000) (0) (0) (00)   ;(0000000000000000) (0) (0) (00)   ;
;432;(0000000000000000) (0) (0) (00)    ;(0000000000000000) (0) (0) (00)   ;(0000000000000000) (0) (0) (00)   ;(0000000000000000) (0) (0) (00)   ;(0000000000000000) (0) (0) (00)   ;(0000000000000000) (0) (0) (00)   ;(0000000000000000) (0) (0) (00)   ;(0000000000000000) (0) (0) (00)   ;
;440;(0000000000000000) (0) (0) (00)    ;(0000000000000000) (0) (0) (00)   ;(0000000000000000) (0) (0) (00)   ;(0000000000000000) (0) (0) (00)   ;(0000000000000000) (0) (0) (00)   ;(0000000000000000) (0) (0) (00)   ;(0000000000000000) (0) (0) (00)   ;(0000000000000000) (0) (0) (00)   ;
;448;(0000000000000000) (0) (0) (00)    ;(0000000000000000) (0) (0) (00)   ;(0000000000000000) (0) (0) (00)   ;(0000000000000000) (0) (0) (00)   ;(0000000000000000) (0) (0) (00)   ;(0000000000000000) (0) (0) (00)   ;(0000000000000000) (0) (0) (00)   ;(0000000000000000) (0) (0) (00)   ;
;456;(0000000000000000) (0) (0) (00)    ;(0000000000000000) (0) (0) (00)   ;(0000000000000000) (0) (0) (00)   ;(0000000000000000) (0) (0) (00)   ;(0000000000000000) (0) (0) (00)   ;(0000000000000000) (0) (0) (00)   ;(0000000000000000) (0) (0) (00)   ;(0000000000000000) (0) (0) (00)   ;
;464;(0000000000000000) (0) (0) (00)    ;(0000000000000000) (0) (0) (00)   ;(0000000000000000) (0) (0) (00)   ;(0000000000000000) (0) (0) (00)   ;(0000000000000000) (0) (0) (00)   ;(0000000000000000) (0) (0) (00)   ;(0000000000000000) (0) (0) (00)   ;(0000000000000000) (0) (0) (00)   ;
;472;(0000000000000000) (0) (0) (00)    ;(0000000000000000) (0) (0) (00)   ;(0000000000000000) (0) (0) (00)   ;(0000000000000000) (0) (0) (00)   ;(0000000000000000) (0) (0) (00)   ;(0000000000000000) (0) (0) (00)   ;(0000000000000000) (0) (0) (00)   ;(0000000000000000) (0) (0) (00)   ;
;480;(0000000000000000) (0) (0) (00)    ;(0000000000000000) (0) (0) (00)   ;(0000000000000000) (0) (0) (00)   ;(0000000000000000) (0) (0) (00)   ;(0000000000000000) (0) (0) (00)   ;(0000000000000000) (0) (0) (00)   ;(0000000000000000) (0) (0) (00)   ;(0000000000000000) (0) (0) (00)   ;
;488;(0000000000000000) (0) (0) (00)    ;(0000000000000000) (0) (0) (00)   ;(0000000000000000) (0) (0) (00)   ;(0000000000000000) (0) (0) (00)   ;(0000000000000000) (0) (0) (00)   ;(0000000000000000) (0) (0) (00)   ;(0000000000000000) (0) (0) (00)   ;(0000000000000000) (0) (0) (00)   ;
;496;(0000000000000000) (0) (0) (00)    ;(0000000000000000) (0) (0) (00)   ;(0000000000000000) (0) (0) (00)   ;(0000000000000000) (0) (0) (00)   ;(0000000000000000) (0) (0) (00)   ;(0000000000000000) (0) (0) (00)   ;(0000000000000000) (0) (0) (00)   ;(0000000000000000) (0) (0) (00)   ;
;504;(0000000000000000) (0) (0) (00)    ;(0000000000000000) (0) (0) (00)   ;(0000000000000000) (0) (0) (00)   ;(0000000000000000) (0) (0) (00)   ;(0000000000000000) (0) (0) (00)   ;(0000000000000000) (0) (0) (00)   ;(0000000000000000) (0) (0) (00)   ;(0000000000000000) (0) (0) (00)   ;
;512;(0000000000000000) (0) (0) (00)    ;(0000000000000000) (0) (0) (00)   ;(0000000000000000) (0) (0) (00)   ;(0000000000000000) (0) (0) (00)   ;(0000000000000000) (0) (0) (00)   ;(0000000000000000) (0) (0) (00)   ;(0000000000000000) (0) (0) (00)   ;(0000000000000000) (0) (0) (00)   ;
;520;(0000000000000000) (0) (0) (00)    ;(0000000000000000) (0) (0) (00)   ;(0000000000000000) (0) (0) (00)   ;(0000000000000000) (0) (0) (00)   ;(0000000000000000) (0) (0) (00)   ;(0000000000000000) (0) (0) (00)   ;(0000000000000000) (0) (0) (00)   ;(0000000000000000) (0) (0) (00)   ;
;528;(0000000000000000) (0) (0) (00)    ;(0000000000000000) (0) (0) (00)   ;(0000000000000000) (0) (0) (00)   ;(0000000000000000) (0) (0) (00)   ;(0000000000000000) (0) (0) (00)   ;(0000000000000000) (0) (0) (00)   ;(0000000000000000) (0) (0) (00)   ;(0000000000000000) (0) (0) (00)   ;
;536;(0000000000000000) (0) (0) (00)    ;(0000000000000000) (0) (0) (00)   ;(0000000000000000) (0) (0) (00)   ;(0000000000000000) (0) (0) (00)   ;(0000000000000000) (0) (0) (00)   ;(0000000000000000) (0) (0) (00)   ;(0000000000000000) (0) (0) (00)   ;(0000000000000000) (0) (0) (00)   ;
;544;(0000000000000000) (0) (0) (00)    ;(0000000000000000) (0) (0) (00)   ;(0000000000000000) (0) (0) (00)   ;(0000000000000000) (0) (0) (00)   ;(0000000000000000) (0) (0) (00)   ;(0000000000000000) (0) (0) (00)   ;(0000000000000000) (0) (0) (00)   ;(0000000000000000) (0) (0) (00)   ;
;552;(0000000000000000) (0) (0) (00)    ;(0000000000000000) (0) (0) (00)   ;(0000000000000000) (0) (0) (00)   ;(0000000000000000) (0) (0) (00)   ;(0000000000000000) (0) (0) (00)   ;(0000000000000000) (0) (0) (00)   ;(0000000000000000) (0) (0) (00)   ;(0000000000000000) (0) (0) (00)   ;
;560;(0000000000000000) (0) (0) (00)    ;(0000000000000000) (0) (0) (00)   ;(0000000000000000) (0) (0) (00)   ;(0000000000000000) (0) (0) (00)   ;(0000000000000000) (0) (0) (00)   ;(0000000000000000) (0) (0) (00)   ;(0000000000000000) (0) (0) (00)   ;(0000000000000000) (0) (0) (00)   ;
;568;(0000000000000000) (0) (0) (00)    ;(0000000000000000) (0) (0) (00)   ;(0000000000000000) (0) (0) (00)   ;(0000000000000000) (0) (0) (00)   ;(0000000000000000) (0) (0) (00)   ;(0000000000000000) (0) (0) (00)   ;(0000000000000000) (0) (0) (00)   ;(0000000000000000) (0) (0) (00)   ;
;576;(0000000000000000) (0) (0) (00)    ;(0000000000000000) (0) (0) (00)   ;(0000000000000000) (0) (0) (00)   ;(0000000000000000) (0) (0) (00)   ;(0000000000000000) (0) (0) (00)   ;(0000000000000000) (0) (0) (00)   ;(0000000000000000) (0) (0) (00)   ;(0000000000000000) (0) (0) (00)   ;
;584;(0000000000000000) (0) (0) (00)    ;(0000000000000000) (0) (0) (00)   ;(0000000000000000) (0) (0) (00)   ;(0000000000000000) (0) (0) (00)   ;(0000000000000000) (0) (0) (00)   ;(0000000000000000) (0) (0) (00)   ;(0000000000000000) (0) (0) (00)   ;(0000000000000000) (0) (0) (00)   ;
;592;(0000000000000000) (0) (0) (00)    ;(0000000000000000) (0) (0) (00)   ;(0000000000000000) (0) (0) (00)   ;(0000000000000000) (0) (0) (00)   ;(0000000000000000) (0) (0) (00)   ;(0000000000000000) (0) (0) (00)   ;(0000000000000000) (0) (0) (00)   ;(0000000000000000) (0) (0) (00)   ;
;600;(0000000000000000) (0) (0) (00)    ;(0000000000000000) (0) (0) (00)   ;(0000000000000000) (0) (0) (00)   ;(0000000000000000) (0) (0) (00)   ;(0000000000000000) (0) (0) (00)   ;(0000000000000000) (0) (0) (00)   ;(0000000000000000) (0) (0) (00)   ;(0000000000000000) (0) (0) (00)   ;
;608;(0000000000000000) (0) (0) (00)    ;(0000000000000000) (0) (0) (00)   ;(0000000000000000) (0) (0) (00)   ;(0000000000000000) (0) (0) (00)   ;(0000000000000000) (0) (0) (00)   ;(0000000000000000) (0) (0) (00)   ;(0000000000000000) (0) (0) (00)   ;(0000000000000000) (0) (0) (00)   ;
;616;(0000000000000000) (0) (0) (00)    ;(0000000000000000) (0) (0) (00)   ;(0000000000000000) (0) (0) (00)   ;(0000000000000000) (0) (0) (00)   ;(0000000000000000) (0) (0) (00)   ;(0000000000000000) (0) (0) (00)   ;(0000000000000000) (0) (0) (00)   ;(0000000000000000) (0) (0) (00)   ;
;624;(0000000000000000) (0) (0) (00)    ;(0000000000000000) (0) (0) (00)   ;(0000000000000000) (0) (0) (00)   ;(0000000000000000) (0) (0) (00)   ;(0000000000000000) (0) (0) (00)   ;(0000000000000000) (0) (0) (00)   ;(0000000000000000) (0) (0) (00)   ;(0000000000000000) (0) (0) (00)   ;
;632;(0000000000000000) (0) (0) (00)    ;(0000000000000000) (0) (0) (00)   ;(0000000000000000) (0) (0) (00)   ;(0000000000000000) (0) (0) (00)   ;(0000000000000000) (0) (0) (00)   ;(0000000000000000) (0) (0) (00)   ;(0000000000000000) (0) (0) (00)   ;(0000000000000000) (0) (0) (00)   ;
;640;(0000000000000000) (0) (0) (00)    ;(0000000000000000) (0) (0) (00)   ;(0000000000000000) (0) (0) (00)   ;(0000000000000000) (0) (0) (00)   ;(0000000000000000) (0) (0) (00)   ;(0000000000000000) (0) (0) (00)   ;(0000000000000000) (0) (0) (00)   ;(0000000000000000) (0) (0) (00)   ;
;648;(0000000000000000) (0) (0) (00)    ;(0000000000000000) (0) (0) (00)   ;(0000000000000000) (0) (0) (00)   ;(0000000000000000) (0) (0) (00)   ;(0000000000000000) (0) (0) (00)   ;(0000000000000000) (0) (0) (00)   ;(0000000000000000) (0) (0) (00)   ;(0000000000000000) (0) (0) (00)   ;
;656;(0000000000000000) (0) (0) (00)    ;(0000000000000000) (0) (0) (00)   ;(0000000000000000) (0) (0) (00)   ;(0000000000000000) (0) (0) (00)   ;(0000000000000000) (0) (0) (00)   ;(0000000000000000) (0) (0) (00)   ;(0000000000000000) (0) (0) (00)   ;(0000000000000000) (0) (0) (00)   ;
;664;(0000000000000000) (0) (0) (00)    ;(0000000000000000) (0) (0) (00)   ;(0000000000000000) (0) (0) (00)   ;(0000000000000000) (0) (0) (00)   ;(0000000000000000) (0) (0) (00)   ;(0000000000000000) (0) (0) (00)   ;(0000000000000000) (0) (0) (00)   ;(0000000000000000) (0) (0) (00)   ;
;672;(0000000000000000) (0) (0) (00)    ;(0000000000000000) (0) (0) (00)   ;(0000000000000000) (0) (0) (00)   ;(0000000000000000) (0) (0) (00)   ;(0000000000000000) (0) (0) (00)   ;(0000000000000000) (0) (0) (00)   ;(0000000000000000) (0) (0) (00)   ;(0000000000000000) (0) (0) (00)   ;
;680;(0000000000000000) (0) (0) (00)    ;(0000000000000000) (0) (0) (00)   ;(0000000000000000) (0) (0) (00)   ;(0000000000000000) (0) (0) (00)   ;(0000000000000000) (0) (0) (00)   ;(0000000000000000) (0) (0) (00)   ;(0000000000000000) (0) (0) (00)   ;(0000000000000000) (0) (0) (00)   ;
;688;(0000000000000000) (0) (0) (00)    ;(0000000000000000) (0) (0) (00)   ;(0000000000000000) (0) (0) (00)   ;(0000000000000000) (0) (0) (00)   ;(0000000000000000) (0) (0) (00)   ;(0000000000000000) (0) (0) (00)   ;(0000000000000000) (0) (0) (00)   ;(0000000000000000) (0) (0) (00)   ;
;696;(0000000000000000) (0) (0) (00)    ;(0000000000000000) (0) (0) (00)   ;(0000000000000000) (0) (0) (00)   ;(0000000000000000) (0) (0) (00)   ;(0000000000000000) (0) (0) (00)   ;(0000000000000000) (0) (0) (00)   ;(0000000000000000) (0) (0) (00)   ;(0000000000000000) (0) (0) (00)   ;
;704;(0000000000000000) (0) (0) (00)    ;(0000000000000000) (0) (0) (00)   ;(0000000000000000) (0) (0) (00)   ;(0000000000000000) (0) (0) (00)   ;(0000000000000000) (0) (0) (00)   ;(0000000000000000) (0) (0) (00)   ;(0000000000000000) (0) (0) (00)   ;(0000000000000000) (0) (0) (00)   ;
;712;(0000000000000000) (0) (0) (00)    ;(0000000000000000) (0) (0) (00)   ;(0000000000000000) (0) (0) (00)   ;(0000000000000000) (0) (0) (00)   ;(0000000000000000) (0) (0) (00)   ;(0000000000000000) (0) (0) (00)   ;(0000000000000000) (0) (0) (00)   ;(0000000000000000) (0) (0) (00)   ;
;720;(0000000000000000) (0) (0) (00)    ;(0000000000000000) (0) (0) (00)   ;(0000000000000000) (0) (0) (00)   ;(0000000000000000) (0) (0) (00)   ;(0000000000000000) (0) (0) (00)   ;(0000000000000000) (0) (0) (00)   ;(0000000000000000) (0) (0) (00)   ;(0000000000000000) (0) (0) (00)   ;
;728;(0000000000000000) (0) (0) (00)    ;(0000000000000000) (0) (0) (00)   ;(0000000000000000) (0) (0) (00)   ;(0000000000000000) (0) (0) (00)   ;(0000000000000000) (0) (0) (00)   ;(0000000000000000) (0) (0) (00)   ;(0000000000000000) (0) (0) (00)   ;(0000000000000000) (0) (0) (00)   ;
;736;(0000000000000000) (0) (0) (00)    ;(0000000000000000) (0) (0) (00)   ;(0000000000000000) (0) (0) (00)   ;(0000000000000000) (0) (0) (00)   ;(0000000000000000) (0) (0) (00)   ;(0000000000000000) (0) (0) (00)   ;(0000000000000000) (0) (0) (00)   ;(0000000000000000) (0) (0) (00)   ;
;744;(0000000000000000) (0) (0) (00)    ;(0000000000000000) (0) (0) (00)   ;(0000000000000000) (0) (0) (00)   ;(0000000000000000) (0) (0) (00)   ;(0000000000000000) (0) (0) (00)   ;(0000000000000000) (0) (0) (00)   ;(0000000000000000) (0) (0) (00)   ;(0000000000000000) (0) (0) (00)   ;
;752;(0000000000000000) (0) (0) (00)    ;(0000000000000000) (0) (0) (00)   ;(0000000000000000) (0) (0) (00)   ;(0000000000000000) (0) (0) (00)   ;(0000000000000000) (0) (0) (00)   ;(0000000000000000) (0) (0) (00)   ;(0000000000000000) (0) (0) (00)   ;(0000000000000000) (0) (0) (00)   ;
;760;(0000000000000000) (0) (0) (00)    ;(0000000000000000) (0) (0) (00)   ;(0000000000000000) (0) (0) (00)   ;(0000000000000000) (0) (0) (00)   ;(0000000000000000) (0) (0) (00)   ;(0000000000000000) (0) (0) (00)   ;(0000000000000000) (0) (0) (00)   ;(0000000000000000) (0) (0) (00)   ;
;768;(0000000000000000) (0) (0) (00)    ;(0000000000000000) (0) (0) (00)   ;(0000000000000000) (0) (0) (00)   ;(0000000000000000) (0) (0) (00)   ;(0000000000000000) (0) (0) (00)   ;(0000000000000000) (0) (0) (00)   ;(0000000000000000) (0) (0) (00)   ;(0000000000000000) (0) (0) (00)   ;
;776;(0000000000000000) (0) (0) (00)    ;(0000000000000000) (0) (0) (00)   ;(0000000000000000) (0) (0) (00)   ;(0000000000000000) (0) (0) (00)   ;(0000000000000000) (0) (0) (00)   ;(0000000000000000) (0) (0) (00)   ;(0000000000000000) (0) (0) (00)   ;(0000000000000000) (0) (0) (00)   ;
;784;(0000000000000000) (0) (0) (00)    ;(0000000000000000) (0) (0) (00)   ;(0000000000000000) (0) (0) (00)   ;(0000000000000000) (0) (0) (00)   ;(0000000000000000) (0) (0) (00)   ;(0000000000000000) (0) (0) (00)   ;(0000000000000000) (0) (0) (00)   ;(0000000000000000) (0) (0) (00)   ;
;792;(0000000000000000) (0) (0) (00)    ;(0000000000000000) (0) (0) (00)   ;(0000000000000000) (0) (0) (00)   ;(0000000000000000) (0) (0) (00)   ;(0000000000000000) (0) (0) (00)   ;(0000000000000000) (0) (0) (00)   ;(0000000000000000) (0) (0) (00)   ;(0000000000000000) (0) (0) (00)   ;
;800;(0000000000000000) (0) (0) (00)    ;(0000000000000000) (0) (0) (00)   ;(0000000000000000) (0) (0) (00)   ;(0000000000000000) (0) (0) (00)   ;(0000000000000000) (0) (0) (00)   ;(0000000000000000) (0) (0) (00)   ;(0000000000000000) (0) (0) (00)   ;(0000000000000000) (0) (0) (00)   ;
;808;(0000000000000000) (0) (0) (00)    ;(0000000000000000) (0) (0) (00)   ;(0000000000000000) (0) (0) (00)   ;(0000000000000000) (0) (0) (00)   ;(0000000000000000) (0) (0) (00)   ;(0000000000000000) (0) (0) (00)   ;(0000000000000000) (0) (0) (00)   ;(0000000000000000) (0) (0) (00)   ;
;816;(0000000000000000) (0) (0) (00)    ;(0000000000000000) (0) (0) (00)   ;(0000000000000000) (0) (0) (00)   ;(0000000000000000) (0) (0) (00)   ;(0000000000000000) (0) (0) (00)   ;(0000000000000000) (0) (0) (00)   ;(0000000000000000) (0) (0) (00)   ;(0000000000000000) (0) (0) (00)   ;
;824;(0000000000000000) (0) (0) (00)    ;(0000000000000000) (0) (0) (00)   ;(0000000000000000) (0) (0) (00)   ;(0000000000000000) (0) (0) (00)   ;(0000000000000000) (0) (0) (00)   ;(0000000000000000) (0) (0) (00)   ;(0000000000000000) (0) (0) (00)   ;(0000000000000000) (0) (0) (00)   ;
;832;(0000000000000000) (0) (0) (00)    ;(0000000000000000) (0) (0) (00)   ;(0000000000000000) (0) (0) (00)   ;(0000000000000000) (0) (0) (00)   ;(0000000000000000) (0) (0) (00)   ;(0000000000000000) (0) (0) (00)   ;(0000000000000000) (0) (0) (00)   ;(0000000000000000) (0) (0) (00)   ;
;840;(0000000000000000) (0) (0) (00)    ;(0000000000000000) (0) (0) (00)   ;(0000000000000000) (0) (0) (00)   ;(0000000000000000) (0) (0) (00)   ;(0000000000000000) (0) (0) (00)   ;(0000000000000000) (0) (0) (00)   ;(0000000000000000) (0) (0) (00)   ;(0000000000000000) (0) (0) (00)   ;
;848;(0000000000000000) (0) (0) (00)    ;(0000000000000000) (0) (0) (00)   ;(0000000000000000) (0) (0) (00)   ;(0000000000000000) (0) (0) (00)   ;(0000000000000000) (0) (0) (00)   ;(0000000000000000) (0) (0) (00)   ;(0000000000000000) (0) (0) (00)   ;(0000000000000000) (0) (0) (00)   ;
;856;(0000000000000000) (0) (0) (00)    ;(0000000000000000) (0) (0) (00)   ;(0000000000000000) (0) (0) (00)   ;(0000000000000000) (0) (0) (00)   ;(0000000000000000) (0) (0) (00)   ;(0000000000000000) (0) (0) (00)   ;(0000000000000000) (0) (0) (00)   ;(0000000000000000) (0) (0) (00)   ;
;864;(0000000000000000) (0) (0) (00)    ;(0000000000000000) (0) (0) (00)   ;(0000000000000000) (0) (0) (00)   ;(0000000000000000) (0) (0) (00)   ;(0000000000000000) (0) (0) (00)   ;(0000000000000000) (0) (0) (00)   ;(0000000000000000) (0) (0) (00)   ;(0000000000000000) (0) (0) (00)   ;
;872;(0000000000000000) (0) (0) (00)    ;(0000000000000000) (0) (0) (00)   ;(0000000000000000) (0) (0) (00)   ;(0000000000000000) (0) (0) (00)   ;(0000000000000000) (0) (0) (00)   ;(0000000000000000) (0) (0) (00)   ;(0000000000000000) (0) (0) (00)   ;(0000000000000000) (0) (0) (00)   ;
;880;(0000000000000000) (0) (0) (00)    ;(0000000000000000) (0) (0) (00)   ;(0000000000000000) (0) (0) (00)   ;(0000000000000000) (0) (0) (00)   ;(0000000000000000) (0) (0) (00)   ;(0000000000000000) (0) (0) (00)   ;(0000000000000000) (0) (0) (00)   ;(0000000000000000) (0) (0) (00)   ;
;888;(0000000000000000) (0) (0) (00)    ;(0000000000000000) (0) (0) (00)   ;(0000000000000000) (0) (0) (00)   ;(0000000000000000) (0) (0) (00)   ;(0000000000000000) (0) (0) (00)   ;(0000000000000000) (0) (0) (00)   ;(0000000000000000) (0) (0) (00)   ;(0000000000000000) (0) (0) (00)   ;
;896;(0000000000000000) (0) (0) (00)    ;(0000000000000000) (0) (0) (00)   ;(0000000000000000) (0) (0) (00)   ;(0000000000000000) (0) (0) (00)   ;(0000000000000000) (0) (0) (00)   ;(0000000000000000) (0) (0) (00)   ;(0000000000000000) (0) (0) (00)   ;(0000000000000000) (0) (0) (00)   ;
;904;(0000000000000000) (0) (0) (00)    ;(0000000000000000) (0) (0) (00)   ;(0000000000000000) (0) (0) (00)   ;(0000000000000000) (0) (0) (00)   ;(0000000000000000) (0) (0) (00)   ;(0000000000000000) (0) (0) (00)   ;(0000000000000000) (0) (0) (00)   ;(0000000000000000) (0) (0) (00)   ;
;912;(0000000000000000) (0) (0) (00)    ;(0000000000000000) (0) (0) (00)   ;(0000000000000000) (0) (0) (00)   ;(0000000000000000) (0) (0) (00)   ;(0000000000000000) (0) (0) (00)   ;(0000000000000000) (0) (0) (00)   ;(0000000000000000) (0) (0) (00)   ;(0000000000000000) (0) (0) (00)   ;
;920;(0000000000000000) (0) (0) (00)    ;(0000000000000000) (0) (0) (00)   ;(0000000000000000) (0) (0) (00)   ;(0000000000000000) (0) (0) (00)   ;(0000000000000000) (0) (0) (00)   ;(0000000000000000) (0) (0) (00)   ;(0000000000000000) (0) (0) (00)   ;(0000000000000000) (0) (0) (00)   ;
;928;(0000000000000000) (0) (0) (00)    ;(0000000000000000) (0) (0) (00)   ;(0000000000000000) (0) (0) (00)   ;(0000000000000000) (0) (0) (00)   ;(0000000000000000) (0) (0) (00)   ;(0000000000000000) (0) (0) (00)   ;(0000000000000000) (0) (0) (00)   ;(0000000000000000) (0) (0) (00)   ;
;936;(0000000000000000) (0) (0) (00)    ;(0000000000000000) (0) (0) (00)   ;(0000000000000000) (0) (0) (00)   ;(0000000000000000) (0) (0) (00)   ;(0000000000000000) (0) (0) (00)   ;(0000000000000000) (0) (0) (00)   ;(0000000000000000) (0) (0) (00)   ;(0000000000000000) (0) (0) (00)   ;
;944;(0000000000000000) (0) (0) (00)    ;(0000000000000000) (0) (0) (00)   ;(0000000000000000) (0) (0) (00)   ;(0000000000000000) (0) (0) (00)   ;(0000000000000000) (0) (0) (00)   ;(0000000000000000) (0) (0) (00)   ;(0000000000000000) (0) (0) (00)   ;(0000000000000000) (0) (0) (00)   ;
;952;(0000000000000000) (0) (0) (00)    ;(0000000000000000) (0) (0) (00)   ;(0000000000000000) (0) (0) (00)   ;(0000000000000000) (0) (0) (00)   ;(0000000000000000) (0) (0) (00)   ;(0000000000000000) (0) (0) (00)   ;(0000000000000000) (0) (0) (00)   ;(0000000000000000) (0) (0) (00)   ;
;960;(0000000000000000) (0) (0) (00)    ;(0000000000000000) (0) (0) (00)   ;(0000000000000000) (0) (0) (00)   ;(0000000000000000) (0) (0) (00)   ;(0000000000000000) (0) (0) (00)   ;(0000000000000000) (0) (0) (00)   ;(0000000000000000) (0) (0) (00)   ;(0000000000000000) (0) (0) (00)   ;
;968;(0000000000000000) (0) (0) (00)    ;(0000000000000000) (0) (0) (00)   ;(0000000000000000) (0) (0) (00)   ;(0000000000000000) (0) (0) (00)   ;(0000000000000000) (0) (0) (00)   ;(0000000000000000) (0) (0) (00)   ;(0000000000000000) (0) (0) (00)   ;(0000000000000000) (0) (0) (00)   ;
;976;(0000000000000000) (0) (0) (00)    ;(0000000000000000) (0) (0) (00)   ;(0000000000000000) (0) (0) (00)   ;(0000000000000000) (0) (0) (00)   ;(0000000000000000) (0) (0) (00)   ;(0000000000000000) (0) (0) (00)   ;(0000000000000000) (0) (0) (00)   ;(0000000000000000) (0) (0) (00)   ;
;984;(0000000000000000) (0) (0) (00)    ;(0000000000000000) (0) (0) (00)   ;(0000000000000000) (0) (0) (00)   ;(0000000000000000) (0) (0) (00)   ;(0000000000000000) (0) (0) (00)   ;(0000000000000000) (0) (0) (00)   ;(0000000000000000) (0) (0) (00)   ;(0000000000000000) (0) (0) (00)   ;
;992;(0000000000000000) (0) (0) (00)    ;(0000000000000000) (0) (0) (00)   ;(0000000000000000) (0) (0) (00)   ;(0000000000000000) (0) (0) (00)   ;(0000000000000000) (0) (0) (00)   ;(0000000000000000) (0) (0) (00)   ;(0000000000000000) (0) (0) (00)   ;(0000000000000000) (0) (0) (00)   ;
;1000;(0000000000000000) (0) (0) (00)    ;(0000000000000000) (0) (0) (00)   ;(0000000000000000) (0) (0) (00)   ;(0000000000000000) (0) (0) (00)   ;(0000000000000000) (0) (0) (00)   ;(0000000000000000) (0) (0) (00)   ;(0000000000000000) (0) (0) (00)   ;(0000000000000000) (0) (0) (00)   ;
;1008;(0000000000000000) (0) (0) (00)    ;(0000000000000000) (0) (0) (00)   ;(0000000000000000) (0) (0) (00)   ;(0000000000000000) (0) (0) (00)   ;(0000000000000000) (0) (0) (00)   ;(0000000000000000) (0) (0) (00)   ;(0000000000000000) (0) (0) (00)   ;(0000000000000000) (0) (0) (00)   ;
;1016;(0000000000000000) (0) (0) (00)    ;(0000000000000000) (0) (0) (00)   ;(0000000000000000) (0) (0) (00)   ;(0000000000000000) (0) (0) (00)   ;(0000000000000000) (0) (0) (00)   ;(0000000000000000) (0) (0) (00)   ;(0000000000000000) (0) (0) (00)   ;(0000000000000000) (0) (0) (00)   ;
;1024;(0000000000000000) (0) (0) (00)    ;(0000000000000000) (0) (0) (00)   ;(0000000000000000) (0) (0) (00)   ;(0000000000000000) (0) (0) (00)   ;(0000000000000000) (0) (0) (00)   ;(0000000000000000) (0) (0) (00)   ;(0000000000000000) (0) (0) (00)   ;(0000000000000000) (0) (0) (00)   ;
;1032;(0000000000000000) (0) (0) (00)    ;(0000000000000000) (0) (0) (00)   ;(0000000000000000) (0) (0) (00)   ;(0000000000000000) (0) (0) (00)   ;(0000000000000000) (0) (0) (00)   ;(0000000000000000) (0) (0) (00)   ;(0000000000000000) (0) (0) (00)   ;(0000000000000000) (0) (0) (00)   ;
;1040;(0000000000000000) (0) (0) (00)    ;(0000000000000000) (0) (0) (00)   ;(0000000000000000) (0) (0) (00)   ;(0000000000000000) (0) (0) (00)   ;(0000000000000000) (0) (0) (00)   ;(0000000000000000) (0) (0) (00)   ;(0000000000000000) (0) (0) (00)   ;(0000000000000000) (0) (0) (00)   ;
;1048;(0000000000000000) (0) (0) (00)    ;(0000000000000000) (0) (0) (00)   ;(0000000000000000) (0) (0) (00)   ;(0000000000000000) (0) (0) (00)   ;(0000000000000000) (0) (0) (00)   ;(0000000000000000) (0) (0) (00)   ;(0000000000000000) (0) (0) (00)   ;(0000000000000000) (0) (0) (00)   ;
;1056;(0000000000000000) (0) (0) (00)    ;(0000000000000000) (0) (0) (00)   ;(0000000000000000) (0) (0) (00)   ;(0000000000000000) (0) (0) (00)   ;(0000000000000000) (0) (0) (00)   ;(0000000000000000) (0) (0) (00)   ;(0000000000000000) (0) (0) (00)   ;(0000000000000000) (0) (0) (00)   ;
;1064;(0000000000000000) (0) (0) (00)    ;(0000000000000000) (0) (0) (00)   ;(0000000000000000) (0) (0) (00)   ;(0000000000000000) (0) (0) (00)   ;(0000000000000000) (0) (0) (00)   ;(0000000000000000) (0) (0) (00)   ;(0000000000000000) (0) (0) (00)   ;(0000000000000000) (0) (0) (00)   ;
;1072;(0000000000000000) (0) (0) (00)    ;(0000000000000000) (0) (0) (00)   ;(0000000000000000) (0) (0) (00)   ;(0000000000000000) (0) (0) (00)   ;(0000000000000000) (0) (0) (00)   ;(0000000000000000) (0) (0) (00)   ;(0000000000000000) (0) (0) (00)   ;(0000000000000000) (0) (0) (00)   ;
;1080;(0000000000000000) (0) (0) (00)    ;(0000000000000000) (0) (0) (00)   ;(0000000000000000) (0) (0) (00)   ;(0000000000000000) (0) (0) (00)   ;(0000000000000000) (0) (0) (00)   ;(0000000000000000) (0) (0) (00)   ;(0000000000000000) (0) (0) (00)   ;(0000000000000000) (0) (0) (00)   ;
;1088;(0000000000000000) (0) (0) (00)    ;(0000000000000000) (0) (0) (00)   ;(0000000000000000) (0) (0) (00)   ;(0000000000000000) (0) (0) (00)   ;(0000000000000000) (0) (0) (00)   ;(0000000000000000) (0) (0) (00)   ;(0000000000000000) (0) (0) (00)   ;(0000000000000000) (0) (0) (00)   ;
;1096;(0000000000000000) (0) (0) (00)    ;(0000000000000000) (0) (0) (00)   ;(0000000000000000) (0) (0) (00)   ;(0000000000000000) (0) (0) (00)   ;(0000000000000000) (0) (0) (00)   ;(0000000000000000) (0) (0) (00)   ;(0000000000000000) (0) (0) (00)   ;(0000000000000000) (0) (0) (00)   ;
;1104;(0000000000000000) (0) (0) (00)    ;(0000000000000000) (0) (0) (00)   ;(0000000000000000) (0) (0) (00)   ;(0000000000000000) (0) (0) (00)   ;(0000000000000000) (0) (0) (00)   ;(0000000000000000) (0) (0) (00)   ;(0000000000000000) (0) (0) (00)   ;(0000000000000000) (0) (0) (00)   ;
;1112;(0000000000000000) (0) (0) (00)    ;(0000000000000000) (0) (0) (00)   ;(0000000000000000) (0) (0) (00)   ;(0000000000000000) (0) (0) (00)   ;(0000000000000000) (0) (0) (00)   ;(0000000000000000) (0) (0) (00)   ;(0000000000000000) (0) (0) (00)   ;(0000000000000000) (0) (0) (00)   ;
;1120;(0000000000000000) (0) (0) (00)    ;(0000000000000000) (0) (0) (00)   ;(0000000000000000) (0) (0) (00)   ;(0000000000000000) (0) (0) (00)   ;(0000000000000000) (0) (0) (00)   ;(0000000000000000) (0) (0) (00)   ;(0000000000000000) (0) (0) (00)   ;(0000000000000000) (0) (0) (00)   ;
;1128;(0000000000000000) (0) (0) (00)    ;(0000000000000000) (0) (0) (00)   ;(0000000000000000) (0) (0) (00)   ;(0000000000000000) (0) (0) (00)   ;(0000000000000000) (0) (0) (00)   ;(0000000000000000) (0) (0) (00)   ;(0000000000000000) (0) (0) (00)   ;(0000000000000000) (0) (0) (00)   ;
;1136;(0000000000000000) (0) (0) (00)    ;(0000000000000000) (0) (0) (00)   ;(0000000000000000) (0) (0) (00)   ;(0000000000000000) (0) (0) (00)   ;(0000000000000000) (0) (0) (00)   ;(0000000000000000) (0) (0) (00)   ;(0000000000000000) (0) (0) (00)   ;(0000000000000000) (0) (0) (00)   ;
;1144;(0000000000000000) (0) (0) (00)    ;(0000000000000000) (0) (0) (00)   ;(0000000000000000) (0) (0) (00)   ;(0000000000000000) (0) (0) (00)   ;(0000000000000000) (0) (0) (00)   ;(0000000000000000) (0) (0) (00)   ;(0000000000000000) (0) (0) (00)   ;(0000000000000000) (0) (0) (00)   ;
;1152;(0000000000000000) (0) (0) (00)    ;(0000000000000000) (0) (0) (00)   ;(0000000000000000) (0) (0) (00)   ;(0000000000000000) (0) (0) (00)   ;(0000000000000000) (0) (0) (00)   ;(0000000000000000) (0) (0) (00)   ;(0000000000000000) (0) (0) (00)   ;(0000000000000000) (0) (0) (00)   ;
;1160;(0000000000000000) (0) (0) (00)    ;(0000000000000000) (0) (0) (00)   ;(0000000000000000) (0) (0) (00)   ;(0000000000000000) (0) (0) (00)   ;(0000000000000000) (0) (0) (00)   ;(0000000000000000) (0) (0) (00)   ;(0000000000000000) (0) (0) (00)   ;(0000000000000000) (0) (0) (00)   ;
;1168;(0000000000000000) (0) (0) (00)    ;(0000000000000000) (0) (0) (00)   ;(0000000000000000) (0) (0) (00)   ;(0000000000000000) (0) (0) (00)   ;(0000000000000000) (0) (0) (00)   ;(0000000000000000) (0) (0) (00)   ;(0000000000000000) (0) (0) (00)   ;(0000000000000000) (0) (0) (00)   ;
;1176;(0000000000000000) (0) (0) (00)    ;(0000000000000000) (0) (0) (00)   ;(0000000000000000) (0) (0) (00)   ;(0000000000000000) (0) (0) (00)   ;(0000000000000000) (0) (0) (00)   ;(0000000000000000) (0) (0) (00)   ;(0000000000000000) (0) (0) (00)   ;(0000000000000000) (0) (0) (00)   ;
;1184;(0000000000000000) (0) (0) (00)    ;(0000000000000000) (0) (0) (00)   ;(0000000000000000) (0) (0) (00)   ;(0000000000000000) (0) (0) (00)   ;(0000000000000000) (0) (0) (00)   ;(0000000000000000) (0) (0) (00)   ;(0000000000000000) (0) (0) (00)   ;(0000000000000000) (0) (0) (00)   ;
;1192;(0000000000000000) (0) (0) (00)    ;(0000000000000000) (0) (0) (00)   ;(0000000000000000) (0) (0) (00)   ;(0000000000000000) (0) (0) (00)   ;(0000000000000000) (0) (0) (00)   ;(0000000000000000) (0) (0) (00)   ;(0000000000000000) (0) (0) (00)   ;(0000000000000000) (0) (0) (00)   ;
;1200;(0000000000000000) (0) (0) (00)    ;(0000000000000000) (0) (0) (00)   ;(0000000000000000) (0) (0) (00)   ;(0000000000000000) (0) (0) (00)   ;(0000000000000000) (0) (0) (00)   ;(0000000000000000) (0) (0) (00)   ;(0000000000000000) (0) (0) (00)   ;(0000000000000000) (0) (0) (00)   ;
;1208;(0000000000000000) (0) (0) (00)    ;(0000000000000000) (0) (0) (00)   ;(0000000000000000) (0) (0) (00)   ;(0000000000000000) (0) (0) (00)   ;(0000000000000000) (0) (0) (00)   ;(0000000000000000) (0) (0) (00)   ;(0000000000000000) (0) (0) (00)   ;(0000000000000000) (0) (0) (00)   ;
;1216;(0000000000000000) (0) (0) (00)    ;(0000000000000000) (0) (0) (00)   ;(0000000000000000) (0) (0) (00)   ;(0000000000000000) (0) (0) (00)   ;(0000000000000000) (0) (0) (00)   ;(0000000000000000) (0) (0) (00)   ;(0000000000000000) (0) (0) (00)   ;(0000000000000000) (0) (0) (00)   ;
;1224;(0000000000000000) (0) (0) (00)    ;(0000000000000000) (0) (0) (00)   ;(0000000000000000) (0) (0) (00)   ;(0000000000000000) (0) (0) (00)   ;(0000000000000000) (0) (0) (00)   ;(0000000000000000) (0) (0) (00)   ;(0000000000000000) (0) (0) (00)   ;(0000000000000000) (0) (0) (00)   ;
;1232;(0000000000000000) (0) (0) (00)    ;(0000000000000000) (0) (0) (00)   ;(0000000000000000) (0) (0) (00)   ;(0000000000000000) (0) (0) (00)   ;(0000000000000000) (0) (0) (00)   ;(0000000000000000) (0) (0) (00)   ;(0000000000000000) (0) (0) (00)   ;(0000000000000000) (0) (0) (00)   ;
;1240;(0000000000000000) (0) (0) (00)    ;(0000000000000000) (0) (0) (00)   ;(0000000000000000) (0) (0) (00)   ;(0000000000000000) (0) (0) (00)   ;(0000000000000000) (0) (0) (00)   ;(0000000000000000) (0) (0) (00)   ;(0000000000000000) (0) (0) (00)   ;(0000000000000000) (0) (0) (00)   ;
;1248;(0000000000000000) (0) (0) (00)    ;(0000000000000000) (0) (0) (00)   ;(0000000000000000) (0) (0) (00)   ;(0000000000000000) (0) (0) (00)   ;(0000000000000000) (0) (0) (00)   ;(0000000000000000) (0) (0) (00)   ;(0000000000000000) (0) (0) (00)   ;(0000000000000000) (0) (0) (00)   ;
;1256;(0000000000000000) (0) (0) (00)    ;(0000000000000000) (0) (0) (00)   ;(0000000000000000) (0) (0) (00)   ;(0000000000000000) (0) (0) (00)   ;(0000000000000000) (0) (0) (00)   ;(0000000000000000) (0) (0) (00)   ;(0000000000000000) (0) (0) (00)   ;(0000000000000000) (0) (0) (00)   ;
;1264;(0000000000000000) (0) (0) (00)    ;(0000000000000000) (0) (0) (00)   ;(0000000000000000) (0) (0) (00)   ;(0000000000000000) (0) (0) (00)   ;(0000000000000000) (0) (0) (00)   ;(0000000000000000) (0) (0) (00)   ;(0000000000000000) (0) (0) (00)   ;(0000000000000000) (0) (0) (00)   ;
;1272;(0000000000000000) (0) (0) (00)    ;(0000000000000000) (0) (0) (00)   ;(0000000000000000) (0) (0) (00)   ;(0000000000000000) (0) (0) (00)   ;(0000000000000000) (0) (0) (00)   ;(0000000000000000) (0) (0) (00)   ;(0000000000000000) (0) (0) (00)   ;(0000000000000000) (0) (0) (00)   ;
;1280;(0000000000000000) (0) (0) (00)    ;(0000000000000000) (0) (0) (00)   ;(0000000000000000) (0) (0) (00)   ;(0000000000000000) (0) (0) (00)   ;(0000000000000000) (0) (0) (00)   ;(0000000000000000) (0) (0) (00)   ;(0000000000000000) (0) (0) (00)   ;(0000000000000000) (0) (0) (00)   ;
;1288;(0000000000000000) (0) (0) (00)    ;(0000000000000000) (0) (0) (00)   ;(0000000000000000) (0) (0) (00)   ;(0000000000000000) (0) (0) (00)   ;(0000000000000000) (0) (0) (00)   ;(0000000000000000) (0) (0) (00)   ;(0000000000000000) (0) (0) (00)   ;(0000000000000000) (0) (0) (00)   ;
;1296;(0000000000000000) (0) (0) (00)    ;(0000000000000000) (0) (0) (00)   ;(0000000000000000) (0) (0) (00)   ;(0000000000000000) (0) (0) (00)   ;(0000000000000000) (0) (0) (00)   ;(0000000000000000) (0) (0) (00)   ;(0000000000000000) (0) (0) (00)   ;(0000000000000000) (0) (0) (00)   ;
;1304;(0000000000000000) (0) (0) (00)    ;(0000000000000000) (0) (0) (00)   ;(0000000000000000) (0) (0) (00)   ;(0000000000000000) (0) (0) (00)   ;(0000000000000000) (0) (0) (00)   ;(0000000000000000) (0) (0) (00)   ;(0000000000000000) (0) (0) (00)   ;(0000000000000000) (0) (0) (00)   ;
;1312;(0000000000000000) (0) (0) (00)    ;(0000000000000000) (0) (0) (00)   ;(0000000000000000) (0) (0) (00)   ;(0000000000000000) (0) (0) (00)   ;(0000000000000000) (0) (0) (00)   ;(0000000000000000) (0) (0) (00)   ;(0000000000000000) (0) (0) (00)   ;(0000000000000000) (0) (0) (00)   ;
;1320;(0000000000000000) (0) (0) (00)    ;(0000000000000000) (0) (0) (00)   ;(0000000000000000) (0) (0) (00)   ;(0000000000000000) (0) (0) (00)   ;(0000000000000000) (0) (0) (00)   ;(0000000000000000) (0) (0) (00)   ;(0000000000000000) (0) (0) (00)   ;(0000000000000000) (0) (0) (00)   ;
;1328;(0000000000000000) (0) (0) (00)    ;(0000000000000000) (0) (0) (00)   ;(0000000000000000) (0) (0) (00)   ;(0000000000000000) (0) (0) (00)   ;(0000000000000000) (0) (0) (00)   ;(0000000000000000) (0) (0) (00)   ;(0000000000000000) (0) (0) (00)   ;(0000000000000000) (0) (0) (00)   ;
;1336;(0000000000000000) (0) (0) (00)    ;(0000000000000000) (0) (0) (00)   ;(0000000000000000) (0) (0) (00)   ;(0000000000000000) (0) (0) (00)   ;(0000000000000000) (0) (0) (00)   ;(0000000000000000) (0) (0) (00)   ;(0000000000000000) (0) (0) (00)   ;(0000000000000000) (0) (0) (00)   ;
;1344;(0000000000000000) (0) (0) (00)    ;(0000000000000000) (0) (0) (00)   ;(0000000000000000) (0) (0) (00)   ;(0000000000000000) (0) (0) (00)   ;(0000000000000000) (0) (0) (00)   ;(0000000000000000) (0) (0) (00)   ;(0000000000000000) (0) (0) (00)   ;(0000000000000000) (0) (0) (00)   ;
;1352;(0000000000000000) (0) (0) (00)    ;(0000000000000000) (0) (0) (00)   ;(0000000000000000) (0) (0) (00)   ;(0000000000000000) (0) (0) (00)   ;(0000000000000000) (0) (0) (00)   ;(0000000000000000) (0) (0) (00)   ;(0000000000000000) (0) (0) (00)   ;(0000000000000000) (0) (0) (00)   ;
;1360;(0000000000000000) (0) (0) (00)    ;(0000000000000000) (0) (0) (00)   ;(0000000000000000) (0) (0) (00)   ;(0000000000000000) (0) (0) (00)   ;(0000000000000000) (0) (0) (00)   ;(0000000000000000) (0) (0) (00)   ;(0000000000000000) (0) (0) (00)   ;(0000000000000000) (0) (0) (00)   ;
;1368;(0000000000000000) (0) (0) (00)    ;(0000000000000000) (0) (0) (00)   ;(0000000000000000) (0) (0) (00)   ;(0000000000000000) (0) (0) (00)   ;(0000000000000000) (0) (0) (00)   ;(0000000000000000) (0) (0) (00)   ;(0000000000000000) (0) (0) (00)   ;(0000000000000000) (0) (0) (00)   ;
;1376;(0000000000000000) (0) (0) (00)    ;(0000000000000000) (0) (0) (00)   ;(0000000000000000) (0) (0) (00)   ;(0000000000000000) (0) (0) (00)   ;(0000000000000000) (0) (0) (00)   ;(0000000000000000) (0) (0) (00)   ;(0000000000000000) (0) (0) (00)   ;(0000000000000000) (0) (0) (00)   ;
;1384;(0000000000000000) (0) (0) (00)    ;(0000000000000000) (0) (0) (00)   ;(0000000000000000) (0) (0) (00)   ;(0000000000000000) (0) (0) (00)   ;(0000000000000000) (0) (0) (00)   ;(0000000000000000) (0) (0) (00)   ;(0000000000000000) (0) (0) (00)   ;(0000000000000000) (0) (0) (00)   ;
;1392;(0000000000000000) (0) (0) (00)    ;(0000000000000000) (0) (0) (00)   ;(0000000000000000) (0) (0) (00)   ;(0000000000000000) (0) (0) (00)   ;(0000000000000000) (0) (0) (00)   ;(0000000000000000) (0) (0) (00)   ;(0000000000000000) (0) (0) (00)   ;(0000000000000000) (0) (0) (00)   ;
;1400;(0000000000000000) (0) (0) (00)    ;(0000000000000000) (0) (0) (00)   ;(0000000000000000) (0) (0) (00)   ;(0000000000000000) (0) (0) (00)   ;(0000000000000000) (0) (0) (00)   ;(0000000000000000) (0) (0) (00)   ;(0000000000000000) (0) (0) (00)   ;(0000000000000000) (0) (0) (00)   ;
;1408;(0000000000000000) (0) (0) (00)    ;(0000000000000000) (0) (0) (00)   ;(0000000000000000) (0) (0) (00)   ;(0000000000000000) (0) (0) (00)   ;(0000000000000000) (0) (0) (00)   ;(0000000000000000) (0) (0) (00)   ;(0000000000000000) (0) (0) (00)   ;(0000000000000000) (0) (0) (00)   ;
;1416;(0000000000000000) (0) (0) (00)    ;(0000000000000000) (0) (0) (00)   ;(0000000000000000) (0) (0) (00)   ;(0000000000000000) (0) (0) (00)   ;(0000000000000000) (0) (0) (00)   ;(0000000000000000) (0) (0) (00)   ;(0000000000000000) (0) (0) (00)   ;(0000000000000000) (0) (0) (00)   ;
;1424;(0000000000000000) (0) (0) (00)    ;(0000000000000000) (0) (0) (00)   ;(0000000000000000) (0) (0) (00)   ;(0000000000000000) (0) (0) (00)   ;(0000000000000000) (0) (0) (00)   ;(0000000000000000) (0) (0) (00)   ;(0000000000000000) (0) (0) (00)   ;(0000000000000000) (0) (0) (00)   ;
;1432;(0000000000000000) (0) (0) (00)    ;(0000000000000000) (0) (0) (00)   ;(0000000000000000) (0) (0) (00)   ;(0000000000000000) (0) (0) (00)   ;(0000000000000000) (0) (0) (00)   ;(0000000000000000) (0) (0) (00)   ;(0000000000000000) (0) (0) (00)   ;(0000000000000000) (0) (0) (00)   ;
;1440;(0000000000000000) (0) (0) (00)    ;(0000000000000000) (0) (0) (00)   ;(0000000000000000) (0) (0) (00)   ;(0000000000000000) (0) (0) (00)   ;(0000000000000000) (0) (0) (00)   ;(0000000000000000) (0) (0) (00)   ;(0000000000000000) (0) (0) (00)   ;(0000000000000000) (0) (0) (00)   ;
;1448;(0000000000000000) (0) (0) (00)    ;(0000000000000000) (0) (0) (00)   ;(0000000000000000) (0) (0) (00)   ;(0000000000000000) (0) (0) (00)   ;(0000000000000000) (0) (0) (00)   ;(0000000000000000) (0) (0) (00)   ;(0000000000000000) (0) (0) (00)   ;(0000000000000000) (0) (0) (00)   ;
;1456;(0000000000000000) (0) (0) (00)    ;(0000000000000000) (0) (0) (00)   ;(0000000000000000) (0) (0) (00)   ;(0000000000000000) (0) (0) (00)   ;(0000000000000000) (0) (0) (00)   ;(0000000000000000) (0) (0) (00)   ;(0000000000000000) (0) (0) (00)   ;(0000000000000000) (0) (0) (00)   ;
;1464;(0000000000000000) (0) (0) (00)    ;(0000000000000000) (0) (0) (00)   ;(0000000000000000) (0) (0) (00)   ;(0000000000000000) (0) (0) (00)   ;(0000000000000000) (0) (0) (00)   ;(0000000000000000) (0) (0) (00)   ;(0000000000000000) (0) (0) (00)   ;(0000000000000000) (0) (0) (00)   ;
;1472;(0000000000000000) (0) (0) (00)    ;(0000000000000000) (0) (0) (00)   ;(0000000000000000) (0) (0) (00)   ;(0000000000000000) (0) (0) (00)   ;(0000000000000000) (0) (0) (00)   ;(0000000000000000) (0) (0) (00)   ;(0000000000000000) (0) (0) (00)   ;(0000000000000000) (0) (0) (00)   ;
;1480;(0000000000000000) (0) (0) (00)    ;(0000000000000000) (0) (0) (00)   ;(0000000000000000) (0) (0) (00)   ;(0000000000000000) (0) (0) (00)   ;(0000000000000000) (0) (0) (00)   ;(0000000000000000) (0) (0) (00)   ;(0000000000000000) (0) (0) (00)   ;(0000000000000000) (0) (0) (00)   ;
;1488;(0000000000000000) (0) (0) (00)    ;(0000000000000000) (0) (0) (00)   ;(0000000000000000) (0) (0) (00)   ;(0000000000000000) (0) (0) (00)   ;(0000000000000000) (0) (0) (00)   ;(0000000000000000) (0) (0) (00)   ;(0000000000000000) (0) (0) (00)   ;(0000000000000000) (0) (0) (00)   ;
;1496;(0000000000000000) (0) (0) (00)    ;(0000000000000000) (0) (0) (00)   ;(0000000000000000) (0) (0) (00)   ;(0000000000000000) (0) (0) (00)   ;(0000000000000000) (0) (0) (00)   ;(0000000000000000) (0) (0) (00)   ;(0000000000000000) (0) (0) (00)   ;(0000000000000000) (0) (0) (00)   ;
;1504;(0000000000000000) (0) (0) (00)    ;(0000000000000000) (0) (0) (00)   ;(0000000000000000) (0) (0) (00)   ;(0000000000000000) (0) (0) (00)   ;(0000000000000000) (0) (0) (00)   ;(0000000000000000) (0) (0) (00)   ;(0000000000000000) (0) (0) (00)   ;(0000000000000000) (0) (0) (00)   ;
;1512;(0000000000000000) (0) (0) (00)    ;(0000000000000000) (0) (0) (00)   ;(0000000000000000) (0) (0) (00)   ;(0000000000000000) (0) (0) (00)   ;(0000000000000000) (0) (0) (00)   ;(0000000000000000) (0) (0) (00)   ;(0000000000000000) (0) (0) (00)   ;(0000000000000000) (0) (0) (00)   ;
;1520;(0000000000000000) (0) (0) (00)    ;(0000000000000000) (0) (0) (00)   ;(0000000000000000) (0) (0) (00)   ;(0000000000000000) (0) (0) (00)   ;(0000000000000000) (0) (0) (00)   ;(0000000000000000) (0) (0) (00)   ;(0000000000000000) (0) (0) (00)   ;(0000000000000000) (0) (0) (00)   ;
;1528;(0000000000000000) (0) (0) (00)    ;(0000000000000000) (0) (0) (00)   ;(0000000000000000) (0) (0) (00)   ;(0000000000000000) (0) (0) (00)   ;(0000000000000000) (0) (0) (00)   ;(0000000000000000) (0) (0) (00)   ;(0000000000000000) (0) (0) (00)   ;(0000000000000000) (0) (0) (00)   ;
;1536;(0000000000000000) (0) (0) (00)    ;(0000000000000000) (0) (0) (00)   ;(0000000000000000) (0) (0) (00)   ;(0000000000000000) (0) (0) (00)   ;(0000000000000000) (0) (0) (00)   ;(0000000000000000) (0) (0) (00)   ;(0000000000000000) (0) (0) (00)   ;(0000000000000000) (0) (0) (00)   ;
;1544;(0000000000000000) (0) (0) (00)    ;(0000000000000000) (0) (0) (00)   ;(0000000000000000) (0) (0) (00)   ;(0000000000000000) (0) (0) (00)   ;(0000000000000000) (0) (0) (00)   ;(0000000000000000) (0) (0) (00)   ;(0000000000000000) (0) (0) (00)   ;(0000000000000000) (0) (0) (00)   ;
;1552;(0000000000000000) (0) (0) (00)    ;(0000000000000000) (0) (0) (00)   ;(0000000000000000) (0) (0) (00)   ;(0000000000000000) (0) (0) (00)   ;(0000000000000000) (0) (0) (00)   ;(0000000000000000) (0) (0) (00)   ;(0000000000000000) (0) (0) (00)   ;(0000000000000000) (0) (0) (00)   ;
;1560;(0000000000000000) (0) (0) (00)    ;(0000000000000000) (0) (0) (00)   ;(0000000000000000) (0) (0) (00)   ;(0000000000000000) (0) (0) (00)   ;(0000000000000000) (0) (0) (00)   ;(0000000000000000) (0) (0) (00)   ;(0000000000000000) (0) (0) (00)   ;(0000000000000000) (0) (0) (00)   ;
;1568;(0000000000000000) (0) (0) (00)    ;(0000000000000000) (0) (0) (00)   ;(0000000000000000) (0) (0) (00)   ;(0000000000000000) (0) (0) (00)   ;(0000000000000000) (0) (0) (00)   ;(0000000000000000) (0) (0) (00)   ;(0000000000000000) (0) (0) (00)   ;(0000000000000000) (0) (0) (00)   ;
;1576;(0000000000000000) (0) (0) (00)    ;(0000000000000000) (0) (0) (00)   ;(0000000000000000) (0) (0) (00)   ;(0000000000000000) (0) (0) (00)   ;(0000000000000000) (0) (0) (00)   ;(0000000000000000) (0) (0) (00)   ;(0000000000000000) (0) (0) (00)   ;(0000000000000000) (0) (0) (00)   ;
;1584;(0000000000000000) (0) (0) (00)    ;(0000000000000000) (0) (0) (00)   ;(0000000000000000) (0) (0) (00)   ;(0000000000000000) (0) (0) (00)   ;(0000000000000000) (0) (0) (00)   ;(0000000000000000) (0) (0) (00)   ;(0000000000000000) (0) (0) (00)   ;(0000000000000000) (0) (0) (00)   ;
;1592;(0000000000000000) (0) (0) (00)    ;(0000000000000000) (0) (0) (00)   ;(0000000000000000) (0) (0) (00)   ;(0000000000000000) (0) (0) (00)   ;(0000000000000000) (0) (0) (00)   ;(0000000000000000) (0) (0) (00)   ;(0000000000000000) (0) (0) (00)   ;(0000000000000000) (0) (0) (00)   ;
;1600;(0000000000000000) (0) (0) (00)    ;(0000000000000000) (0) (0) (00)   ;(0000000000000000) (0) (0) (00)   ;(0000000000000000) (0) (0) (00)   ;(0000000000000000) (0) (0) (00)   ;(0000000000000000) (0) (0) (00)   ;(0000000000000000) (0) (0) (00)   ;(0000000000000000) (0) (0) (00)   ;
;1608;(0000000000000000) (0) (0) (00)    ;(0000000000000000) (0) (0) (00)   ;(0000000000000000) (0) (0) (00)   ;(0000000000000000) (0) (0) (00)   ;(0000000000000000) (0) (0) (00)   ;(0000000000000000) (0) (0) (00)   ;(0000000000000000) (0) (0) (00)   ;(0000000000000000) (0) (0) (00)   ;
;1616;(0000000000000000) (0) (0) (00)    ;(0000000000000000) (0) (0) (00)   ;(0000000000000000) (0) (0) (00)   ;(0000000000000000) (0) (0) (00)   ;(0000000000000000) (0) (0) (00)   ;(0000000000000000) (0) (0) (00)   ;(0000000000000000) (0) (0) (00)   ;(0000000000000000) (0) (0) (00)   ;
;1624;(0000000000000000) (0) (0) (00)    ;(0000000000000000) (0) (0) (00)   ;(0000000000000000) (0) (0) (00)   ;(0000000000000000) (0) (0) (00)   ;(0000000000000000) (0) (0) (00)   ;(0000000000000000) (0) (0) (00)   ;(0000000000000000) (0) (0) (00)   ;(0000000000000000) (0) (0) (00)   ;
;1632;(0000000000000000) (0) (0) (00)    ;(0000000000000000) (0) (0) (00)   ;(0000000000000000) (0) (0) (00)   ;(0000000000000000) (0) (0) (00)   ;(0000000000000000) (0) (0) (00)   ;(0000000000000000) (0) (0) (00)   ;(0000000000000000) (0) (0) (00)   ;(0000000000000000) (0) (0) (00)   ;
;1640;(0000000000000000) (0) (0) (00)    ;(0000000000000000) (0) (0) (00)   ;(0000000000000000) (0) (0) (00)   ;(0000000000000000) (0) (0) (00)   ;(0000000000000000) (0) (0) (00)   ;(0000000000000000) (0) (0) (00)   ;(0000000000000000) (0) (0) (00)   ;(0000000000000000) (0) (0) (00)   ;
;1648;(0000000000000000) (0) (0) (00)    ;(0000000000000000) (0) (0) (00)   ;(0000000000000000) (0) (0) (00)   ;(0000000000000000) (0) (0) (00)   ;(0000000000000000) (0) (0) (00)   ;(0000000000000000) (0) (0) (00)   ;(0000000000000000) (0) (0) (00)   ;(0000000000000000) (0) (0) (00)   ;
;1656;(0000000000000000) (0) (0) (00)    ;(0000000000000000) (0) (0) (00)   ;(0000000000000000) (0) (0) (00)   ;(0000000000000000) (0) (0) (00)   ;(0000000000000000) (0) (0) (00)   ;(0000000000000000) (0) (0) (00)   ;(0000000000000000) (0) (0) (00)   ;(0000000000000000) (0) (0) (00)   ;
;1664;(0000000000000000) (0) (0) (00)    ;(0000000000000000) (0) (0) (00)   ;(0000000000000000) (0) (0) (00)   ;(0000000000000000) (0) (0) (00)   ;(0000000000000000) (0) (0) (00)   ;(0000000000000000) (0) (0) (00)   ;(0000000000000000) (0) (0) (00)   ;(0000000000000000) (0) (0) (00)   ;
;1672;(0000000000000000) (0) (0) (00)    ;(0000000000000000) (0) (0) (00)   ;(0000000000000000) (0) (0) (00)   ;(0000000000000000) (0) (0) (00)   ;(0000000000000000) (0) (0) (00)   ;(0000000000000000) (0) (0) (00)   ;(0000000000000000) (0) (0) (00)   ;(0000000000000000) (0) (0) (00)   ;
;1680;(0000000000000000) (0) (0) (00)    ;(0000000000000000) (0) (0) (00)   ;(0000000000000000) (0) (0) (00)   ;(0000000000000000) (0) (0) (00)   ;(0000000000000000) (0) (0) (00)   ;(0000000000000000) (0) (0) (00)   ;(0000000000000000) (0) (0) (00)   ;(0000000000000000) (0) (0) (00)   ;
;1688;(0000000000000000) (0) (0) (00)    ;(0000000000000000) (0) (0) (00)   ;(0000000000000000) (0) (0) (00)   ;(0000000000000000) (0) (0) (00)   ;(0000000000000000) (0) (0) (00)   ;(0000000000000000) (0) (0) (00)   ;(0000000000000000) (0) (0) (00)   ;(0000000000000000) (0) (0) (00)   ;
;1696;(0000000000000000) (0) (0) (00)    ;(0000000000000000) (0) (0) (00)   ;(0000000000000000) (0) (0) (00)   ;(0000000000000000) (0) (0) (00)   ;(0000000000000000) (0) (0) (00)   ;(0000000000000000) (0) (0) (00)   ;(0000000000000000) (0) (0) (00)   ;(0000000000000000) (0) (0) (00)   ;
;1704;(0000000000000000) (0) (0) (00)    ;(0000000000000000) (0) (0) (00)   ;(0000000000000000) (0) (0) (00)   ;(0000000000000000) (0) (0) (00)   ;(0000000000000000) (0) (0) (00)   ;(0000000000000000) (0) (0) (00)   ;(0000000000000000) (0) (0) (00)   ;(0000000000000000) (0) (0) (00)   ;
;1712;(0000000000000000) (0) (0) (00)    ;(0000000000000000) (0) (0) (00)   ;(0000000000000000) (0) (0) (00)   ;(0000000000000000) (0) (0) (00)   ;(0000000000000000) (0) (0) (00)   ;(0000000000000000) (0) (0) (00)   ;(0000000000000000) (0) (0) (00)   ;(0000000000000000) (0) (0) (00)   ;
;1720;(0000000000000000) (0) (0) (00)    ;(0000000000000000) (0) (0) (00)   ;(0000000000000000) (0) (0) (00)   ;(0000000000000000) (0) (0) (00)   ;(0000000000000000) (0) (0) (00)   ;(0000000000000000) (0) (0) (00)   ;(0000000000000000) (0) (0) (00)   ;(0000000000000000) (0) (0) (00)   ;
;1728;(0000000000000000) (0) (0) (00)    ;(0000000000000000) (0) (0) (00)   ;(0000000000000000) (0) (0) (00)   ;(0000000000000000) (0) (0) (00)   ;(0000000000000000) (0) (0) (00)   ;(0000000000000000) (0) (0) (00)   ;(0000000000000000) (0) (0) (00)   ;(0000000000000000) (0) (0) (00)   ;
;1736;(0000000000000000) (0) (0) (00)    ;(0000000000000000) (0) (0) (00)   ;(0000000000000000) (0) (0) (00)   ;(0000000000000000) (0) (0) (00)   ;(0000000000000000) (0) (0) (00)   ;(0000000000000000) (0) (0) (00)   ;(0000000000000000) (0) (0) (00)   ;(0000000000000000) (0) (0) (00)   ;
;1744;(0000000000000000) (0) (0) (00)    ;(0000000000000000) (0) (0) (00)   ;(0000000000000000) (0) (0) (00)   ;(0000000000000000) (0) (0) (00)   ;(0000000000000000) (0) (0) (00)   ;(0000000000000000) (0) (0) (00)   ;(0000000000000000) (0) (0) (00)   ;(0000000000000000) (0) (0) (00)   ;
;1752;(0000000000000000) (0) (0) (00)    ;(0000000000000000) (0) (0) (00)   ;(0000000000000000) (0) (0) (00)   ;(0000000000000000) (0) (0) (00)   ;(0000000000000000) (0) (0) (00)   ;(0000000000000000) (0) (0) (00)   ;(0000000000000000) (0) (0) (00)   ;(0000000000000000) (0) (0) (00)   ;
;1760;(0000000000000000) (0) (0) (00)    ;(0000000000000000) (0) (0) (00)   ;(0000000000000000) (0) (0) (00)   ;(0000000000000000) (0) (0) (00)   ;(0000000000000000) (0) (0) (00)   ;(0000000000000000) (0) (0) (00)   ;(0000000000000000) (0) (0) (00)   ;(0000000000000000) (0) (0) (00)   ;
;1768;(0000000000000000) (0) (0) (00)    ;(0000000000000000) (0) (0) (00)   ;(0000000000000000) (0) (0) (00)   ;(0000000000000000) (0) (0) (00)   ;(0000000000000000) (0) (0) (00)   ;(0000000000000000) (0) (0) (00)   ;(0000000000000000) (0) (0) (00)   ;(0000000000000000) (0) (0) (00)   ;
;1776;(0000000000000000) (0) (0) (00)    ;(0000000000000000) (0) (0) (00)   ;(0000000000000000) (0) (0) (00)   ;(0000000000000000) (0) (0) (00)   ;(0000000000000000) (0) (0) (00)   ;(0000000000000000) (0) (0) (00)   ;(0000000000000000) (0) (0) (00)   ;(0000000000000000) (0) (0) (00)   ;
;1784;(0000000000000000) (0) (0) (00)    ;(0000000000000000) (0) (0) (00)   ;(0000000000000000) (0) (0) (00)   ;(0000000000000000) (0) (0) (00)   ;(0000000000000000) (0) (0) (00)   ;(0000000000000000) (0) (0) (00)   ;(0000000000000000) (0) (0) (00)   ;(0000000000000000) (0) (0) (00)   ;
;1792;(0000000000000000) (0) (0) (00)    ;(0000000000000000) (0) (0) (00)   ;(0000000000000000) (0) (0) (00)   ;(0000000000000000) (0) (0) (00)   ;(0000000000000000) (0) (0) (00)   ;(0000000000000000) (0) (0) (00)   ;(0000000000000000) (0) (0) (00)   ;(0000000000000000) (0) (0) (00)   ;
;1800;(0000000000000000) (0) (0) (00)    ;(0000000000000000) (0) (0) (00)   ;(0000000000000000) (0) (0) (00)   ;(0000000000000000) (0) (0) (00)   ;(0000000000000000) (0) (0) (00)   ;(0000000000000000) (0) (0) (00)   ;(0000000000000000) (0) (0) (00)   ;(0000000000000000) (0) (0) (00)   ;
;1808;(0000000000000000) (0) (0) (00)    ;(0000000000000000) (0) (0) (00)   ;(0000000000000000) (0) (0) (00)   ;(0000000000000000) (0) (0) (00)   ;(0000000000000000) (0) (0) (00)   ;(0000000000000000) (0) (0) (00)   ;(0000000000000000) (0) (0) (00)   ;(0000000000000000) (0) (0) (00)   ;
;1816;(0000000000000000) (0) (0) (00)    ;(0000000000000000) (0) (0) (00)   ;(0000000000000000) (0) (0) (00)   ;(0000000000000000) (0) (0) (00)   ;(0000000000000000) (0) (0) (00)   ;(0000000000000000) (0) (0) (00)   ;(0000000000000000) (0) (0) (00)   ;(0000000000000000) (0) (0) (00)   ;
;1824;(0000000000000000) (0) (0) (00)    ;(0000000000000000) (0) (0) (00)   ;(0000000000000000) (0) (0) (00)   ;(0000000000000000) (0) (0) (00)   ;(0000000000000000) (0) (0) (00)   ;(0000000000000000) (0) (0) (00)   ;(0000000000000000) (0) (0) (00)   ;(0000000000000000) (0) (0) (00)   ;
;1832;(0000000000000000) (0) (0) (00)    ;(0000000000000000) (0) (0) (00)   ;(0000000000000000) (0) (0) (00)   ;(0000000000000000) (0) (0) (00)   ;(0000000000000000) (0) (0) (00)   ;(0000000000000000) (0) (0) (00)   ;(0000000000000000) (0) (0) (00)   ;(0000000000000000) (0) (0) (00)   ;
;1840;(0000000000000000) (0) (0) (00)    ;(0000000000000000) (0) (0) (00)   ;(0000000000000000) (0) (0) (00)   ;(0000000000000000) (0) (0) (00)   ;(0000000000000000) (0) (0) (00)   ;(0000000000000000) (0) (0) (00)   ;(0000000000000000) (0) (0) (00)   ;(0000000000000000) (0) (0) (00)   ;
;1848;(0000000000000000) (0) (0) (00)    ;(0000000000000000) (0) (0) (00)   ;(0000000000000000) (0) (0) (00)   ;(0000000000000000) (0) (0) (00)   ;(0000000000000000) (0) (0) (00)   ;(0000000000000000) (0) (0) (00)   ;(0000000000000000) (0) (0) (00)   ;(0000000000000000) (0) (0) (00)   ;
;1856;(0000000000000000) (0) (0) (00)    ;(0000000000000000) (0) (0) (00)   ;(0000000000000000) (0) (0) (00)   ;(0000000000000000) (0) (0) (00)   ;(0000000000000000) (0) (0) (00)   ;(0000000000000000) (0) (0) (00)   ;(0000000000000000) (0) (0) (00)   ;(0000000000000000) (0) (0) (00)   ;
;1864;(0000000000000000) (0) (0) (00)    ;(0000000000000000) (0) (0) (00)   ;(0000000000000000) (0) (0) (00)   ;(0000000000000000) (0) (0) (00)   ;(0000000000000000) (0) (0) (00)   ;(0000000000000000) (0) (0) (00)   ;(0000000000000000) (0) (0) (00)   ;(0000000000000000) (0) (0) (00)   ;
;1872;(0000000000000000) (0) (0) (00)    ;(0000000000000000) (0) (0) (00)   ;(0000000000000000) (0) (0) (00)   ;(0000000000000000) (0) (0) (00)   ;(0000000000000000) (0) (0) (00)   ;(0000000000000000) (0) (0) (00)   ;(0000000000000000) (0) (0) (00)   ;(0000000000000000) (0) (0) (00)   ;
;1880;(0000000000000000) (0) (0) (00)    ;(0000000000000000) (0) (0) (00)   ;(0000000000000000) (0) (0) (00)   ;(0000000000000000) (0) (0) (00)   ;(0000000000000000) (0) (0) (00)   ;(0000000000000000) (0) (0) (00)   ;(0000000000000000) (0) (0) (00)   ;(0000000000000000) (0) (0) (00)   ;
;1888;(0000000000000000) (0) (0) (00)    ;(0000000000000000) (0) (0) (00)   ;(0000000000000000) (0) (0) (00)   ;(0000000000000000) (0) (0) (00)   ;(0000000000000000) (0) (0) (00)   ;(0000000000000000) (0) (0) (00)   ;(0000000000000000) (0) (0) (00)   ;(0000000000000000) (0) (0) (00)   ;
;1896;(0000000000000000) (0) (0) (00)    ;(0000000000000000) (0) (0) (00)   ;(0000000000000000) (0) (0) (00)   ;(0000000000000000) (0) (0) (00)   ;(0000000000000000) (0) (0) (00)   ;(0000000000000000) (0) (0) (00)   ;(0000000000000000) (0) (0) (00)   ;(0000000000000000) (0) (0) (00)   ;
;1904;(0000000000000000) (0) (0) (00)    ;(0000000000000000) (0) (0) (00)   ;(0000000000000000) (0) (0) (00)   ;(0000000000000000) (0) (0) (00)   ;(0000000000000000) (0) (0) (00)   ;(0000000000000000) (0) (0) (00)   ;(0000000000000000) (0) (0) (00)   ;(0000000000000000) (0) (0) (00)   ;
;1912;(0000000000000000) (0) (0) (00)    ;(0000000000000000) (0) (0) (00)   ;(0000000000000000) (0) (0) (00)   ;(0000000000000000) (0) (0) (00)   ;(0000000000000000) (0) (0) (00)   ;(0000000000000000) (0) (0) (00)   ;(0000000000000000) (0) (0) (00)   ;(0000000000000000) (0) (0) (00)   ;
;1920;(0000000000000000) (0) (0) (00)    ;(0000000000000000) (0) (0) (00)   ;(0000000000000000) (0) (0) (00)   ;(0000000000000000) (0) (0) (00)   ;(0000000000000000) (0) (0) (00)   ;(0000000000000000) (0) (0) (00)   ;(0000000000000000) (0) (0) (00)   ;(0000000000000000) (0) (0) (00)   ;
;1928;(0000000000000000) (0) (0) (00)    ;(0000000000000000) (0) (0) (00)   ;(0000000000000000) (0) (0) (00)   ;(0000000000000000) (0) (0) (00)   ;(0000000000000000) (0) (0) (00)   ;(0000000000000000) (0) (0) (00)   ;(0000000000000000) (0) (0) (00)   ;(0000000000000000) (0) (0) (00)   ;
;1936;(0000000000000000) (0) (0) (00)    ;(0000000000000000) (0) (0) (00)   ;(0000000000000000) (0) (0) (00)   ;(0000000000000000) (0) (0) (00)   ;(0000000000000000) (0) (0) (00)   ;(0000000000000000) (0) (0) (00)   ;(0000000000000000) (0) (0) (00)   ;(0000000000000000) (0) (0) (00)   ;
;1944;(0000000000000000) (0) (0) (00)    ;(0000000000000000) (0) (0) (00)   ;(0000000000000000) (0) (0) (00)   ;(0000000000000000) (0) (0) (00)   ;(0000000000000000) (0) (0) (00)   ;(0000000000000000) (0) (0) (00)   ;(0000000000000000) (0) (0) (00)   ;(0000000000000000) (0) (0) (00)   ;
;1952;(0000000000000000) (0) (0) (00)    ;(0000000000000000) (0) (0) (00)   ;(0000000000000000) (0) (0) (00)   ;(0000000000000000) (0) (0) (00)   ;(0000000000000000) (0) (0) (00)   ;(0000000000000000) (0) (0) (00)   ;(0000000000000000) (0) (0) (00)   ;(0000000000000000) (0) (0) (00)   ;
;1960;(0000000000000000) (0) (0) (00)    ;(0000000000000000) (0) (0) (00)   ;(0000000000000000) (0) (0) (00)   ;(0000000000000000) (0) (0) (00)   ;(0000000000000000) (0) (0) (00)   ;(0000000000000000) (0) (0) (00)   ;(0000000000000000) (0) (0) (00)   ;(0000000000000000) (0) (0) (00)   ;
;1968;(0000000000000000) (0) (0) (00)    ;(0000000000000000) (0) (0) (00)   ;(0000000000000000) (0) (0) (00)   ;(0000000000000000) (0) (0) (00)   ;(0000000000000000) (0) (0) (00)   ;(0000000000000000) (0) (0) (00)   ;(0000000000000000) (0) (0) (00)   ;(0000000000000000) (0) (0) (00)   ;
;1976;(0000000000000000) (0) (0) (00)    ;(0000000000000000) (0) (0) (00)   ;(0000000000000000) (0) (0) (00)   ;(0000000000000000) (0) (0) (00)   ;(0000000000000000) (0) (0) (00)   ;(0000000000000000) (0) (0) (00)   ;(0000000000000000) (0) (0) (00)   ;(0000000000000000) (0) (0) (00)   ;
;1984;(0000000000000000) (0) (0) (00)    ;(0000000000000000) (0) (0) (00)   ;(0000000000000000) (0) (0) (00)   ;(0000000000000000) (0) (0) (00)   ;(0000000000000000) (0) (0) (00)   ;(0000000000000000) (0) (0) (00)   ;(0000000000000000) (0) (0) (00)   ;(0000000000000000) (0) (0) (00)   ;
;1992;(0000000000000000) (0) (0) (00)    ;(0000000000000000) (0) (0) (00)   ;(0000000000000000) (0) (0) (00)   ;(0000000000000000) (0) (0) (00)   ;(0000000000000000) (0) (0) (00)   ;(0000000000000000) (0) (0) (00)   ;(0000000000000000) (0) (0) (00)   ;(0000000000000000) (0) (0) (00)   ;
;2000;(0000000000000000) (0) (0) (00)    ;(0000000000000000) (0) (0) (00)   ;(0000000000000000) (0) (0) (00)   ;(0000000000000000) (0) (0) (00)   ;(0000000000000000) (0) (0) (00)   ;(0000000000000000) (0) (0) (00)   ;(0000000000000000) (0) (0) (00)   ;(0000000000000000) (0) (0) (00)   ;
;2008;(0000000000000000) (0) (0) (00)    ;(0000000000000000) (0) (0) (00)   ;(0000000000000000) (0) (0) (00)   ;(0000000000000000) (0) (0) (00)   ;(0000000000000000) (0) (0) (00)   ;(0000000000000000) (0) (0) (00)   ;(0000000000000000) (0) (0) (00)   ;(0000000000000000) (0) (0) (00)   ;
;2016;(0000000000000000) (0) (0) (00)    ;(0000000000000000) (0) (0) (00)   ;(0000000000000000) (0) (0) (00)   ;(0000000000000000) (0) (0) (00)   ;(0000000000000000) (0) (0) (00)   ;(0000000000000000) (0) (0) (00)   ;(0000000000000000) (0) (0) (00)   ;(0000000000000000) (0) (0) (00)   ;
;2024;(0000000000000000) (0) (0) (00)    ;(0000000000000000) (0) (0) (00)   ;(0000000000000000) (0) (0) (00)   ;(0000000000000000) (0) (0) (00)   ;(0000000000000000) (0) (0) (00)   ;(0000000000000000) (0) (0) (00)   ;(0000000000000000) (0) (0) (00)   ;(0000000000000000) (0) (0) (00)   ;
;2032;(0000000000000000) (0) (0) (00)    ;(0000000000000000) (0) (0) (00)   ;(0000000000000000) (0) (0) (00)   ;(0000000000000000) (0) (0) (00)   ;(0000000000000000) (0) (0) (00)   ;(0000000000000000) (0) (0) (00)   ;(0000000000000000) (0) (0) (00)   ;(0000000000000000) (0) (0) (00)   ;
;2040;(0000000000000000) (0) (0) (00)    ;(0000000000000000) (0) (0) (00)   ;(0000000000000000) (0) (0) (00)   ;(0000000000000000) (0) (0) (00)   ;(0000000000000000) (0) (0) (00)   ;(0000000000000000) (0) (0) (00)   ;(0000000000000000) (0) (0) (00)   ;(0000000000000000) (0) (0) (00)   ;
;2048;(0000000000000000) (0) (0) (00)    ;(0000000000000000) (0) (0) (00)   ;(0000000000000000) (0) (0) (00)   ;(0000000000000000) (0) (0) (00)   ;(0000000000000000) (0) (0) (00)   ;(0000000000000000) (0) (0) (00)   ;(0000000000000000) (0) (0) (00)   ;(0000000000000000) (0) (0) (00)   ;
;2056;(0000000000000000) (0) (0) (00)    ;(0000000000000000) (0) (0) (00)   ;(0000000000000000) (0) (0) (00)   ;(0000000000000000) (0) (0) (00)   ;(0000000000000000) (0) (0) (00)   ;(0000000000000000) (0) (0) (00)   ;(0000000000000000) (0) (0) (00)   ;(0000000000000000) (0) (0) (00)   ;
;2064;(0000000000000000) (0) (0) (00)    ;(0000000000000000) (0) (0) (00)   ;(0000000000000000) (0) (0) (00)   ;(0000000000000000) (0) (0) (00)   ;(0000000000000000) (0) (0) (00)   ;(0000000000000000) (0) (0) (00)   ;(0000000000000000) (0) (0) (00)   ;(0000000000000000) (0) (0) (00)   ;
;2072;(0000000000000000) (0) (0) (00)    ;(0000000000000000) (0) (0) (00)   ;(0000000000000000) (0) (0) (00)   ;(0000000000000000) (0) (0) (00)   ;(0000000000000000) (0) (0) (00)   ;(0000000000000000) (0) (0) (00)   ;(0000000000000000) (0) (0) (00)   ;(0000000000000000) (0) (0) (00)   ;
;2080;(0000000000000000) (0) (0) (00)    ;(0000000000000000) (0) (0) (00)   ;(0000000000000000) (0) (0) (00)   ;(0000000000000000) (0) (0) (00)   ;(0000000000000000) (0) (0) (00)   ;(0000000000000000) (0) (0) (00)   ;(0000000000000000) (0) (0) (00)   ;(0000000000000000) (0) (0) (00)   ;
;2088;(0000000000000000) (0) (0) (00)    ;(0000000000000000) (0) (0) (00)   ;(0000000000000000) (0) (0) (00)   ;(0000000000000000) (0) (0) (00)   ;(0000000000000000) (0) (0) (00)   ;(0000000000000000) (0) (0) (00)   ;(0000000000000000) (0) (0) (00)   ;(0000000000000000) (0) (0) (00)   ;
;2096;(0000000000000000) (0) (0) (00)    ;(0000000000000000) (0) (0) (00)   ;(0000000000000000) (0) (0) (00)   ;(0000000000000000) (0) (0) (00)   ;(0000000000000000) (0) (0) (00)   ;(0000000000000000) (0) (0) (00)   ;(0000000000000000) (0) (0) (00)   ;(0000000000000000) (0) (0) (00)   ;
;2104;(0000000000000000) (0) (0) (00)    ;(0000000000000000) (0) (0) (00)   ;(0000000000000000) (0) (0) (00)   ;(0000000000000000) (0) (0) (00)   ;(0000000000000000) (0) (0) (00)   ;(0000000000000000) (0) (0) (00)   ;(0000000000000000) (0) (0) (00)   ;(0000000000000000) (0) (0) (00)   ;
;2112;(0000000000000000) (0) (0) (00)    ;(0000000000000000) (0) (0) (00)   ;(0000000000000000) (0) (0) (00)   ;(0000000000000000) (0) (0) (00)   ;(0000000000000000) (0) (0) (00)   ;(0000000000000000) (0) (0) (00)   ;(0000000000000000) (0) (0) (00)   ;(0000000000000000) (0) (0) (00)   ;
;2120;(0000000000000000) (0) (0) (00)    ;(0000000000000000) (0) (0) (00)   ;(0000000000000000) (0) (0) (00)   ;(0000000000000000) (0) (0) (00)   ;(0000000000000000) (0) (0) (00)   ;(0000000000000000) (0) (0) (00)   ;(0000000000000000) (0) (0) (00)   ;(0000000000000000) (0) (0) (00)   ;
;2128;(0000000000000000) (0) (0) (00)    ;(0000000000000000) (0) (0) (00)   ;(0000000000000000) (0) (0) (00)   ;(0000000000000000) (0) (0) (00)   ;(0000000000000000) (0) (0) (00)   ;(0000000000000000) (0) (0) (00)   ;(0000000000000000) (0) (0) (00)   ;(0000000000000000) (0) (0) (00)   ;
;2136;(0000000000000000) (0) (0) (00)    ;(0000000000000000) (0) (0) (00)   ;(0000000000000000) (0) (0) (00)   ;(0000000000000000) (0) (0) (00)   ;(0000000000000000) (0) (0) (00)   ;(0000000000000000) (0) (0) (00)   ;(0000000000000000) (0) (0) (00)   ;(0000000000000000) (0) (0) (00)   ;
;2144;(0000000000000000) (0) (0) (00)    ;(0000000000000000) (0) (0) (00)   ;(0000000000000000) (0) (0) (00)   ;(0000000000000000) (0) (0) (00)   ;(0000000000000000) (0) (0) (00)   ;(0000000000000000) (0) (0) (00)   ;(0000000000000000) (0) (0) (00)   ;(0000000000000000) (0) (0) (00)   ;
;2152;(0000000000000000) (0) (0) (00)    ;(0000000000000000) (0) (0) (00)   ;(0000000000000000) (0) (0) (00)   ;(0000000000000000) (0) (0) (00)   ;(0000000000000000) (0) (0) (00)   ;(0000000000000000) (0) (0) (00)   ;(0000000000000000) (0) (0) (00)   ;(0000000000000000) (0) (0) (00)   ;
;2160;(0000000000000000) (0) (0) (00)    ;(0000000000000000) (0) (0) (00)   ;(0000000000000000) (0) (0) (00)   ;(0000000000000000) (0) (0) (00)   ;(0000000000000000) (0) (0) (00)   ;(0000000000000000) (0) (0) (00)   ;(0000000000000000) (0) (0) (00)   ;(0000000000000000) (0) (0) (00)   ;
;2168;(0000000000000000) (0) (0) (00)    ;(0000000000000000) (0) (0) (00)   ;(0000000000000000) (0) (0) (00)   ;(0000000000000000) (0) (0) (00)   ;(0000000000000000) (0) (0) (00)   ;(0000000000000000) (0) (0) (00)   ;(0000000000000000) (0) (0) (00)   ;(0000000000000000) (0) (0) (00)   ;
;2176;(0000000000000000) (0) (0) (00)    ;(0000000000000000) (0) (0) (00)   ;(0000000000000000) (0) (0) (00)   ;(0000000000000000) (0) (0) (00)   ;(0000000000000000) (0) (0) (00)   ;(0000000000000000) (0) (0) (00)   ;(0000000000000000) (0) (0) (00)   ;(0000000000000000) (0) (0) (00)   ;
;2184;(0000000000000000) (0) (0) (00)    ;(0000000000000000) (0) (0) (00)   ;(0000000000000000) (0) (0) (00)   ;(0000000000000000) (0) (0) (00)   ;(0000000000000000) (0) (0) (00)   ;(0000000000000000) (0) (0) (00)   ;(0000000000000000) (0) (0) (00)   ;(0000000000000000) (0) (0) (00)   ;
;2192;(0000000000000000) (0) (0) (00)    ;(0000000000000000) (0) (0) (00)   ;(0000000000000000) (0) (0) (00)   ;(0000000000000000) (0) (0) (00)   ;(0000000000000000) (0) (0) (00)   ;(0000000000000000) (0) (0) (00)   ;(0000000000000000) (0) (0) (00)   ;(0000000000000000) (0) (0) (00)   ;
;2200;(0000000000000000) (0) (0) (00)    ;(0000000000000000) (0) (0) (00)   ;(0000000000000000) (0) (0) (00)   ;(0000000000000000) (0) (0) (00)   ;(0000000000000000) (0) (0) (00)   ;(0000000000000000) (0) (0) (00)   ;(0000000000000000) (0) (0) (00)   ;(0000000000000000) (0) (0) (00)   ;
;2208;(0000000000000000) (0) (0) (00)    ;(0000000000000000) (0) (0) (00)   ;(0000000000000000) (0) (0) (00)   ;(0000000000000000) (0) (0) (00)   ;(0000000000000000) (0) (0) (00)   ;(0000000000000000) (0) (0) (00)   ;(0000000000000000) (0) (0) (00)   ;(0000000000000000) (0) (0) (00)   ;
;2216;(0000000000000000) (0) (0) (00)    ;(0000000000000000) (0) (0) (00)   ;(0000000000000000) (0) (0) (00)   ;(0000000000000000) (0) (0) (00)   ;(0000000000000000) (0) (0) (00)   ;(0000000000000000) (0) (0) (00)   ;(0000000000000000) (0) (0) (00)   ;(0000000000000000) (0) (0) (00)   ;
;2224;(0000000000000000) (0) (0) (00)    ;(0000000000000000) (0) (0) (00)   ;(0000000000000000) (0) (0) (00)   ;(0000000000000000) (0) (0) (00)   ;(0000000000000000) (0) (0) (00)   ;(0000000000000000) (0) (0) (00)   ;(0000000000000000) (0) (0) (00)   ;(0000000000000000) (0) (0) (00)   ;
;2232;(0000000000000000) (0) (0) (00)    ;(0000000000000000) (0) (0) (00)   ;(0000000000000000) (0) (0) (00)   ;(0000000000000000) (0) (0) (00)   ;(0000000000000000) (0) (0) (00)   ;(0000000000000000) (0) (0) (00)   ;(0000000000000000) (0) (0) (00)   ;(0000000000000000) (0) (0) (00)   ;
;2240;(0000000000000000) (0) (0) (00)    ;(0000000000000000) (0) (0) (00)   ;(0000000000000000) (0) (0) (00)   ;(0000000000000000) (0) (0) (00)   ;(0000000000000000) (0) (0) (00)   ;(0000000000000000) (0) (0) (00)   ;(0000000000000000) (0) (0) (00)   ;(0000000000000000) (0) (0) (00)   ;
;2248;(0000000000000000) (0) (0) (00)    ;(0000000000000000) (0) (0) (00)   ;(0000000000000000) (0) (0) (00)   ;(0000000000000000) (0) (0) (00)   ;(0000000000000000) (0) (0) (00)   ;(0000000000000000) (0) (0) (00)   ;(0000000000000000) (0) (0) (00)   ;(0000000000000000) (0) (0) (00)   ;
;2256;(0000000000000000) (0) (0) (00)    ;(0000000000000000) (0) (0) (00)   ;(0000000000000000) (0) (0) (00)   ;(0000000000000000) (0) (0) (00)   ;(0000000000000000) (0) (0) (00)   ;(0000000000000000) (0) (0) (00)   ;(0000000000000000) (0) (0) (00)   ;(0000000000000000) (0) (0) (00)   ;
;2264;(0000000000000000) (0) (0) (00)    ;(0000000000000000) (0) (0) (00)   ;(0000000000000000) (0) (0) (00)   ;(0000000000000000) (0) (0) (00)   ;(0000000000000000) (0) (0) (00)   ;(0000000000000000) (0) (0) (00)   ;(0000000000000000) (0) (0) (00)   ;(0000000000000000) (0) (0) (00)   ;
;2272;(0000000000000000) (0) (0) (00)    ;(0000000000000000) (0) (0) (00)   ;(0000000000000000) (0) (0) (00)   ;(0000000000000000) (0) (0) (00)   ;(0000000000000000) (0) (0) (00)   ;(0000000000000000) (0) (0) (00)   ;(0000000000000000) (0) (0) (00)   ;(0000000000000000) (0) (0) (00)   ;
;2280;(0000000000000000) (0) (0) (00)    ;(0000000000000000) (0) (0) (00)   ;(0000000000000000) (0) (0) (00)   ;(0000000000000000) (0) (0) (00)   ;(0000000000000000) (0) (0) (00)   ;(0000000000000000) (0) (0) (00)   ;(0000000000000000) (0) (0) (00)   ;(0000000000000000) (0) (0) (00)   ;
;2288;(0000000000000000) (0) (0) (00)    ;(0000000000000000) (0) (0) (00)   ;(0000000000000000) (0) (0) (00)   ;(0000000000000000) (0) (0) (00)   ;(0000000000000000) (0) (0) (00)   ;(0000000000000000) (0) (0) (00)   ;(0000000000000000) (0) (0) (00)   ;(0000000000000000) (0) (0) (00)   ;
;2296;(0000000000000000) (0) (0) (00)    ;(0000000000000000) (0) (0) (00)   ;(0000000000000000) (0) (0) (00)   ;(0000000000000000) (0) (0) (00)   ;(0000000000000000) (0) (0) (00)   ;(0000000000000000) (0) (0) (00)   ;(0000000000000000) (0) (0) (00)   ;(0000000000000000) (0) (0) (00)   ;
;2304;(0000000000000000) (0) (0) (00)    ;(0000000000000000) (0) (0) (00)   ;(0000000000000000) (0) (0) (00)   ;(0000000000000000) (0) (0) (00)   ;(0000000000000000) (0) (0) (00)   ;(0000000000000000) (0) (0) (00)   ;(0000000000000000) (0) (0) (00)   ;(0000000000000000) (0) (0) (00)   ;
;2312;(0000000000000000) (0) (0) (00)    ;(0000000000000000) (0) (0) (00)   ;(0000000000000000) (0) (0) (00)   ;(0000000000000000) (0) (0) (00)   ;(0000000000000000) (0) (0) (00)   ;(0000000000000000) (0) (0) (00)   ;(0000000000000000) (0) (0) (00)   ;(0000000000000000) (0) (0) (00)   ;
;2320;(0000000000000000) (0) (0) (00)    ;(0000000000000000) (0) (0) (00)   ;(0000000000000000) (0) (0) (00)   ;(0000000000000000) (0) (0) (00)   ;(0000000000000000) (0) (0) (00)   ;(0000000000000000) (0) (0) (00)   ;(0000000000000000) (0) (0) (00)   ;(0000000000000000) (0) (0) (00)   ;
;2328;(0000000000000000) (0) (0) (00)    ;(0000000000000000) (0) (0) (00)   ;(0000000000000000) (0) (0) (00)   ;(0000000000000000) (0) (0) (00)   ;(0000000000000000) (0) (0) (00)   ;(0000000000000000) (0) (0) (00)   ;(0000000000000000) (0) (0) (00)   ;(0000000000000000) (0) (0) (00)   ;
;2336;(0000000000000000) (0) (0) (00)    ;(0000000000000000) (0) (0) (00)   ;(0000000000000000) (0) (0) (00)   ;(0000000000000000) (0) (0) (00)   ;(0000000000000000) (0) (0) (00)   ;(0000000000000000) (0) (0) (00)   ;(0000000000000000) (0) (0) (00)   ;(0000000000000000) (0) (0) (00)   ;
;2344;(0000000000000000) (0) (0) (00)    ;(0000000000000000) (0) (0) (00)   ;(0000000000000000) (0) (0) (00)   ;(0000000000000000) (0) (0) (00)   ;(0000000000000000) (0) (0) (00)   ;(0000000000000000) (0) (0) (00)   ;(0000000000000000) (0) (0) (00)   ;(0000000000000000) (0) (0) (00)   ;
;2352;(0000000000000000) (0) (0) (00)    ;(0000000000000000) (0) (0) (00)   ;(0000000000000000) (0) (0) (00)   ;(0000000000000000) (0) (0) (00)   ;(0000000000000000) (0) (0) (00)   ;(0000000000000000) (0) (0) (00)   ;(0000000000000000) (0) (0) (00)   ;(0000000000000000) (0) (0) (00)   ;
;2360;(0000000000000000) (0) (0) (00)    ;(0000000000000000) (0) (0) (00)   ;(0000000000000000) (0) (0) (00)   ;(0000000000000000) (0) (0) (00)   ;(0000000000000000) (0) (0) (00)   ;(0000000000000000) (0) (0) (00)   ;(0000000000000000) (0) (0) (00)   ;(0000000000000000) (0) (0) (00)   ;
;2368;(0000000000000000) (0) (0) (00)    ;(0000000000000000) (0) (0) (00)   ;(0000000000000000) (0) (0) (00)   ;(0000000000000000) (0) (0) (00)   ;(0000000000000000) (0) (0) (00)   ;(0000000000000000) (0) (0) (00)   ;(0000000000000000) (0) (0) (00)   ;(0000000000000000) (0) (0) (00)   ;
;2376;(0000000000000000) (0) (0) (00)    ;(0000000000000000) (0) (0) (00)   ;(0000000000000000) (0) (0) (00)   ;(0000000000000000) (0) (0) (00)   ;(0000000000000000) (0) (0) (00)   ;(0000000000000000) (0) (0) (00)   ;(0000000000000000) (0) (0) (00)   ;(0000000000000000) (0) (0) (00)   ;
;2384;(0000000000000000) (0) (0) (00)    ;(0000000000000000) (0) (0) (00)   ;(0000000000000000) (0) (0) (00)   ;(0000000000000000) (0) (0) (00)   ;(0000000000000000) (0) (0) (00)   ;(0000000000000000) (0) (0) (00)   ;(0000000000000000) (0) (0) (00)   ;(0000000000000000) (0) (0) (00)   ;
;2392;(0000000000000000) (0) (0) (00)    ;(0000000000000000) (0) (0) (00)   ;(0000000000000000) (0) (0) (00)   ;(0000000000000000) (0) (0) (00)   ;(0000000000000000) (0) (0) (00)   ;(0000000000000000) (0) (0) (00)   ;(0000000000000000) (0) (0) (00)   ;(0000000000000000) (0) (0) (00)   ;
;2400;(0000000000000000) (0) (0) (00)    ;(0000000000000000) (0) (0) (00)   ;(0000000000000000) (0) (0) (00)   ;(0000000000000000) (0) (0) (00)   ;(0000000000000000) (0) (0) (00)   ;(0000000000000000) (0) (0) (00)   ;(0000000000000000) (0) (0) (00)   ;(0000000000000000) (0) (0) (00)   ;
;2408;(0000000000000000) (0) (0) (00)    ;(0000000000000000) (0) (0) (00)   ;(0000000000000000) (0) (0) (00)   ;(0000000000000000) (0) (0) (00)   ;(0000000000000000) (0) (0) (00)   ;(0000000000000000) (0) (0) (00)   ;(0000000000000000) (0) (0) (00)   ;(0000000000000000) (0) (0) (00)   ;
;2416;(0000000000000000) (0) (0) (00)    ;(0000000000000000) (0) (0) (00)   ;(0000000000000000) (0) (0) (00)   ;(0000000000000000) (0) (0) (00)   ;(0000000000000000) (0) (0) (00)   ;(0000000000000000) (0) (0) (00)   ;(0000000000000000) (0) (0) (00)   ;(0000000000000000) (0) (0) (00)   ;
;2424;(0000000000000000) (0) (0) (00)    ;(0000000000000000) (0) (0) (00)   ;(0000000000000000) (0) (0) (00)   ;(0000000000000000) (0) (0) (00)   ;(0000000000000000) (0) (0) (00)   ;(0000000000000000) (0) (0) (00)   ;(0000000000000000) (0) (0) (00)   ;(0000000000000000) (0) (0) (00)   ;
;2432;(0000000000000000) (0) (0) (00)    ;(0000000000000000) (0) (0) (00)   ;(0000000000000000) (0) (0) (00)   ;(0000000000000000) (0) (0) (00)   ;(0000000000000000) (0) (0) (00)   ;(0000000000000000) (0) (0) (00)   ;(0000000000000000) (0) (0) (00)   ;(0000000000000000) (0) (0) (00)   ;
;2440;(0000000000000000) (0) (0) (00)    ;(0000000000000000) (0) (0) (00)   ;(0000000000000000) (0) (0) (00)   ;(0000000000000000) (0) (0) (00)   ;(0000000000000000) (0) (0) (00)   ;(0000000000000000) (0) (0) (00)   ;(0000000000000000) (0) (0) (00)   ;(0000000000000000) (0) (0) (00)   ;
;2448;(0000000000000000) (0) (0) (00)    ;(0000000000000000) (0) (0) (00)   ;(0000000000000000) (0) (0) (00)   ;(0000000000000000) (0) (0) (00)   ;(0000000000000000) (0) (0) (00)   ;(0000000000000000) (0) (0) (00)   ;(0000000000000000) (0) (0) (00)   ;(0000000000000000) (0) (0) (00)   ;
;2456;(0000000000000000) (0) (0) (00)    ;(0000000000000000) (0) (0) (00)   ;(0000000000000000) (0) (0) (00)   ;(0000000000000000) (0) (0) (00)   ;(0000000000000000) (0) (0) (00)   ;(0000000000000000) (0) (0) (00)   ;(0000000000000000) (0) (0) (00)   ;(0000000000000000) (0) (0) (00)   ;
;2464;(0000000000000000) (0) (0) (00)    ;(0000000000000000) (0) (0) (00)   ;(0000000000000000) (0) (0) (00)   ;(0000000000000000) (0) (0) (00)   ;(0000000000000000) (0) (0) (00)   ;(0000000000000000) (0) (0) (00)   ;(0000000000000000) (0) (0) (00)   ;(0000000000000000) (0) (0) (00)   ;
;2472;(0000000000000000) (0) (0) (00)    ;(0000000000000000) (0) (0) (00)   ;(0000000000000000) (0) (0) (00)   ;(0000000000000000) (0) (0) (00)   ;(0000000000000000) (0) (0) (00)   ;(0000000000000000) (0) (0) (00)   ;(0000000000000000) (0) (0) (00)   ;(0000000000000000) (0) (0) (00)   ;
;2480;(0000000000000000) (0) (0) (00)    ;(0000000000000000) (0) (0) (00)   ;(0000000000000000) (0) (0) (00)   ;(0000000000000000) (0) (0) (00)   ;(0000000000000000) (0) (0) (00)   ;(0000000000000000) (0) (0) (00)   ;(0000000000000000) (0) (0) (00)   ;(0000000000000000) (0) (0) (00)   ;
;2488;(0000000000000000) (0) (0) (00)    ;(0000000000000000) (0) (0) (00)   ;(0000000000000000) (0) (0) (00)   ;(0000000000000000) (0) (0) (00)   ;(0000000000000000) (0) (0) (00)   ;(0000000000000000) (0) (0) (00)   ;(0000000000000000) (0) (0) (00)   ;(0000000000000000) (0) (0) (00)   ;
;2496;(0000000000000000) (0) (0) (00)    ;(0000000000000000) (0) (0) (00)   ;(0000000000000000) (0) (0) (00)   ;(0000000000000000) (0) (0) (00)   ;(0000000000000000) (0) (0) (00)   ;(0000000000000000) (0) (0) (00)   ;(0000000000000000) (0) (0) (00)   ;(0000000000000000) (0) (0) (00)   ;
;2504;(0000000000000000) (0) (0) (00)    ;(0000000000000000) (0) (0) (00)   ;(0000000000000000) (0) (0) (00)   ;(0000000000000000) (0) (0) (00)   ;(0000000000000000) (0) (0) (00)   ;(0000000000000000) (0) (0) (00)   ;(0000000000000000) (0) (0) (00)   ;(0000000000000000) (0) (0) (00)   ;
;2512;(0000000000000000) (0) (0) (00)    ;(0000000000000000) (0) (0) (00)   ;(0000000000000000) (0) (0) (00)   ;(0000000000000000) (0) (0) (00)   ;(0000000000000000) (0) (0) (00)   ;(0000000000000000) (0) (0) (00)   ;(0000000000000000) (0) (0) (00)   ;(0000000000000000) (0) (0) (00)   ;
;2520;(0000000000000000) (0) (0) (00)    ;(0000000000000000) (0) (0) (00)   ;(0000000000000000) (0) (0) (00)   ;(0000000000000000) (0) (0) (00)   ;(0000000000000000) (0) (0) (00)   ;(0000000000000000) (0) (0) (00)   ;(0000000000000000) (0) (0) (00)   ;(0000000000000000) (0) (0) (00)   ;
;2528;(0000000000000000) (0) (0) (00)    ;(0000000000000000) (0) (0) (00)   ;(0000000000000000) (0) (0) (00)   ;(0000000000000000) (0) (0) (00)   ;(0000000000000000) (0) (0) (00)   ;(0000000000000000) (0) (0) (00)   ;(0000000000000000) (0) (0) (00)   ;(0000000000000000) (0) (0) (00)   ;
;2536;(0000000000000000) (0) (0) (00)    ;(0000000000000000) (0) (0) (00)   ;(0000000000000000) (0) (0) (00)   ;(0000000000000000) (0) (0) (00)   ;(0000000000000000) (0) (0) (00)   ;(0000000000000000) (0) (0) (00)   ;(0000000000000000) (0) (0) (00)   ;(0000000000000000) (0) (0) (00)   ;
;2544;(0000000000000000) (0) (0) (00)    ;(0000000000000000) (0) (0) (00)   ;(0000000000000000) (0) (0) (00)   ;(0000000000000000) (0) (0) (00)   ;(0000000000000000) (0) (0) (00)   ;(0000000000000000) (0) (0) (00)   ;(0000000000000000) (0) (0) (00)   ;(0000000000000000) (0) (0) (00)   ;
;2552;(0000000000000000) (0) (0) (00)    ;(0000000000000000) (0) (0) (00)   ;(0000000000000000) (0) (0) (00)   ;(0000000000000000) (0) (0) (00)   ;(0000000000000000) (0) (0) (00)   ;(0000000000000000) (0) (0) (00)   ;(0000000000000000) (0) (0) (00)   ;(0000000000000000) (0) (0) (00)   ;
;2560;(0000000000000000) (0) (0) (00)    ;(0000000000000000) (0) (0) (00)   ;(0000000000000000) (0) (0) (00)   ;(0000000000000000) (0) (0) (00)   ;(0000000000000000) (0) (0) (00)   ;(0000000000000000) (0) (0) (00)   ;(0000000000000000) (0) (0) (00)   ;(0000000000000000) (0) (0) (00)   ;
;2568;(0000000000000000) (0) (0) (00)    ;(0000000000000000) (0) (0) (00)   ;(0000000000000000) (0) (0) (00)   ;(0000000000000000) (0) (0) (00)   ;(0000000000000000) (0) (0) (00)   ;(0000000000000000) (0) (0) (00)   ;(0000000000000000) (0) (0) (00)   ;(0000000000000000) (0) (0) (00)   ;
;2576;(0000000000000000) (0) (0) (00)    ;(0000000000000000) (0) (0) (00)   ;(0000000000000000) (0) (0) (00)   ;(0000000000000000) (0) (0) (00)   ;(0000000000000000) (0) (0) (00)   ;(0000000000000000) (0) (0) (00)   ;(0000000000000000) (0) (0) (00)   ;(0000000000000000) (0) (0) (00)   ;
;2584;(0000000000000000) (0) (0) (00)    ;(0000000000000000) (0) (0) (00)   ;(0000000000000000) (0) (0) (00)   ;(0000000000000000) (0) (0) (00)   ;(0000000000000000) (0) (0) (00)   ;(0000000000000000) (0) (0) (00)   ;(0000000000000000) (0) (0) (00)   ;(0000000000000000) (0) (0) (00)   ;
;2592;(0000000000000000) (0) (0) (00)    ;(0000000000000000) (0) (0) (00)   ;(0000000000000000) (0) (0) (00)   ;(0000000000000000) (0) (0) (00)   ;(0000000000000000) (0) (0) (00)   ;(0000000000000000) (0) (0) (00)   ;(0000000000000000) (0) (0) (00)   ;(0000000000000000) (0) (0) (00)   ;
;2600;(0000000000000000) (0) (0) (00)    ;(0000000000000000) (0) (0) (00)   ;(0000000000000000) (0) (0) (00)   ;(0000000000000000) (0) (0) (00)   ;(0000000000000000) (0) (0) (00)   ;(0000000000000000) (0) (0) (00)   ;(0000000000000000) (0) (0) (00)   ;(0000000000000000) (0) (0) (00)   ;
;2608;(0000000000000000) (0) (0) (00)    ;(0000000000000000) (0) (0) (00)   ;(0000000000000000) (0) (0) (00)   ;(0000000000000000) (0) (0) (00)   ;(0000000000000000) (0) (0) (00)   ;(0000000000000000) (0) (0) (00)   ;(0000000000000000) (0) (0) (00)   ;(0000000000000000) (0) (0) (00)   ;
;2616;(0000000000000000) (0) (0) (00)    ;(0000000000000000) (0) (0) (00)   ;(0000000000000000) (0) (0) (00)   ;(0000000000000000) (0) (0) (00)   ;(0000000000000000) (0) (0) (00)   ;(0000000000000000) (0) (0) (00)   ;(0000000000000000) (0) (0) (00)   ;(0000000000000000) (0) (0) (00)   ;
;2624;(0000000000000000) (0) (0) (00)    ;(0000000000000000) (0) (0) (00)   ;(0000000000000000) (0) (0) (00)   ;(0000000000000000) (0) (0) (00)   ;(0000000000000000) (0) (0) (00)   ;(0000000000000000) (0) (0) (00)   ;(0000000000000000) (0) (0) (00)   ;(0000000000000000) (0) (0) (00)   ;
;2632;(0000000000000000) (0) (0) (00)    ;(0000000000000000) (0) (0) (00)   ;(0000000000000000) (0) (0) (00)   ;(0000000000000000) (0) (0) (00)   ;(0000000000000000) (0) (0) (00)   ;(0000000000000000) (0) (0) (00)   ;(0000000000000000) (0) (0) (00)   ;(0000000000000000) (0) (0) (00)   ;
;2640;(0000000000000000) (0) (0) (00)    ;(0000000000000000) (0) (0) (00)   ;(0000000000000000) (0) (0) (00)   ;(0000000000000000) (0) (0) (00)   ;(0000000000000000) (0) (0) (00)   ;(0000000000000000) (0) (0) (00)   ;(0000000000000000) (0) (0) (00)   ;(0000000000000000) (0) (0) (00)   ;
;2648;(0000000000000000) (0) (0) (00)    ;(0000000000000000) (0) (0) (00)   ;(0000000000000000) (0) (0) (00)   ;(0000000000000000) (0) (0) (00)   ;(0000000000000000) (0) (0) (00)   ;(0000000000000000) (0) (0) (00)   ;(0000000000000000) (0) (0) (00)   ;(0000000000000000) (0) (0) (00)   ;
;2656;(0000000000000000) (0) (0) (00)    ;(0000000000000000) (0) (0) (00)   ;(0000000000000000) (0) (0) (00)   ;(0000000000000000) (0) (0) (00)   ;(0000000000000000) (0) (0) (00)   ;(0000000000000000) (0) (0) (00)   ;(0000000000000000) (0) (0) (00)   ;(0000000000000000) (0) (0) (00)   ;
;2664;(0000000000000000) (0) (0) (00)    ;(0000000000000000) (0) (0) (00)   ;(0000000000000000) (0) (0) (00)   ;(0000000000000000) (0) (0) (00)   ;(0000000000000000) (0) (0) (00)   ;(0000000000000000) (0) (0) (00)   ;(0000000000000000) (0) (0) (00)   ;(0000000000000000) (0) (0) (00)   ;
;2672;(0000000000000000) (0) (0) (00)    ;(0000000000000000) (0) (0) (00)   ;(0000000000000000) (0) (0) (00)   ;(0000000000000000) (0) (0) (00)   ;(0000000000000000) (0) (0) (00)   ;(0000000000000000) (0) (0) (00)   ;(0000000000000000) (0) (0) (00)   ;(0000000000000000) (0) (0) (00)   ;
;2680;(0000000000000000) (0) (0) (00)    ;(0000000000000000) (0) (0) (00)   ;(0000000000000000) (0) (0) (00)   ;(0000000000000000) (0) (0) (00)   ;(0000000000000000) (0) (0) (00)   ;(0000000000000000) (0) (0) (00)   ;(0000000000000000) (0) (0) (00)   ;(0000000000000000) (0) (0) (00)   ;
;2688;(0000000000000000) (0) (0) (00)    ;(0000000000000000) (0) (0) (00)   ;(0000000000000000) (0) (0) (00)   ;(0000000000000000) (0) (0) (00)   ;(0000000000000000) (0) (0) (00)   ;(0000000000000000) (0) (0) (00)   ;(0000000000000000) (0) (0) (00)   ;(0000000000000000) (0) (0) (00)   ;
;2696;(0000000000000000) (0) (0) (00)    ;(0000000000000000) (0) (0) (00)   ;(0000000000000000) (0) (0) (00)   ;(0000000000000000) (0) (0) (00)   ;(0000000000000000) (0) (0) (00)   ;(0000000000000000) (0) (0) (00)   ;(0000000000000000) (0) (0) (00)   ;(0000000000000000) (0) (0) (00)   ;
;2704;(0000000000000000) (0) (0) (00)    ;(0000000000000000) (0) (0) (00)   ;(0000000000000000) (0) (0) (00)   ;(0000000000000000) (0) (0) (00)   ;(0000000000000000) (0) (0) (00)   ;(0000000000000000) (0) (0) (00)   ;(0000000000000000) (0) (0) (00)   ;(0000000000000000) (0) (0) (00)   ;
;2712;(0000000000000000) (0) (0) (00)    ;(0000000000000000) (0) (0) (00)   ;(0000000000000000) (0) (0) (00)   ;(0000000000000000) (0) (0) (00)   ;(0000000000000000) (0) (0) (00)   ;(0000000000000000) (0) (0) (00)   ;(0000000000000000) (0) (0) (00)   ;(0000000000000000) (0) (0) (00)   ;
;2720;(0000000000000000) (0) (0) (00)    ;(0000000000000000) (0) (0) (00)   ;(0000000000000000) (0) (0) (00)   ;(0000000000000000) (0) (0) (00)   ;(0000000000000000) (0) (0) (00)   ;(0000000000000000) (0) (0) (00)   ;(0000000000000000) (0) (0) (00)   ;(0000000000000000) (0) (0) (00)   ;
;2728;(0000000000000000) (0) (0) (00)    ;(0000000000000000) (0) (0) (00)   ;(0000000000000000) (0) (0) (00)   ;(0000000000000000) (0) (0) (00)   ;(0000000000000000) (0) (0) (00)   ;(0000000000000000) (0) (0) (00)   ;(0000000000000000) (0) (0) (00)   ;(0000000000000000) (0) (0) (00)   ;
;2736;(0000000000000000) (0) (0) (00)    ;(0000000000000000) (0) (0) (00)   ;(0000000000000000) (0) (0) (00)   ;(0000000000000000) (0) (0) (00)   ;(0000000000000000) (0) (0) (00)   ;(0000000000000000) (0) (0) (00)   ;(0000000000000000) (0) (0) (00)   ;(0000000000000000) (0) (0) (00)   ;
;2744;(0000000000000000) (0) (0) (00)    ;(0000000000000000) (0) (0) (00)   ;(0000000000000000) (0) (0) (00)   ;(0000000000000000) (0) (0) (00)   ;(0000000000000000) (0) (0) (00)   ;(0000000000000000) (0) (0) (00)   ;(0000000000000000) (0) (0) (00)   ;(0000000000000000) (0) (0) (00)   ;
;2752;(0000000000000000) (0) (0) (00)    ;(0000000000000000) (0) (0) (00)   ;(0000000000000000) (0) (0) (00)   ;(0000000000000000) (0) (0) (00)   ;(0000000000000000) (0) (0) (00)   ;(0000000000000000) (0) (0) (00)   ;(0000000000000000) (0) (0) (00)   ;(0000000000000000) (0) (0) (00)   ;
;2760;(0000000000000000) (0) (0) (00)    ;(0000000000000000) (0) (0) (00)   ;(0000000000000000) (0) (0) (00)   ;(0000000000000000) (0) (0) (00)   ;(0000000000000000) (0) (0) (00)   ;(0000000000000000) (0) (0) (00)   ;(0000000000000000) (0) (0) (00)   ;(0000000000000000) (0) (0) (00)   ;
;2768;(0000000000000000) (0) (0) (00)    ;(0000000000000000) (0) (0) (00)   ;(0000000000000000) (0) (0) (00)   ;(0000000000000000) (0) (0) (00)   ;(0000000000000000) (0) (0) (00)   ;(0000000000000000) (0) (0) (00)   ;(0000000000000000) (0) (0) (00)   ;(0000000000000000) (0) (0) (00)   ;
;2776;(0000000000000000) (0) (0) (00)    ;(0000000000000000) (0) (0) (00)   ;(0000000000000000) (0) (0) (00)   ;(0000000000000000) (0) (0) (00)   ;(0000000000000000) (0) (0) (00)   ;(0000000000000000) (0) (0) (00)   ;(0000000000000000) (0) (0) (00)   ;(0000000000000000) (0) (0) (00)   ;
;2784;(0000000000000000) (0) (0) (00)    ;(0000000000000000) (0) (0) (00)   ;(0000000000000000) (0) (0) (00)   ;(0000000000000000) (0) (0) (00)   ;(0000000000000000) (0) (0) (00)   ;(0000000000000000) (0) (0) (00)   ;(0000000000000000) (0) (0) (00)   ;(0000000000000000) (0) (0) (00)   ;
;2792;(0000000000000000) (0) (0) (00)    ;(0000000000000000) (0) (0) (00)   ;(0000000000000000) (0) (0) (00)   ;(0000000000000000) (0) (0) (00)   ;(0000000000000000) (0) (0) (00)   ;(0000000000000000) (0) (0) (00)   ;(0000000000000000) (0) (0) (00)   ;(0000000000000000) (0) (0) (00)   ;
;2800;(0000000000000000) (0) (0) (00)    ;(0000000000000000) (0) (0) (00)   ;(0000000000000000) (0) (0) (00)   ;(0000000000000000) (0) (0) (00)   ;(0000000000000000) (0) (0) (00)   ;(0000000000000000) (0) (0) (00)   ;(0000000000000000) (0) (0) (00)   ;(0000000000000000) (0) (0) (00)   ;
;2808;(0000000000000000) (0) (0) (00)    ;(0000000000000000) (0) (0) (00)   ;(0000000000000000) (0) (0) (00)   ;(0000000000000000) (0) (0) (00)   ;(0000000000000000) (0) (0) (00)   ;(0000000000000000) (0) (0) (00)   ;(0000000000000000) (0) (0) (00)   ;(0000000000000000) (0) (0) (00)   ;
;2816;(0000000000000000) (0) (0) (00)    ;(0000000000000000) (0) (0) (00)   ;(0000000000000000) (0) (0) (00)   ;(0000000000000000) (0) (0) (00)   ;(0000000000000000) (0) (0) (00)   ;(0000000000000000) (0) (0) (00)   ;(0000000000000000) (0) (0) (00)   ;(0000000000000000) (0) (0) (00)   ;
;2824;(0000000000000000) (0) (0) (00)    ;(0000000000000000) (0) (0) (00)   ;(0000000000000000) (0) (0) (00)   ;(0000000000000000) (0) (0) (00)   ;(0000000000000000) (0) (0) (00)   ;(0000000000000000) (0) (0) (00)   ;(0000000000000000) (0) (0) (00)   ;(0000000000000000) (0) (0) (00)   ;
;2832;(0000000000000000) (0) (0) (00)    ;(0000000000000000) (0) (0) (00)   ;(0000000000000000) (0) (0) (00)   ;(0000000000000000) (0) (0) (00)   ;(0000000000000000) (0) (0) (00)   ;(0000000000000000) (0) (0) (00)   ;(0000000000000000) (0) (0) (00)   ;(0000000000000000) (0) (0) (00)   ;
;2840;(0000000000000000) (0) (0) (00)    ;(0000000000000000) (0) (0) (00)   ;(0000000000000000) (0) (0) (00)   ;(0000000000000000) (0) (0) (00)   ;(0000000000000000) (0) (0) (00)   ;(0000000000000000) (0) (0) (00)   ;(0000000000000000) (0) (0) (00)   ;(0000000000000000) (0) (0) (00)   ;
;2848;(0000000000000000) (0) (0) (00)    ;(0000000000000000) (0) (0) (00)   ;(0000000000000000) (0) (0) (00)   ;(0000000000000000) (0) (0) (00)   ;(0000000000000000) (0) (0) (00)   ;(0000000000000000) (0) (0) (00)   ;(0000000000000000) (0) (0) (00)   ;(0000000000000000) (0) (0) (00)   ;
;2856;(0000000000000000) (0) (0) (00)    ;(0000000000000000) (0) (0) (00)   ;(0000000000000000) (0) (0) (00)   ;(0000000000000000) (0) (0) (00)   ;(0000000000000000) (0) (0) (00)   ;(0000000000000000) (0) (0) (00)   ;(0000000000000000) (0) (0) (00)   ;(0000000000000000) (0) (0) (00)   ;
;2864;(0000000000000000) (0) (0) (00)    ;(0000000000000000) (0) (0) (00)   ;(0000000000000000) (0) (0) (00)   ;(0000000000000000) (0) (0) (00)   ;(0000000000000000) (0) (0) (00)   ;(0000000000000000) (0) (0) (00)   ;(0000000000000000) (0) (0) (00)   ;(0000000000000000) (0) (0) (00)   ;
;2872;(0000000000000000) (0) (0) (00)    ;(0000000000000000) (0) (0) (00)   ;(0000000000000000) (0) (0) (00)   ;(0000000000000000) (0) (0) (00)   ;(0000000000000000) (0) (0) (00)   ;(0000000000000000) (0) (0) (00)   ;(0000000000000000) (0) (0) (00)   ;(0000000000000000) (0) (0) (00)   ;
;2880;(0000000000000000) (0) (0) (00)    ;(0000000000000000) (0) (0) (00)   ;(0000000000000000) (0) (0) (00)   ;(0000000000000000) (0) (0) (00)   ;(0000000000000000) (0) (0) (00)   ;(0000000000000000) (0) (0) (00)   ;(0000000000000000) (0) (0) (00)   ;(0000000000000000) (0) (0) (00)   ;
;2888;(0000000000000000) (0) (0) (00)    ;(0000000000000000) (0) (0) (00)   ;(0000000000000000) (0) (0) (00)   ;(0000000000000000) (0) (0) (00)   ;(0000000000000000) (0) (0) (00)   ;(0000000000000000) (0) (0) (00)   ;(0000000000000000) (0) (0) (00)   ;(0000000000000000) (0) (0) (00)   ;
;2896;(0000000000000000) (0) (0) (00)    ;(0000000000000000) (0) (0) (00)   ;(0000000000000000) (0) (0) (00)   ;(0000000000000000) (0) (0) (00)   ;(0000000000000000) (0) (0) (00)   ;(0000000000000000) (0) (0) (00)   ;(0000000000000000) (0) (0) (00)   ;(0000000000000000) (0) (0) (00)   ;
;2904;(0000000000000000) (0) (0) (00)    ;(0000000000000000) (0) (0) (00)   ;(0000000000000000) (0) (0) (00)   ;(0000000000000000) (0) (0) (00)   ;(0000000000000000) (0) (0) (00)   ;(0000000000000000) (0) (0) (00)   ;(0000000000000000) (0) (0) (00)   ;(0000000000000000) (0) (0) (00)   ;
;2912;(0000000000000000) (0) (0) (00)    ;(0000000000000000) (0) (0) (00)   ;(0000000000000000) (0) (0) (00)   ;(0000000000000000) (0) (0) (00)   ;(0000000000000000) (0) (0) (00)   ;(0000000000000000) (0) (0) (00)   ;(0000000000000000) (0) (0) (00)   ;(0000000000000000) (0) (0) (00)   ;
;2920;(0000000000000000) (0) (0) (00)    ;(0000000000000000) (0) (0) (00)   ;(0000000000000000) (0) (0) (00)   ;(0000000000000000) (0) (0) (00)   ;(0000000000000000) (0) (0) (00)   ;(0000000000000000) (0) (0) (00)   ;(0000000000000000) (0) (0) (00)   ;(0000000000000000) (0) (0) (00)   ;
;2928;(0000000000000000) (0) (0) (00)    ;(0000000000000000) (0) (0) (00)   ;(0000000000000000) (0) (0) (00)   ;(0000000000000000) (0) (0) (00)   ;(0000000000000000) (0) (0) (00)   ;(0000000000000000) (0) (0) (00)   ;(0000000000000000) (0) (0) (00)   ;(0000000000000000) (0) (0) (00)   ;
;2936;(0000000000000000) (0) (0) (00)    ;(0000000000000000) (0) (0) (00)   ;(0000000000000000) (0) (0) (00)   ;(0000000000000000) (0) (0) (00)   ;(0000000000000000) (0) (0) (00)   ;(0000000000000000) (0) (0) (00)   ;(0000000000000000) (0) (0) (00)   ;(0000000000000000) (0) (0) (00)   ;
;2944;(0000000000000000) (0) (0) (00)    ;(0000000000000000) (0) (0) (00)   ;(0000000000000000) (0) (0) (00)   ;(0000000000000000) (0) (0) (00)   ;(0000000000000000) (0) (0) (00)   ;(0000000000000000) (0) (0) (00)   ;(0000000000000000) (0) (0) (00)   ;(0000000000000000) (0) (0) (00)   ;
;2952;(0000000000000000) (0) (0) (00)    ;(0000000000000000) (0) (0) (00)   ;(0000000000000000) (0) (0) (00)   ;(0000000000000000) (0) (0) (00)   ;(0000000000000000) (0) (0) (00)   ;(0000000000000000) (0) (0) (00)   ;(0000000000000000) (0) (0) (00)   ;(0000000000000000) (0) (0) (00)   ;
;2960;(0000000000000000) (0) (0) (00)    ;(0000000000000000) (0) (0) (00)   ;(0000000000000000) (0) (0) (00)   ;(0000000000000000) (0) (0) (00)   ;(0000000000000000) (0) (0) (00)   ;(0000000000000000) (0) (0) (00)   ;(0000000000000000) (0) (0) (00)   ;(0000000000000000) (0) (0) (00)   ;
;2968;(0000000000000000) (0) (0) (00)    ;(0000000000000000) (0) (0) (00)   ;(0000000000000000) (0) (0) (00)   ;(0000000000000000) (0) (0) (00)   ;(0000000000000000) (0) (0) (00)   ;(0000000000000000) (0) (0) (00)   ;(0000000000000000) (0) (0) (00)   ;(0000000000000000) (0) (0) (00)   ;
;2976;(0000000000000000) (0) (0) (00)    ;(0000000000000000) (0) (0) (00)   ;(0000000000000000) (0) (0) (00)   ;(0000000000000000) (0) (0) (00)   ;(0000000000000000) (0) (0) (00)   ;(0000000000000000) (0) (0) (00)   ;(0000000000000000) (0) (0) (00)   ;(0000000000000000) (0) (0) (00)   ;
;2984;(0000000000000000) (0) (0) (00)    ;(0000000000000000) (0) (0) (00)   ;(0000000000000000) (0) (0) (00)   ;(0000000000000000) (0) (0) (00)   ;(0000000000000000) (0) (0) (00)   ;(0000000000000000) (0) (0) (00)   ;(0000000000000000) (0) (0) (00)   ;(0000000000000000) (0) (0) (00)   ;
;2992;(0000000000000000) (0) (0) (00)    ;(0000000000000000) (0) (0) (00)   ;(0000000000000000) (0) (0) (00)   ;(0000000000000000) (0) (0) (00)   ;(0000000000000000) (0) (0) (00)   ;(0000000000000000) (0) (0) (00)   ;(0000000000000000) (0) (0) (00)   ;(0000000000000000) (0) (0) (00)   ;
;3000;(0000000000000000) (0) (0) (00)    ;(0000000000000000) (0) (0) (00)   ;(0000000000000000) (0) (0) (00)   ;(0000000000000000) (0) (0) (00)   ;(0000000000000000) (0) (0) (00)   ;(0000000000000000) (0) (0) (00)   ;(0000000000000000) (0) (0) (00)   ;(0000000000000000) (0) (0) (00)   ;
;3008;(0000000000000000) (0) (0) (00)    ;(0000000000000000) (0) (0) (00)   ;(0000000000000000) (0) (0) (00)   ;(0000000000000000) (0) (0) (00)   ;(0000000000000000) (0) (0) (00)   ;(0000000000000000) (0) (0) (00)   ;(0000000000000000) (0) (0) (00)   ;(0000000000000000) (0) (0) (00)   ;
;3016;(0000000000000000) (0) (0) (00)    ;(0000000000000000) (0) (0) (00)   ;(0000000000000000) (0) (0) (00)   ;(0000000000000000) (0) (0) (00)   ;(0000000000000000) (0) (0) (00)   ;(0000000000000000) (0) (0) (00)   ;(0000000000000000) (0) (0) (00)   ;(0000000000000000) (0) (0) (00)   ;
;3024;(0000000000000000) (0) (0) (00)    ;(0000000000000000) (0) (0) (00)   ;(0000000000000000) (0) (0) (00)   ;(0000000000000000) (0) (0) (00)   ;(0000000000000000) (0) (0) (00)   ;(0000000000000000) (0) (0) (00)   ;(0000000000000000) (0) (0) (00)   ;(0000000000000000) (0) (0) (00)   ;
;3032;(0000000000000000) (0) (0) (00)    ;(0000000000000000) (0) (0) (00)   ;(0000000000000000) (0) (0) (00)   ;(0000000000000000) (0) (0) (00)   ;(0000000000000000) (0) (0) (00)   ;(0000000000000000) (0) (0) (00)   ;(0000000000000000) (0) (0) (00)   ;(0000000000000000) (0) (0) (00)   ;
;3040;(0000000000000000) (0) (0) (00)    ;(0000000000000000) (0) (0) (00)   ;(0000000000000000) (0) (0) (00)   ;(0000000000000000) (0) (0) (00)   ;(0000000000000000) (0) (0) (00)   ;(0000000000000000) (0) (0) (00)   ;(0000000000000000) (0) (0) (00)   ;(0000000000000000) (0) (0) (00)   ;
;3048;(0000000000000000) (0) (0) (00)    ;(0000000000000000) (0) (0) (00)   ;(0000000000000000) (0) (0) (00)   ;(0000000000000000) (0) (0) (00)   ;(0000000000000000) (0) (0) (00)   ;(0000000000000000) (0) (0) (00)   ;(0000000000000000) (0) (0) (00)   ;(0000000000000000) (0) (0) (00)   ;
;3056;(0000000000000000) (0) (0) (00)    ;(0000000000000000) (0) (0) (00)   ;(0000000000000000) (0) (0) (00)   ;(0000000000000000) (0) (0) (00)   ;(0000000000000000) (0) (0) (00)   ;(0000000000000000) (0) (0) (00)   ;(0000000000000000) (0) (0) (00)   ;(0000000000000000) (0) (0) (00)   ;
;3064;(0000000000000000) (0) (0) (00)    ;(0000000000000000) (0) (0) (00)   ;(0000000000000000) (0) (0) (00)   ;(0000000000000000) (0) (0) (00)   ;(0000000000000000) (0) (0) (00)   ;(0000000000000000) (0) (0) (00)   ;(0000000000000000) (0) (0) (00)   ;(0000000000000000) (0) (0) (00)   ;
;3072;(0000000000000000) (0) (0) (00)    ;(0000000000000000) (0) (0) (00)   ;(0000000000000000) (0) (0) (00)   ;(0000000000000000) (0) (0) (00)   ;(0000000000000000) (0) (0) (00)   ;(0000000000000000) (0) (0) (00)   ;(0000000000000000) (0) (0) (00)   ;(0000000000000000) (0) (0) (00)   ;
;3080;(0000000000000000) (0) (0) (00)    ;(0000000000000000) (0) (0) (00)   ;(0000000000000000) (0) (0) (00)   ;(0000000000000000) (0) (0) (00)   ;(0000000000000000) (0) (0) (00)   ;(0000000000000000) (0) (0) (00)   ;(0000000000000000) (0) (0) (00)   ;(0000000000000000) (0) (0) (00)   ;
;3088;(0000000000000000) (0) (0) (00)    ;(0000000000000000) (0) (0) (00)   ;(0000000000000000) (0) (0) (00)   ;(0000000000000000) (0) (0) (00)   ;(0000000000000000) (0) (0) (00)   ;(0000000000000000) (0) (0) (00)   ;(0000000000000000) (0) (0) (00)   ;(0000000000000000) (0) (0) (00)   ;
;3096;(0000000000000000) (0) (0) (00)    ;(0000000000000000) (0) (0) (00)   ;(0000000000000000) (0) (0) (00)   ;(0000000000000000) (0) (0) (00)   ;(0000000000000000) (0) (0) (00)   ;(0000000000000000) (0) (0) (00)   ;(0000000000000000) (0) (0) (00)   ;(0000000000000000) (0) (0) (00)   ;
;3104;(0000000000000000) (0) (0) (00)    ;(0000000000000000) (0) (0) (00)   ;(0000000000000000) (0) (0) (00)   ;(0000000000000000) (0) (0) (00)   ;(0000000000000000) (0) (0) (00)   ;(0000000000000000) (0) (0) (00)   ;(0000000000000000) (0) (0) (00)   ;(0000000000000000) (0) (0) (00)   ;
;3112;(0000000000000000) (0) (0) (00)    ;(0000000000000000) (0) (0) (00)   ;(0000000000000000) (0) (0) (00)   ;(0000000000000000) (0) (0) (00)   ;(0000000000000000) (0) (0) (00)   ;(0000000000000000) (0) (0) (00)   ;(0000000000000000) (0) (0) (00)   ;(0000000000000000) (0) (0) (00)   ;
;3120;(0000000000000000) (0) (0) (00)    ;(0000000000000000) (0) (0) (00)   ;(0000000000000000) (0) (0) (00)   ;(0000000000000000) (0) (0) (00)   ;(0000000000000000) (0) (0) (00)   ;(0000000000000000) (0) (0) (00)   ;(0000000000000000) (0) (0) (00)   ;(0000000000000000) (0) (0) (00)   ;
;3128;(0000000000000000) (0) (0) (00)    ;(0000000000000000) (0) (0) (00)   ;(0000000000000000) (0) (0) (00)   ;(0000000000000000) (0) (0) (00)   ;(0000000000000000) (0) (0) (00)   ;(0000000000000000) (0) (0) (00)   ;(0000000000000000) (0) (0) (00)   ;(0000000000000000) (0) (0) (00)   ;
;3136;(0000000000000000) (0) (0) (00)    ;(0000000000000000) (0) (0) (00)   ;(0000000000000000) (0) (0) (00)   ;(0000000000000000) (0) (0) (00)   ;(0000000000000000) (0) (0) (00)   ;(0000000000000000) (0) (0) (00)   ;(0000000000000000) (0) (0) (00)   ;(0000000000000000) (0) (0) (00)   ;
;3144;(0000000000000000) (0) (0) (00)    ;(0000000000000000) (0) (0) (00)   ;(0000000000000000) (0) (0) (00)   ;(0000000000000000) (0) (0) (00)   ;(0000000000000000) (0) (0) (00)   ;(0000000000000000) (0) (0) (00)   ;(0000000000000000) (0) (0) (00)   ;(0000000000000000) (0) (0) (00)   ;
;3152;(0000000000000000) (0) (0) (00)    ;(0000000000000000) (0) (0) (00)   ;(0000000000000000) (0) (0) (00)   ;(0000000000000000) (0) (0) (00)   ;(0000000000000000) (0) (0) (00)   ;(0000000000000000) (0) (0) (00)   ;(0000000000000000) (0) (0) (00)   ;(0000000000000000) (0) (0) (00)   ;
;3160;(0000000000000000) (0) (0) (00)    ;(0000000000000000) (0) (0) (00)   ;(0000000000000000) (0) (0) (00)   ;(0000000000000000) (0) (0) (00)   ;(0000000000000000) (0) (0) (00)   ;(0000000000000000) (0) (0) (00)   ;(0000000000000000) (0) (0) (00)   ;(0000000000000000) (0) (0) (00)   ;
;3168;(0000000000000000) (0) (0) (00)    ;(0000000000000000) (0) (0) (00)   ;(0000000000000000) (0) (0) (00)   ;(0000000000000000) (0) (0) (00)   ;(0000000000000000) (0) (0) (00)   ;(0000000000000000) (0) (0) (00)   ;(0000000000000000) (0) (0) (00)   ;(0000000000000000) (0) (0) (00)   ;
;3176;(0000000000000000) (0) (0) (00)    ;(0000000000000000) (0) (0) (00)   ;(0000000000000000) (0) (0) (00)   ;(0000000000000000) (0) (0) (00)   ;(0000000000000000) (0) (0) (00)   ;(0000000000000000) (0) (0) (00)   ;(0000000000000000) (0) (0) (00)   ;(0000000000000000) (0) (0) (00)   ;
;3184;(0000000000000000) (0) (0) (00)    ;(0000000000000000) (0) (0) (00)   ;(0000000000000000) (0) (0) (00)   ;(0000000000000000) (0) (0) (00)   ;(0000000000000000) (0) (0) (00)   ;(0000000000000000) (0) (0) (00)   ;(0000000000000000) (0) (0) (00)   ;(0000000000000000) (0) (0) (00)   ;
;3192;(0000000000000000) (0) (0) (00)    ;(0000000000000000) (0) (0) (00)   ;(0000000000000000) (0) (0) (00)   ;(0000000000000000) (0) (0) (00)   ;(0000000000000000) (0) (0) (00)   ;(0000000000000000) (0) (0) (00)   ;(0000000000000000) (0) (0) (00)   ;(0000000000000000) (0) (0) (00)   ;
;3200;(0000000000000000) (0) (0) (00)    ;(0000000000000000) (0) (0) (00)   ;(0000000000000000) (0) (0) (00)   ;(0000000000000000) (0) (0) (00)   ;(0000000000000000) (0) (0) (00)   ;(0000000000000000) (0) (0) (00)   ;(0000000000000000) (0) (0) (00)   ;(0000000000000000) (0) (0) (00)   ;
;3208;(0000000000000000) (0) (0) (00)    ;(0000000000000000) (0) (0) (00)   ;(0000000000000000) (0) (0) (00)   ;(0000000000000000) (0) (0) (00)   ;(0000000000000000) (0) (0) (00)   ;(0000000000000000) (0) (0) (00)   ;(0000000000000000) (0) (0) (00)   ;(0000000000000000) (0) (0) (00)   ;
;3216;(0000000000000000) (0) (0) (00)    ;(0000000000000000) (0) (0) (00)   ;(0000000000000000) (0) (0) (00)   ;(0000000000000000) (0) (0) (00)   ;(0000000000000000) (0) (0) (00)   ;(0000000000000000) (0) (0) (00)   ;(0000000000000000) (0) (0) (00)   ;(0000000000000000) (0) (0) (00)   ;
;3224;(0000000000000000) (0) (0) (00)    ;(0000000000000000) (0) (0) (00)   ;(0000000000000000) (0) (0) (00)   ;(0000000000000000) (0) (0) (00)   ;(0000000000000000) (0) (0) (00)   ;(0000000000000000) (0) (0) (00)   ;(0000000000000000) (0) (0) (00)   ;(0000000000000000) (0) (0) (00)   ;
;3232;(0000000000000000) (0) (0) (00)    ;(0000000000000000) (0) (0) (00)   ;(0000000000000000) (0) (0) (00)   ;(0000000000000000) (0) (0) (00)   ;(0000000000000000) (0) (0) (00)   ;(0000000000000000) (0) (0) (00)   ;(0000000000000000) (0) (0) (00)   ;(0000000000000000) (0) (0) (00)   ;
;3240;(0000000000000000) (0) (0) (00)    ;(0000000000000000) (0) (0) (00)   ;(0000000000000000) (0) (0) (00)   ;(0000000000000000) (0) (0) (00)   ;(0000000000000000) (0) (0) (00)   ;(0000000000000000) (0) (0) (00)   ;(0000000000000000) (0) (0) (00)   ;(0000000000000000) (0) (0) (00)   ;
;3248;(0000000000000000) (0) (0) (00)    ;(0000000000000000) (0) (0) (00)   ;(0000000000000000) (0) (0) (00)   ;(0000000000000000) (0) (0) (00)   ;(0000000000000000) (0) (0) (00)   ;(0000000000000000) (0) (0) (00)   ;(0000000000000000) (0) (0) (00)   ;(0000000000000000) (0) (0) (00)   ;
;3256;(0000000000000000) (0) (0) (00)    ;(0000000000000000) (0) (0) (00)   ;(0000000000000000) (0) (0) (00)   ;(0000000000000000) (0) (0) (00)   ;(0000000000000000) (0) (0) (00)   ;(0000000000000000) (0) (0) (00)   ;(0000000000000000) (0) (0) (00)   ;(0000000000000000) (0) (0) (00)   ;
;3264;(0000000000000000) (0) (0) (00)    ;(0000000000000000) (0) (0) (00)   ;(0000000000000000) (0) (0) (00)   ;(0000000000000000) (0) (0) (00)   ;(0000000000000000) (0) (0) (00)   ;(0000000000000000) (0) (0) (00)   ;(0000000000000000) (0) (0) (00)   ;(0000000000000000) (0) (0) (00)   ;
;3272;(0000000000000000) (0) (0) (00)    ;(0000000000000000) (0) (0) (00)   ;(0000000000000000) (0) (0) (00)   ;(0000000000000000) (0) (0) (00)   ;(0000000000000000) (0) (0) (00)   ;(0000000000000000) (0) (0) (00)   ;(0000000000000000) (0) (0) (00)   ;(0000000000000000) (0) (0) (00)   ;
;3280;(0000000000000000) (0) (0) (00)    ;(0000000000000000) (0) (0) (00)   ;(0000000000000000) (0) (0) (00)   ;(0000000000000000) (0) (0) (00)   ;(0000000000000000) (0) (0) (00)   ;(0000000000000000) (0) (0) (00)   ;(0000000000000000) (0) (0) (00)   ;(0000000000000000) (0) (0) (00)   ;
;3288;(0000000000000000) (0) (0) (00)    ;(0000000000000000) (0) (0) (00)   ;(0000000000000000) (0) (0) (00)   ;(0000000000000000) (0) (0) (00)   ;(0000000000000000) (0) (0) (00)   ;(0000000000000000) (0) (0) (00)   ;(0000000000000000) (0) (0) (00)   ;(0000000000000000) (0) (0) (00)   ;
;3296;(0000000000000000) (0) (0) (00)    ;(0000000000000000) (0) (0) (00)   ;(0000000000000000) (0) (0) (00)   ;(0000000000000000) (0) (0) (00)   ;(0000000000000000) (0) (0) (00)   ;(0000000000000000) (0) (0) (00)   ;(0000000000000000) (0) (0) (00)   ;(0000000000000000) (0) (0) (00)   ;
;3304;(0000000000000000) (0) (0) (00)    ;(0000000000000000) (0) (0) (00)   ;(0000000000000000) (0) (0) (00)   ;(0000000000000000) (0) (0) (00)   ;(0000000000000000) (0) (0) (00)   ;(0000000000000000) (0) (0) (00)   ;(0000000000000000) (0) (0) (00)   ;(0000000000000000) (0) (0) (00)   ;
;3312;(0000000000000000) (0) (0) (00)    ;(0000000000000000) (0) (0) (00)   ;(0000000000000000) (0) (0) (00)   ;(0000000000000000) (0) (0) (00)   ;(0000000000000000) (0) (0) (00)   ;(0000000000000000) (0) (0) (00)   ;(0000000000000000) (0) (0) (00)   ;(0000000000000000) (0) (0) (00)   ;
;3320;(0000000000000000) (0) (0) (00)    ;(0000000000000000) (0) (0) (00)   ;(0000000000000000) (0) (0) (00)   ;(0000000000000000) (0) (0) (00)   ;(0000000000000000) (0) (0) (00)   ;(0000000000000000) (0) (0) (00)   ;(0000000000000000) (0) (0) (00)   ;(0000000000000000) (0) (0) (00)   ;
;3328;(0000000000000000) (0) (0) (00)    ;(0000000000000000) (0) (0) (00)   ;(0000000000000000) (0) (0) (00)   ;(0000000000000000) (0) (0) (00)   ;(0000000000000000) (0) (0) (00)   ;(0000000000000000) (0) (0) (00)   ;(0000000000000000) (0) (0) (00)   ;(0000000000000000) (0) (0) (00)   ;
;3336;(0000000000000000) (0) (0) (00)    ;(0000000000000000) (0) (0) (00)   ;(0000000000000000) (0) (0) (00)   ;(0000000000000000) (0) (0) (00)   ;(0000000000000000) (0) (0) (00)   ;(0000000000000000) (0) (0) (00)   ;(0000000000000000) (0) (0) (00)   ;(0000000000000000) (0) (0) (00)   ;
;3344;(0000000000000000) (0) (0) (00)    ;(0000000000000000) (0) (0) (00)   ;(0000000000000000) (0) (0) (00)   ;(0000000000000000) (0) (0) (00)   ;(0000000000000000) (0) (0) (00)   ;(0000000000000000) (0) (0) (00)   ;(0000000000000000) (0) (0) (00)   ;(0000000000000000) (0) (0) (00)   ;
;3352;(0000000000000000) (0) (0) (00)    ;(0000000000000000) (0) (0) (00)   ;(0000000000000000) (0) (0) (00)   ;(0000000000000000) (0) (0) (00)   ;(0000000000000000) (0) (0) (00)   ;(0000000000000000) (0) (0) (00)   ;(0000000000000000) (0) (0) (00)   ;(0000000000000000) (0) (0) (00)   ;
;3360;(0000000000000000) (0) (0) (00)    ;(0000000000000000) (0) (0) (00)   ;(0000000000000000) (0) (0) (00)   ;(0000000000000000) (0) (0) (00)   ;(0000000000000000) (0) (0) (00)   ;(0000000000000000) (0) (0) (00)   ;(0000000000000000) (0) (0) (00)   ;(0000000000000000) (0) (0) (00)   ;
;3368;(0000000000000000) (0) (0) (00)    ;(0000000000000000) (0) (0) (00)   ;(0000000000000000) (0) (0) (00)   ;(0000000000000000) (0) (0) (00)   ;(0000000000000000) (0) (0) (00)   ;(0000000000000000) (0) (0) (00)   ;(0000000000000000) (0) (0) (00)   ;(0000000000000000) (0) (0) (00)   ;
;3376;(0000000000000000) (0) (0) (00)    ;(0000000000000000) (0) (0) (00)   ;(0000000000000000) (0) (0) (00)   ;(0000000000000000) (0) (0) (00)   ;(0000000000000000) (0) (0) (00)   ;(0000000000000000) (0) (0) (00)   ;(0000000000000000) (0) (0) (00)   ;(0000000000000000) (0) (0) (00)   ;
;3384;(0000000000000000) (0) (0) (00)    ;(0000000000000000) (0) (0) (00)   ;(0000000000000000) (0) (0) (00)   ;(0000000000000000) (0) (0) (00)   ;(0000000000000000) (0) (0) (00)   ;(0000000000000000) (0) (0) (00)   ;(0000000000000000) (0) (0) (00)   ;(0000000000000000) (0) (0) (00)   ;
;3392;(0000000000000000) (0) (0) (00)    ;(0000000000000000) (0) (0) (00)   ;(0000000000000000) (0) (0) (00)   ;(0000000000000000) (0) (0) (00)   ;(0000000000000000) (0) (0) (00)   ;(0000000000000000) (0) (0) (00)   ;(0000000000000000) (0) (0) (00)   ;(0000000000000000) (0) (0) (00)   ;
;3400;(0000000000000000) (0) (0) (00)    ;(0000000000000000) (0) (0) (00)   ;(0000000000000000) (0) (0) (00)   ;(0000000000000000) (0) (0) (00)   ;(0000000000000000) (0) (0) (00)   ;(0000000000000000) (0) (0) (00)   ;(0000000000000000) (0) (0) (00)   ;(0000000000000000) (0) (0) (00)   ;
;3408;(0000000000000000) (0) (0) (00)    ;(0000000000000000) (0) (0) (00)   ;(0000000000000000) (0) (0) (00)   ;(0000000000000000) (0) (0) (00)   ;(0000000000000000) (0) (0) (00)   ;(0000000000000000) (0) (0) (00)   ;(0000000000000000) (0) (0) (00)   ;(0000000000000000) (0) (0) (00)   ;
;3416;(0000000000000000) (0) (0) (00)    ;(0000000000000000) (0) (0) (00)   ;(0000000000000000) (0) (0) (00)   ;(0000000000000000) (0) (0) (00)   ;(0000000000000000) (0) (0) (00)   ;(0000000000000000) (0) (0) (00)   ;(0000000000000000) (0) (0) (00)   ;(0000000000000000) (0) (0) (00)   ;
;3424;(0000000000000000) (0) (0) (00)    ;(0000000000000000) (0) (0) (00)   ;(0000000000000000) (0) (0) (00)   ;(0000000000000000) (0) (0) (00)   ;(0000000000000000) (0) (0) (00)   ;(0000000000000000) (0) (0) (00)   ;(0000000000000000) (0) (0) (00)   ;(0000000000000000) (0) (0) (00)   ;
;3432;(0000000000000000) (0) (0) (00)    ;(0000000000000000) (0) (0) (00)   ;(0000000000000000) (0) (0) (00)   ;(0000000000000000) (0) (0) (00)   ;(0000000000000000) (0) (0) (00)   ;(0000000000000000) (0) (0) (00)   ;(0000000000000000) (0) (0) (00)   ;(0000000000000000) (0) (0) (00)   ;
;3440;(0000000000000000) (0) (0) (00)    ;(0000000000000000) (0) (0) (00)   ;(0000000000000000) (0) (0) (00)   ;(0000000000000000) (0) (0) (00)   ;(0000000000000000) (0) (0) (00)   ;(0000000000000000) (0) (0) (00)   ;(0000000000000000) (0) (0) (00)   ;(0000000000000000) (0) (0) (00)   ;
;3448;(0000000000000000) (0) (0) (00)    ;(0000000000000000) (0) (0) (00)   ;(0000000000000000) (0) (0) (00)   ;(0000000000000000) (0) (0) (00)   ;(0000000000000000) (0) (0) (00)   ;(0000000000000000) (0) (0) (00)   ;(0000000000000000) (0) (0) (00)   ;(0000000000000000) (0) (0) (00)   ;
;3456;(0000000000000000) (0) (0) (00)    ;(0000000000000000) (0) (0) (00)   ;(0000000000000000) (0) (0) (00)   ;(0000000000000000) (0) (0) (00)   ;(0000000000000000) (0) (0) (00)   ;(0000000000000000) (0) (0) (00)   ;(0000000000000000) (0) (0) (00)   ;(0000000000000000) (0) (0) (00)   ;
;3464;(0000000000000000) (0) (0) (00)    ;(0000000000000000) (0) (0) (00)   ;(0000000000000000) (0) (0) (00)   ;(0000000000000000) (0) (0) (00)   ;(0000000000000000) (0) (0) (00)   ;(0000000000000000) (0) (0) (00)   ;(0000000000000000) (0) (0) (00)   ;(0000000000000000) (0) (0) (00)   ;
;3472;(0000000000000000) (0) (0) (00)    ;(0000000000000000) (0) (0) (00)   ;(0000000000000000) (0) (0) (00)   ;(0000000000000000) (0) (0) (00)   ;(0000000000000000) (0) (0) (00)   ;(0000000000000000) (0) (0) (00)   ;(0000000000000000) (0) (0) (00)   ;(0000000000000000) (0) (0) (00)   ;
;3480;(0000000000000000) (0) (0) (00)    ;(0000000000000000) (0) (0) (00)   ;(0000000000000000) (0) (0) (00)   ;(0000000000000000) (0) (0) (00)   ;(0000000000000000) (0) (0) (00)   ;(0000000000000000) (0) (0) (00)   ;(0000000000000000) (0) (0) (00)   ;(0000000000000000) (0) (0) (00)   ;
;3488;(0000000000000000) (0) (0) (00)    ;(0000000000000000) (0) (0) (00)   ;(0000000000000000) (0) (0) (00)   ;(0000000000000000) (0) (0) (00)   ;(0000000000000000) (0) (0) (00)   ;(0000000000000000) (0) (0) (00)   ;(0000000000000000) (0) (0) (00)   ;(0000000000000000) (0) (0) (00)   ;
;3496;(0000000000000000) (0) (0) (00)    ;(0000000000000000) (0) (0) (00)   ;(0000000000000000) (0) (0) (00)   ;(0000000000000000) (0) (0) (00)   ;(0000000000000000) (0) (0) (00)   ;(0000000000000000) (0) (0) (00)   ;(0000000000000000) (0) (0) (00)   ;(0000000000000000) (0) (0) (00)   ;
;3504;(0000000000000000) (0) (0) (00)    ;(0000000000000000) (0) (0) (00)   ;(0000000000000000) (0) (0) (00)   ;(0000000000000000) (0) (0) (00)   ;(0000000000000000) (0) (0) (00)   ;(0000000000000000) (0) (0) (00)   ;(0000000000000000) (0) (0) (00)   ;(0000000000000000) (0) (0) (00)   ;
;3512;(0000000000000000) (0) (0) (00)    ;(0000000000000000) (0) (0) (00)   ;(0000000000000000) (0) (0) (00)   ;(0000000000000000) (0) (0) (00)   ;(0000000000000000) (0) (0) (00)   ;(0000000000000000) (0) (0) (00)   ;(0000000000000000) (0) (0) (00)   ;(0000000000000000) (0) (0) (00)   ;
;3520;(0000000000000000) (0) (0) (00)    ;(0000000000000000) (0) (0) (00)   ;(0000000000000000) (0) (0) (00)   ;(0000000000000000) (0) (0) (00)   ;(0000000000000000) (0) (0) (00)   ;(0000000000000000) (0) (0) (00)   ;(0000000000000000) (0) (0) (00)   ;(0000000000000000) (0) (0) (00)   ;
;3528;(0000000000000000) (0) (0) (00)    ;(0000000000000000) (0) (0) (00)   ;(0000000000000000) (0) (0) (00)   ;(0000000000000000) (0) (0) (00)   ;(0000000000000000) (0) (0) (00)   ;(0000000000000000) (0) (0) (00)   ;(0000000000000000) (0) (0) (00)   ;(0000000000000000) (0) (0) (00)   ;
;3536;(0000000000000000) (0) (0) (00)    ;(0000000000000000) (0) (0) (00)   ;(0000000000000000) (0) (0) (00)   ;(0000000000000000) (0) (0) (00)   ;(0000000000000000) (0) (0) (00)   ;(0000000000000000) (0) (0) (00)   ;(0000000000000000) (0) (0) (00)   ;(0000000000000000) (0) (0) (00)   ;
;3544;(0000000000000000) (0) (0) (00)    ;(0000000000000000) (0) (0) (00)   ;(0000000000000000) (0) (0) (00)   ;(0000000000000000) (0) (0) (00)   ;(0000000000000000) (0) (0) (00)   ;(0000000000000000) (0) (0) (00)   ;(0000000000000000) (0) (0) (00)   ;(0000000000000000) (0) (0) (00)   ;
;3552;(0000000000000000) (0) (0) (00)    ;(0000000000000000) (0) (0) (00)   ;(0000000000000000) (0) (0) (00)   ;(0000000000000000) (0) (0) (00)   ;(0000000000000000) (0) (0) (00)   ;(0000000000000000) (0) (0) (00)   ;(0000000000000000) (0) (0) (00)   ;(0000000000000000) (0) (0) (00)   ;
;3560;(0000000000000000) (0) (0) (00)    ;(0000000000000000) (0) (0) (00)   ;(0000000000000000) (0) (0) (00)   ;(0000000000000000) (0) (0) (00)   ;(0000000000000000) (0) (0) (00)   ;(0000000000000000) (0) (0) (00)   ;(0000000000000000) (0) (0) (00)   ;(0000000000000000) (0) (0) (00)   ;
;3568;(0000000000000000) (0) (0) (00)    ;(0000000000000000) (0) (0) (00)   ;(0000000000000000) (0) (0) (00)   ;(0000000000000000) (0) (0) (00)   ;(0000000000000000) (0) (0) (00)   ;(0000000000000000) (0) (0) (00)   ;(0000000000000000) (0) (0) (00)   ;(0000000000000000) (0) (0) (00)   ;
;3576;(0000000000000000) (0) (0) (00)    ;(0000000000000000) (0) (0) (00)   ;(0000000000000000) (0) (0) (00)   ;(0000000000000000) (0) (0) (00)   ;(0000000000000000) (0) (0) (00)   ;(0000000000000000) (0) (0) (00)   ;(0000000000000000) (0) (0) (00)   ;(0000000000000000) (0) (0) (00)   ;
;3584;(0000000000000000) (0) (0) (00)    ;(0000000000000000) (0) (0) (00)   ;(0000000000000000) (0) (0) (00)   ;(0000000000000000) (0) (0) (00)   ;(0000000000000000) (0) (0) (00)   ;(0000000000000000) (0) (0) (00)   ;(0000000000000000) (0) (0) (00)   ;(0000000000000000) (0) (0) (00)   ;
;3592;(0000000000000000) (0) (0) (00)    ;(0000000000000000) (0) (0) (00)   ;(0000000000000000) (0) (0) (00)   ;(0000000000000000) (0) (0) (00)   ;(0000000000000000) (0) (0) (00)   ;(0000000000000000) (0) (0) (00)   ;(0000000000000000) (0) (0) (00)   ;(0000000000000000) (0) (0) (00)   ;
;3600;(0000000000000000) (0) (0) (00)    ;(0000000000000000) (0) (0) (00)   ;(0000000000000000) (0) (0) (00)   ;(0000000000000000) (0) (0) (00)   ;(0000000000000000) (0) (0) (00)   ;(0000000000000000) (0) (0) (00)   ;(0000000000000000) (0) (0) (00)   ;(0000000000000000) (0) (0) (00)   ;
;3608;(0000000000000000) (0) (0) (00)    ;(0000000000000000) (0) (0) (00)   ;(0000000000000000) (0) (0) (00)   ;(0000000000000000) (0) (0) (00)   ;(0000000000000000) (0) (0) (00)   ;(0000000000000000) (0) (0) (00)   ;(0000000000000000) (0) (0) (00)   ;(0000000000000000) (0) (0) (00)   ;
;3616;(0000000000000000) (0) (0) (00)    ;(0000000000000000) (0) (0) (00)   ;(0000000000000000) (0) (0) (00)   ;(0000000000000000) (0) (0) (00)   ;(0000000000000000) (0) (0) (00)   ;(0000000000000000) (0) (0) (00)   ;(0000000000000000) (0) (0) (00)   ;(0000000000000000) (0) (0) (00)   ;
;3624;(0000000000000000) (0) (0) (00)    ;(0000000000000000) (0) (0) (00)   ;(0000000000000000) (0) (0) (00)   ;(0000000000000000) (0) (0) (00)   ;(0000000000000000) (0) (0) (00)   ;(0000000000000000) (0) (0) (00)   ;(0000000000000000) (0) (0) (00)   ;(0000000000000000) (0) (0) (00)   ;
;3632;(0000000000000000) (0) (0) (00)    ;(0000000000000000) (0) (0) (00)   ;(0000000000000000) (0) (0) (00)   ;(0000000000000000) (0) (0) (00)   ;(0000000000000000) (0) (0) (00)   ;(0000000000000000) (0) (0) (00)   ;(0000000000000000) (0) (0) (00)   ;(0000000000000000) (0) (0) (00)   ;
;3640;(0000000000000000) (0) (0) (00)    ;(0000000000000000) (0) (0) (00)   ;(0000000000000000) (0) (0) (00)   ;(0000000000000000) (0) (0) (00)   ;(0000000000000000) (0) (0) (00)   ;(0000000000000000) (0) (0) (00)   ;(0000000000000000) (0) (0) (00)   ;(0000000000000000) (0) (0) (00)   ;
;3648;(0000000000000000) (0) (0) (00)    ;(0000000000000000) (0) (0) (00)   ;(0000000000000000) (0) (0) (00)   ;(0000000000000000) (0) (0) (00)   ;(0000000000000000) (0) (0) (00)   ;(0000000000000000) (0) (0) (00)   ;(0000000000000000) (0) (0) (00)   ;(0000000000000000) (0) (0) (00)   ;
;3656;(0000000000000000) (0) (0) (00)    ;(0000000000000000) (0) (0) (00)   ;(0000000000000000) (0) (0) (00)   ;(0000000000000000) (0) (0) (00)   ;(0000000000000000) (0) (0) (00)   ;(0000000000000000) (0) (0) (00)   ;(0000000000000000) (0) (0) (00)   ;(0000000000000000) (0) (0) (00)   ;
;3664;(0000000000000000) (0) (0) (00)    ;(0000000000000000) (0) (0) (00)   ;(0000000000000000) (0) (0) (00)   ;(0000000000000000) (0) (0) (00)   ;(0000000000000000) (0) (0) (00)   ;(0000000000000000) (0) (0) (00)   ;(0000000000000000) (0) (0) (00)   ;(0000000000000000) (0) (0) (00)   ;
;3672;(0000000000000000) (0) (0) (00)    ;(0000000000000000) (0) (0) (00)   ;(0000000000000000) (0) (0) (00)   ;(0000000000000000) (0) (0) (00)   ;(0000000000000000) (0) (0) (00)   ;(0000000000000000) (0) (0) (00)   ;(0000000000000000) (0) (0) (00)   ;(0000000000000000) (0) (0) (00)   ;
;3680;(0000000000000000) (0) (0) (00)    ;(0000000000000000) (0) (0) (00)   ;(0000000000000000) (0) (0) (00)   ;(0000000000000000) (0) (0) (00)   ;(0000000000000000) (0) (0) (00)   ;(0000000000000000) (0) (0) (00)   ;(0000000000000000) (0) (0) (00)   ;(0000000000000000) (0) (0) (00)   ;
;3688;(0000000000000000) (0) (0) (00)    ;(0000000000000000) (0) (0) (00)   ;(0000000000000000) (0) (0) (00)   ;(0000000000000000) (0) (0) (00)   ;(0000000000000000) (0) (0) (00)   ;(0000000000000000) (0) (0) (00)   ;(0000000000000000) (0) (0) (00)   ;(0000000000000000) (0) (0) (00)   ;
;3696;(0000000000000000) (0) (0) (00)    ;(0000000000000000) (0) (0) (00)   ;(0000000000000000) (0) (0) (00)   ;(0000000000000000) (0) (0) (00)   ;(0000000000000000) (0) (0) (00)   ;(0000000000000000) (0) (0) (00)   ;(0000000000000000) (0) (0) (00)   ;(0000000000000000) (0) (0) (00)   ;
;3704;(0000000000000000) (0) (0) (00)    ;(0000000000000000) (0) (0) (00)   ;(0000000000000000) (0) (0) (00)   ;(0000000000000000) (0) (0) (00)   ;(0000000000000000) (0) (0) (00)   ;(0000000000000000) (0) (0) (00)   ;(0000000000000000) (0) (0) (00)   ;(0000000000000000) (0) (0) (00)   ;
;3712;(0000000000000000) (0) (0) (00)    ;(0000000000000000) (0) (0) (00)   ;(0000000000000000) (0) (0) (00)   ;(0000000000000000) (0) (0) (00)   ;(0000000000000000) (0) (0) (00)   ;(0000000000000000) (0) (0) (00)   ;(0000000000000000) (0) (0) (00)   ;(0000000000000000) (0) (0) (00)   ;
;3720;(0000000000000000) (0) (0) (00)    ;(0000000000000000) (0) (0) (00)   ;(0000000000000000) (0) (0) (00)   ;(0000000000000000) (0) (0) (00)   ;(0000000000000000) (0) (0) (00)   ;(0000000000000000) (0) (0) (00)   ;(0000000000000000) (0) (0) (00)   ;(0000000000000000) (0) (0) (00)   ;
;3728;(0000000000000000) (0) (0) (00)    ;(0000000000000000) (0) (0) (00)   ;(0000000000000000) (0) (0) (00)   ;(0000000000000000) (0) (0) (00)   ;(0000000000000000) (0) (0) (00)   ;(0000000000000000) (0) (0) (00)   ;(0000000000000000) (0) (0) (00)   ;(0000000000000000) (0) (0) (00)   ;
;3736;(0000000000000000) (0) (0) (00)    ;(0000000000000000) (0) (0) (00)   ;(0000000000000000) (0) (0) (00)   ;(0000000000000000) (0) (0) (00)   ;(0000000000000000) (0) (0) (00)   ;(0000000000000000) (0) (0) (00)   ;(0000000000000000) (0) (0) (00)   ;(0000000000000000) (0) (0) (00)   ;
;3744;(0000000000000000) (0) (0) (00)    ;(0000000000000000) (0) (0) (00)   ;(0000000000000000) (0) (0) (00)   ;(0000000000000000) (0) (0) (00)   ;(0000000000000000) (0) (0) (00)   ;(0000000000000000) (0) (0) (00)   ;(0000000000000000) (0) (0) (00)   ;(0000000000000000) (0) (0) (00)   ;
;3752;(0000000000000000) (0) (0) (00)    ;(0000000000000000) (0) (0) (00)   ;(0000000000000000) (0) (0) (00)   ;(0000000000000000) (0) (0) (00)   ;(0000000000000000) (0) (0) (00)   ;(0000000000000000) (0) (0) (00)   ;(0000000000000000) (0) (0) (00)   ;(0000000000000000) (0) (0) (00)   ;
;3760;(0000000000000000) (0) (0) (00)    ;(0000000000000000) (0) (0) (00)   ;(0000000000000000) (0) (0) (00)   ;(0000000000000000) (0) (0) (00)   ;(0000000000000000) (0) (0) (00)   ;(0000000000000000) (0) (0) (00)   ;(0000000000000000) (0) (0) (00)   ;(0000000000000000) (0) (0) (00)   ;
;3768;(0000000000000000) (0) (0) (00)    ;(0000000000000000) (0) (0) (00)   ;(0000000000000000) (0) (0) (00)   ;(0000000000000000) (0) (0) (00)   ;(0000000000000000) (0) (0) (00)   ;(0000000000000000) (0) (0) (00)   ;(0000000000000000) (0) (0) (00)   ;(0000000000000000) (0) (0) (00)   ;
;3776;(0000000000000000) (0) (0) (00)    ;(0000000000000000) (0) (0) (00)   ;(0000000000000000) (0) (0) (00)   ;(0000000000000000) (0) (0) (00)   ;(0000000000000000) (0) (0) (00)   ;(0000000000000000) (0) (0) (00)   ;(0000000000000000) (0) (0) (00)   ;(0000000000000000) (0) (0) (00)   ;
;3784;(0000000000000000) (0) (0) (00)    ;(0000000000000000) (0) (0) (00)   ;(0000000000000000) (0) (0) (00)   ;(0000000000000000) (0) (0) (00)   ;(0000000000000000) (0) (0) (00)   ;(0000000000000000) (0) (0) (00)   ;(0000000000000000) (0) (0) (00)   ;(0000000000000000) (0) (0) (00)   ;
;3792;(0000000000000000) (0) (0) (00)    ;(0000000000000000) (0) (0) (00)   ;(0000000000000000) (0) (0) (00)   ;(0000000000000000) (0) (0) (00)   ;(0000000000000000) (0) (0) (00)   ;(0000000000000000) (0) (0) (00)   ;(0000000000000000) (0) (0) (00)   ;(0000000000000000) (0) (0) (00)   ;
;3800;(0000000000000000) (0) (0) (00)    ;(0000000000000000) (0) (0) (00)   ;(0000000000000000) (0) (0) (00)   ;(0000000000000000) (0) (0) (00)   ;(0000000000000000) (0) (0) (00)   ;(0000000000000000) (0) (0) (00)   ;(0000000000000000) (0) (0) (00)   ;(0000000000000000) (0) (0) (00)   ;
;3808;(0000000000000000) (0) (0) (00)    ;(0000000000000000) (0) (0) (00)   ;(0000000000000000) (0) (0) (00)   ;(0000000000000000) (0) (0) (00)   ;(0000000000000000) (0) (0) (00)   ;(0000000000000000) (0) (0) (00)   ;(0000000000000000) (0) (0) (00)   ;(0000000000000000) (0) (0) (00)   ;
;3816;(0000000000000000) (0) (0) (00)    ;(0000000000000000) (0) (0) (00)   ;(0000000000000000) (0) (0) (00)   ;(0000000000000000) (0) (0) (00)   ;(0000000000000000) (0) (0) (00)   ;(0000000000000000) (0) (0) (00)   ;(0000000000000000) (0) (0) (00)   ;(0000000000000000) (0) (0) (00)   ;
;3824;(0000000000000000) (0) (0) (00)    ;(0000000000000000) (0) (0) (00)   ;(0000000000000000) (0) (0) (00)   ;(0000000000000000) (0) (0) (00)   ;(0000000000000000) (0) (0) (00)   ;(0000000000000000) (0) (0) (00)   ;(0000000000000000) (0) (0) (00)   ;(0000000000000000) (0) (0) (00)   ;
;3832;(0000000000000000) (0) (0) (00)    ;(0000000000000000) (0) (0) (00)   ;(0000000000000000) (0) (0) (00)   ;(0000000000000000) (0) (0) (00)   ;(0000000000000000) (0) (0) (00)   ;(0000000000000000) (0) (0) (00)   ;(0000000000000000) (0) (0) (00)   ;(0000000000000000) (0) (0) (00)   ;
;3840;(0000000000000000) (0) (0) (00)    ;(0000000000000000) (0) (0) (00)   ;(0000000000000000) (0) (0) (00)   ;(0000000000000000) (0) (0) (00)   ;(0000000000000000) (0) (0) (00)   ;(0000000000000000) (0) (0) (00)   ;(0000000000000000) (0) (0) (00)   ;(0000000000000000) (0) (0) (00)   ;
;3848;(0000000000000000) (0) (0) (00)    ;(0000000000000000) (0) (0) (00)   ;(0000000000000000) (0) (0) (00)   ;(0000000000000000) (0) (0) (00)   ;(0000000000000000) (0) (0) (00)   ;(0000000000000000) (0) (0) (00)   ;(0000000000000000) (0) (0) (00)   ;(0000000000000000) (0) (0) (00)   ;
;3856;(0000000000000000) (0) (0) (00)    ;(0000000000000000) (0) (0) (00)   ;(0000000000000000) (0) (0) (00)   ;(0000000000000000) (0) (0) (00)   ;(0000000000000000) (0) (0) (00)   ;(0000000000000000) (0) (0) (00)   ;(0000000000000000) (0) (0) (00)   ;(0000000000000000) (0) (0) (00)   ;
;3864;(0000000000000000) (0) (0) (00)    ;(0000000000000000) (0) (0) (00)   ;(0000000000000000) (0) (0) (00)   ;(0000000000000000) (0) (0) (00)   ;(0000000000000000) (0) (0) (00)   ;(0000000000000000) (0) (0) (00)   ;(0000000000000000) (0) (0) (00)   ;(0000000000000000) (0) (0) (00)   ;
;3872;(0000000000000000) (0) (0) (00)    ;(0000000000000000) (0) (0) (00)   ;(0000000000000000) (0) (0) (00)   ;(0000000000000000) (0) (0) (00)   ;(0000000000000000) (0) (0) (00)   ;(0000000000000000) (0) (0) (00)   ;(0000000000000000) (0) (0) (00)   ;(0000000000000000) (0) (0) (00)   ;
;3880;(0000000000000000) (0) (0) (00)    ;(0000000000000000) (0) (0) (00)   ;(0000000000000000) (0) (0) (00)   ;(0000000000000000) (0) (0) (00)   ;(0000000000000000) (0) (0) (00)   ;(0000000000000000) (0) (0) (00)   ;(0000000000000000) (0) (0) (00)   ;(0000000000000000) (0) (0) (00)   ;
;3888;(0000000000000000) (0) (0) (00)    ;(0000000000000000) (0) (0) (00)   ;(0000000000000000) (0) (0) (00)   ;(0000000000000000) (0) (0) (00)   ;(0000000000000000) (0) (0) (00)   ;(0000000000000000) (0) (0) (00)   ;(0000000000000000) (0) (0) (00)   ;(0000000000000000) (0) (0) (00)   ;
;3896;(0000000000000000) (0) (0) (00)    ;(0000000000000000) (0) (0) (00)   ;(0000000000000000) (0) (0) (00)   ;(0000000000000000) (0) (0) (00)   ;(0000000000000000) (0) (0) (00)   ;(0000000000000000) (0) (0) (00)   ;(0000000000000000) (0) (0) (00)   ;(0000000000000000) (0) (0) (00)   ;
;3904;(0000000000000000) (0) (0) (00)    ;(0000000000000000) (0) (0) (00)   ;(0000000000000000) (0) (0) (00)   ;(0000000000000000) (0) (0) (00)   ;(0000000000000000) (0) (0) (00)   ;(0000000000000000) (0) (0) (00)   ;(0000000000000000) (0) (0) (00)   ;(0000000000000000) (0) (0) (00)   ;
;3912;(0000000000000000) (0) (0) (00)    ;(0000000000000000) (0) (0) (00)   ;(0000000000000000) (0) (0) (00)   ;(0000000000000000) (0) (0) (00)   ;(0000000000000000) (0) (0) (00)   ;(0000000000000000) (0) (0) (00)   ;(0000000000000000) (0) (0) (00)   ;(0000000000000000) (0) (0) (00)   ;
;3920;(0000000000000000) (0) (0) (00)    ;(0000000000000000) (0) (0) (00)   ;(0000000000000000) (0) (0) (00)   ;(0000000000000000) (0) (0) (00)   ;(0000000000000000) (0) (0) (00)   ;(0000000000000000) (0) (0) (00)   ;(0000000000000000) (0) (0) (00)   ;(0000000000000000) (0) (0) (00)   ;
;3928;(0000000000000000) (0) (0) (00)    ;(0000000000000000) (0) (0) (00)   ;(0000000000000000) (0) (0) (00)   ;(0000000000000000) (0) (0) (00)   ;(0000000000000000) (0) (0) (00)   ;(0000000000000000) (0) (0) (00)   ;(0000000000000000) (0) (0) (00)   ;(0000000000000000) (0) (0) (00)   ;
;3936;(0000000000000000) (0) (0) (00)    ;(0000000000000000) (0) (0) (00)   ;(0000000000000000) (0) (0) (00)   ;(0000000000000000) (0) (0) (00)   ;(0000000000000000) (0) (0) (00)   ;(0000000000000000) (0) (0) (00)   ;(0000000000000000) (0) (0) (00)   ;(0000000000000000) (0) (0) (00)   ;
;3944;(0000000000000000) (0) (0) (00)    ;(0000000000000000) (0) (0) (00)   ;(0000000000000000) (0) (0) (00)   ;(0000000000000000) (0) (0) (00)   ;(0000000000000000) (0) (0) (00)   ;(0000000000000000) (0) (0) (00)   ;(0000000000000000) (0) (0) (00)   ;(0000000000000000) (0) (0) (00)   ;
;3952;(0000000000000000) (0) (0) (00)    ;(0000000000000000) (0) (0) (00)   ;(0000000000000000) (0) (0) (00)   ;(0000000000000000) (0) (0) (00)   ;(0000000000000000) (0) (0) (00)   ;(0000000000000000) (0) (0) (00)   ;(0000000000000000) (0) (0) (00)   ;(0000000000000000) (0) (0) (00)   ;
;3960;(0000000000000000) (0) (0) (00)    ;(0000000000000000) (0) (0) (00)   ;(0000000000000000) (0) (0) (00)   ;(0000000000000000) (0) (0) (00)   ;(0000000000000000) (0) (0) (00)   ;(0000000000000000) (0) (0) (00)   ;(0000000000000000) (0) (0) (00)   ;(0000000000000000) (0) (0) (00)   ;
;3968;(0000000000000000) (0) (0) (00)    ;(0000000000000000) (0) (0) (00)   ;(0000000000000000) (0) (0) (00)   ;(0000000000000000) (0) (0) (00)   ;(0000000000000000) (0) (0) (00)   ;(0000000000000000) (0) (0) (00)   ;(0000000000000000) (0) (0) (00)   ;(0000000000000000) (0) (0) (00)   ;
;3976;(0000000000000000) (0) (0) (00)    ;(0000000000000000) (0) (0) (00)   ;(0000000000000000) (0) (0) (00)   ;(0000000000000000) (0) (0) (00)   ;(0000000000000000) (0) (0) (00)   ;(0000000000000000) (0) (0) (00)   ;(0000000000000000) (0) (0) (00)   ;(0000000000000000) (0) (0) (00)   ;
;3984;(0000000000000000) (0) (0) (00)    ;(0000000000000000) (0) (0) (00)   ;(0000000000000000) (0) (0) (00)   ;(0000000000000000) (0) (0) (00)   ;(0000000000000000) (0) (0) (00)   ;(0000000000000000) (0) (0) (00)   ;(0000000000000000) (0) (0) (00)   ;(0000000000000000) (0) (0) (00)   ;
;3992;(0000000000000000) (0) (0) (00)    ;(0000000000000000) (0) (0) (00)   ;(0000000000000000) (0) (0) (00)   ;(0000000000000000) (0) (0) (00)   ;(0000000000000000) (0) (0) (00)   ;(0000000000000000) (0) (0) (00)   ;(0000000000000000) (0) (0) (00)   ;(0000000000000000) (0) (0) (00)   ;
;4000;(0000000000000000) (0) (0) (00)    ;(0000000000000000) (0) (0) (00)   ;(0000000000000000) (0) (0) (00)   ;(0000000000000000) (0) (0) (00)   ;(0000000000000000) (0) (0) (00)   ;(0000000000000000) (0) (0) (00)   ;(0000000000000000) (0) (0) (00)   ;(0000000000000000) (0) (0) (00)   ;
;4008;(0000000000000000) (0) (0) (00)    ;(0000000000000000) (0) (0) (00)   ;(0000000000000000) (0) (0) (00)   ;(0000000000000000) (0) (0) (00)   ;(0000000000000000) (0) (0) (00)   ;(0000000000000000) (0) (0) (00)   ;(0000000000000000) (0) (0) (00)   ;(0000000000000000) (0) (0) (00)   ;
;4016;(0000000000000000) (0) (0) (00)    ;(0000000000000000) (0) (0) (00)   ;(0000000000000000) (0) (0) (00)   ;(0000000000000000) (0) (0) (00)   ;(0000000000000000) (0) (0) (00)   ;(0000000000000000) (0) (0) (00)   ;(0000000000000000) (0) (0) (00)   ;(0000000000000000) (0) (0) (00)   ;
;4024;(0000000000000000) (0) (0) (00)    ;(0000000000000000) (0) (0) (00)   ;(0000000000000000) (0) (0) (00)   ;(0000000000000000) (0) (0) (00)   ;(0000000000000000) (0) (0) (00)   ;(0000000000000000) (0) (0) (00)   ;(0000000000000000) (0) (0) (00)   ;(0000000000000000) (0) (0) (00)   ;
;4032;(0000000000000000) (0) (0) (00)    ;(0000000000000000) (0) (0) (00)   ;(0000000000000000) (0) (0) (00)   ;(0000000000000000) (0) (0) (00)   ;(0000000000000000) (0) (0) (00)   ;(0000000000000000) (0) (0) (00)   ;(0000000000000000) (0) (0) (00)   ;(0000000000000000) (0) (0) (00)   ;
;4040;(0000000000000000) (0) (0) (00)    ;(0000000000000000) (0) (0) (00)   ;(0000000000000000) (0) (0) (00)   ;(0000000000000000) (0) (0) (00)   ;(0000000000000000) (0) (0) (00)   ;(0000000000000000) (0) (0) (00)   ;(0000000000000000) (0) (0) (00)   ;(0000000000000000) (0) (0) (00)   ;
;4048;(0000000000000000) (0) (0) (00)    ;(0000000000000000) (0) (0) (00)   ;(0000000000000000) (0) (0) (00)   ;(0000000000000000) (0) (0) (00)   ;(0000000000000000) (0) (0) (00)   ;(0000000000000000) (0) (0) (00)   ;(0000000000000000) (0) (0) (00)   ;(0000000000000000) (0) (0) (00)   ;
;4056;(0000000000000000) (0) (0) (00)    ;(0000000000000000) (0) (0) (00)   ;(0000000000000000) (0) (0) (00)   ;(0000000000000000) (0) (0) (00)   ;(0000000000000000) (0) (0) (00)   ;(0000000000000000) (0) (0) (00)   ;(0000000000000000) (0) (0) (00)   ;(0000000000000000) (0) (0) (00)   ;
;4064;(0000000000000000) (0) (0) (00)    ;(0000000000000000) (0) (0) (00)   ;(0000000000000000) (0) (0) (00)   ;(0000000000000000) (0) (0) (00)   ;


+-----------------------------------------------------------------------------------------------+
; Fitter DSP Block Usage Summary                                                                ;
+---------------------------------------+-------------+---------------------+-------------------+
; Statistic                             ; Number Used ; Available per Block ; Maximum Available ;
+---------------------------------------+-------------+---------------------+-------------------+
; Simple Multipliers (9-bit)            ; 0           ; 2                   ; 532               ;
; Simple Multipliers (18-bit)           ; 10          ; 1                   ; 266               ;
; Embedded Multiplier Blocks            ; 10          ; --                  ; 266               ;
; Embedded Multiplier 9-bit elements    ; 20          ; 2                   ; 532               ;
; Signed Embedded Multipliers           ; 2           ; --                  ; --                ;
; Unsigned Embedded Multipliers         ; 7           ; --                  ; --                ;
; Mixed Sign Embedded Multipliers       ; 1           ; --                  ; --                ;
; Variable Sign Embedded Multipliers    ; 0           ; --                  ; --                ;
; Dedicated Input Shift Register Chains ; 0           ; --                  ; --                ;
+---------------------------------------+-------------+---------------------+-------------------+


+-----------------------------------------------------------------------------------------------------------------------------------------------------------------------------------------------------------------------------------------------------+
; DSP Block Details                                                                                                                                                                                                                                   ;
+------------------------------------------------------+----------------------------+--------------------+---------------------+--------------------------------+-----------------------+-----------------------+-------------------+-----------------+
; Name                                                 ; Mode                       ; Location           ; Sign Representation ; Has Input Shift Register Chain ; Data A Input Register ; Data B Input Register ; Pipeline Register ; Output Register ;
+------------------------------------------------------+----------------------------+--------------------+---------------------+--------------------------------+-----------------------+-----------------------+-------------------+-----------------+
; lpm_mult:Mult2|mult_hdt:auto_generated|mac_out4      ; Simple Multiplier (18-bit) ; DSPOUT_X44_Y39_N2  ;                     ; No                             ;                       ;                       ;                   ; no              ;
;    lpm_mult:Mult2|mult_hdt:auto_generated|mac_mult3  ;                            ; DSPMULT_X44_Y39_N0 ; Unsigned            ;                                ; no                    ; no                    ; no                ;                 ;
; lpm_mult:Mult2|mult_hdt:auto_generated|mac_out10     ; Simple Multiplier (18-bit) ; DSPOUT_X44_Y38_N2  ;                     ; No                             ;                       ;                       ;                   ; no              ;
;    lpm_mult:Mult2|mult_hdt:auto_generated|mac_mult9  ;                            ; DSPMULT_X44_Y38_N0 ; Unsigned            ;                                ; no                    ; no                    ; no                ;                 ;
; lpm_mult:Mult2|mult_hdt:auto_generated|w1127w[0]     ; Simple Multiplier (18-bit) ; DSPOUT_X44_Y40_N2  ;                     ; No                             ;                       ;                       ;                   ; no              ;
;    lpm_mult:Mult2|mult_hdt:auto_generated|mac_mult1  ;                            ; DSPMULT_X44_Y40_N0 ; Unsigned            ;                                ; no                    ; no                    ; no                ;                 ;
; lpm_mult:Mult1|mult_86t:auto_generated|mac_out4      ; Simple Multiplier (18-bit) ; DSPOUT_X71_Y38_N2  ;                     ; No                             ;                       ;                       ;                   ; no              ;
;    lpm_mult:Mult1|mult_86t:auto_generated|mac_mult3  ;                            ; DSPMULT_X71_Y38_N0 ; Signed              ;                                ; no                    ; no                    ; no                ;                 ;
; lpm_mult:Mult1|mult_86t:auto_generated|w302w[0]      ; Simple Multiplier (18-bit) ; DSPOUT_X71_Y39_N2  ;                     ; No                             ;                       ;                       ;                   ; no              ;
;    lpm_mult:Mult1|mult_86t:auto_generated|mac_mult1  ;                            ; DSPMULT_X71_Y39_N0 ; Mixed               ;                                ; no                    ; no                    ; no                ;                 ;
; lpm_mult:Mult0|mult_56t:auto_generated|mac_out2      ; Simple Multiplier (18-bit) ; DSPOUT_X71_Y40_N2  ;                     ; No                             ;                       ;                       ;                   ; no              ;
;    lpm_mult:Mult0|mult_56t:auto_generated|mac_mult1  ;                            ; DSPMULT_X71_Y40_N0 ; Signed              ;                                ; no                    ; no                    ; no                ;                 ;
; lpm_mult:Mult2|mult_hdt:auto_generated|mac_out12     ; Simple Multiplier (18-bit) ; DSPOUT_X44_Y36_N2  ;                     ; No                             ;                       ;                       ;                   ; no              ;
;    lpm_mult:Mult2|mult_hdt:auto_generated|mac_mult11 ;                            ; DSPMULT_X44_Y36_N0 ; Unsigned            ;                                ; no                    ; no                    ; no                ;                 ;
; lpm_mult:Mult2|mult_hdt:auto_generated|mac_out6      ; Simple Multiplier (18-bit) ; DSPOUT_X44_Y37_N2  ;                     ; No                             ;                       ;                       ;                   ; no              ;
;    lpm_mult:Mult2|mult_hdt:auto_generated|mac_mult5  ;                            ; DSPMULT_X44_Y37_N0 ; Unsigned            ;                                ; no                    ; no                    ; no                ;                 ;
; lpm_mult:Mult2|mult_hdt:auto_generated|mac_out14     ; Simple Multiplier (18-bit) ; DSPOUT_X44_Y35_N2  ;                     ; No                             ;                       ;                       ;                   ; no              ;
;    lpm_mult:Mult2|mult_hdt:auto_generated|mac_mult13 ;                            ; DSPMULT_X44_Y35_N0 ; Unsigned            ;                                ; no                    ; no                    ; no                ;                 ;
; lpm_mult:Mult2|mult_hdt:auto_generated|mac_out8      ; Simple Multiplier (18-bit) ; DSPOUT_X44_Y41_N2  ;                     ; No                             ;                       ;                       ;                   ; no              ;
;    lpm_mult:Mult2|mult_hdt:auto_generated|mac_mult7  ;                            ; DSPMULT_X44_Y41_N0 ; Unsigned            ;                                ; no                    ; no                    ; no                ;                 ;
+------------------------------------------------------+----------------------------+--------------------+---------------------+--------------------------------+-----------------------+-----------------------+-------------------+-----------------+


+-------------------------------------------------+
; Routing Usage Summary                           ;
+-----------------------+-------------------------+
; Routing Resource Type ; Usage                   ;
+-----------------------+-------------------------+
; Block interconnects   ; 4,041 / 342,891 ( 1 % ) ;
; C16 interconnects     ; 50 / 10,120 ( < 1 % )   ;
; C4 interconnects      ; 2,148 / 209,544 ( 1 % ) ;
; Direct links          ; 440 / 342,891 ( < 1 % ) ;
; Global clocks         ; 2 / 20 ( 10 % )         ;
; Local interconnects   ; 705 / 119,088 ( < 1 % ) ;
; R24 interconnects     ; 159 / 9,963 ( 2 % )     ;
; R4 interconnects      ; 3,523 / 289,782 ( 1 % ) ;
+-----------------------+-------------------------+


+-----------------------------------------------------------------------------+
; LAB Logic Elements                                                          ;
+---------------------------------------------+-------------------------------+
; Number of Logic Elements  (Average = 13.71) ; Number of LABs  (Total = 143) ;
+---------------------------------------------+-------------------------------+
; 1                                           ; 5                             ;
; 2                                           ; 3                             ;
; 3                                           ; 2                             ;
; 4                                           ; 3                             ;
; 5                                           ; 0                             ;
; 6                                           ; 2                             ;
; 7                                           ; 1                             ;
; 8                                           ; 2                             ;
; 9                                           ; 1                             ;
; 10                                          ; 0                             ;
; 11                                          ; 5                             ;
; 12                                          ; 6                             ;
; 13                                          ; 7                             ;
; 14                                          ; 7                             ;
; 15                                          ; 13                            ;
; 16                                          ; 86                            ;
+---------------------------------------------+-------------------------------+


+--------------------------------------------------------------------+
; LAB-wide Signals                                                   ;
+------------------------------------+-------------------------------+
; LAB-wide Signals  (Average = 1.46) ; Number of LABs  (Total = 143) ;
+------------------------------------+-------------------------------+
; 1 Async. clear                     ; 18                            ;
; 1 Clock                            ; 97                            ;
; 1 Clock enable                     ; 54                            ;
; 1 Sync. load                       ; 7                             ;
; 2 Clock enables                    ; 33                            ;
+------------------------------------+-------------------------------+


+------------------------------------------------------------------------------+
; LAB Signals Sourced                                                          ;
+----------------------------------------------+-------------------------------+
; Number of Signals Sourced  (Average = 17.30) ; Number of LABs  (Total = 143) ;
+----------------------------------------------+-------------------------------+
; 0                                            ; 3                             ;
; 1                                            ; 6                             ;
; 2                                            ; 3                             ;
; 3                                            ; 3                             ;
; 4                                            ; 1                             ;
; 5                                            ; 3                             ;
; 6                                            ; 0                             ;
; 7                                            ; 0                             ;
; 8                                            ; 2                             ;
; 9                                            ; 0                             ;
; 10                                           ; 1                             ;
; 11                                           ; 3                             ;
; 12                                           ; 3                             ;
; 13                                           ; 3                             ;
; 14                                           ; 4                             ;
; 15                                           ; 13                            ;
; 16                                           ; 22                            ;
; 17                                           ; 2                             ;
; 18                                           ; 5                             ;
; 19                                           ; 4                             ;
; 20                                           ; 17                            ;
; 21                                           ; 4                             ;
; 22                                           ; 5                             ;
; 23                                           ; 2                             ;
; 24                                           ; 7                             ;
; 25                                           ; 8                             ;
; 26                                           ; 4                             ;
; 27                                           ; 1                             ;
; 28                                           ; 4                             ;
; 29                                           ; 3                             ;
; 30                                           ; 2                             ;
; 31                                           ; 1                             ;
; 32                                           ; 4                             ;
+----------------------------------------------+-------------------------------+


+---------------------------------------------------------------------------------+
; LAB Signals Sourced Out                                                         ;
+-------------------------------------------------+-------------------------------+
; Number of Signals Sourced Out  (Average = 9.08) ; Number of LABs  (Total = 143) ;
+-------------------------------------------------+-------------------------------+
; 0                                               ; 3                             ;
; 1                                               ; 10                            ;
; 2                                               ; 4                             ;
; 3                                               ; 6                             ;
; 4                                               ; 17                            ;
; 5                                               ; 5                             ;
; 6                                               ; 2                             ;
; 7                                               ; 4                             ;
; 8                                               ; 22                            ;
; 9                                               ; 9                             ;
; 10                                              ; 2                             ;
; 11                                              ; 6                             ;
; 12                                              ; 11                            ;
; 13                                              ; 4                             ;
; 14                                              ; 6                             ;
; 15                                              ; 9                             ;
; 16                                              ; 21                            ;
; 17                                              ; 1                             ;
; 18                                              ; 0                             ;
; 19                                              ; 0                             ;
; 20                                              ; 0                             ;
; 21                                              ; 0                             ;
; 22                                              ; 0                             ;
; 23                                              ; 0                             ;
; 24                                              ; 0                             ;
; 25                                              ; 0                             ;
; 26                                              ; 0                             ;
; 27                                              ; 0                             ;
; 28                                              ; 0                             ;
; 29                                              ; 0                             ;
; 30                                              ; 1                             ;
+-------------------------------------------------+-------------------------------+


+------------------------------------------------------------------------------+
; LAB Distinct Inputs                                                          ;
+----------------------------------------------+-------------------------------+
; Number of Distinct Inputs  (Average = 19.12) ; Number of LABs  (Total = 143) ;
+----------------------------------------------+-------------------------------+
; 0                                            ; 0                             ;
; 1                                            ; 0                             ;
; 2                                            ; 0                             ;
; 3                                            ; 0                             ;
; 4                                            ; 5                             ;
; 5                                            ; 5                             ;
; 6                                            ; 0                             ;
; 7                                            ; 0                             ;
; 8                                            ; 5                             ;
; 9                                            ; 0                             ;
; 10                                           ; 5                             ;
; 11                                           ; 6                             ;
; 12                                           ; 6                             ;
; 13                                           ; 12                            ;
; 14                                           ; 4                             ;
; 15                                           ; 5                             ;
; 16                                           ; 5                             ;
; 17                                           ; 3                             ;
; 18                                           ; 7                             ;
; 19                                           ; 5                             ;
; 20                                           ; 14                            ;
; 21                                           ; 3                             ;
; 22                                           ; 5                             ;
; 23                                           ; 10                            ;
; 24                                           ; 2                             ;
; 25                                           ; 3                             ;
; 26                                           ; 1                             ;
; 27                                           ; 1                             ;
; 28                                           ; 1                             ;
; 29                                           ; 0                             ;
; 30                                           ; 4                             ;
; 31                                           ; 4                             ;
; 32                                           ; 8                             ;
; 33                                           ; 11                            ;
; 34                                           ; 0                             ;
; 35                                           ; 1                             ;
; 36                                           ; 0                             ;
; 37                                           ; 1                             ;
+----------------------------------------------+-------------------------------+


+------------------------------------------+
; I/O Rules Summary                        ;
+----------------------------------+-------+
; I/O Rules Statistic              ; Total ;
+----------------------------------+-------+
; Total I/O Rules                  ; 30    ;
; Number of I/O Rules Passed       ; 12    ;
; Number of I/O Rules Failed       ; 0     ;
; Number of I/O Rules Unchecked    ; 0     ;
; Number of I/O Rules Inapplicable ; 18    ;
+----------------------------------+-------+


+-----------------------------------------------------------------------------------------------------------------------------------------------------------------------------------------------------------------------------------------------------------------------------------------------------+
; I/O Rules Details                                                                                                                                                                                                                                                                                   ;
+--------------+-----------+-----------------------------------+------------------------------------------------------------------------------------------------------+----------+--------------------------------------------------------------------------+---------------------+-------------------+
; Status       ; ID        ; Category                          ; Rule Description                                                                                     ; Severity ; Information                                                              ; Area                ; Extra Information ;
+--------------+-----------+-----------------------------------+------------------------------------------------------------------------------------------------------+----------+--------------------------------------------------------------------------+---------------------+-------------------+
; Pass         ; IO_000001 ; Capacity Checks                   ; Number of pins in an I/O bank should not exceed the number of locations available.                   ; Critical ; 0 such failures found.                                                   ; I/O                 ;                   ;
; Inapplicable ; IO_000002 ; Capacity Checks                   ; Number of clocks in an I/O bank should not exceed the number of clocks available.                    ; Critical ; No Global Signal assignments found.                                      ; I/O                 ;                   ;
; Pass         ; IO_000003 ; Capacity Checks                   ; Number of pins in a Vrefgroup should not exceed the number of locations available.                   ; Critical ; 0 such failures found.                                                   ; I/O                 ;                   ;
; Inapplicable ; IO_000004 ; Voltage Compatibility Checks      ; The I/O bank should support the requested VCCIO.                                                     ; Critical ; No IOBANK_VCCIO assignments found.                                       ; I/O                 ;                   ;
; Inapplicable ; IO_000005 ; Voltage Compatibility Checks      ; The I/O bank should not have competing VREF values.                                                  ; Critical ; No VREF I/O Standard assignments found.                                  ; I/O                 ;                   ;
; Pass         ; IO_000006 ; Voltage Compatibility Checks      ; The I/O bank should not have competing VCCIO values.                                                 ; Critical ; 0 such failures found.                                                   ; I/O                 ;                   ;
; Pass         ; IO_000007 ; Valid Location Checks             ; Checks for unavailable locations.                                                                    ; Critical ; 0 such failures found.                                                   ; I/O                 ;                   ;
; Inapplicable ; IO_000008 ; Valid Location Checks             ; Checks for reserved locations.                                                                       ; Critical ; No reserved LogicLock region found.                                      ; I/O                 ;                   ;
; Pass         ; IO_000009 ; I/O Properties Checks for One I/O ; The location should support the requested I/O standard.                                              ; Critical ; 0 such failures found.                                                   ; I/O                 ;                   ;
; Pass         ; IO_000010 ; I/O Properties Checks for One I/O ; The location should support the requested I/O direction.                                             ; Critical ; 0 such failures found.                                                   ; I/O                 ;                   ;
; Inapplicable ; IO_000011 ; I/O Properties Checks for One I/O ; The location should support the requested Current Strength.                                          ; Critical ; No Current Strength assignments found.                                   ; I/O                 ;                   ;
; Pass         ; IO_000012 ; I/O Properties Checks for One I/O ; The location should support the requested On Chip Termination value.                                 ; Critical ; 0 such failures found.                                                   ; I/O                 ;                   ;
; Inapplicable ; IO_000013 ; I/O Properties Checks for One I/O ; The location should support the requested Bus Hold value.                                            ; Critical ; No Enable Bus-Hold Circuitry assignments found.                          ; I/O                 ;                   ;
; Inapplicable ; IO_000014 ; I/O Properties Checks for One I/O ; The location should support the requested Weak Pull Up value.                                        ; Critical ; No Weak Pull-Up Resistor assignments found.                              ; I/O                 ;                   ;
; Pass         ; IO_000015 ; I/O Properties Checks for One I/O ; The location should support the requested PCI Clamp Diode.                                           ; Critical ; 0 such failures found.                                                   ; I/O                 ;                   ;
; Inapplicable ; IO_000018 ; I/O Properties Checks for One I/O ; The I/O standard should support the requested Current Strength.                                      ; Critical ; No Current Strength assignments found.                                   ; I/O                 ;                   ;
; Pass         ; IO_000019 ; I/O Properties Checks for One I/O ; The I/O standard should support the requested On Chip Termination value.                             ; Critical ; 0 such failures found.                                                   ; I/O                 ;                   ;
; Pass         ; IO_000020 ; I/O Properties Checks for One I/O ; The I/O standard should support the requested PCI Clamp Diode.                                       ; Critical ; 0 such failures found.                                                   ; I/O                 ;                   ;
; Inapplicable ; IO_000021 ; I/O Properties Checks for One I/O ; The I/O standard should support the requested Weak Pull Up value.                                    ; Critical ; No Weak Pull-Up Resistor assignments found.                              ; I/O                 ;                   ;
; Inapplicable ; IO_000022 ; I/O Properties Checks for One I/O ; The I/O standard should support the requested Bus Hold value.                                        ; Critical ; No Enable Bus-Hold Circuitry assignments found.                          ; I/O                 ;                   ;
; Inapplicable ; IO_000023 ; I/O Properties Checks for One I/O ; The I/O standard should support the Open Drain value.                                                ; Critical ; No open drain assignments found.                                         ; I/O                 ;                   ;
; Pass         ; IO_000024 ; I/O Properties Checks for One I/O ; The I/O direction should support the On Chip Termination value.                                      ; Critical ; 0 such failures found.                                                   ; I/O                 ;                   ;
; Inapplicable ; IO_000026 ; I/O Properties Checks for One I/O ; On Chip Termination and Current Strength should not be used at the same time.                        ; Critical ; No Current Strength assignments found.                                   ; I/O                 ;                   ;
; Inapplicable ; IO_000027 ; I/O Properties Checks for One I/O ; Weak Pull Up and Bus Hold should not be used at the same time.                                       ; Critical ; No Enable Bus-Hold Circuitry or Weak Pull-Up Resistor assignments found. ; I/O                 ;                   ;
; Inapplicable ; IO_000045 ; I/O Properties Checks for One I/O ; The I/O standard should support the requested Slew Rate value.                                       ; Critical ; No Slew Rate assignments found.                                          ; I/O                 ;                   ;
; Inapplicable ; IO_000046 ; I/O Properties Checks for One I/O ; The location should support the requested Slew Rate value.                                           ; Critical ; No Slew Rate assignments found.                                          ; I/O                 ;                   ;
; Inapplicable ; IO_000047 ; I/O Properties Checks for One I/O ; On Chip Termination and Slew Rate should not be used at the same time.                               ; Critical ; No Slew Rate assignments found.                                          ; I/O                 ;                   ;
; Pass         ; IO_000033 ; Electromigration Checks           ; Current density for consecutive I/Os should not exceed 240mA for row I/Os and 240mA for column I/Os. ; Critical ; 0 such failures found.                                                   ; I/O                 ;                   ;
; Inapplicable ; IO_000034 ; SI Related Distance Checks        ; Single-ended outputs should be 5 LAB row(s) away from a differential I/O.                            ; High     ; No Differential I/O Standard assignments found.                          ; I/O                 ;                   ;
; Inapplicable ; IO_000042 ; SI Related SSO Limit Checks       ; No more than 20 outputs are allowed in a VREF group when VREF is being read from.                    ; High     ; No VREF I/O Standard assignments found.                                  ; I/O                 ;                   ;
; ----         ; ----      ; Disclaimer                        ; OCT rules are checked but not reported.                                                              ; None     ; ----                                                                     ; On Chip Termination ;                   ;
+--------------+-----------+-----------------------------------+------------------------------------------------------------------------------------------------------+----------+--------------------------------------------------------------------------+---------------------+-------------------+


+-----------------------------------------------------------------------------------------------------------------------------------------------------------------------------------------------------------------------------------------------------------------------------------------------------------------------------------------------------------------------------------------------------------------------------------------------------------------+
; I/O Rules Matrix                                                                                                                                                                                                                                                                                                                                                                                                                                                ;
+--------------------+-----------+--------------+-----------+--------------+--------------+-----------+-----------+--------------+-----------+-----------+--------------+--------------+--------------+--------------+--------------+--------------+--------------+--------------+--------------+--------------+--------------+--------------+--------------+--------------+--------------+--------------+--------------+-----------+--------------+--------------+
; Pin/Rules          ; IO_000001 ; IO_000002    ; IO_000003 ; IO_000004    ; IO_000005    ; IO_000006 ; IO_000007 ; IO_000008    ; IO_000009 ; IO_000010 ; IO_000011    ; IO_000012    ; IO_000013    ; IO_000014    ; IO_000015    ; IO_000018    ; IO_000019    ; IO_000020    ; IO_000021    ; IO_000022    ; IO_000023    ; IO_000024    ; IO_000026    ; IO_000027    ; IO_000045    ; IO_000046    ; IO_000047    ; IO_000033 ; IO_000034    ; IO_000042    ;
+--------------------+-----------+--------------+-----------+--------------+--------------+-----------+-----------+--------------+-----------+-----------+--------------+--------------+--------------+--------------+--------------+--------------+--------------+--------------+--------------+--------------+--------------+--------------+--------------+--------------+--------------+--------------+--------------+-----------+--------------+--------------+
; Total Pass         ; 23        ; 0            ; 23        ; 0            ; 0            ; 23        ; 23        ; 0            ; 23        ; 23        ; 0            ; 18           ; 0            ; 0            ; 5            ; 0            ; 18           ; 5            ; 0            ; 0            ; 0            ; 18           ; 0            ; 0            ; 0            ; 0            ; 0            ; 23        ; 0            ; 0            ;
; Total Unchecked    ; 0         ; 0            ; 0         ; 0            ; 0            ; 0         ; 0         ; 0            ; 0         ; 0         ; 0            ; 0            ; 0            ; 0            ; 0            ; 0            ; 0            ; 0            ; 0            ; 0            ; 0            ; 0            ; 0            ; 0            ; 0            ; 0            ; 0            ; 0         ; 0            ; 0            ;
; Total Inapplicable ; 0         ; 23           ; 0         ; 23           ; 23           ; 0         ; 0         ; 23           ; 0         ; 0         ; 23           ; 5            ; 23           ; 23           ; 18           ; 23           ; 5            ; 18           ; 23           ; 23           ; 23           ; 5            ; 23           ; 23           ; 23           ; 23           ; 23           ; 0         ; 23           ; 23           ;
; Total Fail         ; 0         ; 0            ; 0         ; 0            ; 0            ; 0         ; 0         ; 0            ; 0         ; 0         ; 0            ; 0            ; 0            ; 0            ; 0            ; 0            ; 0            ; 0            ; 0            ; 0            ; 0            ; 0            ; 0            ; 0            ; 0            ; 0            ; 0            ; 0         ; 0            ; 0            ;
; stop               ; Pass      ; Inapplicable ; Pass      ; Inapplicable ; Inapplicable ; Pass      ; Pass      ; Inapplicable ; Pass      ; Pass      ; Inapplicable ; Inapplicable ; Inapplicable ; Inapplicable ; Pass         ; Inapplicable ; Inapplicable ; Pass         ; Inapplicable ; Inapplicable ; Inapplicable ; Inapplicable ; Inapplicable ; Inapplicable ; Inapplicable ; Inapplicable ; Inapplicable ; Pass      ; Inapplicable ; Inapplicable ;
; LED_seg[0]         ; Pass      ; Inapplicable ; Pass      ; Inapplicable ; Inapplicable ; Pass      ; Pass      ; Inapplicable ; Pass      ; Pass      ; Inapplicable ; Pass         ; Inapplicable ; Inapplicable ; Inapplicable ; Inapplicable ; Pass         ; Inapplicable ; Inapplicable ; Inapplicable ; Inapplicable ; Pass         ; Inapplicable ; Inapplicable ; Inapplicable ; Inapplicable ; Inapplicable ; Pass      ; Inapplicable ; Inapplicable ;
; LED_seg[1]         ; Pass      ; Inapplicable ; Pass      ; Inapplicable ; Inapplicable ; Pass      ; Pass      ; Inapplicable ; Pass      ; Pass      ; Inapplicable ; Pass         ; Inapplicable ; Inapplicable ; Inapplicable ; Inapplicable ; Pass         ; Inapplicable ; Inapplicable ; Inapplicable ; Inapplicable ; Pass         ; Inapplicable ; Inapplicable ; Inapplicable ; Inapplicable ; Inapplicable ; Pass      ; Inapplicable ; Inapplicable ;
; LED_seg[2]         ; Pass      ; Inapplicable ; Pass      ; Inapplicable ; Inapplicable ; Pass      ; Pass      ; Inapplicable ; Pass      ; Pass      ; Inapplicable ; Pass         ; Inapplicable ; Inapplicable ; Inapplicable ; Inapplicable ; Pass         ; Inapplicable ; Inapplicable ; Inapplicable ; Inapplicable ; Pass         ; Inapplicable ; Inapplicable ; Inapplicable ; Inapplicable ; Inapplicable ; Pass      ; Inapplicable ; Inapplicable ;
; LED_seg[3]         ; Pass      ; Inapplicable ; Pass      ; Inapplicable ; Inapplicable ; Pass      ; Pass      ; Inapplicable ; Pass      ; Pass      ; Inapplicable ; Pass         ; Inapplicable ; Inapplicable ; Inapplicable ; Inapplicable ; Pass         ; Inapplicable ; Inapplicable ; Inapplicable ; Inapplicable ; Pass         ; Inapplicable ; Inapplicable ; Inapplicable ; Inapplicable ; Inapplicable ; Pass      ; Inapplicable ; Inapplicable ;
; LED_seg[4]         ; Pass      ; Inapplicable ; Pass      ; Inapplicable ; Inapplicable ; Pass      ; Pass      ; Inapplicable ; Pass      ; Pass      ; Inapplicable ; Pass         ; Inapplicable ; Inapplicable ; Inapplicable ; Inapplicable ; Pass         ; Inapplicable ; Inapplicable ; Inapplicable ; Inapplicable ; Pass         ; Inapplicable ; Inapplicable ; Inapplicable ; Inapplicable ; Inapplicable ; Pass      ; Inapplicable ; Inapplicable ;
; LED_seg[5]         ; Pass      ; Inapplicable ; Pass      ; Inapplicable ; Inapplicable ; Pass      ; Pass      ; Inapplicable ; Pass      ; Pass      ; Inapplicable ; Pass         ; Inapplicable ; Inapplicable ; Inapplicable ; Inapplicable ; Pass         ; Inapplicable ; Inapplicable ; Inapplicable ; Inapplicable ; Pass         ; Inapplicable ; Inapplicable ; Inapplicable ; Inapplicable ; Inapplicable ; Pass      ; Inapplicable ; Inapplicable ;
; LED_seg[6]         ; Pass      ; Inapplicable ; Pass      ; Inapplicable ; Inapplicable ; Pass      ; Pass      ; Inapplicable ; Pass      ; Pass      ; Inapplicable ; Pass         ; Inapplicable ; Inapplicable ; Inapplicable ; Inapplicable ; Pass         ; Inapplicable ; Inapplicable ; Inapplicable ; Inapplicable ; Pass         ; Inapplicable ; Inapplicable ; Inapplicable ; Inapplicable ; Inapplicable ; Pass      ; Inapplicable ; Inapplicable ;
; LED_R[0]           ; Pass      ; Inapplicable ; Pass      ; Inapplicable ; Inapplicable ; Pass      ; Pass      ; Inapplicable ; Pass      ; Pass      ; Inapplicable ; Pass         ; Inapplicable ; Inapplicable ; Inapplicable ; Inapplicable ; Pass         ; Inapplicable ; Inapplicable ; Inapplicable ; Inapplicable ; Pass         ; Inapplicable ; Inapplicable ; Inapplicable ; Inapplicable ; Inapplicable ; Pass      ; Inapplicable ; Inapplicable ;
; LED_R[1]           ; Pass      ; Inapplicable ; Pass      ; Inapplicable ; Inapplicable ; Pass      ; Pass      ; Inapplicable ; Pass      ; Pass      ; Inapplicable ; Pass         ; Inapplicable ; Inapplicable ; Inapplicable ; Inapplicable ; Pass         ; Inapplicable ; Inapplicable ; Inapplicable ; Inapplicable ; Pass         ; Inapplicable ; Inapplicable ; Inapplicable ; Inapplicable ; Inapplicable ; Pass      ; Inapplicable ; Inapplicable ;
; LED_R[2]           ; Pass      ; Inapplicable ; Pass      ; Inapplicable ; Inapplicable ; Pass      ; Pass      ; Inapplicable ; Pass      ; Pass      ; Inapplicable ; Pass         ; Inapplicable ; Inapplicable ; Inapplicable ; Inapplicable ; Pass         ; Inapplicable ; Inapplicable ; Inapplicable ; Inapplicable ; Pass         ; Inapplicable ; Inapplicable ; Inapplicable ; Inapplicable ; Inapplicable ; Pass      ; Inapplicable ; Inapplicable ;
; LED_R[3]           ; Pass      ; Inapplicable ; Pass      ; Inapplicable ; Inapplicable ; Pass      ; Pass      ; Inapplicable ; Pass      ; Pass      ; Inapplicable ; Pass         ; Inapplicable ; Inapplicable ; Inapplicable ; Inapplicable ; Pass         ; Inapplicable ; Inapplicable ; Inapplicable ; Inapplicable ; Pass         ; Inapplicable ; Inapplicable ; Inapplicable ; Inapplicable ; Inapplicable ; Pass      ; Inapplicable ; Inapplicable ;
; LED_R[4]           ; Pass      ; Inapplicable ; Pass      ; Inapplicable ; Inapplicable ; Pass      ; Pass      ; Inapplicable ; Pass      ; Pass      ; Inapplicable ; Pass         ; Inapplicable ; Inapplicable ; Inapplicable ; Inapplicable ; Pass         ; Inapplicable ; Inapplicable ; Inapplicable ; Inapplicable ; Pass         ; Inapplicable ; Inapplicable ; Inapplicable ; Inapplicable ; Inapplicable ; Pass      ; Inapplicable ; Inapplicable ;
; LED_R[5]           ; Pass      ; Inapplicable ; Pass      ; Inapplicable ; Inapplicable ; Pass      ; Pass      ; Inapplicable ; Pass      ; Pass      ; Inapplicable ; Pass         ; Inapplicable ; Inapplicable ; Inapplicable ; Inapplicable ; Pass         ; Inapplicable ; Inapplicable ; Inapplicable ; Inapplicable ; Pass         ; Inapplicable ; Inapplicable ; Inapplicable ; Inapplicable ; Inapplicable ; Pass      ; Inapplicable ; Inapplicable ;
; LED_R[6]           ; Pass      ; Inapplicable ; Pass      ; Inapplicable ; Inapplicable ; Pass      ; Pass      ; Inapplicable ; Pass      ; Pass      ; Inapplicable ; Pass         ; Inapplicable ; Inapplicable ; Inapplicable ; Inapplicable ; Pass         ; Inapplicable ; Inapplicable ; Inapplicable ; Inapplicable ; Pass         ; Inapplicable ; Inapplicable ; Inapplicable ; Inapplicable ; Inapplicable ; Pass      ; Inapplicable ; Inapplicable ;
; LED_R[7]           ; Pass      ; Inapplicable ; Pass      ; Inapplicable ; Inapplicable ; Pass      ; Pass      ; Inapplicable ; Pass      ; Pass      ; Inapplicable ; Pass         ; Inapplicable ; Inapplicable ; Inapplicable ; Inapplicable ; Pass         ; Inapplicable ; Inapplicable ; Inapplicable ; Inapplicable ; Pass         ; Inapplicable ; Inapplicable ; Inapplicable ; Inapplicable ; Inapplicable ; Pass      ; Inapplicable ; Inapplicable ;
; LED_R[8]           ; Pass      ; Inapplicable ; Pass      ; Inapplicable ; Inapplicable ; Pass      ; Pass      ; Inapplicable ; Pass      ; Pass      ; Inapplicable ; Pass         ; Inapplicable ; Inapplicable ; Inapplicable ; Inapplicable ; Pass         ; Inapplicable ; Inapplicable ; Inapplicable ; Inapplicable ; Pass         ; Inapplicable ; Inapplicable ; Inapplicable ; Inapplicable ; Inapplicable ; Pass      ; Inapplicable ; Inapplicable ;
; LED_R[9]           ; Pass      ; Inapplicable ; Pass      ; Inapplicable ; Inapplicable ; Pass      ; Pass      ; Inapplicable ; Pass      ; Pass      ; Inapplicable ; Pass         ; Inapplicable ; Inapplicable ; Inapplicable ; Inapplicable ; Pass         ; Inapplicable ; Inapplicable ; Inapplicable ; Inapplicable ; Pass         ; Inapplicable ; Inapplicable ; Inapplicable ; Inapplicable ; Inapplicable ; Pass      ; Inapplicable ; Inapplicable ;
; UART_TX            ; Pass      ; Inapplicable ; Pass      ; Inapplicable ; Inapplicable ; Pass      ; Pass      ; Inapplicable ; Pass      ; Pass      ; Inapplicable ; Pass         ; Inapplicable ; Inapplicable ; Inapplicable ; Inapplicable ; Pass         ; Inapplicable ; Inapplicable ; Inapplicable ; Inapplicable ; Pass         ; Inapplicable ; Inapplicable ; Inapplicable ; Inapplicable ; Inapplicable ; Pass      ; Inapplicable ; Inapplicable ;
; UART_RX            ; Pass      ; Inapplicable ; Pass      ; Inapplicable ; Inapplicable ; Pass      ; Pass      ; Inapplicable ; Pass      ; Pass      ; Inapplicable ; Inapplicable ; Inapplicable ; Inapplicable ; Pass         ; Inapplicable ; Inapplicable ; Pass         ; Inapplicable ; Inapplicable ; Inapplicable ; Inapplicable ; Inapplicable ; Inapplicable ; Inapplicable ; Inapplicable ; Inapplicable ; Pass      ; Inapplicable ; Inapplicable ;
; clk                ; Pass      ; Inapplicable ; Pass      ; Inapplicable ; Inapplicable ; Pass      ; Pass      ; Inapplicable ; Pass      ; Pass      ; Inapplicable ; Inapplicable ; Inapplicable ; Inapplicable ; Pass         ; Inapplicable ; Inapplicable ; Pass         ; Inapplicable ; Inapplicable ; Inapplicable ; Inapplicable ; Inapplicable ; Inapplicable ; Inapplicable ; Inapplicable ; Inapplicable ; Pass      ; Inapplicable ; Inapplicable ;
; reset_n            ; Pass      ; Inapplicable ; Pass      ; Inapplicable ; Inapplicable ; Pass      ; Pass      ; Inapplicable ; Pass      ; Pass      ; Inapplicable ; Inapplicable ; Inapplicable ; Inapplicable ; Pass         ; Inapplicable ; Inapplicable ; Pass         ; Inapplicable ; Inapplicable ; Inapplicable ; Inapplicable ; Inapplicable ; Inapplicable ; Inapplicable ; Inapplicable ; Inapplicable ; Pass      ; Inapplicable ; Inapplicable ;
; start              ; Pass      ; Inapplicable ; Pass      ; Inapplicable ; Inapplicable ; Pass      ; Pass      ; Inapplicable ; Pass      ; Pass      ; Inapplicable ; Inapplicable ; Inapplicable ; Inapplicable ; Pass         ; Inapplicable ; Inapplicable ; Pass         ; Inapplicable ; Inapplicable ; Inapplicable ; Inapplicable ; Inapplicable ; Inapplicable ; Inapplicable ; Inapplicable ; Inapplicable ; Pass      ; Inapplicable ; Inapplicable ;
+--------------------+-----------+--------------+-----------+--------------+--------------+-----------+-----------+--------------+-----------+-----------+--------------+--------------+--------------+--------------+--------------+--------------+--------------+--------------+--------------+--------------+--------------+--------------+--------------+--------------+--------------+--------------+--------------+-----------+--------------+--------------+


+---------------------------------------------------------------------------------------------+
; Fitter Device Options                                                                       ;
+------------------------------------------------------------------+--------------------------+
; Option                                                           ; Setting                  ;
+------------------------------------------------------------------+--------------------------+
; Enable user-supplied start-up clock (CLKUSR)                     ; Off                      ;
; Enable device-wide reset (DEV_CLRn)                              ; Off                      ;
; Enable device-wide output enable (DEV_OE)                        ; Off                      ;
; Enable INIT_DONE output                                          ; Off                      ;
; Configuration scheme                                             ; Active Serial            ;
; Error detection CRC                                              ; Off                      ;
; Enable open drain on CRC_ERROR pin                               ; Off                      ;
; Enable input tri-state on active configuration pins in user mode ; Off                      ;
; Configuration Voltage Level                                      ; Auto                     ;
; Force Configuration Voltage Level                                ; Off                      ;
; nCEO                                                             ; As output driving ground ;
; Data[0]                                                          ; As input tri-stated      ;
; Data[1]/ASDO                                                     ; As input tri-stated      ;
; Data[7..2]                                                       ; Unreserved               ;
; FLASH_nCE/nCSO                                                   ; As input tri-stated      ;
; Other Active Parallel pins                                       ; Unreserved               ;
; DCLK                                                             ; As output driving ground ;
+------------------------------------------------------------------+--------------------------+


+------------------------------------+
; Operating Settings and Conditions  ;
+---------------------------+--------+
; Setting                   ; Value  ;
+---------------------------+--------+
; Nominal Core Voltage      ; 1.20 V ;
; Low Junction Temperature  ; 0 °C   ;
; High Junction Temperature ; 85 °C  ;
+---------------------------+--------+


+--------------------------------------------------------------------------------------------------+
; Estimated Delay Added for Hold Timing Summary                                                    ;
+-------------------------------------------------------+----------------------+-------------------+
; Source Clock(s)                                       ; Destination Clock(s) ; Delay Added in ns ;
+-------------------------------------------------------+----------------------+-------------------+
; u_pll|altpll_component|auto_generated|pll1|clk[0]     ; clk                  ; 86.4              ;
; u_pll|altpll_component|auto_generated|pll1|clk[0],clk ; clk                  ; 7.5               ;
+-------------------------------------------------------+----------------------+-------------------+
Note: For more information on problematic transfers, consider running the Fitter again with the Optimize hold timing option (Settings Menu) turned off.
This will disable optimization of problematic paths and expose them for further analysis using the TimeQuest Timing Analyzer.


+----------------------------------------------------------------------------------------------------------------------------------------------------------------------------------------------------------------------------+
; Estimated Delay Added for Hold Timing Details                                                                                                                                                                              ;
+-----------------------------------------------------------------------------------------------------------------+--------------------------------------------------------------------------------------+-------------------+
; Source Register                                                                                                 ; Destination Register                                                                 ; Delay Added in ns ;
+-----------------------------------------------------------------------------------------------------------------+--------------------------------------------------------------------------------------+-------------------+
; img_conv2:u_img_conv2|altsyncram:altsyncram_component|altsyncram_45i1:auto_generated|ram_block1a22~porta_we_reg ; max_val[22]                                                                          ; 2.199             ;
; img_conv2:u_img_conv2|altsyncram:altsyncram_component|altsyncram_45i1:auto_generated|ram_block1a17~porta_we_reg ; max_val[17]                                                                          ; 2.165             ;
; img_conv2:u_img_conv2|altsyncram:altsyncram_component|altsyncram_45i1:auto_generated|ram_block1a20~porta_we_reg ; max_val[20]                                                                          ; 2.162             ;
; img_conv2:u_img_conv2|altsyncram:altsyncram_component|altsyncram_45i1:auto_generated|ram_block1a13~porta_we_reg ; max_val[13]                                                                          ; 2.151             ;
; img_conv2:u_img_conv2|altsyncram:altsyncram_component|altsyncram_45i1:auto_generated|ram_block1a18~porta_we_reg ; max_val[18]                                                                          ; 2.140             ;
; img_conv2:u_img_conv2|altsyncram:altsyncram_component|altsyncram_45i1:auto_generated|ram_block1a15~porta_we_reg ; max_val[15]                                                                          ; 2.135             ;
; img_conv2:u_img_conv2|altsyncram:altsyncram_component|altsyncram_45i1:auto_generated|ram_block1a16~porta_we_reg ; max_val[16]                                                                          ; 2.133             ;
; img_conv2:u_img_conv2|altsyncram:altsyncram_component|altsyncram_45i1:auto_generated|ram_block1a23~porta_we_reg ; max_val[23]                                                                          ; 2.133             ;
; img_conv2:u_img_conv2|altsyncram:altsyncram_component|altsyncram_45i1:auto_generated|ram_block1a21~porta_we_reg ; max_val[21]                                                                          ; 2.128             ;
; img_conv2:u_img_conv2|altsyncram:altsyncram_component|altsyncram_45i1:auto_generated|ram_block1a19~porta_we_reg ; max_val[19]                                                                          ; 2.113             ;
; img_conv2:u_img_conv2|altsyncram:altsyncram_component|altsyncram_45i1:auto_generated|ram_block1a14~porta_we_reg ; max_val[14]                                                                          ; 1.952             ;
; img_conv2:u_img_conv2|altsyncram:altsyncram_component|altsyncram_45i1:auto_generated|ram_block1a31~porta_we_reg ; max_val[31]                                                                          ; 1.919             ;
; img_conv2:u_img_conv2|altsyncram:altsyncram_component|altsyncram_45i1:auto_generated|ram_block1a5~porta_we_reg  ; max_val[5]                                                                           ; 1.872             ;
; img_conv2:u_img_conv2|altsyncram:altsyncram_component|altsyncram_45i1:auto_generated|ram_block1a28~porta_we_reg ; max_val[28]                                                                          ; 1.863             ;
; img_conv2:u_img_conv2|altsyncram:altsyncram_component|altsyncram_45i1:auto_generated|ram_block1a0~porta_we_reg  ; max_val[0]                                                                           ; 1.863             ;
; img_conv2:u_img_conv2|altsyncram:altsyncram_component|altsyncram_45i1:auto_generated|ram_block1a3~porta_we_reg  ; max_val[3]                                                                           ; 1.849             ;
; img_conv2:u_img_conv2|altsyncram:altsyncram_component|altsyncram_45i1:auto_generated|ram_block1a29~porta_we_reg ; max_val[29]                                                                          ; 1.849             ;
; img_conv1:u_img_conv1|altsyncram:altsyncram_component|altsyncram_i5i1:auto_generated|ram_block1a8~porta_we_reg  ; max_val[8]                                                                           ; 1.848             ;
; img_conv2:u_img_conv2|altsyncram:altsyncram_component|altsyncram_45i1:auto_generated|ram_block1a4~porta_we_reg  ; max_val[4]                                                                           ; 1.846             ;
; img_conv2:u_img_conv2|altsyncram:altsyncram_component|altsyncram_45i1:auto_generated|ram_block1a12~porta_we_reg ; max_val[12]                                                                          ; 1.845             ;
; img_conv2:u_img_conv2|altsyncram:altsyncram_component|altsyncram_45i1:auto_generated|ram_block1a6~porta_we_reg  ; max_val[6]                                                                           ; 1.842             ;
; img_conv1:u_img_conv1|altsyncram:altsyncram_component|altsyncram_i5i1:auto_generated|ram_block1a3~porta_we_reg  ; max_val[3]                                                                           ; 1.837             ;
; img_conv2:u_img_conv2|altsyncram:altsyncram_component|altsyncram_45i1:auto_generated|ram_block1a2~porta_we_reg  ; max_val[2]                                                                           ; 1.829             ;
; img_conv2:u_img_conv2|altsyncram:altsyncram_component|altsyncram_45i1:auto_generated|ram_block1a8~porta_we_reg  ; max_val[8]                                                                           ; 1.827             ;
; img_conv2:u_img_conv2|altsyncram:altsyncram_component|altsyncram_45i1:auto_generated|ram_block1a24~porta_we_reg ; max_val[24]                                                                          ; 1.806             ;
; img_conv2:u_img_conv2|altsyncram:altsyncram_component|altsyncram_45i1:auto_generated|ram_block1a27~porta_we_reg ; max_val[27]                                                                          ; 1.803             ;
; img_conv2:u_img_conv2|altsyncram:altsyncram_component|altsyncram_45i1:auto_generated|ram_block1a26~porta_we_reg ; max_val[26]                                                                          ; 1.796             ;
; img_conv1:u_img_conv1|altsyncram:altsyncram_component|altsyncram_i5i1:auto_generated|ram_block1a6~porta_we_reg  ; max_val[6]                                                                           ; 1.792             ;
; img_conv2:u_img_conv2|altsyncram:altsyncram_component|altsyncram_45i1:auto_generated|ram_block1a25~porta_we_reg ; max_val[25]                                                                          ; 1.787             ;
; img_conv1:u_img_conv1|altsyncram:altsyncram_component|altsyncram_i5i1:auto_generated|ram_block1a2~porta_we_reg  ; max_val[2]                                                                           ; 1.777             ;
; img_conv1:u_img_conv1|altsyncram:altsyncram_component|altsyncram_i5i1:auto_generated|ram_block1a22~porta_we_reg ; max_val[22]                                                                          ; 1.676             ;
; img_conv1:u_img_conv1|altsyncram:altsyncram_component|altsyncram_i5i1:auto_generated|ram_block1a1~porta_we_reg  ; max_val[1]                                                                           ; 1.532             ;
; img_conv1:u_img_conv1|altsyncram:altsyncram_component|altsyncram_i5i1:auto_generated|ram_block1a28~porta_we_reg ; max_val[28]                                                                          ; 1.525             ;
; img_conv1:u_img_conv1|altsyncram:altsyncram_component|altsyncram_i5i1:auto_generated|ram_block1a4~porta_we_reg  ; max_val[4]                                                                           ; 1.516             ;
; img_conv1:u_img_conv1|altsyncram:altsyncram_component|altsyncram_i5i1:auto_generated|ram_block1a5~porta_we_reg  ; max_val[5]                                                                           ; 1.463             ;
; img_conv1:u_img_conv1|altsyncram:altsyncram_component|altsyncram_i5i1:auto_generated|ram_block1a14~porta_we_reg ; max_val[14]                                                                          ; 1.458             ;
; img_conv2:u_img_conv2|altsyncram:altsyncram_component|altsyncram_45i1:auto_generated|ram_block1a1~porta_we_reg  ; max_val[1]                                                                           ; 1.444             ;
; state.S_POOL2                                                                                                   ; max_val[1]                                                                           ; 1.444             ;
; img_conv1:u_img_conv1|altsyncram:altsyncram_component|altsyncram_i5i1:auto_generated|ram_block1a26~porta_we_reg ; max_val[26]                                                                          ; 1.428             ;
; img_conv1:u_img_conv1|altsyncram:altsyncram_component|altsyncram_i5i1:auto_generated|ram_block1a23~porta_we_reg ; max_val[23]                                                                          ; 1.422             ;
; img_conv1:u_img_conv1|altsyncram:altsyncram_component|altsyncram_i5i1:auto_generated|ram_block1a24~porta_we_reg ; max_val[24]                                                                          ; 1.372             ;
; img_conv1:u_img_conv1|altsyncram:altsyncram_component|altsyncram_i5i1:auto_generated|ram_block1a0~porta_we_reg  ; max_val[0]                                                                           ; 1.364             ;
; img_conv1:u_img_conv1|altsyncram:altsyncram_component|altsyncram_i5i1:auto_generated|ram_block1a27~porta_we_reg ; max_val[27]                                                                          ; 1.327             ;
; img_conv1:u_img_conv1|altsyncram:altsyncram_component|altsyncram_i5i1:auto_generated|ram_block1a19~porta_we_reg ; max_val[19]                                                                          ; 1.319             ;
; img_conv1:u_img_conv1|altsyncram:altsyncram_component|altsyncram_i5i1:auto_generated|ram_block1a25~porta_we_reg ; max_val[25]                                                                          ; 1.310             ;
; img_conv1:u_img_conv1|altsyncram:altsyncram_component|altsyncram_i5i1:auto_generated|ram_block1a16~porta_we_reg ; max_val[16]                                                                          ; 1.286             ;
; img_conv2:u_img_conv2|altsyncram:altsyncram_component|altsyncram_45i1:auto_generated|ram_block1a10~porta_we_reg ; max_val[10]                                                                          ; 1.272             ;
; img_conv1:u_img_conv1|altsyncram:altsyncram_component|altsyncram_i5i1:auto_generated|ram_block1a20~porta_we_reg ; max_val[20]                                                                          ; 1.271             ;
; img_conv2:u_img_conv2|altsyncram:altsyncram_component|altsyncram_45i1:auto_generated|ram_block1a7~porta_we_reg  ; max_val[7]                                                                           ; 1.267             ;
; img_conv1:u_img_conv1|altsyncram:altsyncram_component|altsyncram_i5i1:auto_generated|ram_block1a7~porta_we_reg  ; max_val[7]                                                                           ; 1.267             ;
; img_conv1:u_img_conv1|altsyncram:altsyncram_component|altsyncram_i5i1:auto_generated|ram_block1a10~porta_we_reg ; max_val[10]                                                                          ; 1.255             ;
; img_conv2:u_img_conv2|altsyncram:altsyncram_component|altsyncram_45i1:auto_generated|ram_block1a9~porta_we_reg  ; max_val[9]                                                                           ; 1.240             ;
; img_conv1:u_img_conv1|altsyncram:altsyncram_component|altsyncram_i5i1:auto_generated|ram_block1a9~porta_we_reg  ; max_val[9]                                                                           ; 1.240             ;
; img_conv2:u_img_conv2|altsyncram:altsyncram_component|altsyncram_45i1:auto_generated|ram_block1a30~porta_we_reg ; max_val[30]                                                                          ; 1.221             ;
; img_conv2:u_img_conv2|altsyncram:altsyncram_component|altsyncram_45i1:auto_generated|ram_block1a11~porta_we_reg ; max_val[11]                                                                          ; 1.175             ;
; img_conv1:u_img_conv1|altsyncram:altsyncram_component|altsyncram_i5i1:auto_generated|ram_block1a11~porta_we_reg ; max_val[11]                                                                          ; 1.175             ;
; img_conv1:u_img_conv1|altsyncram:altsyncram_component|altsyncram_i5i1:auto_generated|ram_block1a30~porta_we_reg ; max_val[30]                                                                          ; 1.165             ;
; img_conv1:u_img_conv1|altsyncram:altsyncram_component|altsyncram_i5i1:auto_generated|ram_block1a29~porta_we_reg ; max_val[29]                                                                          ; 1.131             ;
; img_conv1:u_img_conv1|altsyncram:altsyncram_component|altsyncram_i5i1:auto_generated|ram_block1a12~porta_we_reg ; max_val[12]                                                                          ; 1.071             ;
; img_conv1:u_img_conv1|altsyncram:altsyncram_component|altsyncram_i5i1:auto_generated|ram_block1a17~porta_we_reg ; max_val[17]                                                                          ; 1.057             ;
; img_conv1:u_img_conv1|altsyncram:altsyncram_component|altsyncram_i5i1:auto_generated|ram_block1a31~porta_we_reg ; max_val[31]                                                                          ; 1.031             ;
; img_conv1:u_img_conv1|altsyncram:altsyncram_component|altsyncram_i5i1:auto_generated|ram_block1a21~porta_we_reg ; max_val[21]                                                                          ; 1.030             ;
; img_conv1:u_img_conv1|altsyncram:altsyncram_component|altsyncram_i5i1:auto_generated|ram_block1a15~porta_we_reg ; max_val[15]                                                                          ; 1.014             ;
; img_conv1:u_img_conv1|altsyncram:altsyncram_component|altsyncram_i5i1:auto_generated|ram_block1a18~porta_we_reg ; max_val[18]                                                                          ; 0.966             ;
; img_conv1:u_img_conv1|altsyncram:altsyncram_component|altsyncram_i5i1:auto_generated|ram_block1a13~porta_we_reg ; max_val[13]                                                                          ; 0.918             ;
; acc[7]                                                                                                          ; altsyncram:score_rtl_0|altsyncram_87k1:auto_generated|ram_block1a7~porta_datain_reg0 ; 0.240             ;
; acc[9]                                                                                                          ; altsyncram:score_rtl_0|altsyncram_87k1:auto_generated|ram_block1a9~porta_datain_reg0 ; 0.147             ;
+-----------------------------------------------------------------------------------------------------------------+--------------------------------------------------------------------------------------+-------------------+
Note: This table only shows the top 67 path(s) that have the largest delay added for hold.


+-----------------+
; Fitter Messages ;
+-----------------+
Warning (18236): Number of processors has not been specified which may cause overloading on shared machines.  Set the global assignment NUM_PARALLEL_PROCESSORS in your QSF to an appropriate value for best performance.
Info (20030): Parallel compilation is enabled and will use 4 of the 4 processors detected
Info (119006): Selected device EP4CE115F29C7 for design "top"
Info (21077): Low junction temperature is 0 degrees C
Info (21077): High junction temperature is 85 degrees C
Info (15535): Implemented PLL "pll:u_pll|altpll:altpll_component|pll_altpll:auto_generated|pll1" as Cyclone IV E PLL type File: C:/Users/DELL/Desktop/CNN/FPGA/FPGA_CNN_Detect_Number/db/pll_altpll.v Line: 43
    Info (15099): Implementing clock multiplication of 2, clock division of 1, and phase shift of 0 degrees (0 ps) for pll:u_pll|altpll:altpll_component|pll_altpll:auto_generated|wire_pll1_clk[0] port File: C:/Users/DELL/Desktop/CNN/FPGA/FPGA_CNN_Detect_Number/db/pll_altpll.v Line: 43
Warning (18550): Found RAM instances implemented as ROM because the write logic is disabled. One instance is listed below as an example.
    Info (119043): Atom "fc_w:u_fc_w|altsyncram:altsyncram_component|altsyncram_bak1:auto_generated|ram_block1a15" is instantiated as RAM, but it is actually implemented as ROM function because the write logic is always disabled
Info (171003): Fitter is performing an Auto Fit compilation, which may decrease Fitter effort to reduce compilation time
Warning (292013): Feature LogicLock is only available with a valid subscription license. You can purchase a software subscription to gain full access to this feature.
Info (176444): Device migration not selected. If you intend to use device migration later, you may need to change the pin assignments as they may be incompatible with other devices
    Info (176445): Device EP4CE40F29C7 is compatible
    Info (176445): Device EP4CE40F29I7 is compatible
    Info (176445): Device EP4CE30F29C7 is compatible
    Info (176445): Device EP4CE30F29I7 is compatible
    Info (176445): Device EP4CE55F29C7 is compatible
    Info (176445): Device EP4CE55F29I7 is compatible
    Info (176445): Device EP4CE75F29C7 is compatible
    Info (176445): Device EP4CE75F29I7 is compatible
    Info (176445): Device EP4CE115F29I7 is compatible
Info (169124): Fitter converted 5 user pins into dedicated programming pins
    Info (169125): Pin ~ALTERA_ASDO_DATA1~ is reserved at location F4
    Info (169125): Pin ~ALTERA_FLASH_nCE_nCSO~ is reserved at location E2
    Info (169125): Pin ~ALTERA_DCLK~ is reserved at location P3
    Info (169125): Pin ~ALTERA_DATA0~ is reserved at location N7
    Info (169125): Pin ~ALTERA_nCEO~ is reserved at location P28
Warning (15714): Some pins have incomplete I/O assignments. Refer to the I/O Assignment Warnings report for details
Info (176045): Design uses memory blocks. Violating setup or hold times of memory block address registers for either read or write operations could cause memory contents to be corrupted. Make sure that all memory block address registers meet the setup and hold time requirements.
Critical Warning (332012): Synopsys Design Constraints File file not found: 'top.sdc'. A Synopsys Design Constraints File is required by the TimeQuest Timing Analyzer to get proper timing constraints. Without it, the Compiler will not properly optimize the design.
Info (332144): No user constrained generated clocks found in the design
Info (332144): No user constrained base clocks found in the design
Info (332096): The command derive_clocks did not find any clocks to derive.  No clocks were created or changed.
Info (332143): No user constrained clock uncertainty found in the design. Calling "derive_clock_uncertainty"
Info (332154): The derive_clock_uncertainty command did not apply clock uncertainty to any clock-to-clock transfers.
Info (332130): Timing requirements not specified -- quality metrics such as performance may be sacrificed to reduce compilation time.
Info (176353): Automatically promoted node clk~input (placed in PIN Y2 (CLK2, DIFFCLK_1p)) File: C:/Users/DELL/Desktop/CNN/FPGA/FPGA_CNN_Detect_Number/top.v Line: 2
    Info (176355): Automatically promoted destinations to use location or clock signal Global Clock CLKCTRL_G4
Info (176353): Automatically promoted node pll:u_pll|altpll:altpll_component|pll_altpll:auto_generated|wire_pll1_clk[0] (placed in counter C0 of PLL_1) File: C:/Users/DELL/Desktop/CNN/FPGA/FPGA_CNN_Detect_Number/db/pll_altpll.v Line: 77
    Info (176355): Automatically promoted destinations to use location or clock signal Global Clock CLKCTRL_G3
Info (176233): Starting register packing
Info (176235): Finished register packing
    Extra Info (176219): No registers were packed into other blocks
Info (171121): Fitter preparation operations ending: elapsed time is 00:00:02
Info (14896): Fitter has disabled Advanced Physical Optimization because it is not supported for the current family.
Info (170189): Fitter placement preparation operations beginning
Info (170190): Fitter placement preparation operations ending: elapsed time is 00:00:00
Info (170191): Fitter placement operations beginning
Info (170137): Fitter placement was successful
Info (170192): Fitter placement operations ending: elapsed time is 00:00:06
Info (170193): Fitter routing operations beginning
Info (170195): Router estimated average interconnect usage is 1% of the available device resources
    Info (170196): Router estimated peak interconnect usage is 22% of the available device resources in the region that extends from location X46_Y37 to location X57_Y48
Info (170199): The Fitter performed an Auto Fit compilation.  Optimizations were skipped to reduce compilation time.
    Info (170201): Optimizations that may affect the design's routability were skipped
Info (170194): Fitter routing operations ending: elapsed time is 00:00:03
Info (11888): Total time spent on timing analysis during the Fitter is 1.46 seconds.
Info (334003): Started post-fitting delay annotation
Info (334004): Delay annotation completed successfully
Info (334003): Started post-fitting delay annotation
Info (334004): Delay annotation completed successfully
Info (11218): Fitter post-fit operations ending: elapsed time is 00:00:01
Info (144001): Generated suppressed messages file C:/Users/DELL/Desktop/CNN/FPGA/FPGA_CNN_Detect_Number/output_files/top.fit.smsg
Info: Quartus Prime Fitter was successful. 0 errors, 5 warnings
    Info: Peak virtual memory: 5726 megabytes
    Info: Processing ended: Thu Sep 17 10:32:52 2026
    Info: Elapsed time: 00:00:18
    Info: Total CPU time (on all processors): 00:00:31


+----------------------------+
; Fitter Suppressed Messages ;
+----------------------------+
The suppressed messages can be found in C:/Users/DELL/Desktop/CNN/FPGA/FPGA_CNN_Detect_Number/output_files/top.fit.smsg.


