Analysis & Synthesis report for top
Fri Sep 18 14:09:05 2026
Quartus Prime Version 17.1.0 Build 590 10/25/2017 SJ Lite Edition


---------------------
; Table of Contents ;
---------------------
  1. Legal Notice
  2. Analysis & Synthesis Summary
  3. Analysis & Synthesis Settings
  4. Parallel Compilation
  5. Analysis & Synthesis Source Files Read
  6. Analysis & Synthesis Resource Usage Summary
  7. Analysis & Synthesis Resource Utilization by Entity
  8. Analysis & Synthesis RAM Summary
  9. Analysis & Synthesis DSP Block Usage Summary
 10. Analysis & Synthesis IP Cores Summary
 11. State Machine - |top|stt
 12. State Machine - |top|stt_uart
 13. State Machine - |top|state
 14. State Machine - |top|uartWrite:u5|stt_tx
 15. State Machine - |top|uartRead:read1|state
 16. Registers Removed During Synthesis
 17. General Register Statistics
 18. Inverted Register Statistics
 19. Registers Added for RAM Pass-Through Logic
 20. Multiplexer Restructuring Statistics (Restructuring Performed)
 21. Source assignments for ram_uart:u_ram_uart|altsyncram:altsyncram_component|altsyncram_off2:auto_generated
 22. Source assignments for conv1:conv1_w|altsyncram:altsyncram_component|altsyncram_ejk1:auto_generated
 23. Source assignments for img_conv1:u_img_conv1|altsyncram:altsyncram_component|altsyncram_i5i1:auto_generated
 24. Source assignments for pool1:u_pool1|altsyncram:altsyncram_component|altsyncram_a9g1:auto_generated
 25. Source assignments for conv2_w:u_conv2w|altsyncram:altsyncram_component|altsyncram_2jk1:auto_generated
 26. Source assignments for img_conv2:u_img_conv2|altsyncram:altsyncram_component|altsyncram_45i1:auto_generated
 27. Source assignments for pool2:u_pool2|altsyncram:altsyncram_component|altsyncram_h2i1:auto_generated
 28. Source assignments for fc_w:u_fc_w|altsyncram:altsyncram_component|altsyncram_bak1:auto_generated
 29. Source assignments for altsyncram:score_rtl_0|altsyncram_87k1:auto_generated
 30. Parameter Settings for User Entity Instance: pll:u_pll|altpll:altpll_component
 31. Parameter Settings for User Entity Instance: ram_uart:u_ram_uart|altsyncram:altsyncram_component
 32. Parameter Settings for User Entity Instance: conv1:conv1_w|altsyncram:altsyncram_component
 33. Parameter Settings for User Entity Instance: img_conv1:u_img_conv1|altsyncram:altsyncram_component
 34. Parameter Settings for User Entity Instance: pool1:u_pool1|altsyncram:altsyncram_component
 35. Parameter Settings for User Entity Instance: conv2_w:u_conv2w|altsyncram:altsyncram_component
 36. Parameter Settings for User Entity Instance: img_conv2:u_img_conv2|altsyncram:altsyncram_component
 37. Parameter Settings for User Entity Instance: pool2:u_pool2|altsyncram:altsyncram_component
 38. Parameter Settings for User Entity Instance: fc_w:u_fc_w|altsyncram:altsyncram_component
 39. Parameter Settings for Inferred Entity Instance: altsyncram:score_rtl_0
 40. Parameter Settings for Inferred Entity Instance: lpm_mult:Mult1
 41. Parameter Settings for Inferred Entity Instance: lpm_mult:Mult2
 42. Parameter Settings for Inferred Entity Instance: lpm_mult:Mult0
 43. altpll Parameter Settings by Entity Instance
 44. altsyncram Parameter Settings by Entity Instance
 45. lpm_mult Parameter Settings by Entity Instance
 46. Port Connectivity Checks: "fc_w:u_fc_w"
 47. Port Connectivity Checks: "pool2:u_pool2"
 48. Port Connectivity Checks: "conv2_w:u_conv2w"
 49. Port Connectivity Checks: "conv1:conv1_w"
 50. Port Connectivity Checks: "ram_uart:u_ram_uart"
 51. Post-Synthesis Netlist Statistics for Top Partition
 52. Elapsed Time Per Partition
 53. Analysis & Synthesis Messages
 54. Analysis & Synthesis Suppressed Messages



----------------
; Legal Notice ;
----------------
Copyright (C) 2017  Intel Corporation. All rights reserved.
Your use of Intel Corporation's design tools, logic functions 
and other software and tools, and its AMPP partner logic 
functions, and any output files from any of the foregoing 
(including device programming or simulation files), and any 
associated documentation or information are expressly subject 
to the terms and conditions of the Intel Program License 
Subscription Agreement, the Intel Quartus Prime License Agreement,
the Intel FPGA IP License Agreement, or other applicable license
agreement, including, without limitation, that your use is for
the sole purpose of programming logic devices manufactured by
Intel and sold by Intel or its authorized distributors.  Please
refer to the applicable agreement for further details.



+----------------------------------------------------------------------------------+
; Analysis & Synthesis Summary                                                     ;
+------------------------------------+---------------------------------------------+
; Analysis & Synthesis Status        ; Successful - Fri Sep 18 14:09:05 2026       ;
; Quartus Prime Version              ; 17.1.0 Build 590 10/25/2017 SJ Lite Edition ;
; Revision Name                      ; top                                         ;
; Top-level Entity Name              ; top                                         ;
; Family                             ; Cyclone IV E                                ;
; Total logic elements               ; 2,350                                       ;
;     Total combinational functions  ; 1,857                                       ;
;     Dedicated logic registers      ; 900                                         ;
; Total registers                    ; 900                                         ;
; Total pins                         ; 23                                          ;
; Total virtual pins                 ; 0                                           ;
; Total memory bits                  ; 342,336                                     ;
; Embedded Multiplier 9-bit elements ; 20                                          ;
; Total PLLs                         ; 1                                           ;
+------------------------------------+---------------------------------------------+


+----------------------------------------------------------------------------------------------------------------------+
; Analysis & Synthesis Settings                                                                                        ;
+----------------------------------------------------------------------------+--------------------+--------------------+
; Option                                                                     ; Setting            ; Default Value      ;
+----------------------------------------------------------------------------+--------------------+--------------------+
; Device                                                                     ; EP4CE115F29C7      ;                    ;
; Top-level entity name                                                      ; top                ; top                ;
; Family name                                                                ; Cyclone IV E       ; Cyclone V          ;
; Use smart compilation                                                      ; Off                ; Off                ;
; Enable parallel Assembler and TimeQuest Timing Analyzer during compilation ; On                 ; On                 ;
; Enable compact report table                                                ; Off                ; Off                ;
; Restructure Multiplexers                                                   ; Auto               ; Auto               ;
; Create Debugging Nodes for IP Cores                                        ; Off                ; Off                ;
; Preserve fewer node names                                                  ; On                 ; On                 ;
; Intel FPGA IP Evaluation Mode                                              ; Enable             ; Enable             ;
; Verilog Version                                                            ; Verilog_2001       ; Verilog_2001       ;
; VHDL Version                                                               ; VHDL_1993          ; VHDL_1993          ;
; State Machine Processing                                                   ; Auto               ; Auto               ;
; Safe State Machine                                                         ; Off                ; Off                ;
; Extract Verilog State Machines                                             ; On                 ; On                 ;
; Extract VHDL State Machines                                                ; On                 ; On                 ;
; Ignore Verilog initial constructs                                          ; Off                ; Off                ;
; Iteration limit for constant Verilog loops                                 ; 5000               ; 5000               ;
; Iteration limit for non-constant Verilog loops                             ; 250                ; 250                ;
; Add Pass-Through Logic to Inferred RAMs                                    ; On                 ; On                 ;
; Infer RAMs from Raw Logic                                                  ; On                 ; On                 ;
; Parallel Synthesis                                                         ; On                 ; On                 ;
; DSP Block Balancing                                                        ; Auto               ; Auto               ;
; NOT Gate Push-Back                                                         ; On                 ; On                 ;
; Power-Up Don't Care                                                        ; On                 ; On                 ;
; Remove Redundant Logic Cells                                               ; Off                ; Off                ;
; Remove Duplicate Registers                                                 ; On                 ; On                 ;
; Ignore CARRY Buffers                                                       ; Off                ; Off                ;
; Ignore CASCADE Buffers                                                     ; Off                ; Off                ;
; Ignore GLOBAL Buffers                                                      ; Off                ; Off                ;
; Ignore ROW GLOBAL Buffers                                                  ; Off                ; Off                ;
; Ignore LCELL Buffers                                                       ; Off                ; Off                ;
; Ignore SOFT Buffers                                                        ; On                 ; On                 ;
; Limit AHDL Integers to 32 Bits                                             ; Off                ; Off                ;
; Optimization Technique                                                     ; Balanced           ; Balanced           ;
; Carry Chain Length                                                         ; 70                 ; 70                 ;
; Auto Carry Chains                                                          ; On                 ; On                 ;
; Auto Open-Drain Pins                                                       ; On                 ; On                 ;
; Perform WYSIWYG Primitive Resynthesis                                      ; Off                ; Off                ;
; Auto ROM Replacement                                                       ; On                 ; On                 ;
; Auto RAM Replacement                                                       ; On                 ; On                 ;
; Auto DSP Block Replacement                                                 ; On                 ; On                 ;
; Auto Shift Register Replacement                                            ; Auto               ; Auto               ;
; Allow Shift Register Merging across Hierarchies                            ; Auto               ; Auto               ;
; Auto Clock Enable Replacement                                              ; On                 ; On                 ;
; Strict RAM Replacement                                                     ; Off                ; Off                ;
; Allow Synchronous Control Signals                                          ; On                 ; On                 ;
; Force Use of Synchronous Clear Signals                                     ; Off                ; Off                ;
; Auto RAM Block Balancing                                                   ; On                 ; On                 ;
; Auto RAM to Logic Cell Conversion                                          ; Off                ; Off                ;
; Auto Resource Sharing                                                      ; Off                ; Off                ;
; Allow Any RAM Size For Recognition                                         ; Off                ; Off                ;
; Allow Any ROM Size For Recognition                                         ; Off                ; Off                ;
; Allow Any Shift Register Size For Recognition                              ; Off                ; Off                ;
; Use LogicLock Constraints during Resource Balancing                        ; On                 ; On                 ;
; Ignore translate_off and synthesis_off directives                          ; Off                ; Off                ;
; Timing-Driven Synthesis                                                    ; On                 ; On                 ;
; Report Parameter Settings                                                  ; On                 ; On                 ;
; Report Source Assignments                                                  ; On                 ; On                 ;
; Report Connectivity Checks                                                 ; On                 ; On                 ;
; Ignore Maximum Fan-Out Assignments                                         ; Off                ; Off                ;
; Synchronization Register Chain Length                                      ; 2                  ; 2                  ;
; Power Optimization During Synthesis                                        ; Normal compilation ; Normal compilation ;
; HDL message level                                                          ; Level2             ; Level2             ;
; Suppress Register Optimization Related Messages                            ; Off                ; Off                ;
; Number of Removed Registers Reported in Synthesis Report                   ; 5000               ; 5000               ;
; Number of Swept Nodes Reported in Synthesis Report                         ; 5000               ; 5000               ;
; Number of Inverted Registers Reported in Synthesis Report                  ; 100                ; 100                ;
; Clock MUX Protection                                                       ; On                 ; On                 ;
; Auto Gated Clock Conversion                                                ; Off                ; Off                ;
; Block Design Naming                                                        ; Auto               ; Auto               ;
; SDC constraint protection                                                  ; Off                ; Off                ;
; Synthesis Effort                                                           ; Auto               ; Auto               ;
; Shift Register Replacement - Allow Asynchronous Clear Signal               ; On                 ; On                 ;
; Pre-Mapping Resynthesis Optimization                                       ; Off                ; Off                ;
; Analysis & Synthesis Message Level                                         ; Medium             ; Medium             ;
; Disable Register Merging Across Hierarchies                                ; Auto               ; Auto               ;
; Resource Aware Inference For Block RAM                                     ; On                 ; On                 ;
+----------------------------------------------------------------------------+--------------------+--------------------+


+------------------------------------------+
; Parallel Compilation                     ;
+----------------------------+-------------+
; Processors                 ; Number      ;
+----------------------------+-------------+
; Number detected on machine ; 8           ;
; Maximum allowed            ; 4           ;
;                            ;             ;
; Average used               ; 1.00        ;
; Maximum used               ; 4           ;
;                            ;             ;
; Usage by Processor         ; % Time Used ;
;     Processor 1            ; 100.0%      ;
;     Processor 2            ;   0.1%      ;
;     Processor 3            ;   0.0%      ;
;     Processor 4            ;   0.0%      ;
+----------------------------+-------------+


+----------------------------------------------------------------------------------------------------------------------------------------------------------------------------------------------+
; Analysis & Synthesis Source Files Read                                                                                                                                                       ;
+----------------------------------+-----------------+---------------------------------------------+---------------------------------------------------------------------------------+---------+
; File Name with User-Entered Path ; Used in Netlist ; File Type                                   ; File Name with Absolute Path                                                    ; Library ;
+----------------------------------+-----------------+---------------------------------------------+---------------------------------------------------------------------------------+---------+
; uartRead.v                       ; yes             ; User Verilog HDL File                       ; C:/Users/DELL/Desktop/CNN/FPGA/FPGA_CNN_Detect_Number_PC/uartRead.v             ;         ;
; uartWrite.v                      ; yes             ; User Verilog HDL File                       ; C:/Users/DELL/Desktop/CNN/FPGA/FPGA_CNN_Detect_Number_PC/uartWrite.v            ;         ;
; top.v                            ; yes             ; User Verilog HDL File                       ; C:/Users/DELL/Desktop/CNN/FPGA/FPGA_CNN_Detect_Number_PC/top.v                  ;         ;
; seven_seg.v                      ; yes             ; User Verilog HDL File                       ; C:/Users/DELL/Desktop/CNN/FPGA/FPGA_CNN_Detect_Number_PC/seven_seg.v            ;         ;
; conv1.v                          ; yes             ; User Wizard-Generated File                  ; C:/Users/DELL/Desktop/CNN/FPGA/FPGA_CNN_Detect_Number_PC/conv1.v                ;         ;
; conv2_w.v                        ; yes             ; User Wizard-Generated File                  ; C:/Users/DELL/Desktop/CNN/FPGA/FPGA_CNN_Detect_Number_PC/conv2_w.v              ;         ;
; pool1.v                          ; yes             ; User Wizard-Generated File                  ; C:/Users/DELL/Desktop/CNN/FPGA/FPGA_CNN_Detect_Number_PC/pool1.v                ;         ;
; img_conv1.v                      ; yes             ; User Wizard-Generated File                  ; C:/Users/DELL/Desktop/CNN/FPGA/FPGA_CNN_Detect_Number_PC/img_conv1.v            ;         ;
; img_conv2.v                      ; yes             ; User Wizard-Generated File                  ; C:/Users/DELL/Desktop/CNN/FPGA/FPGA_CNN_Detect_Number_PC/img_conv2.v            ;         ;
; pool2.v                          ; yes             ; User Wizard-Generated File                  ; C:/Users/DELL/Desktop/CNN/FPGA/FPGA_CNN_Detect_Number_PC/pool2.v                ;         ;
; fc_w.v                           ; yes             ; User Wizard-Generated File                  ; C:/Users/DELL/Desktop/CNN/FPGA/FPGA_CNN_Detect_Number_PC/fc_w.v                 ;         ;
; pll.v                            ; yes             ; User Wizard-Generated File                  ; C:/Users/DELL/Desktop/CNN/FPGA/FPGA_CNN_Detect_Number_PC/pll.v                  ;         ;
; ram_uart.v                       ; yes             ; User Wizard-Generated File                  ; C:/Users/DELL/Desktop/CNN/FPGA/FPGA_CNN_Detect_Number_PC/ram_uart.v             ;         ;
; fc_b_q88.hex                     ; yes             ; Auto-Found Hexadecimal (Intel-Format) File  ; C:/Users/DELL/Desktop/CNN/FPGA/FPGA_CNN_Detect_Number_PC/fc_b_q88.hex           ;         ;
; conv1_b_q88.hex                  ; yes             ; Auto-Found Hexadecimal (Intel-Format) File  ; C:/Users/DELL/Desktop/CNN/FPGA/FPGA_CNN_Detect_Number_PC/conv1_b_q88.hex        ;         ;
; conv2_b_q88.hex                  ; yes             ; Auto-Found Hexadecimal (Intel-Format) File  ; C:/Users/DELL/Desktop/CNN/FPGA/FPGA_CNN_Detect_Number_PC/conv2_b_q88.hex        ;         ;
; altpll.tdf                       ; yes             ; Megafunction                                ; c:/intelfpga_lite/17.1/quartus/libraries/megafunctions/altpll.tdf               ;         ;
; aglobal171.inc                   ; yes             ; Megafunction                                ; c:/intelfpga_lite/17.1/quartus/libraries/megafunctions/aglobal171.inc           ;         ;
; stratix_pll.inc                  ; yes             ; Megafunction                                ; c:/intelfpga_lite/17.1/quartus/libraries/megafunctions/stratix_pll.inc          ;         ;
; stratixii_pll.inc                ; yes             ; Megafunction                                ; c:/intelfpga_lite/17.1/quartus/libraries/megafunctions/stratixii_pll.inc        ;         ;
; cycloneii_pll.inc                ; yes             ; Megafunction                                ; c:/intelfpga_lite/17.1/quartus/libraries/megafunctions/cycloneii_pll.inc        ;         ;
; db/pll_altpll.v                  ; yes             ; Auto-Generated Megafunction                 ; C:/Users/DELL/Desktop/CNN/FPGA/FPGA_CNN_Detect_Number_PC/db/pll_altpll.v        ;         ;
; altsyncram.tdf                   ; yes             ; Megafunction                                ; c:/intelfpga_lite/17.1/quartus/libraries/megafunctions/altsyncram.tdf           ;         ;
; stratix_ram_block.inc            ; yes             ; Megafunction                                ; c:/intelfpga_lite/17.1/quartus/libraries/megafunctions/stratix_ram_block.inc    ;         ;
; lpm_mux.inc                      ; yes             ; Megafunction                                ; c:/intelfpga_lite/17.1/quartus/libraries/megafunctions/lpm_mux.inc              ;         ;
; lpm_decode.inc                   ; yes             ; Megafunction                                ; c:/intelfpga_lite/17.1/quartus/libraries/megafunctions/lpm_decode.inc           ;         ;
; a_rdenreg.inc                    ; yes             ; Megafunction                                ; c:/intelfpga_lite/17.1/quartus/libraries/megafunctions/a_rdenreg.inc            ;         ;
; altrom.inc                       ; yes             ; Megafunction                                ; c:/intelfpga_lite/17.1/quartus/libraries/megafunctions/altrom.inc               ;         ;
; altram.inc                       ; yes             ; Megafunction                                ; c:/intelfpga_lite/17.1/quartus/libraries/megafunctions/altram.inc               ;         ;
; altdpram.inc                     ; yes             ; Megafunction                                ; c:/intelfpga_lite/17.1/quartus/libraries/megafunctions/altdpram.inc             ;         ;
; db/altsyncram_off2.tdf           ; yes             ; Auto-Generated Megafunction                 ; C:/Users/DELL/Desktop/CNN/FPGA/FPGA_CNN_Detect_Number_PC/db/altsyncram_off2.tdf ;         ;
; db/altsyncram_ejk1.tdf           ; yes             ; Auto-Generated Megafunction                 ; C:/Users/DELL/Desktop/CNN/FPGA/FPGA_CNN_Detect_Number_PC/db/altsyncram_ejk1.tdf ;         ;
; conv1_w_q88.mif                  ; yes             ; Auto-Found Memory Initialization File       ; C:/Users/DELL/Desktop/CNN/FPGA/FPGA_CNN_Detect_Number_PC/conv1_w_q88.mif        ;         ;
; db/altsyncram_i5i1.tdf           ; yes             ; Auto-Generated Megafunction                 ; C:/Users/DELL/Desktop/CNN/FPGA/FPGA_CNN_Detect_Number_PC/db/altsyncram_i5i1.tdf ;         ;
; db/altsyncram_a9g1.tdf           ; yes             ; Auto-Generated Megafunction                 ; C:/Users/DELL/Desktop/CNN/FPGA/FPGA_CNN_Detect_Number_PC/db/altsyncram_a9g1.tdf ;         ;
; db/altsyncram_2jk1.tdf           ; yes             ; Auto-Generated Megafunction                 ; C:/Users/DELL/Desktop/CNN/FPGA/FPGA_CNN_Detect_Number_PC/db/altsyncram_2jk1.tdf ;         ;
; conv2_w_q88.mif                  ; yes             ; Auto-Found Memory Initialization File       ; C:/Users/DELL/Desktop/CNN/FPGA/FPGA_CNN_Detect_Number_PC/conv2_w_q88.mif        ;         ;
; db/altsyncram_45i1.tdf           ; yes             ; Auto-Generated Megafunction                 ; C:/Users/DELL/Desktop/CNN/FPGA/FPGA_CNN_Detect_Number_PC/db/altsyncram_45i1.tdf ;         ;
; db/altsyncram_h2i1.tdf           ; yes             ; Auto-Generated Megafunction                 ; C:/Users/DELL/Desktop/CNN/FPGA/FPGA_CNN_Detect_Number_PC/db/altsyncram_h2i1.tdf ;         ;
; db/altsyncram_bak1.tdf           ; yes             ; Auto-Generated Megafunction                 ; C:/Users/DELL/Desktop/CNN/FPGA/FPGA_CNN_Detect_Number_PC/db/altsyncram_bak1.tdf ;         ;
; fc_w_q88.mif                     ; yes             ; Auto-Found Memory Initialization File       ; C:/Users/DELL/Desktop/CNN/FPGA/FPGA_CNN_Detect_Number_PC/fc_w_q88.mif           ;         ;
; db/altsyncram_87k1.tdf           ; yes             ; Auto-Generated Megafunction                 ; C:/Users/DELL/Desktop/CNN/FPGA/FPGA_CNN_Detect_Number_PC/db/altsyncram_87k1.tdf ;         ;
; lpm_mult.tdf                     ; yes             ; Megafunction                                ; c:/intelfpga_lite/17.1/quartus/libraries/megafunctions/lpm_mult.tdf             ;         ;
; lpm_add_sub.inc                  ; yes             ; Megafunction                                ; c:/intelfpga_lite/17.1/quartus/libraries/megafunctions/lpm_add_sub.inc          ;         ;
; multcore.inc                     ; yes             ; Megafunction                                ; c:/intelfpga_lite/17.1/quartus/libraries/megafunctions/multcore.inc             ;         ;
; bypassff.inc                     ; yes             ; Megafunction                                ; c:/intelfpga_lite/17.1/quartus/libraries/megafunctions/bypassff.inc             ;         ;
; altshift.inc                     ; yes             ; Megafunction                                ; c:/intelfpga_lite/17.1/quartus/libraries/megafunctions/altshift.inc             ;         ;
; db/mult_86t.tdf                  ; yes             ; Auto-Generated Megafunction                 ; C:/Users/DELL/Desktop/CNN/FPGA/FPGA_CNN_Detect_Number_PC/db/mult_86t.tdf        ;         ;
; db/mult_hdt.tdf                  ; yes             ; Auto-Generated Megafunction                 ; C:/Users/DELL/Desktop/CNN/FPGA/FPGA_CNN_Detect_Number_PC/db/mult_hdt.tdf        ;         ;
; db/mult_56t.tdf                  ; yes             ; Auto-Generated Megafunction                 ; C:/Users/DELL/Desktop/CNN/FPGA/FPGA_CNN_Detect_Number_PC/db/mult_56t.tdf        ;         ;
+----------------------------------+-----------------+---------------------------------------------+---------------------------------------------------------------------------------+---------+


+---------------------------------------------------------+
; Analysis & Synthesis Resource Usage Summary             ;
+---------------------------------------------+-----------+
; Resource                                    ; Usage     ;
+---------------------------------------------+-----------+
; Estimated Total logic elements              ; 2,350     ;
;                                             ;           ;
; Total combinational functions               ; 1857      ;
; Logic element usage by number of LUT inputs ;           ;
;     -- 4 input functions                    ; 837       ;
;     -- 3 input functions                    ; 734       ;
;     -- <=2 input functions                  ; 286       ;
;                                             ;           ;
; Logic elements by mode                      ;           ;
;     -- normal mode                          ; 1135      ;
;     -- arithmetic mode                      ; 722       ;
;                                             ;           ;
; Total registers                             ; 900       ;
;     -- Dedicated logic registers            ; 900       ;
;     -- I/O registers                        ; 0         ;
;                                             ;           ;
; I/O pins                                    ; 23        ;
; Total memory bits                           ; 342336    ;
;                                             ;           ;
; Embedded Multiplier 9-bit elements          ; 20        ;
;                                             ;           ;
; Total PLLs                                  ; 1         ;
;     -- PLLs                                 ; 1         ;
;                                             ;           ;
; Maximum fan-out node                        ; clk~input ;
; Maximum fan-out                             ; 934       ;
; Total fan-out                               ; 12369     ;
; Average fan-out                             ; 4.05      ;
+---------------------------------------------+-----------+


+---------------------------------------------------------------------------------------------------------------------------------------------------------------------------------------------------------------------------------------------------------------------------------------------------+
; Analysis & Synthesis Resource Utilization by Entity                                                                                                                                                                                                                                               ;
+-------------------------------------------+---------------------+---------------------------+-------------+--------------+---------+-----------+------+--------------+-------------------------------------------------------------------------------------------+-----------------+--------------+
; Compilation Hierarchy Node                ; Combinational ALUTs ; Dedicated Logic Registers ; Memory Bits ; DSP Elements ; DSP 9x9 ; DSP 18x18 ; Pins ; Virtual Pins ; Full Hierarchy Name                                                                       ; Entity Name     ; Library Name ;
+-------------------------------------------+---------------------+---------------------------+-------------+--------------+---------+-----------+------+--------------+-------------------------------------------------------------------------------------------+-----------------+--------------+
; |top                                      ; 1857 (1593)         ; 900 (836)                 ; 342336      ; 20           ; 0       ; 10        ; 23   ; 0            ; |top                                                                                      ; top             ; work         ;
;    |altsyncram:score_rtl_0|               ; 0 (0)               ; 0 (0)                     ; 320         ; 0            ; 0       ; 0         ; 0    ; 0            ; |top|altsyncram:score_rtl_0                                                               ; altsyncram      ; work         ;
;       |altsyncram_87k1:auto_generated|    ; 0 (0)               ; 0 (0)                     ; 320         ; 0            ; 0       ; 0         ; 0    ; 0            ; |top|altsyncram:score_rtl_0|altsyncram_87k1:auto_generated                                ; altsyncram_87k1 ; work         ;
;    |conv1:conv1_w|                        ; 0 (0)               ; 0 (0)                     ; 8192        ; 0            ; 0       ; 0         ; 0    ; 0            ; |top|conv1:conv1_w                                                                        ; conv1           ; work         ;
;       |altsyncram:altsyncram_component|   ; 0 (0)               ; 0 (0)                     ; 8192        ; 0            ; 0       ; 0         ; 0    ; 0            ; |top|conv1:conv1_w|altsyncram:altsyncram_component                                        ; altsyncram      ; work         ;
;          |altsyncram_ejk1:auto_generated| ; 0 (0)               ; 0 (0)                     ; 8192        ; 0            ; 0       ; 0         ; 0    ; 0            ; |top|conv1:conv1_w|altsyncram:altsyncram_component|altsyncram_ejk1:auto_generated         ; altsyncram_ejk1 ; work         ;
;    |conv2_w:u_conv2w|                     ; 0 (0)               ; 0 (0)                     ; 51200       ; 0            ; 0       ; 0         ; 0    ; 0            ; |top|conv2_w:u_conv2w                                                                     ; conv2_w         ; work         ;
;       |altsyncram:altsyncram_component|   ; 0 (0)               ; 0 (0)                     ; 51200       ; 0            ; 0       ; 0         ; 0    ; 0            ; |top|conv2_w:u_conv2w|altsyncram:altsyncram_component                                     ; altsyncram      ; work         ;
;          |altsyncram_2jk1:auto_generated| ; 0 (0)               ; 0 (0)                     ; 51200       ; 0            ; 0       ; 0         ; 0    ; 0            ; |top|conv2_w:u_conv2w|altsyncram:altsyncram_component|altsyncram_2jk1:auto_generated      ; altsyncram_2jk1 ; work         ;
;    |fc_w:u_fc_w|                          ; 0 (0)               ; 0 (0)                     ; 40960       ; 0            ; 0       ; 0         ; 0    ; 0            ; |top|fc_w:u_fc_w                                                                          ; fc_w            ; work         ;
;       |altsyncram:altsyncram_component|   ; 0 (0)               ; 0 (0)                     ; 40960       ; 0            ; 0       ; 0         ; 0    ; 0            ; |top|fc_w:u_fc_w|altsyncram:altsyncram_component                                          ; altsyncram      ; work         ;
;          |altsyncram_bak1:auto_generated| ; 0 (0)               ; 0 (0)                     ; 40960       ; 0            ; 0       ; 0         ; 0    ; 0            ; |top|fc_w:u_fc_w|altsyncram:altsyncram_component|altsyncram_bak1:auto_generated           ; altsyncram_bak1 ; work         ;
;    |img_conv1:u_img_conv1|                ; 0 (0)               ; 0 (0)                     ; 147456      ; 0            ; 0       ; 0         ; 0    ; 0            ; |top|img_conv1:u_img_conv1                                                                ; img_conv1       ; work         ;
;       |altsyncram:altsyncram_component|   ; 0 (0)               ; 0 (0)                     ; 147456      ; 0            ; 0       ; 0         ; 0    ; 0            ; |top|img_conv1:u_img_conv1|altsyncram:altsyncram_component                                ; altsyncram      ; work         ;
;          |altsyncram_i5i1:auto_generated| ; 0 (0)               ; 0 (0)                     ; 147456      ; 0            ; 0       ; 0         ; 0    ; 0            ; |top|img_conv1:u_img_conv1|altsyncram:altsyncram_component|altsyncram_i5i1:auto_generated ; altsyncram_i5i1 ; work         ;
;    |img_conv2:u_img_conv2|                ; 0 (0)               ; 0 (0)                     ; 32768       ; 0            ; 0       ; 0         ; 0    ; 0            ; |top|img_conv2:u_img_conv2                                                                ; img_conv2       ; work         ;
;       |altsyncram:altsyncram_component|   ; 0 (0)               ; 0 (0)                     ; 32768       ; 0            ; 0       ; 0         ; 0    ; 0            ; |top|img_conv2:u_img_conv2|altsyncram:altsyncram_component                                ; altsyncram      ; work         ;
;          |altsyncram_45i1:auto_generated| ; 0 (0)               ; 0 (0)                     ; 32768       ; 0            ; 0       ; 0         ; 0    ; 0            ; |top|img_conv2:u_img_conv2|altsyncram:altsyncram_component|altsyncram_45i1:auto_generated ; altsyncram_45i1 ; work         ;
;    |lpm_mult:Mult0|                       ; 0 (0)               ; 0 (0)                     ; 0           ; 2            ; 0       ; 1         ; 0    ; 0            ; |top|lpm_mult:Mult0                                                                       ; lpm_mult        ; work         ;
;       |mult_56t:auto_generated|           ; 0 (0)               ; 0 (0)                     ; 0           ; 2            ; 0       ; 1         ; 0    ; 0            ; |top|lpm_mult:Mult0|mult_56t:auto_generated                                               ; mult_56t        ; work         ;
;    |lpm_mult:Mult1|                       ; 45 (0)              ; 0 (0)                     ; 0           ; 4            ; 0       ; 2         ; 0    ; 0            ; |top|lpm_mult:Mult1                                                                       ; lpm_mult        ; work         ;
;       |mult_86t:auto_generated|           ; 45 (45)             ; 0 (0)                     ; 0           ; 4            ; 0       ; 2         ; 0    ; 0            ; |top|lpm_mult:Mult1|mult_86t:auto_generated                                               ; mult_86t        ; work         ;
;    |lpm_mult:Mult2|                       ; 120 (0)             ; 0 (0)                     ; 0           ; 14           ; 0       ; 7         ; 0    ; 0            ; |top|lpm_mult:Mult2                                                                       ; lpm_mult        ; work         ;
;       |mult_hdt:auto_generated|           ; 120 (120)           ; 0 (0)                     ; 0           ; 14           ; 0       ; 7         ; 0    ; 0            ; |top|lpm_mult:Mult2|mult_hdt:auto_generated                                               ; mult_hdt        ; work         ;
;    |pll:u_pll|                            ; 0 (0)               ; 0 (0)                     ; 0           ; 0            ; 0       ; 0         ; 0    ; 0            ; |top|pll:u_pll                                                                            ; pll             ; work         ;
;       |altpll:altpll_component|           ; 0 (0)               ; 0 (0)                     ; 0           ; 0            ; 0       ; 0         ; 0    ; 0            ; |top|pll:u_pll|altpll:altpll_component                                                    ; altpll          ; work         ;
;          |pll_altpll:auto_generated|      ; 0 (0)               ; 0 (0)                     ; 0           ; 0            ; 0       ; 0         ; 0    ; 0            ; |top|pll:u_pll|altpll:altpll_component|pll_altpll:auto_generated                          ; pll_altpll      ; work         ;
;    |pool1:u_pool1|                        ; 0 (0)               ; 0 (0)                     ; 36864       ; 0            ; 0       ; 0         ; 0    ; 0            ; |top|pool1:u_pool1                                                                        ; pool1           ; work         ;
;       |altsyncram:altsyncram_component|   ; 0 (0)               ; 0 (0)                     ; 36864       ; 0            ; 0       ; 0         ; 0    ; 0            ; |top|pool1:u_pool1|altsyncram:altsyncram_component                                        ; altsyncram      ; work         ;
;          |altsyncram_a9g1:auto_generated| ; 0 (0)               ; 0 (0)                     ; 36864       ; 0            ; 0       ; 0         ; 0    ; 0            ; |top|pool1:u_pool1|altsyncram:altsyncram_component|altsyncram_a9g1:auto_generated         ; altsyncram_a9g1 ; work         ;
;    |pool2:u_pool2|                        ; 0 (0)               ; 0 (0)                     ; 8192        ; 0            ; 0       ; 0         ; 0    ; 0            ; |top|pool2:u_pool2                                                                        ; pool2           ; work         ;
;       |altsyncram:altsyncram_component|   ; 0 (0)               ; 0 (0)                     ; 8192        ; 0            ; 0       ; 0         ; 0    ; 0            ; |top|pool2:u_pool2|altsyncram:altsyncram_component                                        ; altsyncram      ; work         ;
;          |altsyncram_h2i1:auto_generated| ; 0 (0)               ; 0 (0)                     ; 8192        ; 0            ; 0       ; 0         ; 0    ; 0            ; |top|pool2:u_pool2|altsyncram:altsyncram_component|altsyncram_h2i1:auto_generated         ; altsyncram_h2i1 ; work         ;
;    |ram_uart:u_ram_uart|                  ; 0 (0)               ; 0 (0)                     ; 16384       ; 0            ; 0       ; 0         ; 0    ; 0            ; |top|ram_uart:u_ram_uart                                                                  ; ram_uart        ; work         ;
;       |altsyncram:altsyncram_component|   ; 0 (0)               ; 0 (0)                     ; 16384       ; 0            ; 0       ; 0         ; 0    ; 0            ; |top|ram_uart:u_ram_uart|altsyncram:altsyncram_component                                  ; altsyncram      ; work         ;
;          |altsyncram_off2:auto_generated| ; 0 (0)               ; 0 (0)                     ; 16384       ; 0            ; 0       ; 0         ; 0    ; 0            ; |top|ram_uart:u_ram_uart|altsyncram:altsyncram_component|altsyncram_off2:auto_generated   ; altsyncram_off2 ; work         ;
;    |seven_seg:u_hex0|                     ; 7 (7)               ; 0 (0)                     ; 0           ; 0            ; 0       ; 0         ; 0    ; 0            ; |top|seven_seg:u_hex0                                                                     ; seven_seg       ; work         ;
;    |uartRead:read1|                       ; 51 (51)             ; 36 (36)                   ; 0           ; 0            ; 0       ; 0         ; 0    ; 0            ; |top|uartRead:read1                                                                       ; uartRead        ; work         ;
;    |uartWrite:u5|                         ; 41 (41)             ; 28 (28)                   ; 0           ; 0            ; 0       ; 0         ; 0    ; 0            ; |top|uartWrite:u5                                                                         ; uartWrite       ; work         ;
+-------------------------------------------+---------------------+---------------------------+-------------+--------------+---------+-----------+------+--------------+-------------------------------------------------------------------------------------------+-----------------+--------------+
Note: For table entries with two numbers listed, the numbers in parentheses indicate the number of resources of the given type used by the specific entity alone. The numbers listed outside of parentheses indicate the total resources of the given type used by the specific entity and all of its sub-entities in the hierarchy.


+------------------------------------------------------------------------------------------------------------------------------------------------------------------------------------------------------------------+
; Analysis & Synthesis RAM Summary                                                                                                                                                                                 ;
+-------------------------------------------------------------------------------------------------+------+------------------+--------------+--------------+--------------+--------------+--------+-----------------+
; Name                                                                                            ; Type ; Mode             ; Port A Depth ; Port A Width ; Port B Depth ; Port B Width ; Size   ; MIF             ;
+-------------------------------------------------------------------------------------------------+------+------------------+--------------+--------------+--------------+--------------+--------+-----------------+
; altsyncram:score_rtl_0|altsyncram_87k1:auto_generated|ALTSYNCRAM                                ; M9K  ; Simple Dual Port ; 10           ; 32           ; 10           ; 32           ; 320    ; None            ;
; conv1:conv1_w|altsyncram:altsyncram_component|altsyncram_ejk1:auto_generated|ALTSYNCRAM         ; M9K  ; Single Port      ; 4068         ; 16           ; --           ; --           ; 65088  ; conv1_w_q88.mif ;
; conv2_w:u_conv2w|altsyncram:altsyncram_component|altsyncram_2jk1:auto_generated|ALTSYNCRAM      ; M9K  ; Single Port      ; 3200         ; 16           ; --           ; --           ; 51200  ; conv2_w_q88.mif ;
; fc_w:u_fc_w|altsyncram:altsyncram_component|altsyncram_bak1:auto_generated|ALTSYNCRAM           ; M9K  ; Single Port      ; 2560         ; 16           ; --           ; --           ; 40960  ; fc_w_q88.mif    ;
; img_conv1:u_img_conv1|altsyncram:altsyncram_component|altsyncram_i5i1:auto_generated|ALTSYNCRAM ; M9K  ; Single Port      ; 4608         ; 32           ; --           ; --           ; 147456 ; None            ;
; img_conv2:u_img_conv2|altsyncram:altsyncram_component|altsyncram_45i1:auto_generated|ALTSYNCRAM ; M9K  ; Single Port      ; 1024         ; 32           ; --           ; --           ; 32768  ; None            ;
; pool1:u_pool1|altsyncram:altsyncram_component|altsyncram_a9g1:auto_generated|ALTSYNCRAM         ; AUTO ; Single Port      ; 1152         ; 32           ; --           ; --           ; 36864  ; None            ;
; pool2:u_pool2|altsyncram:altsyncram_component|altsyncram_h2i1:auto_generated|ALTSYNCRAM         ; M9K  ; Single Port      ; 256          ; 32           ; --           ; --           ; 8192   ; None            ;
; ram_uart:u_ram_uart|altsyncram:altsyncram_component|altsyncram_off2:auto_generated|ALTSYNCRAM   ; M9K  ; True Dual Port   ; 1024         ; 16           ; 1024         ; 16           ; 16384  ; None            ;
+-------------------------------------------------------------------------------------------------+------+------------------+--------------+--------------+--------------+--------------+--------+-----------------+


+-----------------------------------------------------+
; Analysis & Synthesis DSP Block Usage Summary        ;
+---------------------------------------+-------------+
; Statistic                             ; Number Used ;
+---------------------------------------+-------------+
; Simple Multipliers (9-bit)            ; 0           ;
; Simple Multipliers (18-bit)           ; 10          ;
; Embedded Multiplier Blocks            ; --          ;
; Embedded Multiplier 9-bit elements    ; 20          ;
; Signed Embedded Multipliers           ; 2           ;
; Unsigned Embedded Multipliers         ; 7           ;
; Mixed Sign Embedded Multipliers       ; 1           ;
; Variable Sign Embedded Multipliers    ; 0           ;
; Dedicated Input Shift Register Chains ; 0           ;
+---------------------------------------+-------------+
Note: number of Embedded Multiplier Blocks used is only available after a successful fit.


+--------------------------------------------------------------------------------------------------------------+
; Analysis & Synthesis IP Cores Summary                                                                        ;
+--------+--------------+---------+--------------+--------------+----------------------------+-----------------+
; Vendor ; IP Core Name ; Version ; Release Date ; License Type ; Entity Instance            ; IP Include File ;
+--------+--------------+---------+--------------+--------------+----------------------------+-----------------+
; Altera ; RAM: 1-PORT  ; 17.1    ; N/A          ; N/A          ; |top|conv1:conv1_w         ; conv1.v         ;
; Altera ; RAM: 1-PORT  ; 17.1    ; N/A          ; N/A          ; |top|conv2_w:u_conv2w      ; conv2_w.v       ;
; Altera ; RAM: 1-PORT  ; 17.1    ; N/A          ; N/A          ; |top|fc_w:u_fc_w           ; fc_w.v          ;
; Altera ; RAM: 1-PORT  ; 17.1    ; N/A          ; N/A          ; |top|img_conv1:u_img_conv1 ; img_conv1.v     ;
; Altera ; RAM: 1-PORT  ; 17.1    ; N/A          ; N/A          ; |top|img_conv2:u_img_conv2 ; img_conv2.v     ;
; Altera ; ALTPLL       ; 17.1    ; N/A          ; N/A          ; |top|pll:u_pll             ; pll.v           ;
; Altera ; RAM: 1-PORT  ; 17.1    ; N/A          ; N/A          ; |top|pool1:u_pool1         ; pool1.v         ;
; Altera ; RAM: 1-PORT  ; 17.1    ; N/A          ; N/A          ; |top|pool2:u_pool2         ; pool2.v         ;
; Altera ; RAM: 2-PORT  ; 17.1    ; N/A          ; N/A          ; |top|ram_uart:u_ram_uart   ; ram_uart.v      ;
+--------+--------------+---------+--------------+--------------+----------------------------+-----------------+


Encoding Type:  One-Hot
+-----------------------------------------------------------------------------------------------------------+
; State Machine - |top|stt                                                                                  ;
+-----------+-----------+-----------+-----------+-----------+-----------+-----------+-----------+-----------+
; Name      ; stt.00111 ; stt.00110 ; stt.00101 ; stt.00100 ; stt.00011 ; stt.00010 ; stt.00001 ; stt.00000 ;
+-----------+-----------+-----------+-----------+-----------+-----------+-----------+-----------+-----------+
; stt.00000 ; 0         ; 0         ; 0         ; 0         ; 0         ; 0         ; 0         ; 0         ;
; stt.00001 ; 0         ; 0         ; 0         ; 0         ; 0         ; 0         ; 1         ; 1         ;
; stt.00010 ; 0         ; 0         ; 0         ; 0         ; 0         ; 1         ; 0         ; 1         ;
; stt.00011 ; 0         ; 0         ; 0         ; 0         ; 1         ; 0         ; 0         ; 1         ;
; stt.00100 ; 0         ; 0         ; 0         ; 1         ; 0         ; 0         ; 0         ; 1         ;
; stt.00101 ; 0         ; 0         ; 1         ; 0         ; 0         ; 0         ; 0         ; 1         ;
; stt.00110 ; 0         ; 1         ; 0         ; 0         ; 0         ; 0         ; 0         ; 1         ;
; stt.00111 ; 1         ; 0         ; 0         ; 0         ; 0         ; 0         ; 0         ; 1         ;
+-----------+-----------+-----------+-----------+-----------+-----------+-----------+-----------+-----------+


Encoding Type:  One-Hot
+---------------------------------------------------------------------------------------------------------------------------------------+
; State Machine - |top|stt_uart                                                                                                         ;
+----------------+----------------+----------------+----------------+----------------+----------------+----------------+----------------+
; Name           ; stt_uart.00110 ; stt_uart.00101 ; stt_uart.00100 ; stt_uart.00011 ; stt_uart.00010 ; stt_uart.00001 ; stt_uart.00000 ;
+----------------+----------------+----------------+----------------+----------------+----------------+----------------+----------------+
; stt_uart.00000 ; 0              ; 0              ; 0              ; 0              ; 0              ; 0              ; 0              ;
; stt_uart.00001 ; 0              ; 0              ; 0              ; 0              ; 0              ; 1              ; 1              ;
; stt_uart.00010 ; 0              ; 0              ; 0              ; 0              ; 1              ; 0              ; 1              ;
; stt_uart.00011 ; 0              ; 0              ; 0              ; 1              ; 0              ; 0              ; 1              ;
; stt_uart.00100 ; 0              ; 0              ; 1              ; 0              ; 0              ; 0              ; 1              ;
; stt_uart.00101 ; 0              ; 1              ; 0              ; 0              ; 0              ; 0              ; 1              ;
; stt_uart.00110 ; 1              ; 0              ; 0              ; 0              ; 0              ; 0              ; 1              ;
+----------------+----------------+----------------+----------------+----------------+----------------+----------------+----------------+


Encoding Type:  One-Hot
+-----------------------------------------------------------------------------------------------------------------------------------------------------------+
; State Machine - |top|state                                                                                                                                ;
+----------------+--------------+--------------+----------------+------------+---------------+---------------+---------------+---------------+--------------+
; Name           ; state.S_UART ; state.S_DONE ; state.S_ARGMAX ; state.S_FC ; state.S_POOL2 ; state.S_CONV2 ; state.S_POOL1 ; state.S_CONV1 ; state.S_IDLE ;
+----------------+--------------+--------------+----------------+------------+---------------+---------------+---------------+---------------+--------------+
; state.S_IDLE   ; 0            ; 0            ; 0              ; 0          ; 0             ; 0             ; 0             ; 0             ; 0            ;
; state.S_CONV1  ; 0            ; 0            ; 0              ; 0          ; 0             ; 0             ; 0             ; 1             ; 1            ;
; state.S_POOL1  ; 0            ; 0            ; 0              ; 0          ; 0             ; 0             ; 1             ; 0             ; 1            ;
; state.S_CONV2  ; 0            ; 0            ; 0              ; 0          ; 0             ; 1             ; 0             ; 0             ; 1            ;
; state.S_POOL2  ; 0            ; 0            ; 0              ; 0          ; 1             ; 0             ; 0             ; 0             ; 1            ;
; state.S_FC     ; 0            ; 0            ; 0              ; 1          ; 0             ; 0             ; 0             ; 0             ; 1            ;
; state.S_ARGMAX ; 0            ; 0            ; 1              ; 0          ; 0             ; 0             ; 0             ; 0             ; 1            ;
; state.S_DONE   ; 0            ; 1            ; 0              ; 0          ; 0             ; 0             ; 0             ; 0             ; 1            ;
; state.S_UART   ; 1            ; 0            ; 0              ; 0          ; 0             ; 0             ; 0             ; 0             ; 1            ;
+----------------+--------------+--------------+----------------+------------+---------------+---------------+---------------+---------------+--------------+


Encoding Type:  One-Hot
+-----------------------------------------------------------------------------------------------------------------------------------------------------------------------------------------------------------------------------------------------------------+
; State Machine - |top|uartWrite:u5|stt_tx                                                                                                                                                                                                                  ;
+-----------------+-----------------+-----------------+-----------------+-----------------+-----------------+-----------------+-----------------+-----------------+-----------------+-----------------+-----------------+-----------------+-----------------+
; Name            ; stt_tx.00001100 ; stt_tx.00001011 ; stt_tx.00001010 ; stt_tx.00001001 ; stt_tx.00001000 ; stt_tx.00000111 ; stt_tx.00000110 ; stt_tx.00000101 ; stt_tx.00000100 ; stt_tx.00000011 ; stt_tx.00000010 ; stt_tx.00000001 ; stt_tx.00000000 ;
+-----------------+-----------------+-----------------+-----------------+-----------------+-----------------+-----------------+-----------------+-----------------+-----------------+-----------------+-----------------+-----------------+-----------------+
; stt_tx.00000000 ; 0               ; 0               ; 0               ; 0               ; 0               ; 0               ; 0               ; 0               ; 0               ; 0               ; 0               ; 0               ; 0               ;
; stt_tx.00000001 ; 0               ; 0               ; 0               ; 0               ; 0               ; 0               ; 0               ; 0               ; 0               ; 0               ; 0               ; 1               ; 1               ;
; stt_tx.00000010 ; 0               ; 0               ; 0               ; 0               ; 0               ; 0               ; 0               ; 0               ; 0               ; 0               ; 1               ; 0               ; 1               ;
; stt_tx.00000011 ; 0               ; 0               ; 0               ; 0               ; 0               ; 0               ; 0               ; 0               ; 0               ; 1               ; 0               ; 0               ; 1               ;
; stt_tx.00000100 ; 0               ; 0               ; 0               ; 0               ; 0               ; 0               ; 0               ; 0               ; 1               ; 0               ; 0               ; 0               ; 1               ;
; stt_tx.00000101 ; 0               ; 0               ; 0               ; 0               ; 0               ; 0               ; 0               ; 1               ; 0               ; 0               ; 0               ; 0               ; 1               ;
; stt_tx.00000110 ; 0               ; 0               ; 0               ; 0               ; 0               ; 0               ; 1               ; 0               ; 0               ; 0               ; 0               ; 0               ; 1               ;
; stt_tx.00000111 ; 0               ; 0               ; 0               ; 0               ; 0               ; 1               ; 0               ; 0               ; 0               ; 0               ; 0               ; 0               ; 1               ;
; stt_tx.00001000 ; 0               ; 0               ; 0               ; 0               ; 1               ; 0               ; 0               ; 0               ; 0               ; 0               ; 0               ; 0               ; 1               ;
; stt_tx.00001001 ; 0               ; 0               ; 0               ; 1               ; 0               ; 0               ; 0               ; 0               ; 0               ; 0               ; 0               ; 0               ; 1               ;
; stt_tx.00001010 ; 0               ; 0               ; 1               ; 0               ; 0               ; 0               ; 0               ; 0               ; 0               ; 0               ; 0               ; 0               ; 1               ;
; stt_tx.00001011 ; 0               ; 1               ; 0               ; 0               ; 0               ; 0               ; 0               ; 0               ; 0               ; 0               ; 0               ; 0               ; 1               ;
; stt_tx.00001100 ; 1               ; 0               ; 0               ; 0               ; 0               ; 0               ; 0               ; 0               ; 0               ; 0               ; 0               ; 0               ; 1               ;
+-----------------+-----------------+-----------------+-----------------+-----------------+-----------------+-----------------+-----------------+-----------------+-----------------+-----------------+-----------------+-----------------+-----------------+


Encoding Type:  One-Hot
+-------------------------------------------------------------------------------+
; State Machine - |top|uartRead:read1|state                                     ;
+-------------+------------+------------+-------------+------------+------------+
; Name        ; state.STOP ; state.DATA ; state.START ; state.IDLE ; state.DONE ;
+-------------+------------+------------+-------------+------------+------------+
; state.IDLE  ; 0          ; 0          ; 0           ; 0          ; 0          ;
; state.START ; 0          ; 0          ; 1           ; 1          ; 0          ;
; state.DATA  ; 0          ; 1          ; 0           ; 1          ; 0          ;
; state.STOP  ; 1          ; 0          ; 0           ; 1          ; 0          ;
; state.DONE  ; 0          ; 0          ; 0           ; 1          ; 1          ;
+-------------+------------+------------+-------------+------------+------------+


+---------------------------------------------------------------------------------+
; Registers Removed During Synthesis                                              ;
+----------------------------------------+----------------------------------------+
; Register name                          ; Reason for Removal                     ;
+----------------------------------------+----------------------------------------+
; addr_conv1w[9..11]                     ; Stuck at GND due to stuck port data_in ;
; data_w_uart_img[8..14]                 ; Merged with data_w_uart_img[15]        ;
; post_acc[57..63]                       ; Merged with post_acc[56]               ;
; data_w_uart_img[15]                    ; Stuck at GND due to stuck port data_in ;
; post_acc[32..55]                       ; Lost fanout                            ;
; stt~4                                  ; Lost fanout                            ;
; stt~5                                  ; Lost fanout                            ;
; stt~6                                  ; Lost fanout                            ;
; stt~7                                  ; Lost fanout                            ;
; stt~8                                  ; Lost fanout                            ;
; stt_uart~11                            ; Lost fanout                            ;
; stt_uart~12                            ; Lost fanout                            ;
; stt_uart~13                            ; Lost fanout                            ;
; stt_uart~14                            ; Lost fanout                            ;
; stt_uart~15                            ; Lost fanout                            ;
; state~13                               ; Lost fanout                            ;
; state~14                               ; Lost fanout                            ;
; state~15                               ; Lost fanout                            ;
; state~16                               ; Lost fanout                            ;
; uartWrite:u5|stt_tx~4                  ; Lost fanout                            ;
; uartWrite:u5|stt_tx~5                  ; Lost fanout                            ;
; uartWrite:u5|stt_tx~6                  ; Lost fanout                            ;
; uartWrite:u5|stt_tx~7                  ; Lost fanout                            ;
; uartWrite:u5|stt_tx~8                  ; Lost fanout                            ;
; uartWrite:u5|stt_tx~9                  ; Lost fanout                            ;
; uartWrite:u5|stt_tx~10                 ; Lost fanout                            ;
; uartWrite:u5|stt_tx~11                 ; Lost fanout                            ;
; uartRead:read1|state~9                 ; Lost fanout                            ;
; uartRead:read1|state~10                ; Lost fanout                            ;
; ic[3]                                  ; Stuck at GND due to stuck port data_in ;
; Total Number of Removed Registers = 67 ;                                        ;
+----------------------------------------+----------------------------------------+


+------------------------------------------------------+
; General Register Statistics                          ;
+----------------------------------------------+-------+
; Statistic                                    ; Value ;
+----------------------------------------------+-------+
; Total registers                              ; 900   ;
; Number of registers using Synchronous Clear  ; 56    ;
; Number of registers using Synchronous Load   ; 25    ;
; Number of registers using Asynchronous Clear ; 169   ;
; Number of registers using Asynchronous Load  ; 0     ;
; Number of registers using Clock Enable       ; 785   ;
; Number of registers using Preset             ; 0     ;
+----------------------------------------------+-------+


+--------------------------------------------------+
; Inverted Register Statistics                     ;
+----------------------------------------+---------+
; Inverted Register                      ; Fan out ;
+----------------------------------------+---------+
; uartWrite:u5|tx                        ; 2       ;
; uartRead:read1|rx_ff2                  ; 14      ;
; uartRead:read1|rx_ff1                  ; 1       ;
; Total number of inverted registers = 3 ;         ;
+----------------------------------------+---------+


+--------------------------------------------+
; Registers Added for RAM Pass-Through Logic ;
+------------------------+-------------------+
; Register Name          ; RAM Name          ;
+------------------------+-------------------+
; score_rtl_0_bypass[0]  ; score_rtl_0       ;
; score_rtl_0_bypass[1]  ; score_rtl_0       ;
; score_rtl_0_bypass[2]  ; score_rtl_0       ;
; score_rtl_0_bypass[3]  ; score_rtl_0       ;
; score_rtl_0_bypass[4]  ; score_rtl_0       ;
; score_rtl_0_bypass[5]  ; score_rtl_0       ;
; score_rtl_0_bypass[6]  ; score_rtl_0       ;
; score_rtl_0_bypass[7]  ; score_rtl_0       ;
; score_rtl_0_bypass[8]  ; score_rtl_0       ;
; score_rtl_0_bypass[9]  ; score_rtl_0       ;
; score_rtl_0_bypass[10] ; score_rtl_0       ;
; score_rtl_0_bypass[11] ; score_rtl_0       ;
; score_rtl_0_bypass[12] ; score_rtl_0       ;
; score_rtl_0_bypass[13] ; score_rtl_0       ;
; score_rtl_0_bypass[14] ; score_rtl_0       ;
; score_rtl_0_bypass[15] ; score_rtl_0       ;
; score_rtl_0_bypass[16] ; score_rtl_0       ;
; score_rtl_0_bypass[17] ; score_rtl_0       ;
; score_rtl_0_bypass[18] ; score_rtl_0       ;
; score_rtl_0_bypass[19] ; score_rtl_0       ;
; score_rtl_0_bypass[20] ; score_rtl_0       ;
; score_rtl_0_bypass[21] ; score_rtl_0       ;
; score_rtl_0_bypass[22] ; score_rtl_0       ;
; score_rtl_0_bypass[23] ; score_rtl_0       ;
; score_rtl_0_bypass[24] ; score_rtl_0       ;
; score_rtl_0_bypass[25] ; score_rtl_0       ;
; score_rtl_0_bypass[26] ; score_rtl_0       ;
; score_rtl_0_bypass[27] ; score_rtl_0       ;
; score_rtl_0_bypass[28] ; score_rtl_0       ;
; score_rtl_0_bypass[29] ; score_rtl_0       ;
; score_rtl_0_bypass[30] ; score_rtl_0       ;
; score_rtl_0_bypass[31] ; score_rtl_0       ;
; score_rtl_0_bypass[32] ; score_rtl_0       ;
; score_rtl_0_bypass[33] ; score_rtl_0       ;
; score_rtl_0_bypass[34] ; score_rtl_0       ;
; score_rtl_0_bypass[35] ; score_rtl_0       ;
; score_rtl_0_bypass[36] ; score_rtl_0       ;
; score_rtl_0_bypass[37] ; score_rtl_0       ;
; score_rtl_0_bypass[38] ; score_rtl_0       ;
; score_rtl_0_bypass[39] ; score_rtl_0       ;
; score_rtl_0_bypass[40] ; score_rtl_0       ;
+------------------------+-------------------+


+------------------------------------------------------------------------------------------------------------------------------------------------+
; Multiplexer Restructuring Statistics (Restructuring Performed)                                                                                 ;
+--------------------+-----------+---------------+----------------------+------------------------+------------+----------------------------------+
; Multiplexer Inputs ; Bus Width ; Baseline Area ; Area if Restructured ; Saving if Restructured ; Registered ; Example Multiplexer Output       ;
+--------------------+-----------+---------------+----------------------+------------------------+------------+----------------------------------+
; 3:1                ; 33 bits   ; 66 LEs        ; 0 LEs                ; 66 LEs                 ; Yes        ; |top|post_acc[8]                 ;
; 3:1                ; 8 bits    ; 16 LEs        ; 8 LEs                ; 8 LEs                  ; Yes        ; |top|data_w_uart_img[0]          ;
; 3:1                ; 10 bits   ; 20 LEs        ; 10 LEs               ; 10 LEs                 ; Yes        ; |top|addr_uart_img[0]            ;
; 3:1                ; 6 bits    ; 12 LEs        ; 6 LEs                ; 6 LEs                  ; Yes        ; |top|kh[0]                       ;
; 3:1                ; 5 bits    ; 10 LEs        ; 5 LEs                ; 5 LEs                  ; Yes        ; |top|i[7]                        ;
; 4:1                ; 10 bits   ; 20 LEs        ; 10 LEs               ; 10 LEs                 ; Yes        ; |top|addr_img[7]                 ;
; 5:1                ; 8 bits    ; 24 LEs        ; 8 LEs                ; 16 LEs                 ; Yes        ; |top|addr_pool2[0]               ;
; 5:1                ; 8 bits    ; 24 LEs        ; 0 LEs                ; 24 LEs                 ; Yes        ; |top|addr_pool1[5]               ;
; 5:1                ; 3 bits    ; 9 LEs         ; 3 LEs                ; 6 LEs                  ; Yes        ; |top|addr_pool1[1]               ;
; 5:1                ; 3 bits    ; 9 LEs         ; 0 LEs                ; 9 LEs                  ; Yes        ; |top|addr_img_conv1[0]           ;
; 5:1                ; 4 bits    ; 12 LEs        ; 0 LEs                ; 12 LEs                 ; Yes        ; |top|addr_img_conv2[0]           ;
; 5:1                ; 2 bits    ; 6 LEs         ; 2 LEs                ; 4 LEs                  ; Yes        ; |top|addr_img_conv2[5]           ;
; 5:1                ; 8 bits    ; 24 LEs        ; 8 LEs                ; 16 LEs                 ; Yes        ; |top|data_uart[5]                ;
; 6:1                ; 9 bits    ; 36 LEs        ; 9 LEs                ; 27 LEs                 ; Yes        ; |top|uartRead:read1|clk_count[2] ;
; 7:1                ; 3 bits    ; 12 LEs        ; 6 LEs                ; 6 LEs                  ; Yes        ; |top|addr_img_conv1[3]           ;
; 8:1                ; 7 bits    ; 35 LEs        ; 21 LEs               ; 14 LEs                 ; Yes        ; |top|addr_img_conv1[7]           ;
; 8:1                ; 2 bits    ; 10 LEs        ; 4 LEs                ; 6 LEs                  ; Yes        ; |top|addr_img_conv2[8]           ;
; 7:1                ; 4 bits    ; 16 LEs        ; 4 LEs                ; 12 LEs                 ; Yes        ; |top|ch[0]                       ;
; 9:1                ; 64 bits   ; 384 LEs       ; 192 LEs              ; 192 LEs                ; Yes        ; |top|acc[33]                     ;
; 9:1                ; 32 bits   ; 192 LEs       ; 32 LEs               ; 160 LEs                ; Yes        ; |top|max_val[7]                  ;
; 13:1               ; 5 bits    ; 40 LEs        ; 10 LEs               ; 30 LEs                 ; Yes        ; |top|col[3]                      ;
; 15:1               ; 5 bits    ; 50 LEs        ; 10 LEs               ; 40 LEs                 ; Yes        ; |top|row[1]                      ;
; 3:1                ; 3 bits    ; 6 LEs         ; 6 LEs                ; 0 LEs                  ; No         ; |top|uartRead:read1|bit_index    ;
; 3:1                ; 5 bits    ; 10 LEs        ; 10 LEs               ; 0 LEs                  ; No         ; |top|row                         ;
; 3:1                ; 5 bits    ; 10 LEs        ; 10 LEs               ; 0 LEs                  ; No         ; |top|row                         ;
; 3:1                ; 4 bits    ; 8 LEs         ; 8 LEs                ; 0 LEs                  ; No         ; |top|Selector786                 ;
; 9:1                ; 5 bits    ; 30 LEs        ; 30 LEs               ; 0 LEs                  ; No         ; |top|Add12                       ;
; 5:1                ; 32 bits   ; 96 LEs        ; 64 LEs               ; 32 LEs                 ; No         ; |top|Selector426                 ;
; 8:1                ; 2 bits    ; 10 LEs        ; 4 LEs                ; 6 LEs                  ; No         ; |top|Selector476                 ;
; 7:1                ; 2 bits    ; 8 LEs         ; 4 LEs                ; 4 LEs                  ; No         ; |top|Selector465                 ;
; 7:1                ; 2 bits    ; 8 LEs         ; 4 LEs                ; 4 LEs                  ; No         ; |top|Selector464                 ;
; 9:1                ; 2 bits    ; 12 LEs        ; 6 LEs                ; 6 LEs                  ; No         ; |top|uartRead:read1|Selector15   ;
; 14:1               ; 5 bits    ; 45 LEs        ; 20 LEs               ; 25 LEs                 ; No         ; |top|Selector526                 ;
; 16:1               ; 2 bits    ; 20 LEs        ; 4 LEs                ; 16 LEs                 ; No         ; |top|Selector529                 ;
; 16:1               ; 2 bits    ; 20 LEs        ; 4 LEs                ; 16 LEs                 ; No         ; |top|Selector531                 ;
+--------------------+-----------+---------------+----------------------+------------------------+------------+----------------------------------+


+-----------------------------------------------------------------------------------------------------------+
; Source assignments for ram_uart:u_ram_uart|altsyncram:altsyncram_component|altsyncram_off2:auto_generated ;
+---------------------------------+--------------------+------+---------------------------------------------+
; Assignment                      ; Value              ; From ; To                                          ;
+---------------------------------+--------------------+------+---------------------------------------------+
; OPTIMIZE_POWER_DURING_SYNTHESIS ; NORMAL_COMPILATION ; -    ; -                                           ;
+---------------------------------+--------------------+------+---------------------------------------------+


+-----------------------------------------------------------------------------------------------------+
; Source assignments for conv1:conv1_w|altsyncram:altsyncram_component|altsyncram_ejk1:auto_generated ;
+---------------------------------+--------------------+------+---------------------------------------+
; Assignment                      ; Value              ; From ; To                                    ;
+---------------------------------+--------------------+------+---------------------------------------+
; OPTIMIZE_POWER_DURING_SYNTHESIS ; NORMAL_COMPILATION ; -    ; -                                     ;
+---------------------------------+--------------------+------+---------------------------------------+


+-------------------------------------------------------------------------------------------------------------+
; Source assignments for img_conv1:u_img_conv1|altsyncram:altsyncram_component|altsyncram_i5i1:auto_generated ;
+---------------------------------+--------------------+------+-----------------------------------------------+
; Assignment                      ; Value              ; From ; To                                            ;
+---------------------------------+--------------------+------+-----------------------------------------------+
; OPTIMIZE_POWER_DURING_SYNTHESIS ; NORMAL_COMPILATION ; -    ; -                                             ;
+---------------------------------+--------------------+------+-----------------------------------------------+


+-----------------------------------------------------------------------------------------------------+
; Source assignments for pool1:u_pool1|altsyncram:altsyncram_component|altsyncram_a9g1:auto_generated ;
+---------------------------------+--------------------+------+---------------------------------------+
; Assignment                      ; Value              ; From ; To                                    ;
+---------------------------------+--------------------+------+---------------------------------------+
; OPTIMIZE_POWER_DURING_SYNTHESIS ; NORMAL_COMPILATION ; -    ; -                                     ;
+---------------------------------+--------------------+------+---------------------------------------+


+--------------------------------------------------------------------------------------------------------+
; Source assignments for conv2_w:u_conv2w|altsyncram:altsyncram_component|altsyncram_2jk1:auto_generated ;
+---------------------------------+--------------------+------+------------------------------------------+
; Assignment                      ; Value              ; From ; To                                       ;
+---------------------------------+--------------------+------+------------------------------------------+
; OPTIMIZE_POWER_DURING_SYNTHESIS ; NORMAL_COMPILATION ; -    ; -                                        ;
+---------------------------------+--------------------+------+------------------------------------------+


+-------------------------------------------------------------------------------------------------------------+
; Source assignments for img_conv2:u_img_conv2|altsyncram:altsyncram_component|altsyncram_45i1:auto_generated ;
+---------------------------------+--------------------+------+-----------------------------------------------+
; Assignment                      ; Value              ; From ; To                                            ;
+---------------------------------+--------------------+------+-----------------------------------------------+
; OPTIMIZE_POWER_DURING_SYNTHESIS ; NORMAL_COMPILATION ; -    ; -                                             ;
+---------------------------------+--------------------+------+-----------------------------------------------+


+-----------------------------------------------------------------------------------------------------+
; Source assignments for pool2:u_pool2|altsyncram:altsyncram_component|altsyncram_h2i1:auto_generated ;
+---------------------------------+--------------------+------+---------------------------------------+
; Assignment                      ; Value              ; From ; To                                    ;
+---------------------------------+--------------------+------+---------------------------------------+
; OPTIMIZE_POWER_DURING_SYNTHESIS ; NORMAL_COMPILATION ; -    ; -                                     ;
+---------------------------------+--------------------+------+---------------------------------------+


+---------------------------------------------------------------------------------------------------+
; Source assignments for fc_w:u_fc_w|altsyncram:altsyncram_component|altsyncram_bak1:auto_generated ;
+---------------------------------+--------------------+------+-------------------------------------+
; Assignment                      ; Value              ; From ; To                                  ;
+---------------------------------+--------------------+------+-------------------------------------+
; OPTIMIZE_POWER_DURING_SYNTHESIS ; NORMAL_COMPILATION ; -    ; -                                   ;
+---------------------------------+--------------------+------+-------------------------------------+


+------------------------------------------------------------------------------+
; Source assignments for altsyncram:score_rtl_0|altsyncram_87k1:auto_generated ;
+---------------------------------+--------------------+------+----------------+
; Assignment                      ; Value              ; From ; To             ;
+---------------------------------+--------------------+------+----------------+
; OPTIMIZE_POWER_DURING_SYNTHESIS ; NORMAL_COMPILATION ; -    ; -              ;
+---------------------------------+--------------------+------+----------------+


+--------------------------------------------------------------------------------+
; Parameter Settings for User Entity Instance: pll:u_pll|altpll:altpll_component ;
+-------------------------------+-----------------------+------------------------+
; Parameter Name                ; Value                 ; Type                   ;
+-------------------------------+-----------------------+------------------------+
; OPERATION_MODE                ; NORMAL                ; Untyped                ;
; PLL_TYPE                      ; AUTO                  ; Untyped                ;
; LPM_HINT                      ; CBX_MODULE_PREFIX=pll ; Untyped                ;
; QUALIFY_CONF_DONE             ; OFF                   ; Untyped                ;
; COMPENSATE_CLOCK              ; CLK0                  ; Untyped                ;
; SCAN_CHAIN                    ; LONG                  ; Untyped                ;
; PRIMARY_CLOCK                 ; INCLK0                ; Untyped                ;
; INCLK0_INPUT_FREQUENCY        ; 20000                 ; Signed Integer         ;
; INCLK1_INPUT_FREQUENCY        ; 0                     ; Untyped                ;
; GATE_LOCK_SIGNAL              ; NO                    ; Untyped                ;
; GATE_LOCK_COUNTER             ; 0                     ; Untyped                ;
; LOCK_HIGH                     ; 1                     ; Untyped                ;
; LOCK_LOW                      ; 1                     ; Untyped                ;
; VALID_LOCK_MULTIPLIER         ; 1                     ; Untyped                ;
; INVALID_LOCK_MULTIPLIER       ; 5                     ; Untyped                ;
; SWITCH_OVER_ON_LOSSCLK        ; OFF                   ; Untyped                ;
; SWITCH_OVER_ON_GATED_LOCK     ; OFF                   ; Untyped                ;
; ENABLE_SWITCH_OVER_COUNTER    ; OFF                   ; Untyped                ;
; SKIP_VCO                      ; OFF                   ; Untyped                ;
; SWITCH_OVER_COUNTER           ; 0                     ; Untyped                ;
; SWITCH_OVER_TYPE              ; AUTO                  ; Untyped                ;
; FEEDBACK_SOURCE               ; EXTCLK0               ; Untyped                ;
; BANDWIDTH                     ; 0                     ; Untyped                ;
; BANDWIDTH_TYPE                ; AUTO                  ; Untyped                ;
; SPREAD_FREQUENCY              ; 0                     ; Untyped                ;
; DOWN_SPREAD                   ; 0                     ; Untyped                ;
; SELF_RESET_ON_GATED_LOSS_LOCK ; OFF                   ; Untyped                ;
; SELF_RESET_ON_LOSS_LOCK       ; OFF                   ; Untyped                ;
; CLK9_MULTIPLY_BY              ; 0                     ; Untyped                ;
; CLK8_MULTIPLY_BY              ; 0                     ; Untyped                ;
; CLK7_MULTIPLY_BY              ; 0                     ; Untyped                ;
; CLK6_MULTIPLY_BY              ; 0                     ; Untyped                ;
; CLK5_MULTIPLY_BY              ; 1                     ; Untyped                ;
; CLK4_MULTIPLY_BY              ; 1                     ; Untyped                ;
; CLK3_MULTIPLY_BY              ; 1                     ; Untyped                ;
; CLK2_MULTIPLY_BY              ; 1                     ; Untyped                ;
; CLK1_MULTIPLY_BY              ; 1                     ; Untyped                ;
; CLK0_MULTIPLY_BY              ; 2                     ; Signed Integer         ;
; CLK9_DIVIDE_BY                ; 0                     ; Untyped                ;
; CLK8_DIVIDE_BY                ; 0                     ; Untyped                ;
; CLK7_DIVIDE_BY                ; 0                     ; Untyped                ;
; CLK6_DIVIDE_BY                ; 0                     ; Untyped                ;
; CLK5_DIVIDE_BY                ; 1                     ; Untyped                ;
; CLK4_DIVIDE_BY                ; 1                     ; Untyped                ;
; CLK3_DIVIDE_BY                ; 1                     ; Untyped                ;
; CLK2_DIVIDE_BY                ; 1                     ; Untyped                ;
; CLK1_DIVIDE_BY                ; 1                     ; Untyped                ;
; CLK0_DIVIDE_BY                ; 1                     ; Signed Integer         ;
; CLK9_PHASE_SHIFT              ; 0                     ; Untyped                ;
; CLK8_PHASE_SHIFT              ; 0                     ; Untyped                ;
; CLK7_PHASE_SHIFT              ; 0                     ; Untyped                ;
; CLK6_PHASE_SHIFT              ; 0                     ; Untyped                ;
; CLK5_PHASE_SHIFT              ; 0                     ; Untyped                ;
; CLK4_PHASE_SHIFT              ; 0                     ; Untyped                ;
; CLK3_PHASE_SHIFT              ; 0                     ; Untyped                ;
; CLK2_PHASE_SHIFT              ; 0                     ; Untyped                ;
; CLK1_PHASE_SHIFT              ; 0                     ; Untyped                ;
; CLK0_PHASE_SHIFT              ; 0                     ; Untyped                ;
; CLK5_TIME_DELAY               ; 0                     ; Untyped                ;
; CLK4_TIME_DELAY               ; 0                     ; Untyped                ;
; CLK3_TIME_DELAY               ; 0                     ; Untyped                ;
; CLK2_TIME_DELAY               ; 0                     ; Untyped                ;
; CLK1_TIME_DELAY               ; 0                     ; Untyped                ;
; CLK0_TIME_DELAY               ; 0                     ; Untyped                ;
; CLK9_DUTY_CYCLE               ; 50                    ; Untyped                ;
; CLK8_DUTY_CYCLE               ; 50                    ; Untyped                ;
; CLK7_DUTY_CYCLE               ; 50                    ; Untyped                ;
; CLK6_DUTY_CYCLE               ; 50                    ; Untyped                ;
; CLK5_DUTY_CYCLE               ; 50                    ; Untyped                ;
; CLK4_DUTY_CYCLE               ; 50                    ; Untyped                ;
; CLK3_DUTY_CYCLE               ; 50                    ; Untyped                ;
; CLK2_DUTY_CYCLE               ; 50                    ; Untyped                ;
; CLK1_DUTY_CYCLE               ; 50                    ; Untyped                ;
; CLK0_DUTY_CYCLE               ; 50                    ; Signed Integer         ;
; CLK9_USE_EVEN_COUNTER_MODE    ; OFF                   ; Untyped                ;
; CLK8_USE_EVEN_COUNTER_MODE    ; OFF                   ; Untyped                ;
; CLK7_USE_EVEN_COUNTER_MODE    ; OFF                   ; Untyped                ;
; CLK6_USE_EVEN_COUNTER_MODE    ; OFF                   ; Untyped                ;
; CLK5_USE_EVEN_COUNTER_MODE    ; OFF                   ; Untyped                ;
; CLK4_USE_EVEN_COUNTER_MODE    ; OFF                   ; Untyped                ;
; CLK3_USE_EVEN_COUNTER_MODE    ; OFF                   ; Untyped                ;
; CLK2_USE_EVEN_COUNTER_MODE    ; OFF                   ; Untyped                ;
; CLK1_USE_EVEN_COUNTER_MODE    ; OFF                   ; Untyped                ;
; CLK0_USE_EVEN_COUNTER_MODE    ; OFF                   ; Untyped                ;
; CLK9_USE_EVEN_COUNTER_VALUE   ; OFF                   ; Untyped                ;
; CLK8_USE_EVEN_COUNTER_VALUE   ; OFF                   ; Untyped                ;
; CLK7_USE_EVEN_COUNTER_VALUE   ; OFF                   ; Untyped                ;
; CLK6_USE_EVEN_COUNTER_VALUE   ; OFF                   ; Untyped                ;
; CLK5_USE_EVEN_COUNTER_VALUE   ; OFF                   ; Untyped                ;
; CLK4_USE_EVEN_COUNTER_VALUE   ; OFF                   ; Untyped                ;
; CLK3_USE_EVEN_COUNTER_VALUE   ; OFF                   ; Untyped                ;
; CLK2_USE_EVEN_COUNTER_VALUE   ; OFF                   ; Untyped                ;
; CLK1_USE_EVEN_COUNTER_VALUE   ; OFF                   ; Untyped                ;
; CLK0_USE_EVEN_COUNTER_VALUE   ; OFF                   ; Untyped                ;
; LOCK_WINDOW_UI                ;  0.05                 ; Untyped                ;
; LOCK_WINDOW_UI_BITS           ; UNUSED                ; Untyped                ;
; VCO_RANGE_DETECTOR_LOW_BITS   ; UNUSED                ; Untyped                ;
; VCO_RANGE_DETECTOR_HIGH_BITS  ; UNUSED                ; Untyped                ;
; DPA_MULTIPLY_BY               ; 0                     ; Untyped                ;
; DPA_DIVIDE_BY                 ; 1                     ; Untyped                ;
; DPA_DIVIDER                   ; 0                     ; Untyped                ;
; EXTCLK3_MULTIPLY_BY           ; 1                     ; Untyped                ;
; EXTCLK2_MULTIPLY_BY           ; 1                     ; Untyped                ;
; EXTCLK1_MULTIPLY_BY           ; 1                     ; Untyped                ;
; EXTCLK0_MULTIPLY_BY           ; 1                     ; Untyped                ;
; EXTCLK3_DIVIDE_BY             ; 1                     ; Untyped                ;
; EXTCLK2_DIVIDE_BY             ; 1                     ; Untyped                ;
; EXTCLK1_DIVIDE_BY             ; 1                     ; Untyped                ;
; EXTCLK0_DIVIDE_BY             ; 1                     ; Untyped                ;
; EXTCLK3_PHASE_SHIFT           ; 0                     ; Untyped                ;
; EXTCLK2_PHASE_SHIFT           ; 0                     ; Untyped                ;
; EXTCLK1_PHASE_SHIFT           ; 0                     ; Untyped                ;
; EXTCLK0_PHASE_SHIFT           ; 0                     ; Untyped                ;
; EXTCLK3_TIME_DELAY            ; 0                     ; Untyped                ;
; EXTCLK2_TIME_DELAY            ; 0                     ; Untyped                ;
; EXTCLK1_TIME_DELAY            ; 0                     ; Untyped                ;
; EXTCLK0_TIME_DELAY            ; 0                     ; Untyped                ;
; EXTCLK3_DUTY_CYCLE            ; 50                    ; Untyped                ;
; EXTCLK2_DUTY_CYCLE            ; 50                    ; Untyped                ;
; EXTCLK1_DUTY_CYCLE            ; 50                    ; Untyped                ;
; EXTCLK0_DUTY_CYCLE            ; 50                    ; Untyped                ;
; VCO_MULTIPLY_BY               ; 0                     ; Untyped                ;
; VCO_DIVIDE_BY                 ; 0                     ; Untyped                ;
; SCLKOUT0_PHASE_SHIFT          ; 0                     ; Untyped                ;
; SCLKOUT1_PHASE_SHIFT          ; 0                     ; Untyped                ;
; VCO_MIN                       ; 0                     ; Untyped                ;
; VCO_MAX                       ; 0                     ; Untyped                ;
; VCO_CENTER                    ; 0                     ; Untyped                ;
; PFD_MIN                       ; 0                     ; Untyped                ;
; PFD_MAX                       ; 0                     ; Untyped                ;
; M_INITIAL                     ; 0                     ; Untyped                ;
; M                             ; 0                     ; Untyped                ;
; N                             ; 1                     ; Untyped                ;
; M2                            ; 1                     ; Untyped                ;
; N2                            ; 1                     ; Untyped                ;
; SS                            ; 1                     ; Untyped                ;
; C0_HIGH                       ; 0                     ; Untyped                ;
; C1_HIGH                       ; 0                     ; Untyped                ;
; C2_HIGH                       ; 0                     ; Untyped                ;
; C3_HIGH                       ; 0                     ; Untyped                ;
; C4_HIGH                       ; 0                     ; Untyped                ;
; C5_HIGH                       ; 0                     ; Untyped                ;
; C6_HIGH                       ; 0                     ; Untyped                ;
; C7_HIGH                       ; 0                     ; Untyped                ;
; C8_HIGH                       ; 0                     ; Untyped                ;
; C9_HIGH                       ; 0                     ; Untyped                ;
; C0_LOW                        ; 0                     ; Untyped                ;
; C1_LOW                        ; 0                     ; Untyped                ;
; C2_LOW                        ; 0                     ; Untyped                ;
; C3_LOW                        ; 0                     ; Untyped                ;
; C4_LOW                        ; 0                     ; Untyped                ;
; C5_LOW                        ; 0                     ; Untyped                ;
; C6_LOW                        ; 0                     ; Untyped                ;
; C7_LOW                        ; 0                     ; Untyped                ;
; C8_LOW                        ; 0                     ; Untyped                ;
; C9_LOW                        ; 0                     ; Untyped                ;
; C0_INITIAL                    ; 0                     ; Untyped                ;
; C1_INITIAL                    ; 0                     ; Untyped                ;
; C2_INITIAL                    ; 0                     ; Untyped                ;
; C3_INITIAL                    ; 0                     ; Untyped                ;
; C4_INITIAL                    ; 0                     ; Untyped                ;
; C5_INITIAL                    ; 0                     ; Untyped                ;
; C6_INITIAL                    ; 0                     ; Untyped                ;
; C7_INITIAL                    ; 0                     ; Untyped                ;
; C8_INITIAL                    ; 0                     ; Untyped                ;
; C9_INITIAL                    ; 0                     ; Untyped                ;
; C0_MODE                       ; BYPASS                ; Untyped                ;
; C1_MODE                       ; BYPASS                ; Untyped                ;
; C2_MODE                       ; BYPASS                ; Untyped                ;
; C3_MODE                       ; BYPASS                ; Untyped                ;
; C4_MODE                       ; BYPASS                ; Untyped                ;
; C5_MODE                       ; BYPASS                ; Untyped                ;
; C6_MODE                       ; BYPASS                ; Untyped                ;
; C7_MODE                       ; BYPASS                ; Untyped                ;
; C8_MODE                       ; BYPASS                ; Untyped                ;
; C9_MODE                       ; BYPASS                ; Untyped                ;
; C0_PH                         ; 0                     ; Untyped                ;
; C1_PH                         ; 0                     ; Untyped                ;
; C2_PH                         ; 0                     ; Untyped                ;
; C3_PH                         ; 0                     ; Untyped                ;
; C4_PH                         ; 0                     ; Untyped                ;
; C5_PH                         ; 0                     ; Untyped                ;
; C6_PH                         ; 0                     ; Untyped                ;
; C7_PH                         ; 0                     ; Untyped                ;
; C8_PH                         ; 0                     ; Untyped                ;
; C9_PH                         ; 0                     ; Untyped                ;
; L0_HIGH                       ; 1                     ; Untyped                ;
; L1_HIGH                       ; 1                     ; Untyped                ;
; G0_HIGH                       ; 1                     ; Untyped                ;
; G1_HIGH                       ; 1                     ; Untyped                ;
; G2_HIGH                       ; 1                     ; Untyped                ;
; G3_HIGH                       ; 1                     ; Untyped                ;
; E0_HIGH                       ; 1                     ; Untyped                ;
; E1_HIGH                       ; 1                     ; Untyped                ;
; E2_HIGH                       ; 1                     ; Untyped                ;
; E3_HIGH                       ; 1                     ; Untyped                ;
; L0_LOW                        ; 1                     ; Untyped                ;
; L1_LOW                        ; 1                     ; Untyped                ;
; G0_LOW                        ; 1                     ; Untyped                ;
; G1_LOW                        ; 1                     ; Untyped                ;
; G2_LOW                        ; 1                     ; Untyped                ;
; G3_LOW                        ; 1                     ; Untyped                ;
; E0_LOW                        ; 1                     ; Untyped                ;
; E1_LOW                        ; 1                     ; Untyped                ;
; E2_LOW                        ; 1                     ; Untyped                ;
; E3_LOW                        ; 1                     ; Untyped                ;
; L0_INITIAL                    ; 1                     ; Untyped                ;
; L1_INITIAL                    ; 1                     ; Untyped                ;
; G0_INITIAL                    ; 1                     ; Untyped                ;
; G1_INITIAL                    ; 1                     ; Untyped                ;
; G2_INITIAL                    ; 1                     ; Untyped                ;
; G3_INITIAL                    ; 1                     ; Untyped                ;
; E0_INITIAL                    ; 1                     ; Untyped                ;
; E1_INITIAL                    ; 1                     ; Untyped                ;
; E2_INITIAL                    ; 1                     ; Untyped                ;
; E3_INITIAL                    ; 1                     ; Untyped                ;
; L0_MODE                       ; BYPASS                ; Untyped                ;
; L1_MODE                       ; BYPASS                ; Untyped                ;
; G0_MODE                       ; BYPASS                ; Untyped                ;
; G1_MODE                       ; BYPASS                ; Untyped                ;
; G2_MODE                       ; BYPASS                ; Untyped                ;
; G3_MODE                       ; BYPASS                ; Untyped                ;
; E0_MODE                       ; BYPASS                ; Untyped                ;
; E1_MODE                       ; BYPASS                ; Untyped                ;
; E2_MODE                       ; BYPASS                ; Untyped                ;
; E3_MODE                       ; BYPASS                ; Untyped                ;
; L0_PH                         ; 0                     ; Untyped                ;
; L1_PH                         ; 0                     ; Untyped                ;
; G0_PH                         ; 0                     ; Untyped                ;
; G1_PH                         ; 0                     ; Untyped                ;
; G2_PH                         ; 0                     ; Untyped                ;
; G3_PH                         ; 0                     ; Untyped                ;
; E0_PH                         ; 0                     ; Untyped                ;
; E1_PH                         ; 0                     ; Untyped                ;
; E2_PH                         ; 0                     ; Untyped                ;
; E3_PH                         ; 0                     ; Untyped                ;
; M_PH                          ; 0                     ; Untyped                ;
; C1_USE_CASC_IN                ; OFF                   ; Untyped                ;
; C2_USE_CASC_IN                ; OFF                   ; Untyped                ;
; C3_USE_CASC_IN                ; OFF                   ; Untyped                ;
; C4_USE_CASC_IN                ; OFF                   ; Untyped                ;
; C5_USE_CASC_IN                ; OFF                   ; Untyped                ;
; C6_USE_CASC_IN                ; OFF                   ; Untyped                ;
; C7_USE_CASC_IN                ; OFF                   ; Untyped                ;
; C8_USE_CASC_IN                ; OFF                   ; Untyped                ;
; C9_USE_CASC_IN                ; OFF                   ; Untyped                ;
; CLK0_COUNTER                  ; G0                    ; Untyped                ;
; CLK1_COUNTER                  ; G0                    ; Untyped                ;
; CLK2_COUNTER                  ; G0                    ; Untyped                ;
; CLK3_COUNTER                  ; G0                    ; Untyped                ;
; CLK4_COUNTER                  ; G0                    ; Untyped                ;
; CLK5_COUNTER                  ; G0                    ; Untyped                ;
; CLK6_COUNTER                  ; E0                    ; Untyped                ;
; CLK7_COUNTER                  ; E1                    ; Untyped                ;
; CLK8_COUNTER                  ; E2                    ; Untyped                ;
; CLK9_COUNTER                  ; E3                    ; Untyped                ;
; L0_TIME_DELAY                 ; 0                     ; Untyped                ;
; L1_TIME_DELAY                 ; 0                     ; Untyped                ;
; G0_TIME_DELAY                 ; 0                     ; Untyped                ;
; G1_TIME_DELAY                 ; 0                     ; Untyped                ;
; G2_TIME_DELAY                 ; 0                     ; Untyped                ;
; G3_TIME_DELAY                 ; 0                     ; Untyped                ;
; E0_TIME_DELAY                 ; 0                     ; Untyped                ;
; E1_TIME_DELAY                 ; 0                     ; Untyped                ;
; E2_TIME_DELAY                 ; 0                     ; Untyped                ;
; E3_TIME_DELAY                 ; 0                     ; Untyped                ;
; M_TIME_DELAY                  ; 0                     ; Untyped                ;
; N_TIME_DELAY                  ; 0                     ; Untyped                ;
; EXTCLK3_COUNTER               ; E3                    ; Untyped                ;
; EXTCLK2_COUNTER               ; E2                    ; Untyped                ;
; EXTCLK1_COUNTER               ; E1                    ; Untyped                ;
; EXTCLK0_COUNTER               ; E0                    ; Untyped                ;
; ENABLE0_COUNTER               ; L0                    ; Untyped                ;
; ENABLE1_COUNTER               ; L0                    ; Untyped                ;
; CHARGE_PUMP_CURRENT           ; 2                     ; Untyped                ;
; LOOP_FILTER_R                 ;  1.000000             ; Untyped                ;
; LOOP_FILTER_C                 ; 5                     ; Untyped                ;
; CHARGE_PUMP_CURRENT_BITS      ; 9999                  ; Untyped                ;
; LOOP_FILTER_R_BITS            ; 9999                  ; Untyped                ;
; LOOP_FILTER_C_BITS            ; 9999                  ; Untyped                ;
; VCO_POST_SCALE                ; 0                     ; Untyped                ;
; CLK2_OUTPUT_FREQUENCY         ; 0                     ; Untyped                ;
; CLK1_OUTPUT_FREQUENCY         ; 0                     ; Untyped                ;
; CLK0_OUTPUT_FREQUENCY         ; 0                     ; Untyped                ;
; INTENDED_DEVICE_FAMILY        ; Cyclone IV E          ; Untyped                ;
; PORT_CLKENA0                  ; PORT_UNUSED           ; Untyped                ;
; PORT_CLKENA1                  ; PORT_UNUSED           ; Untyped                ;
; PORT_CLKENA2                  ; PORT_UNUSED           ; Untyped                ;
; PORT_CLKENA3                  ; PORT_UNUSED           ; Untyped                ;
; PORT_CLKENA4                  ; PORT_UNUSED           ; Untyped                ;
; PORT_CLKENA5                  ; PORT_UNUSED           ; Untyped                ;
; PORT_EXTCLKENA0               ; PORT_CONNECTIVITY     ; Untyped                ;
; PORT_EXTCLKENA1               ; PORT_CONNECTIVITY     ; Untyped                ;
; PORT_EXTCLKENA2               ; PORT_CONNECTIVITY     ; Untyped                ;
; PORT_EXTCLKENA3               ; PORT_CONNECTIVITY     ; Untyped                ;
; PORT_EXTCLK0                  ; PORT_UNUSED           ; Untyped                ;
; PORT_EXTCLK1                  ; PORT_UNUSED           ; Untyped                ;
; PORT_EXTCLK2                  ; PORT_UNUSED           ; Untyped                ;
; PORT_EXTCLK3                  ; PORT_UNUSED           ; Untyped                ;
; PORT_CLKBAD0                  ; PORT_UNUSED           ; Untyped                ;
; PORT_CLKBAD1                  ; PORT_UNUSED           ; Untyped                ;
; PORT_CLK0                     ; PORT_USED             ; Untyped                ;
; PORT_CLK1                     ; PORT_UNUSED           ; Untyped                ;
; PORT_CLK2                     ; PORT_UNUSED           ; Untyped                ;
; PORT_CLK3                     ; PORT_UNUSED           ; Untyped                ;
; PORT_CLK4                     ; PORT_UNUSED           ; Untyped                ;
; PORT_CLK5                     ; PORT_UNUSED           ; Untyped                ;
; PORT_CLK6                     ; PORT_UNUSED           ; Untyped                ;
; PORT_CLK7                     ; PORT_UNUSED           ; Untyped                ;
; PORT_CLK8                     ; PORT_UNUSED           ; Untyped                ;
; PORT_CLK9                     ; PORT_UNUSED           ; Untyped                ;
; PORT_SCANDATA                 ; PORT_UNUSED           ; Untyped                ;
; PORT_SCANDATAOUT              ; PORT_UNUSED           ; Untyped                ;
; PORT_SCANDONE                 ; PORT_UNUSED           ; Untyped                ;
; PORT_SCLKOUT1                 ; PORT_CONNECTIVITY     ; Untyped                ;
; PORT_SCLKOUT0                 ; PORT_CONNECTIVITY     ; Untyped                ;
; PORT_ACTIVECLOCK              ; PORT_UNUSED           ; Untyped                ;
; PORT_CLKLOSS                  ; PORT_UNUSED           ; Untyped                ;
; PORT_INCLK1                   ; PORT_UNUSED           ; Untyped                ;
; PORT_INCLK0                   ; PORT_USED             ; Untyped                ;
; PORT_FBIN                     ; PORT_UNUSED           ; Untyped                ;
; PORT_PLLENA                   ; PORT_UNUSED           ; Untyped                ;
; PORT_CLKSWITCH                ; PORT_UNUSED           ; Untyped                ;
; PORT_ARESET                   ; PORT_UNUSED           ; Untyped                ;
; PORT_PFDENA                   ; PORT_UNUSED           ; Untyped                ;
; PORT_SCANCLK                  ; PORT_UNUSED           ; Untyped                ;
; PORT_SCANACLR                 ; PORT_UNUSED           ; Untyped                ;
; PORT_SCANREAD                 ; PORT_UNUSED           ; Untyped                ;
; PORT_SCANWRITE                ; PORT_UNUSED           ; Untyped                ;
; PORT_ENABLE0                  ; PORT_CONNECTIVITY     ; Untyped                ;
; PORT_ENABLE1                  ; PORT_CONNECTIVITY     ; Untyped                ;
; PORT_LOCKED                   ; PORT_UNUSED           ; Untyped                ;
; PORT_CONFIGUPDATE             ; PORT_UNUSED           ; Untyped                ;
; PORT_FBOUT                    ; PORT_CONNECTIVITY     ; Untyped                ;
; PORT_PHASEDONE                ; PORT_UNUSED           ; Untyped                ;
; PORT_PHASESTEP                ; PORT_UNUSED           ; Untyped                ;
; PORT_PHASEUPDOWN              ; PORT_UNUSED           ; Untyped                ;
; PORT_SCANCLKENA               ; PORT_UNUSED           ; Untyped                ;
; PORT_PHASECOUNTERSELECT       ; PORT_UNUSED           ; Untyped                ;
; PORT_VCOOVERRANGE             ; PORT_CONNECTIVITY     ; Untyped                ;
; PORT_VCOUNDERRANGE            ; PORT_CONNECTIVITY     ; Untyped                ;
; M_TEST_SOURCE                 ; 5                     ; Untyped                ;
; C0_TEST_SOURCE                ; 5                     ; Untyped                ;
; C1_TEST_SOURCE                ; 5                     ; Untyped                ;
; C2_TEST_SOURCE                ; 5                     ; Untyped                ;
; C3_TEST_SOURCE                ; 5                     ; Untyped                ;
; C4_TEST_SOURCE                ; 5                     ; Untyped                ;
; C5_TEST_SOURCE                ; 5                     ; Untyped                ;
; C6_TEST_SOURCE                ; 5                     ; Untyped                ;
; C7_TEST_SOURCE                ; 5                     ; Untyped                ;
; C8_TEST_SOURCE                ; 5                     ; Untyped                ;
; C9_TEST_SOURCE                ; 5                     ; Untyped                ;
; CBXI_PARAMETER                ; pll_altpll            ; Untyped                ;
; VCO_FREQUENCY_CONTROL         ; AUTO                  ; Untyped                ;
; VCO_PHASE_SHIFT_STEP          ; 0                     ; Untyped                ;
; WIDTH_CLOCK                   ; 5                     ; Signed Integer         ;
; WIDTH_PHASECOUNTERSELECT      ; 4                     ; Untyped                ;
; USING_FBMIMICBIDIR_PORT       ; OFF                   ; Untyped                ;
; DEVICE_FAMILY                 ; Cyclone IV E          ; Untyped                ;
; SCAN_CHAIN_MIF_FILE           ; UNUSED                ; Untyped                ;
; SIM_GATE_LOCK_DEVICE_BEHAVIOR ; OFF                   ; Untyped                ;
; AUTO_CARRY_CHAINS             ; ON                    ; AUTO_CARRY             ;
; IGNORE_CARRY_BUFFERS          ; OFF                   ; IGNORE_CARRY           ;
; AUTO_CASCADE_CHAINS           ; ON                    ; AUTO_CASCADE           ;
; IGNORE_CASCADE_BUFFERS        ; OFF                   ; IGNORE_CASCADE         ;
+-------------------------------+-----------------------+------------------------+
Note: In order to hide this table in the UI and the text report file, please set the "Show Parameter Settings in Synthesis Report" option in "Analysis and Synthesis Settings -> More Settings" to "Off".


+--------------------------------------------------------------------------------------------------+
; Parameter Settings for User Entity Instance: ram_uart:u_ram_uart|altsyncram:altsyncram_component ;
+------------------------------------+----------------------+--------------------------------------+
; Parameter Name                     ; Value                ; Type                                 ;
+------------------------------------+----------------------+--------------------------------------+
; BYTE_SIZE_BLOCK                    ; 8                    ; Untyped                              ;
; AUTO_CARRY_CHAINS                  ; ON                   ; AUTO_CARRY                           ;
; IGNORE_CARRY_BUFFERS               ; OFF                  ; IGNORE_CARRY                         ;
; AUTO_CASCADE_CHAINS                ; ON                   ; AUTO_CASCADE                         ;
; IGNORE_CASCADE_BUFFERS             ; OFF                  ; IGNORE_CASCADE                       ;
; WIDTH_BYTEENA                      ; 1                    ; Untyped                              ;
; OPERATION_MODE                     ; BIDIR_DUAL_PORT      ; Untyped                              ;
; WIDTH_A                            ; 16                   ; Signed Integer                       ;
; WIDTHAD_A                          ; 10                   ; Signed Integer                       ;
; NUMWORDS_A                         ; 1024                 ; Signed Integer                       ;
; OUTDATA_REG_A                      ; UNREGISTERED         ; Untyped                              ;
; ADDRESS_ACLR_A                     ; NONE                 ; Untyped                              ;
; OUTDATA_ACLR_A                     ; NONE                 ; Untyped                              ;
; WRCONTROL_ACLR_A                   ; NONE                 ; Untyped                              ;
; INDATA_ACLR_A                      ; NONE                 ; Untyped                              ;
; BYTEENA_ACLR_A                     ; NONE                 ; Untyped                              ;
; WIDTH_B                            ; 16                   ; Signed Integer                       ;
; WIDTHAD_B                          ; 10                   ; Signed Integer                       ;
; NUMWORDS_B                         ; 1024                 ; Signed Integer                       ;
; INDATA_REG_B                       ; CLOCK1               ; Untyped                              ;
; WRCONTROL_WRADDRESS_REG_B          ; CLOCK1               ; Untyped                              ;
; RDCONTROL_REG_B                    ; CLOCK1               ; Untyped                              ;
; ADDRESS_REG_B                      ; CLOCK1               ; Untyped                              ;
; OUTDATA_REG_B                      ; UNREGISTERED         ; Untyped                              ;
; BYTEENA_REG_B                      ; CLOCK1               ; Untyped                              ;
; INDATA_ACLR_B                      ; NONE                 ; Untyped                              ;
; WRCONTROL_ACLR_B                   ; NONE                 ; Untyped                              ;
; ADDRESS_ACLR_B                     ; NONE                 ; Untyped                              ;
; OUTDATA_ACLR_B                     ; NONE                 ; Untyped                              ;
; RDCONTROL_ACLR_B                   ; NONE                 ; Untyped                              ;
; BYTEENA_ACLR_B                     ; NONE                 ; Untyped                              ;
; WIDTH_BYTEENA_A                    ; 1                    ; Signed Integer                       ;
; WIDTH_BYTEENA_B                    ; 1                    ; Signed Integer                       ;
; RAM_BLOCK_TYPE                     ; M9K                  ; Untyped                              ;
; BYTE_SIZE                          ; 8                    ; Untyped                              ;
; READ_DURING_WRITE_MODE_MIXED_PORTS ; DONT_CARE            ; Untyped                              ;
; READ_DURING_WRITE_MODE_PORT_A      ; NEW_DATA_NO_NBE_READ ; Untyped                              ;
; READ_DURING_WRITE_MODE_PORT_B      ; NEW_DATA_NO_NBE_READ ; Untyped                              ;
; INIT_FILE                          ; UNUSED               ; Untyped                              ;
; INIT_FILE_LAYOUT                   ; PORT_A               ; Untyped                              ;
; MAXIMUM_DEPTH                      ; 0                    ; Untyped                              ;
; CLOCK_ENABLE_INPUT_A               ; BYPASS               ; Untyped                              ;
; CLOCK_ENABLE_INPUT_B               ; BYPASS               ; Untyped                              ;
; CLOCK_ENABLE_OUTPUT_A              ; BYPASS               ; Untyped                              ;
; CLOCK_ENABLE_OUTPUT_B              ; BYPASS               ; Untyped                              ;
; CLOCK_ENABLE_CORE_A                ; USE_INPUT_CLKEN      ; Untyped                              ;
; CLOCK_ENABLE_CORE_B                ; USE_INPUT_CLKEN      ; Untyped                              ;
; ENABLE_ECC                         ; FALSE                ; Untyped                              ;
; ECC_PIPELINE_STAGE_ENABLED         ; FALSE                ; Untyped                              ;
; WIDTH_ECCSTATUS                    ; 3                    ; Untyped                              ;
; DEVICE_FAMILY                      ; Cyclone IV E         ; Untyped                              ;
; CBXI_PARAMETER                     ; altsyncram_off2      ; Untyped                              ;
+------------------------------------+----------------------+--------------------------------------+
Note: In order to hide this table in the UI and the text report file, please set the "Show Parameter Settings in Synthesis Report" option in "Analysis and Synthesis Settings -> More Settings" to "Off".


+--------------------------------------------------------------------------------------------+
; Parameter Settings for User Entity Instance: conv1:conv1_w|altsyncram:altsyncram_component ;
+------------------------------------+----------------------+--------------------------------+
; Parameter Name                     ; Value                ; Type                           ;
+------------------------------------+----------------------+--------------------------------+
; BYTE_SIZE_BLOCK                    ; 8                    ; Untyped                        ;
; AUTO_CARRY_CHAINS                  ; ON                   ; AUTO_CARRY                     ;
; IGNORE_CARRY_BUFFERS               ; OFF                  ; IGNORE_CARRY                   ;
; AUTO_CASCADE_CHAINS                ; ON                   ; AUTO_CASCADE                   ;
; IGNORE_CASCADE_BUFFERS             ; OFF                  ; IGNORE_CASCADE                 ;
; WIDTH_BYTEENA                      ; 1                    ; Untyped                        ;
; OPERATION_MODE                     ; SINGLE_PORT          ; Untyped                        ;
; WIDTH_A                            ; 16                   ; Signed Integer                 ;
; WIDTHAD_A                          ; 12                   ; Signed Integer                 ;
; NUMWORDS_A                         ; 4068                 ; Signed Integer                 ;
; OUTDATA_REG_A                      ; UNREGISTERED         ; Untyped                        ;
; ADDRESS_ACLR_A                     ; NONE                 ; Untyped                        ;
; OUTDATA_ACLR_A                     ; NONE                 ; Untyped                        ;
; WRCONTROL_ACLR_A                   ; NONE                 ; Untyped                        ;
; INDATA_ACLR_A                      ; NONE                 ; Untyped                        ;
; BYTEENA_ACLR_A                     ; NONE                 ; Untyped                        ;
; WIDTH_B                            ; 1                    ; Untyped                        ;
; WIDTHAD_B                          ; 1                    ; Untyped                        ;
; NUMWORDS_B                         ; 1                    ; Untyped                        ;
; INDATA_REG_B                       ; CLOCK1               ; Untyped                        ;
; WRCONTROL_WRADDRESS_REG_B          ; CLOCK1               ; Untyped                        ;
; RDCONTROL_REG_B                    ; CLOCK1               ; Untyped                        ;
; ADDRESS_REG_B                      ; CLOCK1               ; Untyped                        ;
; OUTDATA_REG_B                      ; UNREGISTERED         ; Untyped                        ;
; BYTEENA_REG_B                      ; CLOCK1               ; Untyped                        ;
; INDATA_ACLR_B                      ; NONE                 ; Untyped                        ;
; WRCONTROL_ACLR_B                   ; NONE                 ; Untyped                        ;
; ADDRESS_ACLR_B                     ; NONE                 ; Untyped                        ;
; OUTDATA_ACLR_B                     ; NONE                 ; Untyped                        ;
; RDCONTROL_ACLR_B                   ; NONE                 ; Untyped                        ;
; BYTEENA_ACLR_B                     ; NONE                 ; Untyped                        ;
; WIDTH_BYTEENA_A                    ; 1                    ; Signed Integer                 ;
; WIDTH_BYTEENA_B                    ; 1                    ; Untyped                        ;
; RAM_BLOCK_TYPE                     ; M9K                  ; Untyped                        ;
; BYTE_SIZE                          ; 8                    ; Untyped                        ;
; READ_DURING_WRITE_MODE_MIXED_PORTS ; DONT_CARE            ; Untyped                        ;
; READ_DURING_WRITE_MODE_PORT_A      ; NEW_DATA_NO_NBE_READ ; Untyped                        ;
; READ_DURING_WRITE_MODE_PORT_B      ; NEW_DATA_NO_NBE_READ ; Untyped                        ;
; INIT_FILE                          ; conv1_w_q88.mif      ; Untyped                        ;
; INIT_FILE_LAYOUT                   ; PORT_A               ; Untyped                        ;
; MAXIMUM_DEPTH                      ; 0                    ; Untyped                        ;
; CLOCK_ENABLE_INPUT_A               ; BYPASS               ; Untyped                        ;
; CLOCK_ENABLE_INPUT_B               ; NORMAL               ; Untyped                        ;
; CLOCK_ENABLE_OUTPUT_A              ; BYPASS               ; Untyped                        ;
; CLOCK_ENABLE_OUTPUT_B              ; NORMAL               ; Untyped                        ;
; CLOCK_ENABLE_CORE_A                ; USE_INPUT_CLKEN      ; Untyped                        ;
; CLOCK_ENABLE_CORE_B                ; USE_INPUT_CLKEN      ; Untyped                        ;
; ENABLE_ECC                         ; FALSE                ; Untyped                        ;
; ECC_PIPELINE_STAGE_ENABLED         ; FALSE                ; Untyped                        ;
; WIDTH_ECCSTATUS                    ; 3                    ; Untyped                        ;
; DEVICE_FAMILY                      ; Cyclone IV E         ; Untyped                        ;
; CBXI_PARAMETER                     ; altsyncram_ejk1      ; Untyped                        ;
+------------------------------------+----------------------+--------------------------------+
Note: In order to hide this table in the UI and the text report file, please set the "Show Parameter Settings in Synthesis Report" option in "Analysis and Synthesis Settings -> More Settings" to "Off".


+----------------------------------------------------------------------------------------------------+
; Parameter Settings for User Entity Instance: img_conv1:u_img_conv1|altsyncram:altsyncram_component ;
+------------------------------------+----------------------+----------------------------------------+
; Parameter Name                     ; Value                ; Type                                   ;
+------------------------------------+----------------------+----------------------------------------+
; BYTE_SIZE_BLOCK                    ; 8                    ; Untyped                                ;
; AUTO_CARRY_CHAINS                  ; ON                   ; AUTO_CARRY                             ;
; IGNORE_CARRY_BUFFERS               ; OFF                  ; IGNORE_CARRY                           ;
; AUTO_CASCADE_CHAINS                ; ON                   ; AUTO_CASCADE                           ;
; IGNORE_CASCADE_BUFFERS             ; OFF                  ; IGNORE_CASCADE                         ;
; WIDTH_BYTEENA                      ; 1                    ; Untyped                                ;
; OPERATION_MODE                     ; SINGLE_PORT          ; Untyped                                ;
; WIDTH_A                            ; 32                   ; Signed Integer                         ;
; WIDTHAD_A                          ; 13                   ; Signed Integer                         ;
; NUMWORDS_A                         ; 4608                 ; Signed Integer                         ;
; OUTDATA_REG_A                      ; UNREGISTERED         ; Untyped                                ;
; ADDRESS_ACLR_A                     ; NONE                 ; Untyped                                ;
; OUTDATA_ACLR_A                     ; NONE                 ; Untyped                                ;
; WRCONTROL_ACLR_A                   ; NONE                 ; Untyped                                ;
; INDATA_ACLR_A                      ; NONE                 ; Untyped                                ;
; BYTEENA_ACLR_A                     ; NONE                 ; Untyped                                ;
; WIDTH_B                            ; 1                    ; Untyped                                ;
; WIDTHAD_B                          ; 1                    ; Untyped                                ;
; NUMWORDS_B                         ; 1                    ; Untyped                                ;
; INDATA_REG_B                       ; CLOCK1               ; Untyped                                ;
; WRCONTROL_WRADDRESS_REG_B          ; CLOCK1               ; Untyped                                ;
; RDCONTROL_REG_B                    ; CLOCK1               ; Untyped                                ;
; ADDRESS_REG_B                      ; CLOCK1               ; Untyped                                ;
; OUTDATA_REG_B                      ; UNREGISTERED         ; Untyped                                ;
; BYTEENA_REG_B                      ; CLOCK1               ; Untyped                                ;
; INDATA_ACLR_B                      ; NONE                 ; Untyped                                ;
; WRCONTROL_ACLR_B                   ; NONE                 ; Untyped                                ;
; ADDRESS_ACLR_B                     ; NONE                 ; Untyped                                ;
; OUTDATA_ACLR_B                     ; NONE                 ; Untyped                                ;
; RDCONTROL_ACLR_B                   ; NONE                 ; Untyped                                ;
; BYTEENA_ACLR_B                     ; NONE                 ; Untyped                                ;
; WIDTH_BYTEENA_A                    ; 1                    ; Signed Integer                         ;
; WIDTH_BYTEENA_B                    ; 1                    ; Untyped                                ;
; RAM_BLOCK_TYPE                     ; M9K                  ; Untyped                                ;
; BYTE_SIZE                          ; 8                    ; Untyped                                ;
; READ_DURING_WRITE_MODE_MIXED_PORTS ; DONT_CARE            ; Untyped                                ;
; READ_DURING_WRITE_MODE_PORT_A      ; NEW_DATA_NO_NBE_READ ; Untyped                                ;
; READ_DURING_WRITE_MODE_PORT_B      ; NEW_DATA_NO_NBE_READ ; Untyped                                ;
; INIT_FILE                          ; UNUSED               ; Untyped                                ;
; INIT_FILE_LAYOUT                   ; PORT_A               ; Untyped                                ;
; MAXIMUM_DEPTH                      ; 0                    ; Untyped                                ;
; CLOCK_ENABLE_INPUT_A               ; BYPASS               ; Untyped                                ;
; CLOCK_ENABLE_INPUT_B               ; NORMAL               ; Untyped                                ;
; CLOCK_ENABLE_OUTPUT_A              ; BYPASS               ; Untyped                                ;
; CLOCK_ENABLE_OUTPUT_B              ; NORMAL               ; Untyped                                ;
; CLOCK_ENABLE_CORE_A                ; USE_INPUT_CLKEN      ; Untyped                                ;
; CLOCK_ENABLE_CORE_B                ; USE_INPUT_CLKEN      ; Untyped                                ;
; ENABLE_ECC                         ; FALSE                ; Untyped                                ;
; ECC_PIPELINE_STAGE_ENABLED         ; FALSE                ; Untyped                                ;
; WIDTH_ECCSTATUS                    ; 3                    ; Untyped                                ;
; DEVICE_FAMILY                      ; Cyclone IV E         ; Untyped                                ;
; CBXI_PARAMETER                     ; altsyncram_i5i1      ; Untyped                                ;
+------------------------------------+----------------------+----------------------------------------+
Note: In order to hide this table in the UI and the text report file, please set the "Show Parameter Settings in Synthesis Report" option in "Analysis and Synthesis Settings -> More Settings" to "Off".


+--------------------------------------------------------------------------------------------+
; Parameter Settings for User Entity Instance: pool1:u_pool1|altsyncram:altsyncram_component ;
+------------------------------------+----------------------+--------------------------------+
; Parameter Name                     ; Value                ; Type                           ;
+------------------------------------+----------------------+--------------------------------+
; BYTE_SIZE_BLOCK                    ; 8                    ; Untyped                        ;
; AUTO_CARRY_CHAINS                  ; ON                   ; AUTO_CARRY                     ;
; IGNORE_CARRY_BUFFERS               ; OFF                  ; IGNORE_CARRY                   ;
; AUTO_CASCADE_CHAINS                ; ON                   ; AUTO_CASCADE                   ;
; IGNORE_CASCADE_BUFFERS             ; OFF                  ; IGNORE_CASCADE                 ;
; WIDTH_BYTEENA                      ; 1                    ; Untyped                        ;
; OPERATION_MODE                     ; SINGLE_PORT          ; Untyped                        ;
; WIDTH_A                            ; 32                   ; Signed Integer                 ;
; WIDTHAD_A                          ; 11                   ; Signed Integer                 ;
; NUMWORDS_A                         ; 1152                 ; Signed Integer                 ;
; OUTDATA_REG_A                      ; UNREGISTERED         ; Untyped                        ;
; ADDRESS_ACLR_A                     ; NONE                 ; Untyped                        ;
; OUTDATA_ACLR_A                     ; NONE                 ; Untyped                        ;
; WRCONTROL_ACLR_A                   ; NONE                 ; Untyped                        ;
; INDATA_ACLR_A                      ; NONE                 ; Untyped                        ;
; BYTEENA_ACLR_A                     ; NONE                 ; Untyped                        ;
; WIDTH_B                            ; 1                    ; Untyped                        ;
; WIDTHAD_B                          ; 1                    ; Untyped                        ;
; NUMWORDS_B                         ; 1                    ; Untyped                        ;
; INDATA_REG_B                       ; CLOCK1               ; Untyped                        ;
; WRCONTROL_WRADDRESS_REG_B          ; CLOCK1               ; Untyped                        ;
; RDCONTROL_REG_B                    ; CLOCK1               ; Untyped                        ;
; ADDRESS_REG_B                      ; CLOCK1               ; Untyped                        ;
; OUTDATA_REG_B                      ; UNREGISTERED         ; Untyped                        ;
; BYTEENA_REG_B                      ; CLOCK1               ; Untyped                        ;
; INDATA_ACLR_B                      ; NONE                 ; Untyped                        ;
; WRCONTROL_ACLR_B                   ; NONE                 ; Untyped                        ;
; ADDRESS_ACLR_B                     ; NONE                 ; Untyped                        ;
; OUTDATA_ACLR_B                     ; NONE                 ; Untyped                        ;
; RDCONTROL_ACLR_B                   ; NONE                 ; Untyped                        ;
; BYTEENA_ACLR_B                     ; NONE                 ; Untyped                        ;
; WIDTH_BYTEENA_A                    ; 1                    ; Signed Integer                 ;
; WIDTH_BYTEENA_B                    ; 1                    ; Untyped                        ;
; RAM_BLOCK_TYPE                     ; AUTO                 ; Untyped                        ;
; BYTE_SIZE                          ; 8                    ; Untyped                        ;
; READ_DURING_WRITE_MODE_MIXED_PORTS ; DONT_CARE            ; Untyped                        ;
; READ_DURING_WRITE_MODE_PORT_A      ; NEW_DATA_NO_NBE_READ ; Untyped                        ;
; READ_DURING_WRITE_MODE_PORT_B      ; NEW_DATA_NO_NBE_READ ; Untyped                        ;
; INIT_FILE                          ; UNUSED               ; Untyped                        ;
; INIT_FILE_LAYOUT                   ; PORT_A               ; Untyped                        ;
; MAXIMUM_DEPTH                      ; 0                    ; Untyped                        ;
; CLOCK_ENABLE_INPUT_A               ; BYPASS               ; Untyped                        ;
; CLOCK_ENABLE_INPUT_B               ; NORMAL               ; Untyped                        ;
; CLOCK_ENABLE_OUTPUT_A              ; BYPASS               ; Untyped                        ;
; CLOCK_ENABLE_OUTPUT_B              ; NORMAL               ; Untyped                        ;
; CLOCK_ENABLE_CORE_A                ; USE_INPUT_CLKEN      ; Untyped                        ;
; CLOCK_ENABLE_CORE_B                ; USE_INPUT_CLKEN      ; Untyped                        ;
; ENABLE_ECC                         ; FALSE                ; Untyped                        ;
; ECC_PIPELINE_STAGE_ENABLED         ; FALSE                ; Untyped                        ;
; WIDTH_ECCSTATUS                    ; 3                    ; Untyped                        ;
; DEVICE_FAMILY                      ; Cyclone IV E         ; Untyped                        ;
; CBXI_PARAMETER                     ; altsyncram_a9g1      ; Untyped                        ;
+------------------------------------+----------------------+--------------------------------+
Note: In order to hide this table in the UI and the text report file, please set the "Show Parameter Settings in Synthesis Report" option in "Analysis and Synthesis Settings -> More Settings" to "Off".


+-----------------------------------------------------------------------------------------------+
; Parameter Settings for User Entity Instance: conv2_w:u_conv2w|altsyncram:altsyncram_component ;
+------------------------------------+----------------------+-----------------------------------+
; Parameter Name                     ; Value                ; Type                              ;
+------------------------------------+----------------------+-----------------------------------+
; BYTE_SIZE_BLOCK                    ; 8                    ; Untyped                           ;
; AUTO_CARRY_CHAINS                  ; ON                   ; AUTO_CARRY                        ;
; IGNORE_CARRY_BUFFERS               ; OFF                  ; IGNORE_CARRY                      ;
; AUTO_CASCADE_CHAINS                ; ON                   ; AUTO_CASCADE                      ;
; IGNORE_CASCADE_BUFFERS             ; OFF                  ; IGNORE_CASCADE                    ;
; WIDTH_BYTEENA                      ; 1                    ; Untyped                           ;
; OPERATION_MODE                     ; SINGLE_PORT          ; Untyped                           ;
; WIDTH_A                            ; 16                   ; Signed Integer                    ;
; WIDTHAD_A                          ; 12                   ; Signed Integer                    ;
; NUMWORDS_A                         ; 3200                 ; Signed Integer                    ;
; OUTDATA_REG_A                      ; UNREGISTERED         ; Untyped                           ;
; ADDRESS_ACLR_A                     ; NONE                 ; Untyped                           ;
; OUTDATA_ACLR_A                     ; NONE                 ; Untyped                           ;
; WRCONTROL_ACLR_A                   ; NONE                 ; Untyped                           ;
; INDATA_ACLR_A                      ; NONE                 ; Untyped                           ;
; BYTEENA_ACLR_A                     ; NONE                 ; Untyped                           ;
; WIDTH_B                            ; 1                    ; Untyped                           ;
; WIDTHAD_B                          ; 1                    ; Untyped                           ;
; NUMWORDS_B                         ; 1                    ; Untyped                           ;
; INDATA_REG_B                       ; CLOCK1               ; Untyped                           ;
; WRCONTROL_WRADDRESS_REG_B          ; CLOCK1               ; Untyped                           ;
; RDCONTROL_REG_B                    ; CLOCK1               ; Untyped                           ;
; ADDRESS_REG_B                      ; CLOCK1               ; Untyped                           ;
; OUTDATA_REG_B                      ; UNREGISTERED         ; Untyped                           ;
; BYTEENA_REG_B                      ; CLOCK1               ; Untyped                           ;
; INDATA_ACLR_B                      ; NONE                 ; Untyped                           ;
; WRCONTROL_ACLR_B                   ; NONE                 ; Untyped                           ;
; ADDRESS_ACLR_B                     ; NONE                 ; Untyped                           ;
; OUTDATA_ACLR_B                     ; NONE                 ; Untyped                           ;
; RDCONTROL_ACLR_B                   ; NONE                 ; Untyped                           ;
; BYTEENA_ACLR_B                     ; NONE                 ; Untyped                           ;
; WIDTH_BYTEENA_A                    ; 1                    ; Signed Integer                    ;
; WIDTH_BYTEENA_B                    ; 1                    ; Untyped                           ;
; RAM_BLOCK_TYPE                     ; M9K                  ; Untyped                           ;
; BYTE_SIZE                          ; 8                    ; Untyped                           ;
; READ_DURING_WRITE_MODE_MIXED_PORTS ; DONT_CARE            ; Untyped                           ;
; READ_DURING_WRITE_MODE_PORT_A      ; NEW_DATA_NO_NBE_READ ; Untyped                           ;
; READ_DURING_WRITE_MODE_PORT_B      ; NEW_DATA_NO_NBE_READ ; Untyped                           ;
; INIT_FILE                          ; conv2_w_q88.mif      ; Untyped                           ;
; INIT_FILE_LAYOUT                   ; PORT_A               ; Untyped                           ;
; MAXIMUM_DEPTH                      ; 0                    ; Untyped                           ;
; CLOCK_ENABLE_INPUT_A               ; BYPASS               ; Untyped                           ;
; CLOCK_ENABLE_INPUT_B               ; NORMAL               ; Untyped                           ;
; CLOCK_ENABLE_OUTPUT_A              ; BYPASS               ; Untyped                           ;
; CLOCK_ENABLE_OUTPUT_B              ; NORMAL               ; Untyped                           ;
; CLOCK_ENABLE_CORE_A                ; USE_INPUT_CLKEN      ; Untyped                           ;
; CLOCK_ENABLE_CORE_B                ; USE_INPUT_CLKEN      ; Untyped                           ;
; ENABLE_ECC                         ; FALSE                ; Untyped                           ;
; ECC_PIPELINE_STAGE_ENABLED         ; FALSE                ; Untyped                           ;
; WIDTH_ECCSTATUS                    ; 3                    ; Untyped                           ;
; DEVICE_FAMILY                      ; Cyclone IV E         ; Untyped                           ;
; CBXI_PARAMETER                     ; altsyncram_2jk1      ; Untyped                           ;
+------------------------------------+----------------------+-----------------------------------+
Note: In order to hide this table in the UI and the text report file, please set the "Show Parameter Settings in Synthesis Report" option in "Analysis and Synthesis Settings -> More Settings" to "Off".


+----------------------------------------------------------------------------------------------------+
; Parameter Settings for User Entity Instance: img_conv2:u_img_conv2|altsyncram:altsyncram_component ;
+------------------------------------+----------------------+----------------------------------------+
; Parameter Name                     ; Value                ; Type                                   ;
+------------------------------------+----------------------+----------------------------------------+
; BYTE_SIZE_BLOCK                    ; 8                    ; Untyped                                ;
; AUTO_CARRY_CHAINS                  ; ON                   ; AUTO_CARRY                             ;
; IGNORE_CARRY_BUFFERS               ; OFF                  ; IGNORE_CARRY                           ;
; AUTO_CASCADE_CHAINS                ; ON                   ; AUTO_CASCADE                           ;
; IGNORE_CASCADE_BUFFERS             ; OFF                  ; IGNORE_CASCADE                         ;
; WIDTH_BYTEENA                      ; 1                    ; Untyped                                ;
; OPERATION_MODE                     ; SINGLE_PORT          ; Untyped                                ;
; WIDTH_A                            ; 32                   ; Signed Integer                         ;
; WIDTHAD_A                          ; 10                   ; Signed Integer                         ;
; NUMWORDS_A                         ; 1024                 ; Signed Integer                         ;
; OUTDATA_REG_A                      ; UNREGISTERED         ; Untyped                                ;
; ADDRESS_ACLR_A                     ; NONE                 ; Untyped                                ;
; OUTDATA_ACLR_A                     ; NONE                 ; Untyped                                ;
; WRCONTROL_ACLR_A                   ; NONE                 ; Untyped                                ;
; INDATA_ACLR_A                      ; NONE                 ; Untyped                                ;
; BYTEENA_ACLR_A                     ; NONE                 ; Untyped                                ;
; WIDTH_B                            ; 1                    ; Untyped                                ;
; WIDTHAD_B                          ; 1                    ; Untyped                                ;
; NUMWORDS_B                         ; 1                    ; Untyped                                ;
; INDATA_REG_B                       ; CLOCK1               ; Untyped                                ;
; WRCONTROL_WRADDRESS_REG_B          ; CLOCK1               ; Untyped                                ;
; RDCONTROL_REG_B                    ; CLOCK1               ; Untyped                                ;
; ADDRESS_REG_B                      ; CLOCK1               ; Untyped                                ;
; OUTDATA_REG_B                      ; UNREGISTERED         ; Untyped                                ;
; BYTEENA_REG_B                      ; CLOCK1               ; Untyped                                ;
; INDATA_ACLR_B                      ; NONE                 ; Untyped                                ;
; WRCONTROL_ACLR_B                   ; NONE                 ; Untyped                                ;
; ADDRESS_ACLR_B                     ; NONE                 ; Untyped                                ;
; OUTDATA_ACLR_B                     ; NONE                 ; Untyped                                ;
; RDCONTROL_ACLR_B                   ; NONE                 ; Untyped                                ;
; BYTEENA_ACLR_B                     ; NONE                 ; Untyped                                ;
; WIDTH_BYTEENA_A                    ; 1                    ; Signed Integer                         ;
; WIDTH_BYTEENA_B                    ; 1                    ; Untyped                                ;
; RAM_BLOCK_TYPE                     ; M9K                  ; Untyped                                ;
; BYTE_SIZE                          ; 8                    ; Untyped                                ;
; READ_DURING_WRITE_MODE_MIXED_PORTS ; DONT_CARE            ; Untyped                                ;
; READ_DURING_WRITE_MODE_PORT_A      ; NEW_DATA_NO_NBE_READ ; Untyped                                ;
; READ_DURING_WRITE_MODE_PORT_B      ; NEW_DATA_NO_NBE_READ ; Untyped                                ;
; INIT_FILE                          ; UNUSED               ; Untyped                                ;
; INIT_FILE_LAYOUT                   ; PORT_A               ; Untyped                                ;
; MAXIMUM_DEPTH                      ; 0                    ; Untyped                                ;
; CLOCK_ENABLE_INPUT_A               ; BYPASS               ; Untyped                                ;
; CLOCK_ENABLE_INPUT_B               ; NORMAL               ; Untyped                                ;
; CLOCK_ENABLE_OUTPUT_A              ; BYPASS               ; Untyped                                ;
; CLOCK_ENABLE_OUTPUT_B              ; NORMAL               ; Untyped                                ;
; CLOCK_ENABLE_CORE_A                ; USE_INPUT_CLKEN      ; Untyped                                ;
; CLOCK_ENABLE_CORE_B                ; USE_INPUT_CLKEN      ; Untyped                                ;
; ENABLE_ECC                         ; FALSE                ; Untyped                                ;
; ECC_PIPELINE_STAGE_ENABLED         ; FALSE                ; Untyped                                ;
; WIDTH_ECCSTATUS                    ; 3                    ; Untyped                                ;
; DEVICE_FAMILY                      ; Cyclone IV E         ; Untyped                                ;
; CBXI_PARAMETER                     ; altsyncram_45i1      ; Untyped                                ;
+------------------------------------+----------------------+----------------------------------------+
Note: In order to hide this table in the UI and the text report file, please set the "Show Parameter Settings in Synthesis Report" option in "Analysis and Synthesis Settings -> More Settings" to "Off".


+--------------------------------------------------------------------------------------------+
; Parameter Settings for User Entity Instance: pool2:u_pool2|altsyncram:altsyncram_component ;
+------------------------------------+----------------------+--------------------------------+
; Parameter Name                     ; Value                ; Type                           ;
+------------------------------------+----------------------+--------------------------------+
; BYTE_SIZE_BLOCK                    ; 8                    ; Untyped                        ;
; AUTO_CARRY_CHAINS                  ; ON                   ; AUTO_CARRY                     ;
; IGNORE_CARRY_BUFFERS               ; OFF                  ; IGNORE_CARRY                   ;
; AUTO_CASCADE_CHAINS                ; ON                   ; AUTO_CASCADE                   ;
; IGNORE_CASCADE_BUFFERS             ; OFF                  ; IGNORE_CASCADE                 ;
; WIDTH_BYTEENA                      ; 1                    ; Untyped                        ;
; OPERATION_MODE                     ; SINGLE_PORT          ; Untyped                        ;
; WIDTH_A                            ; 32                   ; Signed Integer                 ;
; WIDTHAD_A                          ; 8                    ; Signed Integer                 ;
; NUMWORDS_A                         ; 256                  ; Signed Integer                 ;
; OUTDATA_REG_A                      ; UNREGISTERED         ; Untyped                        ;
; ADDRESS_ACLR_A                     ; NONE                 ; Untyped                        ;
; OUTDATA_ACLR_A                     ; NONE                 ; Untyped                        ;
; WRCONTROL_ACLR_A                   ; NONE                 ; Untyped                        ;
; INDATA_ACLR_A                      ; NONE                 ; Untyped                        ;
; BYTEENA_ACLR_A                     ; NONE                 ; Untyped                        ;
; WIDTH_B                            ; 1                    ; Untyped                        ;
; WIDTHAD_B                          ; 1                    ; Untyped                        ;
; NUMWORDS_B                         ; 1                    ; Untyped                        ;
; INDATA_REG_B                       ; CLOCK1               ; Untyped                        ;
; WRCONTROL_WRADDRESS_REG_B          ; CLOCK1               ; Untyped                        ;
; RDCONTROL_REG_B                    ; CLOCK1               ; Untyped                        ;
; ADDRESS_REG_B                      ; CLOCK1               ; Untyped                        ;
; OUTDATA_REG_B                      ; UNREGISTERED         ; Untyped                        ;
; BYTEENA_REG_B                      ; CLOCK1               ; Untyped                        ;
; INDATA_ACLR_B                      ; NONE                 ; Untyped                        ;
; WRCONTROL_ACLR_B                   ; NONE                 ; Untyped                        ;
; ADDRESS_ACLR_B                     ; NONE                 ; Untyped                        ;
; OUTDATA_ACLR_B                     ; NONE                 ; Untyped                        ;
; RDCONTROL_ACLR_B                   ; NONE                 ; Untyped                        ;
; BYTEENA_ACLR_B                     ; NONE                 ; Untyped                        ;
; WIDTH_BYTEENA_A                    ; 1                    ; Signed Integer                 ;
; WIDTH_BYTEENA_B                    ; 1                    ; Untyped                        ;
; RAM_BLOCK_TYPE                     ; M9K                  ; Untyped                        ;
; BYTE_SIZE                          ; 8                    ; Untyped                        ;
; READ_DURING_WRITE_MODE_MIXED_PORTS ; DONT_CARE            ; Untyped                        ;
; READ_DURING_WRITE_MODE_PORT_A      ; NEW_DATA_NO_NBE_READ ; Untyped                        ;
; READ_DURING_WRITE_MODE_PORT_B      ; NEW_DATA_NO_NBE_READ ; Untyped                        ;
; INIT_FILE                          ; UNUSED               ; Untyped                        ;
; INIT_FILE_LAYOUT                   ; PORT_A               ; Untyped                        ;
; MAXIMUM_DEPTH                      ; 0                    ; Untyped                        ;
; CLOCK_ENABLE_INPUT_A               ; BYPASS               ; Untyped                        ;
; CLOCK_ENABLE_INPUT_B               ; NORMAL               ; Untyped                        ;
; CLOCK_ENABLE_OUTPUT_A              ; BYPASS               ; Untyped                        ;
; CLOCK_ENABLE_OUTPUT_B              ; NORMAL               ; Untyped                        ;
; CLOCK_ENABLE_CORE_A                ; USE_INPUT_CLKEN      ; Untyped                        ;
; CLOCK_ENABLE_CORE_B                ; USE_INPUT_CLKEN      ; Untyped                        ;
; ENABLE_ECC                         ; FALSE                ; Untyped                        ;
; ECC_PIPELINE_STAGE_ENABLED         ; FALSE                ; Untyped                        ;
; WIDTH_ECCSTATUS                    ; 3                    ; Untyped                        ;
; DEVICE_FAMILY                      ; Cyclone IV E         ; Untyped                        ;
; CBXI_PARAMETER                     ; altsyncram_h2i1      ; Untyped                        ;
+------------------------------------+----------------------+--------------------------------+
Note: In order to hide this table in the UI and the text report file, please set the "Show Parameter Settings in Synthesis Report" option in "Analysis and Synthesis Settings -> More Settings" to "Off".


+------------------------------------------------------------------------------------------+
; Parameter Settings for User Entity Instance: fc_w:u_fc_w|altsyncram:altsyncram_component ;
+------------------------------------+----------------------+------------------------------+
; Parameter Name                     ; Value                ; Type                         ;
+------------------------------------+----------------------+------------------------------+
; BYTE_SIZE_BLOCK                    ; 8                    ; Untyped                      ;
; AUTO_CARRY_CHAINS                  ; ON                   ; AUTO_CARRY                   ;
; IGNORE_CARRY_BUFFERS               ; OFF                  ; IGNORE_CARRY                 ;
; AUTO_CASCADE_CHAINS                ; ON                   ; AUTO_CASCADE                 ;
; IGNORE_CASCADE_BUFFERS             ; OFF                  ; IGNORE_CASCADE               ;
; WIDTH_BYTEENA                      ; 1                    ; Untyped                      ;
; OPERATION_MODE                     ; SINGLE_PORT          ; Untyped                      ;
; WIDTH_A                            ; 16                   ; Signed Integer               ;
; WIDTHAD_A                          ; 12                   ; Signed Integer               ;
; NUMWORDS_A                         ; 2560                 ; Signed Integer               ;
; OUTDATA_REG_A                      ; UNREGISTERED         ; Untyped                      ;
; ADDRESS_ACLR_A                     ; NONE                 ; Untyped                      ;
; OUTDATA_ACLR_A                     ; NONE                 ; Untyped                      ;
; WRCONTROL_ACLR_A                   ; NONE                 ; Untyped                      ;
; INDATA_ACLR_A                      ; NONE                 ; Untyped                      ;
; BYTEENA_ACLR_A                     ; NONE                 ; Untyped                      ;
; WIDTH_B                            ; 1                    ; Untyped                      ;
; WIDTHAD_B                          ; 1                    ; Untyped                      ;
; NUMWORDS_B                         ; 1                    ; Untyped                      ;
; INDATA_REG_B                       ; CLOCK1               ; Untyped                      ;
; WRCONTROL_WRADDRESS_REG_B          ; CLOCK1               ; Untyped                      ;
; RDCONTROL_REG_B                    ; CLOCK1               ; Untyped                      ;
; ADDRESS_REG_B                      ; CLOCK1               ; Untyped                      ;
; OUTDATA_REG_B                      ; UNREGISTERED         ; Untyped                      ;
; BYTEENA_REG_B                      ; CLOCK1               ; Untyped                      ;
; INDATA_ACLR_B                      ; NONE                 ; Untyped                      ;
; WRCONTROL_ACLR_B                   ; NONE                 ; Untyped                      ;
; ADDRESS_ACLR_B                     ; NONE                 ; Untyped                      ;
; OUTDATA_ACLR_B                     ; NONE                 ; Untyped                      ;
; RDCONTROL_ACLR_B                   ; NONE                 ; Untyped                      ;
; BYTEENA_ACLR_B                     ; NONE                 ; Untyped                      ;
; WIDTH_BYTEENA_A                    ; 1                    ; Signed Integer               ;
; WIDTH_BYTEENA_B                    ; 1                    ; Untyped                      ;
; RAM_BLOCK_TYPE                     ; M9K                  ; Untyped                      ;
; BYTE_SIZE                          ; 8                    ; Untyped                      ;
; READ_DURING_WRITE_MODE_MIXED_PORTS ; DONT_CARE            ; Untyped                      ;
; READ_DURING_WRITE_MODE_PORT_A      ; NEW_DATA_NO_NBE_READ ; Untyped                      ;
; READ_DURING_WRITE_MODE_PORT_B      ; NEW_DATA_NO_NBE_READ ; Untyped                      ;
; INIT_FILE                          ; fc_w_q88.mif         ; Untyped                      ;
; INIT_FILE_LAYOUT                   ; PORT_A               ; Untyped                      ;
; MAXIMUM_DEPTH                      ; 0                    ; Untyped                      ;
; CLOCK_ENABLE_INPUT_A               ; BYPASS               ; Untyped                      ;
; CLOCK_ENABLE_INPUT_B               ; NORMAL               ; Untyped                      ;
; CLOCK_ENABLE_OUTPUT_A              ; BYPASS               ; Untyped                      ;
; CLOCK_ENABLE_OUTPUT_B              ; NORMAL               ; Untyped                      ;
; CLOCK_ENABLE_CORE_A                ; USE_INPUT_CLKEN      ; Untyped                      ;
; CLOCK_ENABLE_CORE_B                ; USE_INPUT_CLKEN      ; Untyped                      ;
; ENABLE_ECC                         ; FALSE                ; Untyped                      ;
; ECC_PIPELINE_STAGE_ENABLED         ; FALSE                ; Untyped                      ;
; WIDTH_ECCSTATUS                    ; 3                    ; Untyped                      ;
; DEVICE_FAMILY                      ; Cyclone IV E         ; Untyped                      ;
; CBXI_PARAMETER                     ; altsyncram_bak1      ; Untyped                      ;
+------------------------------------+----------------------+------------------------------+
Note: In order to hide this table in the UI and the text report file, please set the "Show Parameter Settings in Synthesis Report" option in "Analysis and Synthesis Settings -> More Settings" to "Off".


+----------------------------------------------------------------------------+
; Parameter Settings for Inferred Entity Instance: altsyncram:score_rtl_0    ;
+------------------------------------+----------------------+----------------+
; Parameter Name                     ; Value                ; Type           ;
+------------------------------------+----------------------+----------------+
; BYTE_SIZE_BLOCK                    ; 8                    ; Untyped        ;
; AUTO_CARRY_CHAINS                  ; ON                   ; AUTO_CARRY     ;
; IGNORE_CARRY_BUFFERS               ; OFF                  ; IGNORE_CARRY   ;
; AUTO_CASCADE_CHAINS                ; ON                   ; AUTO_CASCADE   ;
; IGNORE_CASCADE_BUFFERS             ; OFF                  ; IGNORE_CASCADE ;
; WIDTH_BYTEENA                      ; 1                    ; Untyped        ;
; OPERATION_MODE                     ; DUAL_PORT            ; Untyped        ;
; WIDTH_A                            ; 32                   ; Untyped        ;
; WIDTHAD_A                          ; 4                    ; Untyped        ;
; NUMWORDS_A                         ; 10                   ; Untyped        ;
; OUTDATA_REG_A                      ; UNREGISTERED         ; Untyped        ;
; ADDRESS_ACLR_A                     ; NONE                 ; Untyped        ;
; OUTDATA_ACLR_A                     ; NONE                 ; Untyped        ;
; WRCONTROL_ACLR_A                   ; NONE                 ; Untyped        ;
; INDATA_ACLR_A                      ; NONE                 ; Untyped        ;
; BYTEENA_ACLR_A                     ; NONE                 ; Untyped        ;
; WIDTH_B                            ; 32                   ; Untyped        ;
; WIDTHAD_B                          ; 4                    ; Untyped        ;
; NUMWORDS_B                         ; 10                   ; Untyped        ;
; INDATA_REG_B                       ; CLOCK1               ; Untyped        ;
; WRCONTROL_WRADDRESS_REG_B          ; CLOCK1               ; Untyped        ;
; RDCONTROL_REG_B                    ; CLOCK1               ; Untyped        ;
; ADDRESS_REG_B                      ; CLOCK0               ; Untyped        ;
; OUTDATA_REG_B                      ; UNREGISTERED         ; Untyped        ;
; BYTEENA_REG_B                      ; CLOCK1               ; Untyped        ;
; INDATA_ACLR_B                      ; NONE                 ; Untyped        ;
; WRCONTROL_ACLR_B                   ; NONE                 ; Untyped        ;
; ADDRESS_ACLR_B                     ; NONE                 ; Untyped        ;
; OUTDATA_ACLR_B                     ; NONE                 ; Untyped        ;
; RDCONTROL_ACLR_B                   ; NONE                 ; Untyped        ;
; BYTEENA_ACLR_B                     ; NONE                 ; Untyped        ;
; WIDTH_BYTEENA_A                    ; 1                    ; Untyped        ;
; WIDTH_BYTEENA_B                    ; 1                    ; Untyped        ;
; RAM_BLOCK_TYPE                     ; M9K                  ; Untyped        ;
; BYTE_SIZE                          ; 8                    ; Untyped        ;
; READ_DURING_WRITE_MODE_MIXED_PORTS ; OLD_DATA             ; Untyped        ;
; READ_DURING_WRITE_MODE_PORT_A      ; NEW_DATA_NO_NBE_READ ; Untyped        ;
; READ_DURING_WRITE_MODE_PORT_B      ; NEW_DATA_NO_NBE_READ ; Untyped        ;
; INIT_FILE                          ; UNUSED               ; Untyped        ;
; INIT_FILE_LAYOUT                   ; PORT_A               ; Untyped        ;
; MAXIMUM_DEPTH                      ; 0                    ; Untyped        ;
; CLOCK_ENABLE_INPUT_A               ; NORMAL               ; Untyped        ;
; CLOCK_ENABLE_INPUT_B               ; NORMAL               ; Untyped        ;
; CLOCK_ENABLE_OUTPUT_A              ; NORMAL               ; Untyped        ;
; CLOCK_ENABLE_OUTPUT_B              ; NORMAL               ; Untyped        ;
; CLOCK_ENABLE_CORE_A                ; USE_INPUT_CLKEN      ; Untyped        ;
; CLOCK_ENABLE_CORE_B                ; USE_INPUT_CLKEN      ; Untyped        ;
; ENABLE_ECC                         ; FALSE                ; Untyped        ;
; ECC_PIPELINE_STAGE_ENABLED         ; FALSE                ; Untyped        ;
; WIDTH_ECCSTATUS                    ; 3                    ; Untyped        ;
; DEVICE_FAMILY                      ; Cyclone IV E         ; Untyped        ;
; CBXI_PARAMETER                     ; altsyncram_87k1      ; Untyped        ;
+------------------------------------+----------------------+----------------+
Note: In order to hide this table in the UI and the text report file, please set the "Show Parameter Settings in Synthesis Report" option in "Analysis and Synthesis Settings -> More Settings" to "Off".


+-------------------------------------------------------------------------------------+
; Parameter Settings for Inferred Entity Instance: lpm_mult:Mult1                     ;
+------------------------------------------------+--------------+---------------------+
; Parameter Name                                 ; Value        ; Type                ;
+------------------------------------------------+--------------+---------------------+
; AUTO_CARRY_CHAINS                              ; ON           ; AUTO_CARRY          ;
; IGNORE_CARRY_BUFFERS                           ; OFF          ; IGNORE_CARRY        ;
; AUTO_CASCADE_CHAINS                            ; ON           ; AUTO_CASCADE        ;
; IGNORE_CASCADE_BUFFERS                         ; OFF          ; IGNORE_CASCADE      ;
; LPM_WIDTHA                                     ; 32           ; Untyped             ;
; LPM_WIDTHB                                     ; 16           ; Untyped             ;
; LPM_WIDTHP                                     ; 48           ; Untyped             ;
; LPM_WIDTHR                                     ; 48           ; Untyped             ;
; LPM_WIDTHS                                     ; 1            ; Untyped             ;
; LPM_REPRESENTATION                             ; SIGNED       ; Untyped             ;
; LPM_PIPELINE                                   ; 0            ; Untyped             ;
; LATENCY                                        ; 0            ; Untyped             ;
; INPUT_A_IS_CONSTANT                            ; NO           ; Untyped             ;
; INPUT_B_IS_CONSTANT                            ; NO           ; Untyped             ;
; USE_EAB                                        ; OFF          ; Untyped             ;
; MAXIMIZE_SPEED                                 ; 5            ; Untyped             ;
; DEVICE_FAMILY                                  ; Cyclone IV E ; Untyped             ;
; CARRY_CHAIN                                    ; MANUAL       ; Untyped             ;
; APEX20K_TECHNOLOGY_MAPPER                      ; LUT          ; TECH_MAPPER_APEX20K ;
; DEDICATED_MULTIPLIER_CIRCUITRY                 ; AUTO         ; Untyped             ;
; DEDICATED_MULTIPLIER_MIN_INPUT_WIDTH_FOR_AUTO  ; 0            ; Untyped             ;
; DEDICATED_MULTIPLIER_MIN_OUTPUT_WIDTH_FOR_AUTO ; 0            ; Untyped             ;
; CBXI_PARAMETER                                 ; mult_86t     ; Untyped             ;
; INPUT_A_FIXED_VALUE                            ; Bx           ; Untyped             ;
; INPUT_B_FIXED_VALUE                            ; Bx           ; Untyped             ;
; USE_AHDL_IMPLEMENTATION                        ; OFF          ; Untyped             ;
+------------------------------------------------+--------------+---------------------+
Note: In order to hide this table in the UI and the text report file, please set the "Show Parameter Settings in Synthesis Report" option in "Analysis and Synthesis Settings -> More Settings" to "Off".


+-------------------------------------------------------------------------------------+
; Parameter Settings for Inferred Entity Instance: lpm_mult:Mult2                     ;
+------------------------------------------------+--------------+---------------------+
; Parameter Name                                 ; Value        ; Type                ;
+------------------------------------------------+--------------+---------------------+
; AUTO_CARRY_CHAINS                              ; ON           ; AUTO_CARRY          ;
; IGNORE_CARRY_BUFFERS                           ; OFF          ; IGNORE_CARRY        ;
; AUTO_CASCADE_CHAINS                            ; ON           ; AUTO_CASCADE        ;
; IGNORE_CASCADE_BUFFERS                         ; OFF          ; IGNORE_CASCADE      ;
; LPM_WIDTHA                                     ; 32           ; Untyped             ;
; LPM_WIDTHB                                     ; 64           ; Untyped             ;
; LPM_WIDTHP                                     ; 96           ; Untyped             ;
; LPM_WIDTHR                                     ; 96           ; Untyped             ;
; LPM_WIDTHS                                     ; 1            ; Untyped             ;
; LPM_REPRESENTATION                             ; UNSIGNED     ; Untyped             ;
; LPM_PIPELINE                                   ; 0            ; Untyped             ;
; LATENCY                                        ; 0            ; Untyped             ;
; INPUT_A_IS_CONSTANT                            ; NO           ; Untyped             ;
; INPUT_B_IS_CONSTANT                            ; NO           ; Untyped             ;
; USE_EAB                                        ; OFF          ; Untyped             ;
; MAXIMIZE_SPEED                                 ; 5            ; Untyped             ;
; DEVICE_FAMILY                                  ; Cyclone IV E ; Untyped             ;
; CARRY_CHAIN                                    ; MANUAL       ; Untyped             ;
; APEX20K_TECHNOLOGY_MAPPER                      ; LUT          ; TECH_MAPPER_APEX20K ;
; DEDICATED_MULTIPLIER_CIRCUITRY                 ; AUTO         ; Untyped             ;
; DEDICATED_MULTIPLIER_MIN_INPUT_WIDTH_FOR_AUTO  ; 0            ; Untyped             ;
; DEDICATED_MULTIPLIER_MIN_OUTPUT_WIDTH_FOR_AUTO ; 0            ; Untyped             ;
; CBXI_PARAMETER                                 ; mult_hdt     ; Untyped             ;
; INPUT_A_FIXED_VALUE                            ; Bx           ; Untyped             ;
; INPUT_B_FIXED_VALUE                            ; Bx           ; Untyped             ;
; USE_AHDL_IMPLEMENTATION                        ; OFF          ; Untyped             ;
+------------------------------------------------+--------------+---------------------+
Note: In order to hide this table in the UI and the text report file, please set the "Show Parameter Settings in Synthesis Report" option in "Analysis and Synthesis Settings -> More Settings" to "Off".


+-------------------------------------------------------------------------------------+
; Parameter Settings for Inferred Entity Instance: lpm_mult:Mult0                     ;
+------------------------------------------------+--------------+---------------------+
; Parameter Name                                 ; Value        ; Type                ;
+------------------------------------------------+--------------+---------------------+
; AUTO_CARRY_CHAINS                              ; ON           ; AUTO_CARRY          ;
; IGNORE_CARRY_BUFFERS                           ; OFF          ; IGNORE_CARRY        ;
; AUTO_CASCADE_CHAINS                            ; ON           ; AUTO_CASCADE        ;
; IGNORE_CASCADE_BUFFERS                         ; OFF          ; IGNORE_CASCADE      ;
; LPM_WIDTHA                                     ; 17           ; Untyped             ;
; LPM_WIDTHB                                     ; 16           ; Untyped             ;
; LPM_WIDTHP                                     ; 33           ; Untyped             ;
; LPM_WIDTHR                                     ; 33           ; Untyped             ;
; LPM_WIDTHS                                     ; 1            ; Untyped             ;
; LPM_REPRESENTATION                             ; SIGNED       ; Untyped             ;
; LPM_PIPELINE                                   ; 0            ; Untyped             ;
; LATENCY                                        ; 0            ; Untyped             ;
; INPUT_A_IS_CONSTANT                            ; NO           ; Untyped             ;
; INPUT_B_IS_CONSTANT                            ; NO           ; Untyped             ;
; USE_EAB                                        ; OFF          ; Untyped             ;
; MAXIMIZE_SPEED                                 ; 5            ; Untyped             ;
; DEVICE_FAMILY                                  ; Cyclone IV E ; Untyped             ;
; CARRY_CHAIN                                    ; MANUAL       ; Untyped             ;
; APEX20K_TECHNOLOGY_MAPPER                      ; LUT          ; TECH_MAPPER_APEX20K ;
; DEDICATED_MULTIPLIER_CIRCUITRY                 ; AUTO         ; Untyped             ;
; DEDICATED_MULTIPLIER_MIN_INPUT_WIDTH_FOR_AUTO  ; 0            ; Untyped             ;
; DEDICATED_MULTIPLIER_MIN_OUTPUT_WIDTH_FOR_AUTO ; 0            ; Untyped             ;
; CBXI_PARAMETER                                 ; mult_56t     ; Untyped             ;
; INPUT_A_FIXED_VALUE                            ; Bx           ; Untyped             ;
; INPUT_B_FIXED_VALUE                            ; Bx           ; Untyped             ;
; USE_AHDL_IMPLEMENTATION                        ; OFF          ; Untyped             ;
+------------------------------------------------+--------------+---------------------+
Note: In order to hide this table in the UI and the text report file, please set the "Show Parameter Settings in Synthesis Report" option in "Analysis and Synthesis Settings -> More Settings" to "Off".


+-------------------------------------------------------------------+
; altpll Parameter Settings by Entity Instance                      ;
+-------------------------------+-----------------------------------+
; Name                          ; Value                             ;
+-------------------------------+-----------------------------------+
; Number of entity instances    ; 1                                 ;
; Entity Instance               ; pll:u_pll|altpll:altpll_component ;
;     -- OPERATION_MODE         ; NORMAL                            ;
;     -- PLL_TYPE               ; AUTO                              ;
;     -- PRIMARY_CLOCK          ; INCLK0                            ;
;     -- INCLK0_INPUT_FREQUENCY ; 20000                             ;
;     -- INCLK1_INPUT_FREQUENCY ; 0                                 ;
;     -- VCO_MULTIPLY_BY        ; 0                                 ;
;     -- VCO_DIVIDE_BY          ; 0                                 ;
+-------------------------------+-----------------------------------+


+---------------------------------------------------------------------------------------------------+
; altsyncram Parameter Settings by Entity Instance                                                  ;
+-------------------------------------------+-------------------------------------------------------+
; Name                                      ; Value                                                 ;
+-------------------------------------------+-------------------------------------------------------+
; Number of entity instances                ; 9                                                     ;
; Entity Instance                           ; ram_uart:u_ram_uart|altsyncram:altsyncram_component   ;
;     -- OPERATION_MODE                     ; BIDIR_DUAL_PORT                                       ;
;     -- WIDTH_A                            ; 16                                                    ;
;     -- NUMWORDS_A                         ; 1024                                                  ;
;     -- OUTDATA_REG_A                      ; UNREGISTERED                                          ;
;     -- WIDTH_B                            ; 16                                                    ;
;     -- NUMWORDS_B                         ; 1024                                                  ;
;     -- ADDRESS_REG_B                      ; CLOCK1                                                ;
;     -- OUTDATA_REG_B                      ; UNREGISTERED                                          ;
;     -- RAM_BLOCK_TYPE                     ; M9K                                                   ;
;     -- READ_DURING_WRITE_MODE_MIXED_PORTS ; DONT_CARE                                             ;
; Entity Instance                           ; conv1:conv1_w|altsyncram:altsyncram_component         ;
;     -- OPERATION_MODE                     ; SINGLE_PORT                                           ;
;     -- WIDTH_A                            ; 16                                                    ;
;     -- NUMWORDS_A                         ; 4068                                                  ;
;     -- OUTDATA_REG_A                      ; UNREGISTERED                                          ;
;     -- WIDTH_B                            ; 1                                                     ;
;     -- NUMWORDS_B                         ; 1                                                     ;
;     -- ADDRESS_REG_B                      ; CLOCK1                                                ;
;     -- OUTDATA_REG_B                      ; UNREGISTERED                                          ;
;     -- RAM_BLOCK_TYPE                     ; M9K                                                   ;
;     -- READ_DURING_WRITE_MODE_MIXED_PORTS ; DONT_CARE                                             ;
; Entity Instance                           ; img_conv1:u_img_conv1|altsyncram:altsyncram_component ;
;     -- OPERATION_MODE                     ; SINGLE_PORT                                           ;
;     -- WIDTH_A                            ; 32                                                    ;
;     -- NUMWORDS_A                         ; 4608                                                  ;
;     -- OUTDATA_REG_A                      ; UNREGISTERED                                          ;
;     -- WIDTH_B                            ; 1                                                     ;
;     -- NUMWORDS_B                         ; 1                                                     ;
;     -- ADDRESS_REG_B                      ; CLOCK1                                                ;
;     -- OUTDATA_REG_B                      ; UNREGISTERED                                          ;
;     -- RAM_BLOCK_TYPE                     ; M9K                                                   ;
;     -- READ_DURING_WRITE_MODE_MIXED_PORTS ; DONT_CARE                                             ;
; Entity Instance                           ; pool1:u_pool1|altsyncram:altsyncram_component         ;
;     -- OPERATION_MODE                     ; SINGLE_PORT                                           ;
;     -- WIDTH_A                            ; 32                                                    ;
;     -- NUMWORDS_A                         ; 1152                                                  ;
;     -- OUTDATA_REG_A                      ; UNREGISTERED                                          ;
;     -- WIDTH_B                            ; 1                                                     ;
;     -- NUMWORDS_B                         ; 1                                                     ;
;     -- ADDRESS_REG_B                      ; CLOCK1                                                ;
;     -- OUTDATA_REG_B                      ; UNREGISTERED                                          ;
;     -- RAM_BLOCK_TYPE                     ; AUTO                                                  ;
;     -- READ_DURING_WRITE_MODE_MIXED_PORTS ; DONT_CARE                                             ;
; Entity Instance                           ; conv2_w:u_conv2w|altsyncram:altsyncram_component      ;
;     -- OPERATION_MODE                     ; SINGLE_PORT                                           ;
;     -- WIDTH_A                            ; 16                                                    ;
;     -- NUMWORDS_A                         ; 3200                                                  ;
;     -- OUTDATA_REG_A                      ; UNREGISTERED                                          ;
;     -- WIDTH_B                            ; 1                                                     ;
;     -- NUMWORDS_B                         ; 1                                                     ;
;     -- ADDRESS_REG_B                      ; CLOCK1                                                ;
;     -- OUTDATA_REG_B                      ; UNREGISTERED                                          ;
;     -- RAM_BLOCK_TYPE                     ; M9K                                                   ;
;     -- READ_DURING_WRITE_MODE_MIXED_PORTS ; DONT_CARE                                             ;
; Entity Instance                           ; img_conv2:u_img_conv2|altsyncram:altsyncram_component ;
;     -- OPERATION_MODE                     ; SINGLE_PORT                                           ;
;     -- WIDTH_A                            ; 32                                                    ;
;     -- NUMWORDS_A                         ; 1024                                                  ;
;     -- OUTDATA_REG_A                      ; UNREGISTERED                                          ;
;     -- WIDTH_B                            ; 1                                                     ;
;     -- NUMWORDS_B                         ; 1                                                     ;
;     -- ADDRESS_REG_B                      ; CLOCK1                                                ;
;     -- OUTDATA_REG_B                      ; UNREGISTERED                                          ;
;     -- RAM_BLOCK_TYPE                     ; M9K                                                   ;
;     -- READ_DURING_WRITE_MODE_MIXED_PORTS ; DONT_CARE                                             ;
; Entity Instance                           ; pool2:u_pool2|altsyncram:altsyncram_component         ;
;     -- OPERATION_MODE                     ; SINGLE_PORT                                           ;
;     -- WIDTH_A                            ; 32                                                    ;
;     -- NUMWORDS_A                         ; 256                                                   ;
;     -- OUTDATA_REG_A                      ; UNREGISTERED                                          ;
;     -- WIDTH_B                            ; 1                                                     ;
;     -- NUMWORDS_B                         ; 1                                                     ;
;     -- ADDRESS_REG_B                      ; CLOCK1                                                ;
;     -- OUTDATA_REG_B                      ; UNREGISTERED                                          ;
;     -- RAM_BLOCK_TYPE                     ; M9K                                                   ;
;     -- READ_DURING_WRITE_MODE_MIXED_PORTS ; DONT_CARE                                             ;
; Entity Instance                           ; fc_w:u_fc_w|altsyncram:altsyncram_component           ;
;     -- OPERATION_MODE                     ; SINGLE_PORT                                           ;
;     -- WIDTH_A                            ; 16                                                    ;
;     -- NUMWORDS_A                         ; 2560                                                  ;
;     -- OUTDATA_REG_A                      ; UNREGISTERED                                          ;
;     -- WIDTH_B                            ; 1                                                     ;
;     -- NUMWORDS_B                         ; 1                                                     ;
;     -- ADDRESS_REG_B                      ; CLOCK1                                                ;
;     -- OUTDATA_REG_B                      ; UNREGISTERED                                          ;
;     -- RAM_BLOCK_TYPE                     ; M9K                                                   ;
;     -- READ_DURING_WRITE_MODE_MIXED_PORTS ; DONT_CARE                                             ;
; Entity Instance                           ; altsyncram:score_rtl_0                                ;
;     -- OPERATION_MODE                     ; DUAL_PORT                                             ;
;     -- WIDTH_A                            ; 32                                                    ;
;     -- NUMWORDS_A                         ; 10                                                    ;
;     -- OUTDATA_REG_A                      ; UNREGISTERED                                          ;
;     -- WIDTH_B                            ; 32                                                    ;
;     -- NUMWORDS_B                         ; 10                                                    ;
;     -- ADDRESS_REG_B                      ; CLOCK0                                                ;
;     -- OUTDATA_REG_B                      ; UNREGISTERED                                          ;
;     -- RAM_BLOCK_TYPE                     ; M9K                                                   ;
;     -- READ_DURING_WRITE_MODE_MIXED_PORTS ; OLD_DATA                                              ;
+-------------------------------------------+-------------------------------------------------------+


+--------------------------------------------------------+
; lpm_mult Parameter Settings by Entity Instance         ;
+---------------------------------------+----------------+
; Name                                  ; Value          ;
+---------------------------------------+----------------+
; Number of entity instances            ; 3              ;
; Entity Instance                       ; lpm_mult:Mult1 ;
;     -- LPM_WIDTHA                     ; 32             ;
;     -- LPM_WIDTHB                     ; 16             ;
;     -- LPM_WIDTHP                     ; 48             ;
;     -- LPM_REPRESENTATION             ; SIGNED         ;
;     -- INPUT_A_IS_CONSTANT            ; NO             ;
;     -- INPUT_B_IS_CONSTANT            ; NO             ;
;     -- USE_EAB                        ; OFF            ;
;     -- DEDICATED_MULTIPLIER_CIRCUITRY ; AUTO           ;
;     -- INPUT_A_FIXED_VALUE            ; Bx             ;
;     -- INPUT_B_FIXED_VALUE            ; Bx             ;
; Entity Instance                       ; lpm_mult:Mult2 ;
;     -- LPM_WIDTHA                     ; 32             ;
;     -- LPM_WIDTHB                     ; 64             ;
;     -- LPM_WIDTHP                     ; 96             ;
;     -- LPM_REPRESENTATION             ; UNSIGNED       ;
;     -- INPUT_A_IS_CONSTANT            ; NO             ;
;     -- INPUT_B_IS_CONSTANT            ; NO             ;
;     -- USE_EAB                        ; OFF            ;
;     -- DEDICATED_MULTIPLIER_CIRCUITRY ; AUTO           ;
;     -- INPUT_A_FIXED_VALUE            ; Bx             ;
;     -- INPUT_B_FIXED_VALUE            ; Bx             ;
; Entity Instance                       ; lpm_mult:Mult0 ;
;     -- LPM_WIDTHA                     ; 17             ;
;     -- LPM_WIDTHB                     ; 16             ;
;     -- LPM_WIDTHP                     ; 33             ;
;     -- LPM_REPRESENTATION             ; SIGNED         ;
;     -- INPUT_A_IS_CONSTANT            ; NO             ;
;     -- INPUT_B_IS_CONSTANT            ; NO             ;
;     -- USE_EAB                        ; OFF            ;
;     -- DEDICATED_MULTIPLIER_CIRCUITRY ; AUTO           ;
;     -- INPUT_A_FIXED_VALUE            ; Bx             ;
;     -- INPUT_B_FIXED_VALUE            ; Bx             ;
+---------------------------------------+----------------+


+-----------------------------------------+
; Port Connectivity Checks: "fc_w:u_fc_w" ;
+------+-------+----------+---------------+
; Port ; Type  ; Severity ; Details       ;
+------+-------+----------+---------------+
; data ; Input ; Info     ; Stuck at GND  ;
; wren ; Input ; Info     ; Stuck at GND  ;
+------+-------+----------+---------------+


+----------------------------------------------------------------------------------------------------------------------------------------------------------------------------------------------------------------+
; Port Connectivity Checks: "pool2:u_pool2"                                                                                                                                                                      ;
+---------+-------+----------+-----------------------------------------------------------------------------------------------------------------------------------------------------------------------------------+
; Port    ; Type  ; Severity ; Details                                                                                                                                                                           ;
+---------+-------+----------+-----------------------------------------------------------------------------------------------------------------------------------------------------------------------------------+
; address ; Input ; Warning  ; Input port expression (11 bits) is wider than the input port (8 bits) it drives.  The 3 most-significant bit(s) in the expression will be dangling if they have no other fanouts. ;
+---------+-------+----------+-----------------------------------------------------------------------------------------------------------------------------------------------------------------------------------+


+----------------------------------------------+
; Port Connectivity Checks: "conv2_w:u_conv2w" ;
+------+-------+----------+--------------------+
; Port ; Type  ; Severity ; Details            ;
+------+-------+----------+--------------------+
; data ; Input ; Info     ; Stuck at GND       ;
; wren ; Input ; Info     ; Stuck at GND       ;
+------+-------+----------+--------------------+


+-------------------------------------------+
; Port Connectivity Checks: "conv1:conv1_w" ;
+------+-------+----------+-----------------+
; Port ; Type  ; Severity ; Details         ;
+------+-------+----------+-----------------+
; data ; Input ; Info     ; Stuck at GND    ;
; wren ; Input ; Info     ; Stuck at GND    ;
+------+-------+----------+-----------------+


+------------------------------------------------------------------------------------------------------------------+
; Port Connectivity Checks: "ram_uart:u_ram_uart"                                                                  ;
+--------+--------+----------+-------------------------------------------------------------------------------------+
; Port   ; Type   ; Severity ; Details                                                                             ;
+--------+--------+----------+-------------------------------------------------------------------------------------+
; wren_a ; Input  ; Info     ; Stuck at VCC                                                                        ;
; q_a    ; Output ; Info     ; Connected to dangling logic. Logic that only feeds a dangling port will be removed. ;
; data_b ; Input  ; Info     ; Stuck at GND                                                                        ;
; wren_b ; Input  ; Info     ; Stuck at GND                                                                        ;
+--------+--------+----------+-------------------------------------------------------------------------------------+


+-----------------------------------------------------+
; Post-Synthesis Netlist Statistics for Top Partition ;
+-----------------------+-----------------------------+
; Type                  ; Count                       ;
+-----------------------+-----------------------------+
; boundary_port         ; 23                          ;
; cycloneiii_ff         ; 900                         ;
;     CLR               ; 57                          ;
;     CLR SCLR          ; 1                           ;
;     CLR SLD           ; 1                           ;
;     ENA               ; 659                         ;
;     ENA CLR           ; 47                          ;
;     ENA CLR SCLR      ; 53                          ;
;     ENA CLR SLD       ; 10                          ;
;     ENA SCLR          ; 2                           ;
;     ENA SLD           ; 14                          ;
;     plain             ; 56                          ;
; cycloneiii_lcell_comb ; 1864                        ;
;     arith             ; 722                         ;
;         1 data inputs ; 1                           ;
;         2 data inputs ; 143                         ;
;         3 data inputs ; 578                         ;
;     normal            ; 1142                        ;
;         0 data inputs ; 5                           ;
;         1 data inputs ; 26                          ;
;         2 data inputs ; 118                         ;
;         3 data inputs ; 156                         ;
;         4 data inputs ; 837                         ;
; cycloneiii_mac_mult   ; 10                          ;
; cycloneiii_mac_out    ; 10                          ;
; cycloneiii_pll        ; 1                           ;
; cycloneiii_ram_block  ; 224                         ;
;                       ;                             ;
; Max LUT depth         ; 13.10                       ;
; Average LUT depth     ; 5.70                        ;
+-----------------------+-----------------------------+


+-------------------------------+
; Elapsed Time Per Partition    ;
+----------------+--------------+
; Partition Name ; Elapsed Time ;
+----------------+--------------+
; Top            ; 00:00:04     ;
+----------------+--------------+


+-------------------------------+
; Analysis & Synthesis Messages ;
+-------------------------------+
Info: *******************************************************************
Info: Running Quartus Prime Analysis & Synthesis
    Info: Version 17.1.0 Build 590 10/25/2017 SJ Lite Edition
    Info: Processing started: Fri Sep 18 14:08:51 2026
Info: Command: quartus_map --read_settings_files=on --write_settings_files=off top -c top
Warning (18236): Number of processors has not been specified which may cause overloading on shared machines.  Set the global assignment NUM_PARALLEL_PROCESSORS in your QSF to an appropriate value for best performance.
Info (20030): Parallel compilation is enabled and will use 4 of the 4 processors detected
Info (12021): Found 1 design units, including 1 entities, in source file uartread.v
    Info (12023): Found entity 1: uartRead File: C:/Users/DELL/Desktop/CNN/FPGA/FPGA_CNN_Detect_Number_PC/uartRead.v Line: 1
Info (12021): Found 1 design units, including 1 entities, in source file uartwrite.v
    Info (12023): Found entity 1: uartWrite File: C:/Users/DELL/Desktop/CNN/FPGA/FPGA_CNN_Detect_Number_PC/uartWrite.v Line: 1
Warning (10335): Unrecognized synthesis attribute "no_rw_check" at top.v(17) File: C:/Users/DELL/Desktop/CNN/FPGA/FPGA_CNN_Detect_Number_PC/top.v Line: 17
Info (12021): Found 1 design units, including 1 entities, in source file top.v
    Info (12023): Found entity 1: top File: C:/Users/DELL/Desktop/CNN/FPGA/FPGA_CNN_Detect_Number_PC/top.v Line: 1
Info (12021): Found 1 design units, including 1 entities, in source file seven_seg.v
    Info (12023): Found entity 1: seven_seg File: C:/Users/DELL/Desktop/CNN/FPGA/FPGA_CNN_Detect_Number_PC/seven_seg.v Line: 1
Info (12021): Found 1 design units, including 1 entities, in source file image.v
    Info (12023): Found entity 1: image File: C:/Users/DELL/Desktop/CNN/FPGA/FPGA_CNN_Detect_Number_PC/image.v Line: 39
Info (12021): Found 1 design units, including 1 entities, in source file conv1.v
    Info (12023): Found entity 1: conv1 File: C:/Users/DELL/Desktop/CNN/FPGA/FPGA_CNN_Detect_Number_PC/conv1.v Line: 39
Info (12021): Found 1 design units, including 1 entities, in source file conv2_w.v
    Info (12023): Found entity 1: conv2_w File: C:/Users/DELL/Desktop/CNN/FPGA/FPGA_CNN_Detect_Number_PC/conv2_w.v Line: 39
Info (12021): Found 1 design units, including 1 entities, in source file pool1.v
    Info (12023): Found entity 1: pool1 File: C:/Users/DELL/Desktop/CNN/FPGA/FPGA_CNN_Detect_Number_PC/pool1.v Line: 39
Info (12021): Found 1 design units, including 1 entities, in source file img_conv1.v
    Info (12023): Found entity 1: img_conv1 File: C:/Users/DELL/Desktop/CNN/FPGA/FPGA_CNN_Detect_Number_PC/img_conv1.v Line: 39
Info (12021): Found 1 design units, including 1 entities, in source file img_conv2.v
    Info (12023): Found entity 1: img_conv2 File: C:/Users/DELL/Desktop/CNN/FPGA/FPGA_CNN_Detect_Number_PC/img_conv2.v Line: 39
Info (12021): Found 1 design units, including 1 entities, in source file pool2.v
    Info (12023): Found entity 1: pool2 File: C:/Users/DELL/Desktop/CNN/FPGA/FPGA_CNN_Detect_Number_PC/pool2.v Line: 39
Info (12021): Found 1 design units, including 1 entities, in source file fc_w.v
    Info (12023): Found entity 1: fc_w File: C:/Users/DELL/Desktop/CNN/FPGA/FPGA_CNN_Detect_Number_PC/fc_w.v Line: 39
Info (12021): Found 1 design units, including 1 entities, in source file pll.v
    Info (12023): Found entity 1: pll File: C:/Users/DELL/Desktop/CNN/FPGA/FPGA_CNN_Detect_Number_PC/pll.v Line: 39
Info (12021): Found 1 design units, including 1 entities, in source file ram_uart.v
    Info (12023): Found entity 1: ram_uart File: C:/Users/DELL/Desktop/CNN/FPGA/FPGA_CNN_Detect_Number_PC/ram_uart.v Line: 39
Info (12127): Elaborating entity "top" for the top level hierarchy
Warning (10036): Verilog HDL or VHDL warning at top.v(87): object "busy" assigned a value but never read File: C:/Users/DELL/Desktop/CNN/FPGA/FPGA_CNN_Detect_Number_PC/top.v Line: 87
Warning (10036): Verilog HDL or VHDL warning at top.v(88): object "done" assigned a value but never read File: C:/Users/DELL/Desktop/CNN/FPGA/FPGA_CNN_Detect_Number_PC/top.v Line: 88
Warning (10230): Verilog HDL assignment warning at top.v(349): truncated value with size 32 to match size of target (10) File: C:/Users/DELL/Desktop/CNN/FPGA/FPGA_CNN_Detect_Number_PC/top.v Line: 349
Warning (10230): Verilog HDL assignment warning at top.v(350): truncated value with size 32 to match size of target (12) File: C:/Users/DELL/Desktop/CNN/FPGA/FPGA_CNN_Detect_Number_PC/top.v Line: 350
Warning (10230): Verilog HDL assignment warning at top.v(387): truncated value with size 32 to match size of target (13) File: C:/Users/DELL/Desktop/CNN/FPGA/FPGA_CNN_Detect_Number_PC/top.v Line: 387
Warning (10230): Verilog HDL assignment warning at top.v(455): truncated value with size 32 to match size of target (13) File: C:/Users/DELL/Desktop/CNN/FPGA/FPGA_CNN_Detect_Number_PC/top.v Line: 455
Warning (10230): Verilog HDL assignment warning at top.v(461): truncated value with size 32 to match size of target (13) File: C:/Users/DELL/Desktop/CNN/FPGA/FPGA_CNN_Detect_Number_PC/top.v Line: 461
Warning (10230): Verilog HDL assignment warning at top.v(468): truncated value with size 32 to match size of target (13) File: C:/Users/DELL/Desktop/CNN/FPGA/FPGA_CNN_Detect_Number_PC/top.v Line: 468
Warning (10230): Verilog HDL assignment warning at top.v(475): truncated value with size 32 to match size of target (13) File: C:/Users/DELL/Desktop/CNN/FPGA/FPGA_CNN_Detect_Number_PC/top.v Line: 475
Warning (10230): Verilog HDL assignment warning at top.v(487): truncated value with size 32 to match size of target (11) File: C:/Users/DELL/Desktop/CNN/FPGA/FPGA_CNN_Detect_Number_PC/top.v Line: 487
Warning (10230): Verilog HDL assignment warning at top.v(547): truncated value with size 32 to match size of target (12) File: C:/Users/DELL/Desktop/CNN/FPGA/FPGA_CNN_Detect_Number_PC/top.v Line: 547
Warning (10230): Verilog HDL assignment warning at top.v(548): truncated value with size 32 to match size of target (11) File: C:/Users/DELL/Desktop/CNN/FPGA/FPGA_CNN_Detect_Number_PC/top.v Line: 548
Warning (10230): Verilog HDL assignment warning at top.v(596): truncated value with size 32 to match size of target (10) File: C:/Users/DELL/Desktop/CNN/FPGA/FPGA_CNN_Detect_Number_PC/top.v Line: 596
Warning (10230): Verilog HDL assignment warning at top.v(665): truncated value with size 32 to match size of target (10) File: C:/Users/DELL/Desktop/CNN/FPGA/FPGA_CNN_Detect_Number_PC/top.v Line: 665
Warning (10230): Verilog HDL assignment warning at top.v(671): truncated value with size 32 to match size of target (10) File: C:/Users/DELL/Desktop/CNN/FPGA/FPGA_CNN_Detect_Number_PC/top.v Line: 671
Warning (10230): Verilog HDL assignment warning at top.v(678): truncated value with size 32 to match size of target (10) File: C:/Users/DELL/Desktop/CNN/FPGA/FPGA_CNN_Detect_Number_PC/top.v Line: 678
Warning (10230): Verilog HDL assignment warning at top.v(685): truncated value with size 32 to match size of target (10) File: C:/Users/DELL/Desktop/CNN/FPGA/FPGA_CNN_Detect_Number_PC/top.v Line: 685
Warning (10230): Verilog HDL assignment warning at top.v(692): truncated value with size 32 to match size of target (11) File: C:/Users/DELL/Desktop/CNN/FPGA/FPGA_CNN_Detect_Number_PC/top.v Line: 692
Warning (10230): Verilog HDL assignment warning at top.v(755): truncated value with size 32 to match size of target (12) File: C:/Users/DELL/Desktop/CNN/FPGA/FPGA_CNN_Detect_Number_PC/top.v Line: 755
Info (10264): Verilog HDL Case Statement information at top.v(745): all case item expressions in this case statement are onehot File: C:/Users/DELL/Desktop/CNN/FPGA/FPGA_CNN_Detect_Number_PC/top.v Line: 745
Info (10264): Verilog HDL Case Statement information at top.v(801): all case item expressions in this case statement are onehot File: C:/Users/DELL/Desktop/CNN/FPGA/FPGA_CNN_Detect_Number_PC/top.v Line: 801
Warning (10030): Net "conv1_b.data_a" at top.v(24) has no driver or initial value, using a default initial value '0' File: C:/Users/DELL/Desktop/CNN/FPGA/FPGA_CNN_Detect_Number_PC/top.v Line: 24
Warning (10030): Net "conv1_b.waddr_a" at top.v(24) has no driver or initial value, using a default initial value '0' File: C:/Users/DELL/Desktop/CNN/FPGA/FPGA_CNN_Detect_Number_PC/top.v Line: 24
Warning (10030): Net "conv2_b.data_a" at top.v(26) has no driver or initial value, using a default initial value '0' File: C:/Users/DELL/Desktop/CNN/FPGA/FPGA_CNN_Detect_Number_PC/top.v Line: 26
Warning (10030): Net "conv2_b.waddr_a" at top.v(26) has no driver or initial value, using a default initial value '0' File: C:/Users/DELL/Desktop/CNN/FPGA/FPGA_CNN_Detect_Number_PC/top.v Line: 26
Warning (10030): Net "fc_b.data_a" at top.v(28) has no driver or initial value, using a default initial value '0' File: C:/Users/DELL/Desktop/CNN/FPGA/FPGA_CNN_Detect_Number_PC/top.v Line: 28
Warning (10030): Net "fc_b.waddr_a" at top.v(28) has no driver or initial value, using a default initial value '0' File: C:/Users/DELL/Desktop/CNN/FPGA/FPGA_CNN_Detect_Number_PC/top.v Line: 28
Warning (10030): Net "conv1_b.we_a" at top.v(24) has no driver or initial value, using a default initial value '0' File: C:/Users/DELL/Desktop/CNN/FPGA/FPGA_CNN_Detect_Number_PC/top.v Line: 24
Warning (10030): Net "conv2_b.we_a" at top.v(26) has no driver or initial value, using a default initial value '0' File: C:/Users/DELL/Desktop/CNN/FPGA/FPGA_CNN_Detect_Number_PC/top.v Line: 26
Warning (10030): Net "fc_b.we_a" at top.v(28) has no driver or initial value, using a default initial value '0' File: C:/Users/DELL/Desktop/CNN/FPGA/FPGA_CNN_Detect_Number_PC/top.v Line: 28
Info (12128): Elaborating entity "seven_seg" for hierarchy "seven_seg:u_hex0" File: C:/Users/DELL/Desktop/CNN/FPGA/FPGA_CNN_Detect_Number_PC/top.v Line: 1055
Info (12128): Elaborating entity "pll" for hierarchy "pll:u_pll" File: C:/Users/DELL/Desktop/CNN/FPGA/FPGA_CNN_Detect_Number_PC/top.v Line: 1060
Info (12128): Elaborating entity "altpll" for hierarchy "pll:u_pll|altpll:altpll_component" File: C:/Users/DELL/Desktop/CNN/FPGA/FPGA_CNN_Detect_Number_PC/pll.v Line: 90
Info (12130): Elaborated megafunction instantiation "pll:u_pll|altpll:altpll_component" File: C:/Users/DELL/Desktop/CNN/FPGA/FPGA_CNN_Detect_Number_PC/pll.v Line: 90
Info (12133): Instantiated megafunction "pll:u_pll|altpll:altpll_component" with the following parameter: File: C:/Users/DELL/Desktop/CNN/FPGA/FPGA_CNN_Detect_Number_PC/pll.v Line: 90
    Info (12134): Parameter "bandwidth_type" = "AUTO"
    Info (12134): Parameter "clk0_divide_by" = "1"
    Info (12134): Parameter "clk0_duty_cycle" = "50"
    Info (12134): Parameter "clk0_multiply_by" = "2"
    Info (12134): Parameter "clk0_phase_shift" = "0"
    Info (12134): Parameter "compensate_clock" = "CLK0"
    Info (12134): Parameter "inclk0_input_frequency" = "20000"
    Info (12134): Parameter "intended_device_family" = "Cyclone IV E"
    Info (12134): Parameter "lpm_hint" = "CBX_MODULE_PREFIX=pll"
    Info (12134): Parameter "lpm_type" = "altpll"
    Info (12134): Parameter "operation_mode" = "NORMAL"
    Info (12134): Parameter "pll_type" = "AUTO"
    Info (12134): Parameter "port_activeclock" = "PORT_UNUSED"
    Info (12134): Parameter "port_areset" = "PORT_UNUSED"
    Info (12134): Parameter "port_clkbad0" = "PORT_UNUSED"
    Info (12134): Parameter "port_clkbad1" = "PORT_UNUSED"
    Info (12134): Parameter "port_clkloss" = "PORT_UNUSED"
    Info (12134): Parameter "port_clkswitch" = "PORT_UNUSED"
    Info (12134): Parameter "port_configupdate" = "PORT_UNUSED"
    Info (12134): Parameter "port_fbin" = "PORT_UNUSED"
    Info (12134): Parameter "port_inclk0" = "PORT_USED"
    Info (12134): Parameter "port_inclk1" = "PORT_UNUSED"
    Info (12134): Parameter "port_locked" = "PORT_UNUSED"
    Info (12134): Parameter "port_pfdena" = "PORT_UNUSED"
    Info (12134): Parameter "port_phasecounterselect" = "PORT_UNUSED"
    Info (12134): Parameter "port_phasedone" = "PORT_UNUSED"
    Info (12134): Parameter "port_phasestep" = "PORT_UNUSED"
    Info (12134): Parameter "port_phaseupdown" = "PORT_UNUSED"
    Info (12134): Parameter "port_pllena" = "PORT_UNUSED"
    Info (12134): Parameter "port_scanaclr" = "PORT_UNUSED"
    Info (12134): Parameter "port_scanclk" = "PORT_UNUSED"
    Info (12134): Parameter "port_scanclkena" = "PORT_UNUSED"
    Info (12134): Parameter "port_scandata" = "PORT_UNUSED"
    Info (12134): Parameter "port_scandataout" = "PORT_UNUSED"
    Info (12134): Parameter "port_scandone" = "PORT_UNUSED"
    Info (12134): Parameter "port_scanread" = "PORT_UNUSED"
    Info (12134): Parameter "port_scanwrite" = "PORT_UNUSED"
    Info (12134): Parameter "port_clk0" = "PORT_USED"
    Info (12134): Parameter "port_clk1" = "PORT_UNUSED"
    Info (12134): Parameter "port_clk2" = "PORT_UNUSED"
    Info (12134): Parameter "port_clk3" = "PORT_UNUSED"
    Info (12134): Parameter "port_clk4" = "PORT_UNUSED"
    Info (12134): Parameter "port_clk5" = "PORT_UNUSED"
    Info (12134): Parameter "port_clkena0" = "PORT_UNUSED"
    Info (12134): Parameter "port_clkena1" = "PORT_UNUSED"
    Info (12134): Parameter "port_clkena2" = "PORT_UNUSED"
    Info (12134): Parameter "port_clkena3" = "PORT_UNUSED"
    Info (12134): Parameter "port_clkena4" = "PORT_UNUSED"
    Info (12134): Parameter "port_clkena5" = "PORT_UNUSED"
    Info (12134): Parameter "port_extclk0" = "PORT_UNUSED"
    Info (12134): Parameter "port_extclk1" = "PORT_UNUSED"
    Info (12134): Parameter "port_extclk2" = "PORT_UNUSED"
    Info (12134): Parameter "port_extclk3" = "PORT_UNUSED"
    Info (12134): Parameter "width_clock" = "5"
Info (12021): Found 1 design units, including 1 entities, in source file db/pll_altpll.v
    Info (12023): Found entity 1: pll_altpll File: C:/Users/DELL/Desktop/CNN/FPGA/FPGA_CNN_Detect_Number_PC/db/pll_altpll.v Line: 29
Info (12128): Elaborating entity "pll_altpll" for hierarchy "pll:u_pll|altpll:altpll_component|pll_altpll:auto_generated" File: c:/intelfpga_lite/17.1/quartus/libraries/megafunctions/altpll.tdf Line: 897
Info (12128): Elaborating entity "uartRead" for hierarchy "uartRead:read1" File: C:/Users/DELL/Desktop/CNN/FPGA/FPGA_CNN_Detect_Number_PC/top.v Line: 1068
Info (12128): Elaborating entity "ram_uart" for hierarchy "ram_uart:u_ram_uart" File: C:/Users/DELL/Desktop/CNN/FPGA/FPGA_CNN_Detect_Number_PC/top.v Line: 1083
Info (12128): Elaborating entity "altsyncram" for hierarchy "ram_uart:u_ram_uart|altsyncram:altsyncram_component" File: C:/Users/DELL/Desktop/CNN/FPGA/FPGA_CNN_Detect_Number_PC/ram_uart.v Line: 99
Info (12130): Elaborated megafunction instantiation "ram_uart:u_ram_uart|altsyncram:altsyncram_component" File: C:/Users/DELL/Desktop/CNN/FPGA/FPGA_CNN_Detect_Number_PC/ram_uart.v Line: 99
Info (12133): Instantiated megafunction "ram_uart:u_ram_uart|altsyncram:altsyncram_component" with the following parameter: File: C:/Users/DELL/Desktop/CNN/FPGA/FPGA_CNN_Detect_Number_PC/ram_uart.v Line: 99
    Info (12134): Parameter "address_reg_b" = "CLOCK1"
    Info (12134): Parameter "clock_enable_input_a" = "BYPASS"
    Info (12134): Parameter "clock_enable_input_b" = "BYPASS"
    Info (12134): Parameter "clock_enable_output_a" = "BYPASS"
    Info (12134): Parameter "clock_enable_output_b" = "BYPASS"
    Info (12134): Parameter "indata_reg_b" = "CLOCK1"
    Info (12134): Parameter "intended_device_family" = "Cyclone IV E"
    Info (12134): Parameter "lpm_type" = "altsyncram"
    Info (12134): Parameter "numwords_a" = "1024"
    Info (12134): Parameter "numwords_b" = "1024"
    Info (12134): Parameter "operation_mode" = "BIDIR_DUAL_PORT"
    Info (12134): Parameter "outdata_aclr_a" = "NONE"
    Info (12134): Parameter "outdata_aclr_b" = "NONE"
    Info (12134): Parameter "outdata_reg_a" = "UNREGISTERED"
    Info (12134): Parameter "outdata_reg_b" = "UNREGISTERED"
    Info (12134): Parameter "power_up_uninitialized" = "FALSE"
    Info (12134): Parameter "ram_block_type" = "M9K"
    Info (12134): Parameter "read_during_write_mode_port_a" = "NEW_DATA_NO_NBE_READ"
    Info (12134): Parameter "read_during_write_mode_port_b" = "NEW_DATA_NO_NBE_READ"
    Info (12134): Parameter "widthad_a" = "10"
    Info (12134): Parameter "widthad_b" = "10"
    Info (12134): Parameter "width_a" = "16"
    Info (12134): Parameter "width_b" = "16"
    Info (12134): Parameter "width_byteena_a" = "1"
    Info (12134): Parameter "width_byteena_b" = "1"
    Info (12134): Parameter "wrcontrol_wraddress_reg_b" = "CLOCK1"
Info (12021): Found 1 design units, including 1 entities, in source file db/altsyncram_off2.tdf
    Info (12023): Found entity 1: altsyncram_off2 File: C:/Users/DELL/Desktop/CNN/FPGA/FPGA_CNN_Detect_Number_PC/db/altsyncram_off2.tdf Line: 27
Info (12128): Elaborating entity "altsyncram_off2" for hierarchy "ram_uart:u_ram_uart|altsyncram:altsyncram_component|altsyncram_off2:auto_generated" File: c:/intelfpga_lite/17.1/quartus/libraries/megafunctions/altsyncram.tdf Line: 791
Info (12128): Elaborating entity "conv1" for hierarchy "conv1:conv1_w" File: C:/Users/DELL/Desktop/CNN/FPGA/FPGA_CNN_Detect_Number_PC/top.v Line: 1107
Info (12128): Elaborating entity "altsyncram" for hierarchy "conv1:conv1_w|altsyncram:altsyncram_component" File: C:/Users/DELL/Desktop/CNN/FPGA/FPGA_CNN_Detect_Number_PC/conv1.v Line: 85
Info (12130): Elaborated megafunction instantiation "conv1:conv1_w|altsyncram:altsyncram_component" File: C:/Users/DELL/Desktop/CNN/FPGA/FPGA_CNN_Detect_Number_PC/conv1.v Line: 85
Info (12133): Instantiated megafunction "conv1:conv1_w|altsyncram:altsyncram_component" with the following parameter: File: C:/Users/DELL/Desktop/CNN/FPGA/FPGA_CNN_Detect_Number_PC/conv1.v Line: 85
    Info (12134): Parameter "clock_enable_input_a" = "BYPASS"
    Info (12134): Parameter "clock_enable_output_a" = "BYPASS"
    Info (12134): Parameter "init_file" = "conv1_w_q88.mif"
    Info (12134): Parameter "intended_device_family" = "Cyclone IV E"
    Info (12134): Parameter "lpm_hint" = "ENABLE_RUNTIME_MOD=NO"
    Info (12134): Parameter "lpm_type" = "altsyncram"
    Info (12134): Parameter "numwords_a" = "4068"
    Info (12134): Parameter "operation_mode" = "SINGLE_PORT"
    Info (12134): Parameter "outdata_aclr_a" = "NONE"
    Info (12134): Parameter "outdata_reg_a" = "UNREGISTERED"
    Info (12134): Parameter "power_up_uninitialized" = "FALSE"
    Info (12134): Parameter "ram_block_type" = "M9K"
    Info (12134): Parameter "read_during_write_mode_port_a" = "NEW_DATA_NO_NBE_READ"
    Info (12134): Parameter "widthad_a" = "12"
    Info (12134): Parameter "width_a" = "16"
    Info (12134): Parameter "width_byteena_a" = "1"
Info (12021): Found 1 design units, including 1 entities, in source file db/altsyncram_ejk1.tdf
    Info (12023): Found entity 1: altsyncram_ejk1 File: C:/Users/DELL/Desktop/CNN/FPGA/FPGA_CNN_Detect_Number_PC/db/altsyncram_ejk1.tdf Line: 27
Info (12128): Elaborating entity "altsyncram_ejk1" for hierarchy "conv1:conv1_w|altsyncram:altsyncram_component|altsyncram_ejk1:auto_generated" File: c:/intelfpga_lite/17.1/quartus/libraries/megafunctions/altsyncram.tdf Line: 791
Info (12128): Elaborating entity "img_conv1" for hierarchy "img_conv1:u_img_conv1" File: C:/Users/DELL/Desktop/CNN/FPGA/FPGA_CNN_Detect_Number_PC/top.v Line: 1115
Info (12128): Elaborating entity "altsyncram" for hierarchy "img_conv1:u_img_conv1|altsyncram:altsyncram_component" File: C:/Users/DELL/Desktop/CNN/FPGA/FPGA_CNN_Detect_Number_PC/img_conv1.v Line: 85
Info (12130): Elaborated megafunction instantiation "img_conv1:u_img_conv1|altsyncram:altsyncram_component" File: C:/Users/DELL/Desktop/CNN/FPGA/FPGA_CNN_Detect_Number_PC/img_conv1.v Line: 85
Info (12133): Instantiated megafunction "img_conv1:u_img_conv1|altsyncram:altsyncram_component" with the following parameter: File: C:/Users/DELL/Desktop/CNN/FPGA/FPGA_CNN_Detect_Number_PC/img_conv1.v Line: 85
    Info (12134): Parameter "clock_enable_input_a" = "BYPASS"
    Info (12134): Parameter "clock_enable_output_a" = "BYPASS"
    Info (12134): Parameter "intended_device_family" = "Cyclone IV E"
    Info (12134): Parameter "lpm_hint" = "ENABLE_RUNTIME_MOD=NO"
    Info (12134): Parameter "lpm_type" = "altsyncram"
    Info (12134): Parameter "numwords_a" = "4608"
    Info (12134): Parameter "operation_mode" = "SINGLE_PORT"
    Info (12134): Parameter "outdata_aclr_a" = "NONE"
    Info (12134): Parameter "outdata_reg_a" = "UNREGISTERED"
    Info (12134): Parameter "power_up_uninitialized" = "FALSE"
    Info (12134): Parameter "ram_block_type" = "M9K"
    Info (12134): Parameter "read_during_write_mode_port_a" = "NEW_DATA_NO_NBE_READ"
    Info (12134): Parameter "widthad_a" = "13"
    Info (12134): Parameter "width_a" = "32"
    Info (12134): Parameter "width_byteena_a" = "1"
Info (12021): Found 1 design units, including 1 entities, in source file db/altsyncram_i5i1.tdf
    Info (12023): Found entity 1: altsyncram_i5i1 File: C:/Users/DELL/Desktop/CNN/FPGA/FPGA_CNN_Detect_Number_PC/db/altsyncram_i5i1.tdf Line: 27
Info (12128): Elaborating entity "altsyncram_i5i1" for hierarchy "img_conv1:u_img_conv1|altsyncram:altsyncram_component|altsyncram_i5i1:auto_generated" File: c:/intelfpga_lite/17.1/quartus/libraries/megafunctions/altsyncram.tdf Line: 791
Info (12128): Elaborating entity "pool1" for hierarchy "pool1:u_pool1" File: C:/Users/DELL/Desktop/CNN/FPGA/FPGA_CNN_Detect_Number_PC/top.v Line: 1123
Info (12128): Elaborating entity "altsyncram" for hierarchy "pool1:u_pool1|altsyncram:altsyncram_component" File: C:/Users/DELL/Desktop/CNN/FPGA/FPGA_CNN_Detect_Number_PC/pool1.v Line: 85
Info (12130): Elaborated megafunction instantiation "pool1:u_pool1|altsyncram:altsyncram_component" File: C:/Users/DELL/Desktop/CNN/FPGA/FPGA_CNN_Detect_Number_PC/pool1.v Line: 85
Info (12133): Instantiated megafunction "pool1:u_pool1|altsyncram:altsyncram_component" with the following parameter: File: C:/Users/DELL/Desktop/CNN/FPGA/FPGA_CNN_Detect_Number_PC/pool1.v Line: 85
    Info (12134): Parameter "clock_enable_input_a" = "BYPASS"
    Info (12134): Parameter "clock_enable_output_a" = "BYPASS"
    Info (12134): Parameter "intended_device_family" = "Cyclone IV E"
    Info (12134): Parameter "lpm_hint" = "ENABLE_RUNTIME_MOD=NO"
    Info (12134): Parameter "lpm_type" = "altsyncram"
    Info (12134): Parameter "numwords_a" = "1152"
    Info (12134): Parameter "operation_mode" = "SINGLE_PORT"
    Info (12134): Parameter "outdata_aclr_a" = "NONE"
    Info (12134): Parameter "outdata_reg_a" = "UNREGISTERED"
    Info (12134): Parameter "power_up_uninitialized" = "FALSE"
    Info (12134): Parameter "read_during_write_mode_port_a" = "NEW_DATA_NO_NBE_READ"
    Info (12134): Parameter "widthad_a" = "11"
    Info (12134): Parameter "width_a" = "32"
    Info (12134): Parameter "width_byteena_a" = "1"
Info (12021): Found 1 design units, including 1 entities, in source file db/altsyncram_a9g1.tdf
    Info (12023): Found entity 1: altsyncram_a9g1 File: C:/Users/DELL/Desktop/CNN/FPGA/FPGA_CNN_Detect_Number_PC/db/altsyncram_a9g1.tdf Line: 27
Info (12128): Elaborating entity "altsyncram_a9g1" for hierarchy "pool1:u_pool1|altsyncram:altsyncram_component|altsyncram_a9g1:auto_generated" File: c:/intelfpga_lite/17.1/quartus/libraries/megafunctions/altsyncram.tdf Line: 791
Info (12128): Elaborating entity "conv2_w" for hierarchy "conv2_w:u_conv2w" File: C:/Users/DELL/Desktop/CNN/FPGA/FPGA_CNN_Detect_Number_PC/top.v Line: 1131
Info (12128): Elaborating entity "altsyncram" for hierarchy "conv2_w:u_conv2w|altsyncram:altsyncram_component" File: C:/Users/DELL/Desktop/CNN/FPGA/FPGA_CNN_Detect_Number_PC/conv2_w.v Line: 85
Info (12130): Elaborated megafunction instantiation "conv2_w:u_conv2w|altsyncram:altsyncram_component" File: C:/Users/DELL/Desktop/CNN/FPGA/FPGA_CNN_Detect_Number_PC/conv2_w.v Line: 85
Info (12133): Instantiated megafunction "conv2_w:u_conv2w|altsyncram:altsyncram_component" with the following parameter: File: C:/Users/DELL/Desktop/CNN/FPGA/FPGA_CNN_Detect_Number_PC/conv2_w.v Line: 85
    Info (12134): Parameter "clock_enable_input_a" = "BYPASS"
    Info (12134): Parameter "clock_enable_output_a" = "BYPASS"
    Info (12134): Parameter "init_file" = "conv2_w_q88.mif"
    Info (12134): Parameter "intended_device_family" = "Cyclone IV E"
    Info (12134): Parameter "lpm_hint" = "ENABLE_RUNTIME_MOD=NO"
    Info (12134): Parameter "lpm_type" = "altsyncram"
    Info (12134): Parameter "numwords_a" = "3200"
    Info (12134): Parameter "operation_mode" = "SINGLE_PORT"
    Info (12134): Parameter "outdata_aclr_a" = "NONE"
    Info (12134): Parameter "outdata_reg_a" = "UNREGISTERED"
    Info (12134): Parameter "power_up_uninitialized" = "FALSE"
    Info (12134): Parameter "ram_block_type" = "M9K"
    Info (12134): Parameter "read_during_write_mode_port_a" = "NEW_DATA_NO_NBE_READ"
    Info (12134): Parameter "widthad_a" = "12"
    Info (12134): Parameter "width_a" = "16"
    Info (12134): Parameter "width_byteena_a" = "1"
Info (12021): Found 1 design units, including 1 entities, in source file db/altsyncram_2jk1.tdf
    Info (12023): Found entity 1: altsyncram_2jk1 File: C:/Users/DELL/Desktop/CNN/FPGA/FPGA_CNN_Detect_Number_PC/db/altsyncram_2jk1.tdf Line: 27
Info (12128): Elaborating entity "altsyncram_2jk1" for hierarchy "conv2_w:u_conv2w|altsyncram:altsyncram_component|altsyncram_2jk1:auto_generated" File: c:/intelfpga_lite/17.1/quartus/libraries/megafunctions/altsyncram.tdf Line: 791
Info (12128): Elaborating entity "img_conv2" for hierarchy "img_conv2:u_img_conv2" File: C:/Users/DELL/Desktop/CNN/FPGA/FPGA_CNN_Detect_Number_PC/top.v Line: 1139
Info (12128): Elaborating entity "altsyncram" for hierarchy "img_conv2:u_img_conv2|altsyncram:altsyncram_component" File: C:/Users/DELL/Desktop/CNN/FPGA/FPGA_CNN_Detect_Number_PC/img_conv2.v Line: 85
Info (12130): Elaborated megafunction instantiation "img_conv2:u_img_conv2|altsyncram:altsyncram_component" File: C:/Users/DELL/Desktop/CNN/FPGA/FPGA_CNN_Detect_Number_PC/img_conv2.v Line: 85
Info (12133): Instantiated megafunction "img_conv2:u_img_conv2|altsyncram:altsyncram_component" with the following parameter: File: C:/Users/DELL/Desktop/CNN/FPGA/FPGA_CNN_Detect_Number_PC/img_conv2.v Line: 85
    Info (12134): Parameter "clock_enable_input_a" = "BYPASS"
    Info (12134): Parameter "clock_enable_output_a" = "BYPASS"
    Info (12134): Parameter "intended_device_family" = "Cyclone IV E"
    Info (12134): Parameter "lpm_hint" = "ENABLE_RUNTIME_MOD=NO"
    Info (12134): Parameter "lpm_type" = "altsyncram"
    Info (12134): Parameter "numwords_a" = "1024"
    Info (12134): Parameter "operation_mode" = "SINGLE_PORT"
    Info (12134): Parameter "outdata_aclr_a" = "NONE"
    Info (12134): Parameter "outdata_reg_a" = "UNREGISTERED"
    Info (12134): Parameter "power_up_uninitialized" = "FALSE"
    Info (12134): Parameter "ram_block_type" = "M9K"
    Info (12134): Parameter "read_during_write_mode_port_a" = "NEW_DATA_NO_NBE_READ"
    Info (12134): Parameter "widthad_a" = "10"
    Info (12134): Parameter "width_a" = "32"
    Info (12134): Parameter "width_byteena_a" = "1"
Info (12021): Found 1 design units, including 1 entities, in source file db/altsyncram_45i1.tdf
    Info (12023): Found entity 1: altsyncram_45i1 File: C:/Users/DELL/Desktop/CNN/FPGA/FPGA_CNN_Detect_Number_PC/db/altsyncram_45i1.tdf Line: 27
Info (12128): Elaborating entity "altsyncram_45i1" for hierarchy "img_conv2:u_img_conv2|altsyncram:altsyncram_component|altsyncram_45i1:auto_generated" File: c:/intelfpga_lite/17.1/quartus/libraries/megafunctions/altsyncram.tdf Line: 791
Info (12128): Elaborating entity "pool2" for hierarchy "pool2:u_pool2" File: C:/Users/DELL/Desktop/CNN/FPGA/FPGA_CNN_Detect_Number_PC/top.v Line: 1147
Info (12128): Elaborating entity "altsyncram" for hierarchy "pool2:u_pool2|altsyncram:altsyncram_component" File: C:/Users/DELL/Desktop/CNN/FPGA/FPGA_CNN_Detect_Number_PC/pool2.v Line: 85
Info (12130): Elaborated megafunction instantiation "pool2:u_pool2|altsyncram:altsyncram_component" File: C:/Users/DELL/Desktop/CNN/FPGA/FPGA_CNN_Detect_Number_PC/pool2.v Line: 85
Info (12133): Instantiated megafunction "pool2:u_pool2|altsyncram:altsyncram_component" with the following parameter: File: C:/Users/DELL/Desktop/CNN/FPGA/FPGA_CNN_Detect_Number_PC/pool2.v Line: 85
    Info (12134): Parameter "clock_enable_input_a" = "BYPASS"
    Info (12134): Parameter "clock_enable_output_a" = "BYPASS"
    Info (12134): Parameter "intended_device_family" = "Cyclone IV E"
    Info (12134): Parameter "lpm_hint" = "ENABLE_RUNTIME_MOD=NO"
    Info (12134): Parameter "lpm_type" = "altsyncram"
    Info (12134): Parameter "numwords_a" = "256"
    Info (12134): Parameter "operation_mode" = "SINGLE_PORT"
    Info (12134): Parameter "outdata_aclr_a" = "NONE"
    Info (12134): Parameter "outdata_reg_a" = "UNREGISTERED"
    Info (12134): Parameter "power_up_uninitialized" = "FALSE"
    Info (12134): Parameter "ram_block_type" = "M9K"
    Info (12134): Parameter "read_during_write_mode_port_a" = "NEW_DATA_NO_NBE_READ"
    Info (12134): Parameter "widthad_a" = "8"
    Info (12134): Parameter "width_a" = "32"
    Info (12134): Parameter "width_byteena_a" = "1"
Info (12021): Found 1 design units, including 1 entities, in source file db/altsyncram_h2i1.tdf
    Info (12023): Found entity 1: altsyncram_h2i1 File: C:/Users/DELL/Desktop/CNN/FPGA/FPGA_CNN_Detect_Number_PC/db/altsyncram_h2i1.tdf Line: 27
Info (12128): Elaborating entity "altsyncram_h2i1" for hierarchy "pool2:u_pool2|altsyncram:altsyncram_component|altsyncram_h2i1:auto_generated" File: c:/intelfpga_lite/17.1/quartus/libraries/megafunctions/altsyncram.tdf Line: 791
Info (12128): Elaborating entity "fc_w" for hierarchy "fc_w:u_fc_w" File: C:/Users/DELL/Desktop/CNN/FPGA/FPGA_CNN_Detect_Number_PC/top.v Line: 1155
Info (12128): Elaborating entity "altsyncram" for hierarchy "fc_w:u_fc_w|altsyncram:altsyncram_component" File: C:/Users/DELL/Desktop/CNN/FPGA/FPGA_CNN_Detect_Number_PC/fc_w.v Line: 85
Info (12130): Elaborated megafunction instantiation "fc_w:u_fc_w|altsyncram:altsyncram_component" File: C:/Users/DELL/Desktop/CNN/FPGA/FPGA_CNN_Detect_Number_PC/fc_w.v Line: 85
Info (12133): Instantiated megafunction "fc_w:u_fc_w|altsyncram:altsyncram_component" with the following parameter: File: C:/Users/DELL/Desktop/CNN/FPGA/FPGA_CNN_Detect_Number_PC/fc_w.v Line: 85
    Info (12134): Parameter "clock_enable_input_a" = "BYPASS"
    Info (12134): Parameter "clock_enable_output_a" = "BYPASS"
    Info (12134): Parameter "init_file" = "fc_w_q88.mif"
    Info (12134): Parameter "intended_device_family" = "Cyclone IV E"
    Info (12134): Parameter "lpm_hint" = "ENABLE_RUNTIME_MOD=NO"
    Info (12134): Parameter "lpm_type" = "altsyncram"
    Info (12134): Parameter "numwords_a" = "2560"
    Info (12134): Parameter "operation_mode" = "SINGLE_PORT"
    Info (12134): Parameter "outdata_aclr_a" = "NONE"
    Info (12134): Parameter "outdata_reg_a" = "UNREGISTERED"
    Info (12134): Parameter "power_up_uninitialized" = "FALSE"
    Info (12134): Parameter "ram_block_type" = "M9K"
    Info (12134): Parameter "read_during_write_mode_port_a" = "NEW_DATA_NO_NBE_READ"
    Info (12134): Parameter "widthad_a" = "12"
    Info (12134): Parameter "width_a" = "16"
    Info (12134): Parameter "width_byteena_a" = "1"
Info (12021): Found 1 design units, including 1 entities, in source file db/altsyncram_bak1.tdf
    Info (12023): Found entity 1: altsyncram_bak1 File: C:/Users/DELL/Desktop/CNN/FPGA/FPGA_CNN_Detect_Number_PC/db/altsyncram_bak1.tdf Line: 27
Info (12128): Elaborating entity "altsyncram_bak1" for hierarchy "fc_w:u_fc_w|altsyncram:altsyncram_component|altsyncram_bak1:auto_generated" File: c:/intelfpga_lite/17.1/quartus/libraries/megafunctions/altsyncram.tdf Line: 791
Info (12128): Elaborating entity "uartWrite" for hierarchy "uartWrite:u5" File: C:/Users/DELL/Desktop/CNN/FPGA/FPGA_CNN_Detect_Number_PC/top.v Line: 1164
Info (10264): Verilog HDL Case Statement information at uartWrite.v(50): all case item expressions in this case statement are onehot File: C:/Users/DELL/Desktop/CNN/FPGA/FPGA_CNN_Detect_Number_PC/uartWrite.v Line: 50
Warning (276020): Inferred RAM node "score_rtl_0" from synchronous design logic.  Pass-through logic has been added to match the read-during-write behavior of the original design.
Info (276014): Found 4 instances of uninferred RAM logic
    Info (276007): RAM logic "score" is uninferred due to asynchronous read logic File: C:/Users/DELL/Desktop/CNN/FPGA/FPGA_CNN_Detect_Number_PC/top.v Line: 18
    Info (276004): RAM logic "fc_b" is uninferred due to inappropriate RAM size File: C:/Users/DELL/Desktop/CNN/FPGA/FPGA_CNN_Detect_Number_PC/top.v Line: 28
    Info (276004): RAM logic "conv2_b" is uninferred due to inappropriate RAM size File: C:/Users/DELL/Desktop/CNN/FPGA/FPGA_CNN_Detect_Number_PC/top.v Line: 26
    Info (276004): RAM logic "conv1_b" is uninferred due to inappropriate RAM size File: C:/Users/DELL/Desktop/CNN/FPGA/FPGA_CNN_Detect_Number_PC/top.v Line: 24
Critical Warning (127005): Memory depth (16) in the design file differs from memory depth (10) in the Memory Initialization File "C:/Users/DELL/Desktop/CNN/FPGA/FPGA_CNN_Detect_Number_PC/db/top.ram2_top_1fc36.hdl.mif" -- setting initial value for remaining addresses to 0
Info (19000): Inferred 1 megafunctions from design logic
    Info (276029): Inferred altsyncram megafunction from the following design logic: "score_rtl_0" 
        Info (286033): Parameter OPERATION_MODE set to DUAL_PORT
        Info (286033): Parameter WIDTH_A set to 32
        Info (286033): Parameter WIDTHAD_A set to 4
        Info (286033): Parameter NUMWORDS_A set to 10
        Info (286033): Parameter WIDTH_B set to 32
        Info (286033): Parameter WIDTHAD_B set to 4
        Info (286033): Parameter NUMWORDS_B set to 10
        Info (286033): Parameter ADDRESS_ACLR_A set to NONE
        Info (286033): Parameter OUTDATA_REG_B set to UNREGISTERED
        Info (286033): Parameter ADDRESS_ACLR_B set to NONE
        Info (286033): Parameter OUTDATA_ACLR_B set to NONE
        Info (286033): Parameter ADDRESS_REG_B set to CLOCK0
        Info (286033): Parameter INDATA_ACLR_A set to NONE
        Info (286033): Parameter WRCONTROL_ACLR_A set to NONE
        Info (286033): Parameter RAM_BLOCK_TYPE set to M9K
        Info (286033): Parameter READ_DURING_WRITE_MODE_MIXED_PORTS set to OLD_DATA
Info (278001): Inferred 3 megafunctions from design logic
    Info (278003): Inferred multiplier megafunction ("lpm_mult") from the following logic: "Mult1" File: C:/Users/DELL/Desktop/CNN/FPGA/FPGA_CNN_Detect_Number_PC/top.v Line: 554
    Info (278003): Inferred multiplier megafunction ("lpm_mult") from the following logic: "Mult2" File: C:/Users/DELL/Desktop/CNN/FPGA/FPGA_CNN_Detect_Number_PC/top.v Line: 761
    Info (278003): Inferred multiplier megafunction ("lpm_mult") from the following logic: "Mult0" File: C:/Users/DELL/Desktop/CNN/FPGA/FPGA_CNN_Detect_Number_PC/top.v Line: 355
Info (12130): Elaborated megafunction instantiation "altsyncram:score_rtl_0"
Info (12133): Instantiated megafunction "altsyncram:score_rtl_0" with the following parameter:
    Info (12134): Parameter "OPERATION_MODE" = "DUAL_PORT"
    Info (12134): Parameter "WIDTH_A" = "32"
    Info (12134): Parameter "WIDTHAD_A" = "4"
    Info (12134): Parameter "NUMWORDS_A" = "10"
    Info (12134): Parameter "WIDTH_B" = "32"
    Info (12134): Parameter "WIDTHAD_B" = "4"
    Info (12134): Parameter "NUMWORDS_B" = "10"
    Info (12134): Parameter "ADDRESS_ACLR_A" = "NONE"
    Info (12134): Parameter "OUTDATA_REG_B" = "UNREGISTERED"
    Info (12134): Parameter "ADDRESS_ACLR_B" = "NONE"
    Info (12134): Parameter "OUTDATA_ACLR_B" = "NONE"
    Info (12134): Parameter "ADDRESS_REG_B" = "CLOCK0"
    Info (12134): Parameter "INDATA_ACLR_A" = "NONE"
    Info (12134): Parameter "WRCONTROL_ACLR_A" = "NONE"
    Info (12134): Parameter "RAM_BLOCK_TYPE" = "M9K"
    Info (12134): Parameter "READ_DURING_WRITE_MODE_MIXED_PORTS" = "OLD_DATA"
Info (12021): Found 1 design units, including 1 entities, in source file db/altsyncram_87k1.tdf
    Info (12023): Found entity 1: altsyncram_87k1 File: C:/Users/DELL/Desktop/CNN/FPGA/FPGA_CNN_Detect_Number_PC/db/altsyncram_87k1.tdf Line: 27
Info (12130): Elaborated megafunction instantiation "lpm_mult:Mult1" File: C:/Users/DELL/Desktop/CNN/FPGA/FPGA_CNN_Detect_Number_PC/top.v Line: 554
Info (12133): Instantiated megafunction "lpm_mult:Mult1" with the following parameter: File: C:/Users/DELL/Desktop/CNN/FPGA/FPGA_CNN_Detect_Number_PC/top.v Line: 554
    Info (12134): Parameter "LPM_WIDTHA" = "32"
    Info (12134): Parameter "LPM_WIDTHB" = "16"
    Info (12134): Parameter "LPM_WIDTHP" = "48"
    Info (12134): Parameter "LPM_WIDTHR" = "48"
    Info (12134): Parameter "LPM_WIDTHS" = "1"
    Info (12134): Parameter "LPM_REPRESENTATION" = "SIGNED"
    Info (12134): Parameter "INPUT_A_IS_CONSTANT" = "NO"
    Info (12134): Parameter "INPUT_B_IS_CONSTANT" = "NO"
    Info (12134): Parameter "MAXIMIZE_SPEED" = "5"
Info (12021): Found 1 design units, including 1 entities, in source file db/mult_86t.tdf
    Info (12023): Found entity 1: mult_86t File: C:/Users/DELL/Desktop/CNN/FPGA/FPGA_CNN_Detect_Number_PC/db/mult_86t.tdf Line: 30
Info (12130): Elaborated megafunction instantiation "lpm_mult:Mult2" File: C:/Users/DELL/Desktop/CNN/FPGA/FPGA_CNN_Detect_Number_PC/top.v Line: 761
Info (12133): Instantiated megafunction "lpm_mult:Mult2" with the following parameter: File: C:/Users/DELL/Desktop/CNN/FPGA/FPGA_CNN_Detect_Number_PC/top.v Line: 761
    Info (12134): Parameter "LPM_WIDTHA" = "32"
    Info (12134): Parameter "LPM_WIDTHB" = "64"
    Info (12134): Parameter "LPM_WIDTHP" = "96"
    Info (12134): Parameter "LPM_WIDTHR" = "96"
    Info (12134): Parameter "LPM_WIDTHS" = "1"
    Info (12134): Parameter "LPM_REPRESENTATION" = "UNSIGNED"
    Info (12134): Parameter "INPUT_A_IS_CONSTANT" = "NO"
    Info (12134): Parameter "INPUT_B_IS_CONSTANT" = "NO"
    Info (12134): Parameter "MAXIMIZE_SPEED" = "5"
Info (12021): Found 1 design units, including 1 entities, in source file db/mult_hdt.tdf
    Info (12023): Found entity 1: mult_hdt File: C:/Users/DELL/Desktop/CNN/FPGA/FPGA_CNN_Detect_Number_PC/db/mult_hdt.tdf Line: 30
Info (12130): Elaborated megafunction instantiation "lpm_mult:Mult0" File: C:/Users/DELL/Desktop/CNN/FPGA/FPGA_CNN_Detect_Number_PC/top.v Line: 355
Info (12133): Instantiated megafunction "lpm_mult:Mult0" with the following parameter: File: C:/Users/DELL/Desktop/CNN/FPGA/FPGA_CNN_Detect_Number_PC/top.v Line: 355
    Info (12134): Parameter "LPM_WIDTHA" = "17"
    Info (12134): Parameter "LPM_WIDTHB" = "16"
    Info (12134): Parameter "LPM_WIDTHP" = "33"
    Info (12134): Parameter "LPM_WIDTHR" = "33"
    Info (12134): Parameter "LPM_WIDTHS" = "1"
    Info (12134): Parameter "LPM_REPRESENTATION" = "SIGNED"
    Info (12134): Parameter "INPUT_A_IS_CONSTANT" = "NO"
    Info (12134): Parameter "INPUT_B_IS_CONSTANT" = "NO"
    Info (12134): Parameter "MAXIMIZE_SPEED" = "5"
Info (12021): Found 1 design units, including 1 entities, in source file db/mult_56t.tdf
    Info (12023): Found entity 1: mult_56t File: C:/Users/DELL/Desktop/CNN/FPGA/FPGA_CNN_Detect_Number_PC/db/mult_56t.tdf Line: 28
Warning (14284): Synthesized away the following node(s):
    Warning (14285): Synthesized away the following DSP element node(s):
        Warning (14320): Synthesized away node "lpm_mult:Mult2|mult_hdt:auto_generated|mac_mult15" File: C:/Users/DELL/Desktop/CNN/FPGA/FPGA_CNN_Detect_Number_PC/db/mult_hdt.tdf Line: 67
        Warning (14320): Synthesized away node "lpm_mult:Mult2|mult_hdt:auto_generated|mac_out16" File: C:/Users/DELL/Desktop/CNN/FPGA/FPGA_CNN_Detect_Number_PC/db/mult_hdt.tdf Line: 127
Warning (12241): 1 hierarchies have connectivity warnings - see the Connectivity Checks report folder
Info (13014): Ignored 462 buffer(s)
    Info (13019): Ignored 462 SOFT buffer(s)
Info (13000): Registers with preset signals will power-up high File: C:/Users/DELL/Desktop/CNN/FPGA/FPGA_CNN_Detect_Number_PC/uartWrite.v Line: 49
Info (13003): DEV_CLRn pin will set, and not reset, register with preset signal due to NOT Gate Push-Back
Info (286030): Timing-Driven Synthesis is running
Info (17049): 48 registers lost all their fanouts during netlist optimizations.
Info (17036): Removed 3 MSB VCC or GND address nodes from RAM block "conv1:conv1_w|altsyncram:altsyncram_component|altsyncram_ejk1:auto_generated|ALTSYNCRAM" File: C:/Users/DELL/Desktop/CNN/FPGA/FPGA_CNN_Detect_Number_PC/db/altsyncram_ejk1.tdf Line: 32
Info (17016): Found the following redundant logic cells in design
    Info (17048): Logic cell "addr_conv2w[7]~6" File: C:/Users/DELL/Desktop/CNN/FPGA/FPGA_CNN_Detect_Number_PC/top.v Line: 308
    Info (17048): Logic cell "addr_conv2w[8]~8" File: C:/Users/DELL/Desktop/CNN/FPGA/FPGA_CNN_Detect_Number_PC/top.v Line: 308
    Info (17048): Logic cell "addr_conv2w[9]~10" File: C:/Users/DELL/Desktop/CNN/FPGA/FPGA_CNN_Detect_Number_PC/top.v Line: 308
    Info (17048): Logic cell "addr_conv2w[10]~12" File: C:/Users/DELL/Desktop/CNN/FPGA/FPGA_CNN_Detect_Number_PC/top.v Line: 308
    Info (17048): Logic cell "addr_conv2w[11]~14" File: C:/Users/DELL/Desktop/CNN/FPGA/FPGA_CNN_Detect_Number_PC/top.v Line: 308
Info (144001): Generated suppressed messages file C:/Users/DELL/Desktop/CNN/FPGA/FPGA_CNN_Detect_Number_PC/output_files/top.map.smsg
Info (16010): Generating hard_block partition "hard_block:auto_generated_inst"
    Info (16011): Adding 1 node(s), including 0 DDIO, 1 PLL, 0 transceiver and 0 LCELL
Warning (21074): Design contains 2 input pin(s) that do not drive logic
    Warning (15610): No output dependent on input pin "start" File: C:/Users/DELL/Desktop/CNN/FPGA/FPGA_CNN_Detect_Number_PC/top.v Line: 4
    Warning (15610): No output dependent on input pin "stop" File: C:/Users/DELL/Desktop/CNN/FPGA/FPGA_CNN_Detect_Number_PC/top.v Line: 5
Info (21057): Implemented 2656 device resources after synthesis - the final resource count might be different
    Info (21058): Implemented 5 input pins
    Info (21059): Implemented 18 output pins
    Info (21061): Implemented 2388 logic cells
    Info (21064): Implemented 224 RAM segments
    Info (21065): Implemented 1 PLLs
    Info (21062): Implemented 20 DSP elements
Info: Quartus Prime Analysis & Synthesis was successful. 0 errors, 40 warnings
    Info: Peak virtual memory: 4817 megabytes
    Info: Processing ended: Fri Sep 18 14:09:05 2026
    Info: Elapsed time: 00:00:14
    Info: Total CPU time (on all processors): 00:00:25


+------------------------------------------+
; Analysis & Synthesis Suppressed Messages ;
+------------------------------------------+
The suppressed messages can be found in C:/Users/DELL/Desktop/CNN/FPGA/FPGA_CNN_Detect_Number_PC/output_files/top.map.smsg.


