TimeQuest Timing Analyzer report for top
Fri Sep 18 14:09:32 2026
Quartus Prime Version 17.1.0 Build 590 10/25/2017 SJ Lite Edition


---------------------
; Table of Contents ;
---------------------
  1. Legal Notice
  2. TimeQuest Timing Analyzer Summary
  3. Parallel Compilation
  4. Clocks
  5. Slow 1200mV 85C Model Fmax Summary
  6. Timing Closure Recommendations
  7. Slow 1200mV 85C Model Setup Summary
  8. Slow 1200mV 85C Model Hold Summary
  9. Slow 1200mV 85C Model Recovery Summary
 10. Slow 1200mV 85C Model Removal Summary
 11. Slow 1200mV 85C Model Minimum Pulse Width Summary
 12. Slow 1200mV 85C Model Setup: 'clk'
 13. Slow 1200mV 85C Model Setup: 'uartWrite:u5|clock'
 14. Slow 1200mV 85C Model Setup: 'u_pll|altpll_component|auto_generated|pll1|clk[0]'
 15. Slow 1200mV 85C Model Hold: 'clk'
 16. Slow 1200mV 85C Model Hold: 'uartWrite:u5|clock'
 17. Slow 1200mV 85C Model Hold: 'u_pll|altpll_component|auto_generated|pll1|clk[0]'
 18. Slow 1200mV 85C Model Metastability Summary
 19. Slow 1200mV 0C Model Fmax Summary
 20. Slow 1200mV 0C Model Setup Summary
 21. Slow 1200mV 0C Model Hold Summary
 22. Slow 1200mV 0C Model Recovery Summary
 23. Slow 1200mV 0C Model Removal Summary
 24. Slow 1200mV 0C Model Minimum Pulse Width Summary
 25. Slow 1200mV 0C Model Setup: 'clk'
 26. Slow 1200mV 0C Model Setup: 'uartWrite:u5|clock'
 27. Slow 1200mV 0C Model Setup: 'u_pll|altpll_component|auto_generated|pll1|clk[0]'
 28. Slow 1200mV 0C Model Hold: 'clk'
 29. Slow 1200mV 0C Model Hold: 'uartWrite:u5|clock'
 30. Slow 1200mV 0C Model Hold: 'u_pll|altpll_component|auto_generated|pll1|clk[0]'
 31. Slow 1200mV 0C Model Metastability Summary
 32. Fast 1200mV 0C Model Setup Summary
 33. Fast 1200mV 0C Model Hold Summary
 34. Fast 1200mV 0C Model Recovery Summary
 35. Fast 1200mV 0C Model Removal Summary
 36. Fast 1200mV 0C Model Minimum Pulse Width Summary
 37. Fast 1200mV 0C Model Setup: 'clk'
 38. Fast 1200mV 0C Model Setup: 'uartWrite:u5|clock'
 39. Fast 1200mV 0C Model Setup: 'u_pll|altpll_component|auto_generated|pll1|clk[0]'
 40. Fast 1200mV 0C Model Hold: 'clk'
 41. Fast 1200mV 0C Model Hold: 'uartWrite:u5|clock'
 42. Fast 1200mV 0C Model Hold: 'u_pll|altpll_component|auto_generated|pll1|clk[0]'
 43. Fast 1200mV 0C Model Metastability Summary
 44. Multicorner Timing Analysis Summary
 45. Board Trace Model Assignments
 46. Input Transition Times
 47. Signal Integrity Metrics (Slow 1200mv 0c Model)
 48. Signal Integrity Metrics (Slow 1200mv 85c Model)
 49. Signal Integrity Metrics (Fast 1200mv 0c Model)
 50. Setup Transfers
 51. Hold Transfers
 52. Report TCCS
 53. Report RSKM
 54. Unconstrained Paths Summary
 55. Clock Status Summary
 56. Unconstrained Input Ports
 57. Unconstrained Output Ports
 58. Unconstrained Input Ports
 59. Unconstrained Output Ports
 60. TimeQuest Timing Analyzer Messages



----------------
; Legal Notice ;
----------------
Copyright (C) 2017  Intel Corporation. All rights reserved.
Your use of Intel Corporation's design tools, logic functions 
and other software and tools, and its AMPP partner logic 
functions, and any output files from any of the foregoing 
(including device programming or simulation files), and any 
associated documentation or information are expressly subject 
to the terms and conditions of the Intel Program License 
Subscription Agreement, the Intel Quartus Prime License Agreement,
the Intel FPGA IP License Agreement, or other applicable license
agreement, including, without limitation, that your use is for
the sole purpose of programming logic devices manufactured by
Intel and sold by Intel or its authorized distributors.  Please
refer to the applicable agreement for further details.



+-----------------------------------------------------------------------------+
; TimeQuest Timing Analyzer Summary                                           ;
+-----------------------+-----------------------------------------------------+
; Quartus Prime Version ; Version 17.1.0 Build 590 10/25/2017 SJ Lite Edition ;
; Timing Analyzer       ; TimeQuest                                           ;
; Revision Name         ; top                                                 ;
; Device Family         ; Cyclone IV E                                        ;
; Device Name           ; EP4CE115F29C7                                       ;
; Timing Models         ; Final                                               ;
; Delay Model           ; Combined                                            ;
; Rise/Fall Delays      ; Enabled                                             ;
+-----------------------+-----------------------------------------------------+


+------------------------------------------+
; Parallel Compilation                     ;
+----------------------------+-------------+
; Processors                 ; Number      ;
+----------------------------+-------------+
; Number detected on machine ; 8           ;
; Maximum allowed            ; 4           ;
;                            ;             ;
; Average used               ; 1.22        ;
; Maximum used               ; 4           ;
;                            ;             ;
; Usage by Processor         ; % Time Used ;
;     Processor 1            ; 100.0%      ;
;     Processor 2            ;  10.2%      ;
;     Processor 3            ;   7.1%      ;
;     Processor 4            ;   5.0%      ;
+----------------------------+-------------+


+-------------------------------------------------------------------------------------------------------------------------------------------------------------------------------------------------------------------------------------------------------------------------------------------------------------------------+
; Clocks                                                                                                                                                                                                                                                                                                                  ;
+---------------------------------------------------+-----------+--------+------------+-------+--------+------------+-----------+-------------+-------+--------+-----------+------------+----------+--------+-----------------------------------------------------+-------------------------------------------------------+
; Clock Name                                        ; Type      ; Period ; Frequency  ; Rise  ; Fall   ; Duty Cycle ; Divide by ; Multiply by ; Phase ; Offset ; Edge List ; Edge Shift ; Inverted ; Master ; Source                                              ; Targets                                               ;
+---------------------------------------------------+-----------+--------+------------+-------+--------+------------+-----------+-------------+-------+--------+-----------+------------+----------+--------+-----------------------------------------------------+-------------------------------------------------------+
; clk                                               ; Base      ; 20.000 ; 50.0 MHz   ; 0.000 ; 10.000 ;            ;           ;             ;       ;        ;           ;            ;          ;        ;                                                     ; { clk }                                               ;
; u_pll|altpll_component|auto_generated|pll1|clk[0] ; Generated ; 10.000 ; 100.0 MHz  ; 0.000 ; 5.000  ; 50.00      ; 1         ; 2           ;       ;        ;           ;            ; false    ; clk    ; u_pll|altpll_component|auto_generated|pll1|inclk[0] ; { u_pll|altpll_component|auto_generated|pll1|clk[0] } ;
; uartWrite:u5|clock                                ; Base      ; 1.000  ; 1000.0 MHz ; 0.000 ; 0.500  ;            ;           ;             ;       ;        ;           ;            ;          ;        ;                                                     ; { uartWrite:u5|clock }                                ;
+---------------------------------------------------+-----------+--------+------------+-------+--------+------------+-----------+-------------+-------+--------+-----------+------------+----------+--------+-----------------------------------------------------+-------------------------------------------------------+


+----------------------------------------------------------+
; Slow 1200mV 85C Model Fmax Summary                       ;
+------------+-----------------+--------------------+------+
; Fmax       ; Restricted Fmax ; Clock Name         ; Note ;
+------------+-----------------+--------------------+------+
; 74.17 MHz  ; 74.17 MHz       ; clk                ;      ;
; 419.82 MHz ; 419.82 MHz      ; uartWrite:u5|clock ;      ;
+------------+-----------------+--------------------+------+
This panel reports FMAX for every clock in the design, regardless of the user-specified clock periods.  FMAX is only computed for paths where the source and destination registers or ports are driven by the same clock.  Paths of different clocks, including generated clocks, are ignored.  For paths between a clock and its inversion, FMAX is computed as if the rising and falling edges are scaled along with FMAX, such that the duty cycle (in terms of a percentage) is maintained. Altera recommends that you always use clock constraints and other slack reports for sign-off analysis.


----------------------------------
; Timing Closure Recommendations ;
----------------------------------
HTML report is unavailable in plain text report export.


+----------------------------------------------------------------------------+
; Slow 1200mV 85C Model Setup Summary                                        ;
+---------------------------------------------------+--------+---------------+
; Clock                                             ; Slack  ; End Point TNS ;
+---------------------------------------------------+--------+---------------+
; clk                                               ; -4.906 ; -228.693      ;
; uartWrite:u5|clock                                ; -1.382 ; -10.957       ;
; u_pll|altpll_component|auto_generated|pll1|clk[0] ; 1.733  ; 0.000         ;
+---------------------------------------------------+--------+---------------+


+---------------------------------------------------------------------------+
; Slow 1200mV 85C Model Hold Summary                                        ;
+---------------------------------------------------+-------+---------------+
; Clock                                             ; Slack ; End Point TNS ;
+---------------------------------------------------+-------+---------------+
; clk                                               ; 0.338 ; 0.000         ;
; uartWrite:u5|clock                                ; 0.403 ; 0.000         ;
; u_pll|altpll_component|auto_generated|pll1|clk[0] ; 2.860 ; 0.000         ;
+---------------------------------------------------+-------+---------------+


------------------------------------------
; Slow 1200mV 85C Model Recovery Summary ;
------------------------------------------
No paths to report.


-----------------------------------------
; Slow 1200mV 85C Model Removal Summary ;
-----------------------------------------
No paths to report.


+----------------------------------------------------------------------------+
; Slow 1200mV 85C Model Minimum Pulse Width Summary                          ;
+---------------------------------------------------+--------+---------------+
; Clock                                             ; Slack  ; End Point TNS ;
+---------------------------------------------------+--------+---------------+
; uartWrite:u5|clock                                ; -1.285 ; -19.275       ;
; u_pll|altpll_component|auto_generated|pll1|clk[0] ; 4.750  ; 0.000         ;
; clk                                               ; 9.630  ; 0.000         ;
+---------------------------------------------------+--------+---------------+


+------------------------------------------------------------------------------------------------------------------------------------------------------------------------------------------------------------------------------------------------+
; Slow 1200mV 85C Model Setup: 'clk'                                                                                                                                                                                                             ;
+--------+------------------------------------------------------------------------------------------------------------------+---------+---------------------------------------------------+-------------+--------------+------------+------------+
; Slack  ; From Node                                                                                                        ; To Node ; Launch Clock                                      ; Latch Clock ; Relationship ; Clock Skew ; Data Delay ;
+--------+------------------------------------------------------------------------------------------------------------------+---------+---------------------------------------------------+-------------+--------------+------------+------------+
; -4.906 ; conv2_w:u_conv2w|altsyncram:altsyncram_component|altsyncram_2jk1:auto_generated|ram_block1a4~porta_address_reg0  ; acc[62] ; u_pll|altpll_component|auto_generated|pll1|clk[0] ; clk         ; 10.000       ; 2.643      ; 17.467     ;
; -4.855 ; conv2_w:u_conv2w|altsyncram:altsyncram_component|altsyncram_2jk1:auto_generated|ram_block1a0~porta_address_reg0  ; acc[62] ; u_pll|altpll_component|auto_generated|pll1|clk[0] ; clk         ; 10.000       ; 2.651      ; 17.424     ;
; -4.846 ; conv2_w:u_conv2w|altsyncram:altsyncram_component|altsyncram_2jk1:auto_generated|ram_block1a14~porta_address_reg0 ; acc[62] ; u_pll|altpll_component|auto_generated|pll1|clk[0] ; clk         ; 10.000       ; 2.648      ; 17.412     ;
; -4.842 ; conv2_w:u_conv2w|altsyncram:altsyncram_component|altsyncram_2jk1:auto_generated|ram_block1a4~porta_address_reg0  ; acc[61] ; u_pll|altpll_component|auto_generated|pll1|clk[0] ; clk         ; 10.000       ; 2.643      ; 17.403     ;
; -4.842 ; pool1:u_pool1|altsyncram:altsyncram_component|altsyncram_a9g1:auto_generated|ram_block1a10~porta_we_reg          ; acc[62] ; u_pll|altpll_component|auto_generated|pll1|clk[0] ; clk         ; 10.000       ; 2.627      ; 17.387     ;
; -4.822 ; pool1:u_pool1|altsyncram:altsyncram_component|altsyncram_a9g1:auto_generated|ram_block1a26~porta_we_reg          ; acc[62] ; u_pll|altpll_component|auto_generated|pll1|clk[0] ; clk         ; 10.000       ; 2.633      ; 17.373     ;
; -4.812 ; conv2_w:u_conv2w|altsyncram:altsyncram_component|altsyncram_2jk1:auto_generated|ram_block1a2~porta_address_reg0  ; acc[62] ; u_pll|altpll_component|auto_generated|pll1|clk[0] ; clk         ; 10.000       ; 2.647      ; 17.377     ;
; -4.810 ; conv2_w:u_conv2w|altsyncram:altsyncram_component|altsyncram_2jk1:auto_generated|ram_block1a8~porta_address_reg0  ; acc[62] ; u_pll|altpll_component|auto_generated|pll1|clk[0] ; clk         ; 10.000       ; 2.649      ; 17.377     ;
; -4.800 ; pool1:u_pool1|altsyncram:altsyncram_component|altsyncram_a9g1:auto_generated|ram_block1a0~porta_we_reg           ; acc[62] ; u_pll|altpll_component|auto_generated|pll1|clk[0] ; clk         ; 10.000       ; 2.630      ; 17.348     ;
; -4.795 ; conv2_w:u_conv2w|altsyncram:altsyncram_component|altsyncram_2jk1:auto_generated|ram_block1a12~porta_address_reg0 ; acc[62] ; u_pll|altpll_component|auto_generated|pll1|clk[0] ; clk         ; 10.000       ; 2.668      ; 17.381     ;
; -4.791 ; conv2_w:u_conv2w|altsyncram:altsyncram_component|altsyncram_2jk1:auto_generated|ram_block1a0~porta_address_reg0  ; acc[61] ; u_pll|altpll_component|auto_generated|pll1|clk[0] ; clk         ; 10.000       ; 2.651      ; 17.360     ;
; -4.782 ; conv2_w:u_conv2w|altsyncram:altsyncram_component|altsyncram_2jk1:auto_generated|ram_block1a14~porta_address_reg0 ; acc[61] ; u_pll|altpll_component|auto_generated|pll1|clk[0] ; clk         ; 10.000       ; 2.648      ; 17.348     ;
; -4.778 ; conv2_w:u_conv2w|altsyncram:altsyncram_component|altsyncram_2jk1:auto_generated|ram_block1a6~porta_address_reg0  ; acc[62] ; u_pll|altpll_component|auto_generated|pll1|clk[0] ; clk         ; 10.000       ; 2.665      ; 17.361     ;
; -4.778 ; pool1:u_pool1|altsyncram:altsyncram_component|altsyncram_a9g1:auto_generated|ram_block1a10~porta_we_reg          ; acc[61] ; u_pll|altpll_component|auto_generated|pll1|clk[0] ; clk         ; 10.000       ; 2.627      ; 17.323     ;
; -4.774 ; conv2_w:u_conv2w|altsyncram:altsyncram_component|altsyncram_2jk1:auto_generated|ram_block1a10~porta_address_reg0 ; acc[62] ; u_pll|altpll_component|auto_generated|pll1|clk[0] ; clk         ; 10.000       ; 2.660      ; 17.352     ;
; -4.758 ; pool1:u_pool1|altsyncram:altsyncram_component|altsyncram_a9g1:auto_generated|ram_block1a26~porta_we_reg          ; acc[61] ; u_pll|altpll_component|auto_generated|pll1|clk[0] ; clk         ; 10.000       ; 2.633      ; 17.309     ;
; -4.748 ; conv2_w:u_conv2w|altsyncram:altsyncram_component|altsyncram_2jk1:auto_generated|ram_block1a2~porta_address_reg0  ; acc[61] ; u_pll|altpll_component|auto_generated|pll1|clk[0] ; clk         ; 10.000       ; 2.647      ; 17.313     ;
; -4.746 ; conv2_w:u_conv2w|altsyncram:altsyncram_component|altsyncram_2jk1:auto_generated|ram_block1a8~porta_address_reg0  ; acc[61] ; u_pll|altpll_component|auto_generated|pll1|clk[0] ; clk         ; 10.000       ; 2.649      ; 17.313     ;
; -4.744 ; conv2_w:u_conv2w|altsyncram:altsyncram_component|altsyncram_2jk1:auto_generated|ram_block1a4~porta_address_reg0  ; acc[60] ; u_pll|altpll_component|auto_generated|pll1|clk[0] ; clk         ; 10.000       ; 2.643      ; 17.305     ;
; -4.736 ; pool1:u_pool1|altsyncram:altsyncram_component|altsyncram_a9g1:auto_generated|ram_block1a0~porta_we_reg           ; acc[61] ; u_pll|altpll_component|auto_generated|pll1|clk[0] ; clk         ; 10.000       ; 2.630      ; 17.284     ;
; -4.731 ; conv2_w:u_conv2w|altsyncram:altsyncram_component|altsyncram_2jk1:auto_generated|ram_block1a12~porta_address_reg0 ; acc[61] ; u_pll|altpll_component|auto_generated|pll1|clk[0] ; clk         ; 10.000       ; 2.668      ; 17.317     ;
; -4.714 ; conv2_w:u_conv2w|altsyncram:altsyncram_component|altsyncram_2jk1:auto_generated|ram_block1a6~porta_address_reg0  ; acc[61] ; u_pll|altpll_component|auto_generated|pll1|clk[0] ; clk         ; 10.000       ; 2.665      ; 17.297     ;
; -4.710 ; conv2_w:u_conv2w|altsyncram:altsyncram_component|altsyncram_2jk1:auto_generated|ram_block1a10~porta_address_reg0 ; acc[61] ; u_pll|altpll_component|auto_generated|pll1|clk[0] ; clk         ; 10.000       ; 2.660      ; 17.288     ;
; -4.693 ; conv2_w:u_conv2w|altsyncram:altsyncram_component|altsyncram_2jk1:auto_generated|ram_block1a0~porta_address_reg0  ; acc[60] ; u_pll|altpll_component|auto_generated|pll1|clk[0] ; clk         ; 10.000       ; 2.651      ; 17.262     ;
; -4.684 ; conv2_w:u_conv2w|altsyncram:altsyncram_component|altsyncram_2jk1:auto_generated|ram_block1a14~porta_address_reg0 ; acc[60] ; u_pll|altpll_component|auto_generated|pll1|clk[0] ; clk         ; 10.000       ; 2.648      ; 17.250     ;
; -4.682 ; conv2_w:u_conv2w|altsyncram:altsyncram_component|altsyncram_2jk1:auto_generated|ram_block1a4~porta_address_reg0  ; acc[63] ; u_pll|altpll_component|auto_generated|pll1|clk[0] ; clk         ; 10.000       ; 2.640      ; 17.240     ;
; -4.680 ; pool1:u_pool1|altsyncram:altsyncram_component|altsyncram_a9g1:auto_generated|ram_block1a10~porta_we_reg          ; acc[60] ; u_pll|altpll_component|auto_generated|pll1|clk[0] ; clk         ; 10.000       ; 2.627      ; 17.225     ;
; -4.665 ; fc_w:u_fc_w|altsyncram:altsyncram_component|altsyncram_bak1:auto_generated|ram_block1a0~porta_address_reg0       ; acc[55] ; u_pll|altpll_component|auto_generated|pll1|clk[0] ; clk         ; 10.000       ; 2.670      ; 17.253     ;
; -4.660 ; pool1:u_pool1|altsyncram:altsyncram_component|altsyncram_a9g1:auto_generated|ram_block1a26~porta_we_reg          ; acc[60] ; u_pll|altpll_component|auto_generated|pll1|clk[0] ; clk         ; 10.000       ; 2.633      ; 17.211     ;
; -4.650 ; conv2_w:u_conv2w|altsyncram:altsyncram_component|altsyncram_2jk1:auto_generated|ram_block1a2~porta_address_reg0  ; acc[60] ; u_pll|altpll_component|auto_generated|pll1|clk[0] ; clk         ; 10.000       ; 2.647      ; 17.215     ;
; -4.648 ; conv2_w:u_conv2w|altsyncram:altsyncram_component|altsyncram_2jk1:auto_generated|ram_block1a8~porta_address_reg0  ; acc[60] ; u_pll|altpll_component|auto_generated|pll1|clk[0] ; clk         ; 10.000       ; 2.649      ; 17.215     ;
; -4.646 ; fc_w:u_fc_w|altsyncram:altsyncram_component|altsyncram_bak1:auto_generated|ram_block1a0~porta_address_reg0       ; acc[63] ; u_pll|altpll_component|auto_generated|pll1|clk[0] ; clk         ; 10.000       ; 2.662      ; 17.226     ;
; -4.644 ; fc_w:u_fc_w|altsyncram:altsyncram_component|altsyncram_bak1:auto_generated|ram_block1a3~porta_address_reg0       ; acc[55] ; u_pll|altpll_component|auto_generated|pll1|clk[0] ; clk         ; 10.000       ; 2.663      ; 17.225     ;
; -4.640 ; fc_w:u_fc_w|altsyncram:altsyncram_component|altsyncram_bak1:auto_generated|ram_block1a5~porta_address_reg0       ; acc[55] ; u_pll|altpll_component|auto_generated|pll1|clk[0] ; clk         ; 10.000       ; 2.661      ; 17.219     ;
; -4.638 ; pool1:u_pool1|altsyncram:altsyncram_component|altsyncram_a9g1:auto_generated|ram_block1a0~porta_we_reg           ; acc[60] ; u_pll|altpll_component|auto_generated|pll1|clk[0] ; clk         ; 10.000       ; 2.630      ; 17.186     ;
; -4.633 ; conv2_w:u_conv2w|altsyncram:altsyncram_component|altsyncram_2jk1:auto_generated|ram_block1a12~porta_address_reg0 ; acc[60] ; u_pll|altpll_component|auto_generated|pll1|clk[0] ; clk         ; 10.000       ; 2.668      ; 17.219     ;
; -4.631 ; conv2_w:u_conv2w|altsyncram:altsyncram_component|altsyncram_2jk1:auto_generated|ram_block1a0~porta_address_reg0  ; acc[63] ; u_pll|altpll_component|auto_generated|pll1|clk[0] ; clk         ; 10.000       ; 2.648      ; 17.197     ;
; -4.625 ; fc_w:u_fc_w|altsyncram:altsyncram_component|altsyncram_bak1:auto_generated|ram_block1a3~porta_address_reg0       ; acc[63] ; u_pll|altpll_component|auto_generated|pll1|clk[0] ; clk         ; 10.000       ; 2.655      ; 17.198     ;
; -4.622 ; conv2_w:u_conv2w|altsyncram:altsyncram_component|altsyncram_2jk1:auto_generated|ram_block1a14~porta_address_reg0 ; acc[63] ; u_pll|altpll_component|auto_generated|pll1|clk[0] ; clk         ; 10.000       ; 2.645      ; 17.185     ;
; -4.621 ; fc_w:u_fc_w|altsyncram:altsyncram_component|altsyncram_bak1:auto_generated|ram_block1a5~porta_address_reg0       ; acc[63] ; u_pll|altpll_component|auto_generated|pll1|clk[0] ; clk         ; 10.000       ; 2.653      ; 17.192     ;
; -4.618 ; pool1:u_pool1|altsyncram:altsyncram_component|altsyncram_a9g1:auto_generated|ram_block1a10~porta_we_reg          ; acc[63] ; u_pll|altpll_component|auto_generated|pll1|clk[0] ; clk         ; 10.000       ; 2.624      ; 17.160     ;
; -4.616 ; conv2_w:u_conv2w|altsyncram:altsyncram_component|altsyncram_2jk1:auto_generated|ram_block1a6~porta_address_reg0  ; acc[60] ; u_pll|altpll_component|auto_generated|pll1|clk[0] ; clk         ; 10.000       ; 2.665      ; 17.199     ;
; -4.615 ; conv2_w:u_conv2w|altsyncram:altsyncram_component|altsyncram_2jk1:auto_generated|ram_block1a4~porta_address_reg0  ; acc[59] ; u_pll|altpll_component|auto_generated|pll1|clk[0] ; clk         ; 10.000       ; 2.643      ; 17.176     ;
; -4.614 ; fc_w:u_fc_w|altsyncram:altsyncram_component|altsyncram_bak1:auto_generated|ram_block1a7~porta_address_reg0       ; acc[55] ; u_pll|altpll_component|auto_generated|pll1|clk[0] ; clk         ; 10.000       ; 2.666      ; 17.198     ;
; -4.612 ; conv2_w:u_conv2w|altsyncram:altsyncram_component|altsyncram_2jk1:auto_generated|ram_block1a10~porta_address_reg0 ; acc[60] ; u_pll|altpll_component|auto_generated|pll1|clk[0] ; clk         ; 10.000       ; 2.660      ; 17.190     ;
; -4.603 ; fc_w:u_fc_w|altsyncram:altsyncram_component|altsyncram_bak1:auto_generated|ram_block1a0~porta_address_reg0       ; acc[60] ; u_pll|altpll_component|auto_generated|pll1|clk[0] ; clk         ; 10.000       ; 2.665      ; 17.186     ;
; -4.601 ; pool1:u_pool1|altsyncram:altsyncram_component|altsyncram_a9g1:auto_generated|ram_block1a14~porta_we_reg          ; acc[62] ; u_pll|altpll_component|auto_generated|pll1|clk[0] ; clk         ; 10.000       ; 2.628      ; 17.147     ;
; -4.598 ; pool1:u_pool1|altsyncram:altsyncram_component|altsyncram_a9g1:auto_generated|ram_block1a26~porta_we_reg          ; acc[63] ; u_pll|altpll_component|auto_generated|pll1|clk[0] ; clk         ; 10.000       ; 2.630      ; 17.146     ;
; -4.595 ; fc_w:u_fc_w|altsyncram:altsyncram_component|altsyncram_bak1:auto_generated|ram_block1a0~porta_address_reg0       ; acc[61] ; u_pll|altpll_component|auto_generated|pll1|clk[0] ; clk         ; 10.000       ; 2.665      ; 17.178     ;
; -4.595 ; pool2:u_pool2|altsyncram:altsyncram_component|altsyncram_h2i1:auto_generated|ram_block1a14~porta_we_reg          ; acc[55] ; u_pll|altpll_component|auto_generated|pll1|clk[0] ; clk         ; 10.000       ; 2.653      ; 17.166     ;
; -4.595 ; fc_w:u_fc_w|altsyncram:altsyncram_component|altsyncram_bak1:auto_generated|ram_block1a7~porta_address_reg0       ; acc[63] ; u_pll|altpll_component|auto_generated|pll1|clk[0] ; clk         ; 10.000       ; 2.658      ; 17.171     ;
; -4.588 ; conv2_w:u_conv2w|altsyncram:altsyncram_component|altsyncram_2jk1:auto_generated|ram_block1a2~porta_address_reg0  ; acc[63] ; u_pll|altpll_component|auto_generated|pll1|clk[0] ; clk         ; 10.000       ; 2.644      ; 17.150     ;
; -4.586 ; conv2_w:u_conv2w|altsyncram:altsyncram_component|altsyncram_2jk1:auto_generated|ram_block1a8~porta_address_reg0  ; acc[63] ; u_pll|altpll_component|auto_generated|pll1|clk[0] ; clk         ; 10.000       ; 2.646      ; 17.150     ;
; -4.582 ; fc_w:u_fc_w|altsyncram:altsyncram_component|altsyncram_bak1:auto_generated|ram_block1a3~porta_address_reg0       ; acc[60] ; u_pll|altpll_component|auto_generated|pll1|clk[0] ; clk         ; 10.000       ; 2.658      ; 17.158     ;
; -4.578 ; fc_w:u_fc_w|altsyncram:altsyncram_component|altsyncram_bak1:auto_generated|ram_block1a5~porta_address_reg0       ; acc[60] ; u_pll|altpll_component|auto_generated|pll1|clk[0] ; clk         ; 10.000       ; 2.656      ; 17.152     ;
; -4.576 ; pool1:u_pool1|altsyncram:altsyncram_component|altsyncram_a9g1:auto_generated|ram_block1a0~porta_we_reg           ; acc[63] ; u_pll|altpll_component|auto_generated|pll1|clk[0] ; clk         ; 10.000       ; 2.627      ; 17.121     ;
; -4.576 ; pool2:u_pool2|altsyncram:altsyncram_component|altsyncram_h2i1:auto_generated|ram_block1a14~porta_we_reg          ; acc[63] ; u_pll|altpll_component|auto_generated|pll1|clk[0] ; clk         ; 10.000       ; 2.645      ; 17.139     ;
; -4.574 ; fc_w:u_fc_w|altsyncram:altsyncram_component|altsyncram_bak1:auto_generated|ram_block1a3~porta_address_reg0       ; acc[61] ; u_pll|altpll_component|auto_generated|pll1|clk[0] ; clk         ; 10.000       ; 2.658      ; 17.150     ;
; -4.571 ; conv2_w:u_conv2w|altsyncram:altsyncram_component|altsyncram_2jk1:auto_generated|ram_block1a12~porta_address_reg0 ; acc[63] ; u_pll|altpll_component|auto_generated|pll1|clk[0] ; clk         ; 10.000       ; 2.665      ; 17.154     ;
; -4.570 ; fc_w:u_fc_w|altsyncram:altsyncram_component|altsyncram_bak1:auto_generated|ram_block1a5~porta_address_reg0       ; acc[61] ; u_pll|altpll_component|auto_generated|pll1|clk[0] ; clk         ; 10.000       ; 2.656      ; 17.144     ;
; -4.564 ; conv2_w:u_conv2w|altsyncram:altsyncram_component|altsyncram_2jk1:auto_generated|ram_block1a0~porta_address_reg0  ; acc[59] ; u_pll|altpll_component|auto_generated|pll1|clk[0] ; clk         ; 10.000       ; 2.651      ; 17.133     ;
; -4.561 ; conv2_w:u_conv2w|altsyncram:altsyncram_component|altsyncram_2jk1:auto_generated|ram_block1a4~porta_address_reg0  ; acc[56] ; u_pll|altpll_component|auto_generated|pll1|clk[0] ; clk         ; 10.000       ; 2.640      ; 17.119     ;
; -4.561 ; fc_w:u_fc_w|altsyncram:altsyncram_component|altsyncram_bak1:auto_generated|ram_block1a11~porta_address_reg0      ; acc[55] ; u_pll|altpll_component|auto_generated|pll1|clk[0] ; clk         ; 10.000       ; 2.650      ; 17.129     ;
; -4.555 ; conv2_w:u_conv2w|altsyncram:altsyncram_component|altsyncram_2jk1:auto_generated|ram_block1a14~porta_address_reg0 ; acc[59] ; u_pll|altpll_component|auto_generated|pll1|clk[0] ; clk         ; 10.000       ; 2.648      ; 17.121     ;
; -4.554 ; conv2_w:u_conv2w|altsyncram:altsyncram_component|altsyncram_2jk1:auto_generated|ram_block1a6~porta_address_reg0  ; acc[63] ; u_pll|altpll_component|auto_generated|pll1|clk[0] ; clk         ; 10.000       ; 2.662      ; 17.134     ;
; -4.552 ; fc_w:u_fc_w|altsyncram:altsyncram_component|altsyncram_bak1:auto_generated|ram_block1a7~porta_address_reg0       ; acc[60] ; u_pll|altpll_component|auto_generated|pll1|clk[0] ; clk         ; 10.000       ; 2.661      ; 17.131     ;
; -4.551 ; pool1:u_pool1|altsyncram:altsyncram_component|altsyncram_a9g1:auto_generated|ram_block1a10~porta_we_reg          ; acc[59] ; u_pll|altpll_component|auto_generated|pll1|clk[0] ; clk         ; 10.000       ; 2.627      ; 17.096     ;
; -4.550 ; conv2_w:u_conv2w|altsyncram:altsyncram_component|altsyncram_2jk1:auto_generated|ram_block1a10~porta_address_reg0 ; acc[63] ; u_pll|altpll_component|auto_generated|pll1|clk[0] ; clk         ; 10.000       ; 2.657      ; 17.125     ;
; -4.549 ; fc_w:u_fc_w|altsyncram:altsyncram_component|altsyncram_bak1:auto_generated|ram_block1a0~porta_address_reg0       ; acc[62] ; u_pll|altpll_component|auto_generated|pll1|clk[0] ; clk         ; 10.000       ; 2.665      ; 17.132     ;
; -4.544 ; fc_w:u_fc_w|altsyncram:altsyncram_component|altsyncram_bak1:auto_generated|ram_block1a7~porta_address_reg0       ; acc[61] ; u_pll|altpll_component|auto_generated|pll1|clk[0] ; clk         ; 10.000       ; 2.661      ; 17.123     ;
; -4.542 ; fc_w:u_fc_w|altsyncram:altsyncram_component|altsyncram_bak1:auto_generated|ram_block1a11~porta_address_reg0      ; acc[63] ; u_pll|altpll_component|auto_generated|pll1|clk[0] ; clk         ; 10.000       ; 2.642      ; 17.102     ;
; -4.537 ; pool1:u_pool1|altsyncram:altsyncram_component|altsyncram_a9g1:auto_generated|ram_block1a14~porta_we_reg          ; acc[61] ; u_pll|altpll_component|auto_generated|pll1|clk[0] ; clk         ; 10.000       ; 2.628      ; 17.083     ;
; -4.533 ; pool2:u_pool2|altsyncram:altsyncram_component|altsyncram_h2i1:auto_generated|ram_block1a14~porta_we_reg          ; acc[60] ; u_pll|altpll_component|auto_generated|pll1|clk[0] ; clk         ; 10.000       ; 2.648      ; 17.099     ;
; -4.531 ; pool1:u_pool1|altsyncram:altsyncram_component|altsyncram_a9g1:auto_generated|ram_block1a26~porta_we_reg          ; acc[59] ; u_pll|altpll_component|auto_generated|pll1|clk[0] ; clk         ; 10.000       ; 2.633      ; 17.082     ;
; -4.528 ; fc_w:u_fc_w|altsyncram:altsyncram_component|altsyncram_bak1:auto_generated|ram_block1a3~porta_address_reg0       ; acc[62] ; u_pll|altpll_component|auto_generated|pll1|clk[0] ; clk         ; 10.000       ; 2.658      ; 17.104     ;
; -4.525 ; pool2:u_pool2|altsyncram:altsyncram_component|altsyncram_h2i1:auto_generated|ram_block1a14~porta_we_reg          ; acc[61] ; u_pll|altpll_component|auto_generated|pll1|clk[0] ; clk         ; 10.000       ; 2.648      ; 17.091     ;
; -4.524 ; fc_w:u_fc_w|altsyncram:altsyncram_component|altsyncram_bak1:auto_generated|ram_block1a13~porta_address_reg0      ; acc[55] ; u_pll|altpll_component|auto_generated|pll1|clk[0] ; clk         ; 10.000       ; 2.647      ; 17.089     ;
; -4.524 ; fc_w:u_fc_w|altsyncram:altsyncram_component|altsyncram_bak1:auto_generated|ram_block1a5~porta_address_reg0       ; acc[62] ; u_pll|altpll_component|auto_generated|pll1|clk[0] ; clk         ; 10.000       ; 2.656      ; 17.098     ;
; -4.521 ; conv2_w:u_conv2w|altsyncram:altsyncram_component|altsyncram_2jk1:auto_generated|ram_block1a2~porta_address_reg0  ; acc[59] ; u_pll|altpll_component|auto_generated|pll1|clk[0] ; clk         ; 10.000       ; 2.647      ; 17.086     ;
; -4.519 ; conv2_w:u_conv2w|altsyncram:altsyncram_component|altsyncram_2jk1:auto_generated|ram_block1a8~porta_address_reg0  ; acc[59] ; u_pll|altpll_component|auto_generated|pll1|clk[0] ; clk         ; 10.000       ; 2.649      ; 17.086     ;
; -4.510 ; conv2_w:u_conv2w|altsyncram:altsyncram_component|altsyncram_2jk1:auto_generated|ram_block1a0~porta_address_reg0  ; acc[56] ; u_pll|altpll_component|auto_generated|pll1|clk[0] ; clk         ; 10.000       ; 2.648      ; 17.076     ;
; -4.509 ; pool1:u_pool1|altsyncram:altsyncram_component|altsyncram_a9g1:auto_generated|ram_block1a0~porta_we_reg           ; acc[59] ; u_pll|altpll_component|auto_generated|pll1|clk[0] ; clk         ; 10.000       ; 2.630      ; 17.057     ;
; -4.505 ; fc_w:u_fc_w|altsyncram:altsyncram_component|altsyncram_bak1:auto_generated|ram_block1a13~porta_address_reg0      ; acc[63] ; u_pll|altpll_component|auto_generated|pll1|clk[0] ; clk         ; 10.000       ; 2.639      ; 17.062     ;
; -4.504 ; conv2_w:u_conv2w|altsyncram:altsyncram_component|altsyncram_2jk1:auto_generated|ram_block1a12~porta_address_reg0 ; acc[59] ; u_pll|altpll_component|auto_generated|pll1|clk[0] ; clk         ; 10.000       ; 2.668      ; 17.090     ;
; -4.501 ; conv2_w:u_conv2w|altsyncram:altsyncram_component|altsyncram_2jk1:auto_generated|ram_block1a14~porta_address_reg0 ; acc[56] ; u_pll|altpll_component|auto_generated|pll1|clk[0] ; clk         ; 10.000       ; 2.645      ; 17.064     ;
; -4.499 ; fc_w:u_fc_w|altsyncram:altsyncram_component|altsyncram_bak1:auto_generated|ram_block1a11~porta_address_reg0      ; acc[60] ; u_pll|altpll_component|auto_generated|pll1|clk[0] ; clk         ; 10.000       ; 2.645      ; 17.062     ;
; -4.498 ; fc_w:u_fc_w|altsyncram:altsyncram_component|altsyncram_bak1:auto_generated|ram_block1a7~porta_address_reg0       ; acc[62] ; u_pll|altpll_component|auto_generated|pll1|clk[0] ; clk         ; 10.000       ; 2.661      ; 17.077     ;
; -4.497 ; pool1:u_pool1|altsyncram:altsyncram_component|altsyncram_a9g1:auto_generated|ram_block1a10~porta_we_reg          ; acc[56] ; u_pll|altpll_component|auto_generated|pll1|clk[0] ; clk         ; 10.000       ; 2.624      ; 17.039     ;
; -4.492 ; pool1:u_pool1|altsyncram:altsyncram_component|altsyncram_a9g1:auto_generated|ram_block1a22~porta_we_reg          ; acc[62] ; u_pll|altpll_component|auto_generated|pll1|clk[0] ; clk         ; 10.000       ; 2.639      ; 17.049     ;
; -4.491 ; fc_w:u_fc_w|altsyncram:altsyncram_component|altsyncram_bak1:auto_generated|ram_block1a11~porta_address_reg0      ; acc[61] ; u_pll|altpll_component|auto_generated|pll1|clk[0] ; clk         ; 10.000       ; 2.645      ; 17.054     ;
; -4.487 ; conv2_w:u_conv2w|altsyncram:altsyncram_component|altsyncram_2jk1:auto_generated|ram_block1a6~porta_address_reg0  ; acc[59] ; u_pll|altpll_component|auto_generated|pll1|clk[0] ; clk         ; 10.000       ; 2.665      ; 17.070     ;
; -4.483 ; conv2_w:u_conv2w|altsyncram:altsyncram_component|altsyncram_2jk1:auto_generated|ram_block1a10~porta_address_reg0 ; acc[59] ; u_pll|altpll_component|auto_generated|pll1|clk[0] ; clk         ; 10.000       ; 2.660      ; 17.061     ;
; -4.479 ; pool2:u_pool2|altsyncram:altsyncram_component|altsyncram_h2i1:auto_generated|ram_block1a14~porta_we_reg          ; acc[62] ; u_pll|altpll_component|auto_generated|pll1|clk[0] ; clk         ; 10.000       ; 2.648      ; 17.045     ;
; -4.477 ; pool1:u_pool1|altsyncram:altsyncram_component|altsyncram_a9g1:auto_generated|ram_block1a26~porta_we_reg          ; acc[56] ; u_pll|altpll_component|auto_generated|pll1|clk[0] ; clk         ; 10.000       ; 2.630      ; 17.025     ;
; -4.475 ; fc_w:u_fc_w|altsyncram:altsyncram_component|altsyncram_bak1:auto_generated|ram_block1a0~porta_address_reg0       ; acc[59] ; u_pll|altpll_component|auto_generated|pll1|clk[0] ; clk         ; 10.000       ; 2.665      ; 17.058     ;
; -4.467 ; conv2_w:u_conv2w|altsyncram:altsyncram_component|altsyncram_2jk1:auto_generated|ram_block1a2~porta_address_reg0  ; acc[56] ; u_pll|altpll_component|auto_generated|pll1|clk[0] ; clk         ; 10.000       ; 2.644      ; 17.029     ;
; -4.465 ; conv2_w:u_conv2w|altsyncram:altsyncram_component|altsyncram_2jk1:auto_generated|ram_block1a8~porta_address_reg0  ; acc[56] ; u_pll|altpll_component|auto_generated|pll1|clk[0] ; clk         ; 10.000       ; 2.646      ; 17.029     ;
; -4.462 ; fc_w:u_fc_w|altsyncram:altsyncram_component|altsyncram_bak1:auto_generated|ram_block1a13~porta_address_reg0      ; acc[60] ; u_pll|altpll_component|auto_generated|pll1|clk[0] ; clk         ; 10.000       ; 2.642      ; 17.022     ;
; -4.455 ; pool1:u_pool1|altsyncram:altsyncram_component|altsyncram_a9g1:auto_generated|ram_block1a0~porta_we_reg           ; acc[56] ; u_pll|altpll_component|auto_generated|pll1|clk[0] ; clk         ; 10.000       ; 2.627      ; 17.000     ;
; -4.454 ; fc_w:u_fc_w|altsyncram:altsyncram_component|altsyncram_bak1:auto_generated|ram_block1a13~porta_address_reg0      ; acc[61] ; u_pll|altpll_component|auto_generated|pll1|clk[0] ; clk         ; 10.000       ; 2.642      ; 17.014     ;
+--------+------------------------------------------------------------------------------------------------------------------+---------+---------------------------------------------------+-------------+--------------+------------+------------+


+---------------------------------------------------------------------------------------------------------------------------------------------------------+
; Slow 1200mV 85C Model Setup: 'uartWrite:u5|clock'                                                                                                       ;
+--------+------------------------------+------------------------------+--------------------+--------------------+--------------+------------+------------+
; Slack  ; From Node                    ; To Node                      ; Launch Clock       ; Latch Clock        ; Relationship ; Clock Skew ; Data Delay ;
+--------+------------------------------+------------------------------+--------------------+--------------------+--------------+------------+------------+
; -1.382 ; uartWrite:u5|stt_tx.00001100 ; uartWrite:u5|tx              ; uartWrite:u5|clock ; uartWrite:u5|clock ; 1.000        ; -0.086     ; 2.294      ;
; -1.358 ; run                          ; uartWrite:u5|tx              ; clk                ; uartWrite:u5|clock ; 1.000        ; -0.159     ; 2.187      ;
; -1.250 ; uartWrite:u5|stt_tx.00000101 ; uartWrite:u5|tx              ; uartWrite:u5|clock ; uartWrite:u5|clock ; 1.000        ; -0.080     ; 2.168      ;
; -1.235 ; uartWrite:u5|stt_tx.00001001 ; uartWrite:u5|tx              ; uartWrite:u5|clock ; uartWrite:u5|clock ; 1.000        ; -0.080     ; 2.153      ;
; -1.208 ; uartWrite:u5|stt_tx.00000011 ; uartWrite:u5|tx              ; uartWrite:u5|clock ; uartWrite:u5|clock ; 1.000        ; -0.079     ; 2.127      ;
; -1.197 ; uartWrite:u5|tx              ; uartWrite:u5|tx              ; uartWrite:u5|clock ; uartWrite:u5|clock ; 1.000        ; -0.080     ; 2.115      ;
; -1.195 ; uartWrite:u5|stt_tx.00000110 ; uartWrite:u5|tx              ; uartWrite:u5|clock ; uartWrite:u5|clock ; 1.000        ; -0.080     ; 2.113      ;
; -1.188 ; uartWrite:u5|stt_tx.00000100 ; uartWrite:u5|tx              ; uartWrite:u5|clock ; uartWrite:u5|clock ; 1.000        ; -0.079     ; 2.107      ;
; -1.137 ; data_uart[4]                 ; uartWrite:u5|tx              ; clk                ; uartWrite:u5|clock ; 1.000        ; -0.152     ; 1.973      ;
; -0.966 ; data_uart[2]                 ; uartWrite:u5|tx              ; clk                ; uartWrite:u5|clock ; 1.000        ; -0.151     ; 1.803      ;
; -0.944 ; data_uart[7]                 ; uartWrite:u5|tx              ; clk                ; uartWrite:u5|clock ; 1.000        ; -0.152     ; 1.780      ;
; -0.937 ; data_uart[3]                 ; uartWrite:u5|tx              ; clk                ; uartWrite:u5|clock ; 1.000        ; -0.152     ; 1.773      ;
; -0.936 ; uartWrite:u5|stt_tx.00000111 ; uartWrite:u5|tx              ; uartWrite:u5|clock ; uartWrite:u5|clock ; 1.000        ; -0.080     ; 1.854      ;
; -0.912 ; data_uart[1]                 ; uartWrite:u5|tx              ; clk                ; uartWrite:u5|clock ; 1.000        ; -0.151     ; 1.749      ;
; -0.869 ; uartWrite:u5|stt_tx.00001000 ; uartWrite:u5|tx              ; uartWrite:u5|clock ; uartWrite:u5|clock ; 1.000        ; -0.080     ; 1.787      ;
; -0.726 ; run                          ; uartWrite:u5|stt_tx.00000000 ; clk                ; uartWrite:u5|clock ; 1.000        ; -0.159     ; 1.555      ;
; -0.711 ; run                          ; uartWrite:u5|stt_tx.00001001 ; clk                ; uartWrite:u5|clock ; 1.000        ; -0.159     ; 1.540      ;
; -0.709 ; run                          ; uartWrite:u5|stt_tx.00000111 ; clk                ; uartWrite:u5|clock ; 1.000        ; -0.159     ; 1.538      ;
; -0.708 ; run                          ; uartWrite:u5|stt_tx.00000110 ; clk                ; uartWrite:u5|clock ; 1.000        ; -0.159     ; 1.537      ;
; -0.707 ; run                          ; uartWrite:u5|stt_tx.00001011 ; clk                ; uartWrite:u5|clock ; 1.000        ; -0.159     ; 1.536      ;
; -0.707 ; run                          ; uartWrite:u5|stt_tx.00001010 ; clk                ; uartWrite:u5|clock ; 1.000        ; -0.159     ; 1.536      ;
; -0.706 ; run                          ; uartWrite:u5|stt_tx.00001000 ; clk                ; uartWrite:u5|clock ; 1.000        ; -0.159     ; 1.535      ;
; -0.706 ; run                          ; uartWrite:u5|stt_tx.00000101 ; clk                ; uartWrite:u5|clock ; 1.000        ; -0.159     ; 1.535      ;
; -0.699 ; run                          ; uartWrite:u5|stt_tx.00000001 ; clk                ; uartWrite:u5|clock ; 1.000        ; -0.160     ; 1.527      ;
; -0.699 ; run                          ; uartWrite:u5|stt_tx.00000010 ; clk                ; uartWrite:u5|clock ; 1.000        ; -0.160     ; 1.527      ;
; -0.699 ; run                          ; uartWrite:u5|stt_tx.00000100 ; clk                ; uartWrite:u5|clock ; 1.000        ; -0.160     ; 1.527      ;
; -0.699 ; data_uart[0]                 ; uartWrite:u5|tx              ; clk                ; uartWrite:u5|clock ; 1.000        ; -0.152     ; 1.535      ;
; -0.698 ; run                          ; uartWrite:u5|stt_tx.00000011 ; clk                ; uartWrite:u5|clock ; 1.000        ; -0.160     ; 1.526      ;
; -0.670 ; data_uart[6]                 ; uartWrite:u5|tx              ; clk                ; uartWrite:u5|clock ; 1.000        ; -0.152     ; 1.506      ;
; -0.614 ; data_uart[5]                 ; uartWrite:u5|tx              ; clk                ; uartWrite:u5|clock ; 1.000        ; -0.152     ; 1.450      ;
; -0.550 ; run                          ; uartWrite:u5|stt_tx.00001100 ; clk                ; uartWrite:u5|clock ; 1.000        ; -0.153     ; 1.385      ;
; -0.550 ; run                          ; uartWrite:u5|fb              ; clk                ; uartWrite:u5|clock ; 1.000        ; -0.153     ; 1.385      ;
; -0.533 ; uartWrite:u5|stt_tx.00000010 ; uartWrite:u5|tx              ; uartWrite:u5|clock ; uartWrite:u5|clock ; 1.000        ; -0.079     ; 1.452      ;
; -0.412 ; uartWrite:u5|stt_tx.00000000 ; uartWrite:u5|stt_tx.00000001 ; uartWrite:u5|clock ; uartWrite:u5|clock ; 1.000        ; -0.081     ; 1.329      ;
; -0.369 ; uartWrite:u5|stt_tx.00001011 ; uartWrite:u5|stt_tx.00001100 ; uartWrite:u5|clock ; uartWrite:u5|clock ; 1.000        ; -0.074     ; 1.293      ;
; -0.369 ; uartWrite:u5|stt_tx.00001011 ; uartWrite:u5|fb              ; uartWrite:u5|clock ; uartWrite:u5|clock ; 1.000        ; -0.074     ; 1.293      ;
; -0.326 ; uartWrite:u5|stt_tx.00000000 ; uartWrite:u5|tx              ; uartWrite:u5|clock ; uartWrite:u5|clock ; 1.000        ; -0.080     ; 1.244      ;
; -0.257 ; uartWrite:u5|stt_tx.00000111 ; uartWrite:u5|stt_tx.00001000 ; uartWrite:u5|clock ; uartWrite:u5|clock ; 1.000        ; -0.080     ; 1.175      ;
; -0.211 ; uartWrite:u5|stt_tx.00000101 ; uartWrite:u5|stt_tx.00000110 ; uartWrite:u5|clock ; uartWrite:u5|clock ; 1.000        ; -0.080     ; 1.129      ;
; -0.211 ; uartWrite:u5|stt_tx.00001011 ; uartWrite:u5|tx              ; uartWrite:u5|clock ; uartWrite:u5|clock ; 1.000        ; -0.080     ; 1.129      ;
; -0.190 ; uartWrite:u5|stt_tx.00001010 ; uartWrite:u5|tx              ; uartWrite:u5|clock ; uartWrite:u5|clock ; 1.000        ; -0.080     ; 1.108      ;
; -0.169 ; uartWrite:u5|stt_tx.00000010 ; uartWrite:u5|stt_tx.00000011 ; uartWrite:u5|clock ; uartWrite:u5|clock ; 1.000        ; -0.080     ; 1.087      ;
; -0.156 ; uartWrite:u5|stt_tx.00000011 ; uartWrite:u5|stt_tx.00000100 ; uartWrite:u5|clock ; uartWrite:u5|clock ; 1.000        ; -0.080     ; 1.074      ;
; -0.146 ; uartWrite:u5|stt_tx.00000001 ; uartWrite:u5|stt_tx.00000010 ; uartWrite:u5|clock ; uartWrite:u5|clock ; 1.000        ; -0.080     ; 1.064      ;
; -0.028 ; uartWrite:u5|stt_tx.00000100 ; uartWrite:u5|stt_tx.00000101 ; uartWrite:u5|clock ; uartWrite:u5|clock ; 1.000        ; -0.079     ; 0.947      ;
; 0.113  ; uartWrite:u5|stt_tx.00001000 ; uartWrite:u5|stt_tx.00001001 ; uartWrite:u5|clock ; uartWrite:u5|clock ; 1.000        ; -0.080     ; 0.805      ;
; 0.115  ; uartWrite:u5|stt_tx.00001001 ; uartWrite:u5|stt_tx.00001010 ; uartWrite:u5|clock ; uartWrite:u5|clock ; 1.000        ; -0.080     ; 0.803      ;
; 0.116  ; uartWrite:u5|stt_tx.00000110 ; uartWrite:u5|stt_tx.00000111 ; uartWrite:u5|clock ; uartWrite:u5|clock ; 1.000        ; -0.080     ; 0.802      ;
; 0.117  ; uartWrite:u5|stt_tx.00001010 ; uartWrite:u5|stt_tx.00001011 ; uartWrite:u5|clock ; uartWrite:u5|clock ; 1.000        ; -0.080     ; 0.801      ;
; 0.184  ; uartWrite:u5|stt_tx.00001100 ; uartWrite:u5|stt_tx.00001100 ; uartWrite:u5|clock ; uartWrite:u5|clock ; 1.000        ; -0.080     ; 0.734      ;
; 0.184  ; uartWrite:u5|fb              ; uartWrite:u5|fb              ; uartWrite:u5|clock ; uartWrite:u5|clock ; 1.000        ; -0.080     ; 0.734      ;
+--------+------------------------------+------------------------------+--------------------+--------------------+--------------+------------+------------+


+----------------------------------------------------------------------------------------------------------------------------------------------------------------------------------------------------------------------------------------------------------------+
; Slow 1200mV 85C Model Setup: 'u_pll|altpll_component|auto_generated|pll1|clk[0]'                                                                                                                                                                               ;
+-------+--------------------+-----------------------------------------------------------------------------------------------------------------------+--------------+---------------------------------------------------+--------------+------------+------------+
; Slack ; From Node          ; To Node                                                                                                               ; Launch Clock ; Latch Clock                                       ; Relationship ; Clock Skew ; Data Delay ;
+-------+--------------------+-----------------------------------------------------------------------------------------------------------------------+--------------+---------------------------------------------------+--------------+------------+------------+
; 1.733 ; wren_img_conv1     ; img_conv1:u_img_conv1|altsyncram:altsyncram_component|altsyncram_i5i1:auto_generated|ram_block1a21~porta_we_reg       ; clk          ; u_pll|altpll_component|auto_generated|pll1|clk[0] ; 10.000       ; -2.861     ; 5.394      ;
; 1.740 ; wren_img_conv1     ; img_conv1:u_img_conv1|altsyncram:altsyncram_component|altsyncram_i5i1:auto_generated|ram_block1a24~porta_we_reg       ; clk          ; u_pll|altpll_component|auto_generated|pll1|clk[0] ; 10.000       ; -2.860     ; 5.388      ;
; 2.047 ; wren_img_conv1     ; img_conv1:u_img_conv1|altsyncram:altsyncram_component|altsyncram_i5i1:auto_generated|ram_block1a15~porta_we_reg       ; clk          ; u_pll|altpll_component|auto_generated|pll1|clk[0] ; 10.000       ; -2.873     ; 5.068      ;
; 2.070 ; wren_img_conv1     ; img_conv1:u_img_conv1|altsyncram:altsyncram_component|altsyncram_i5i1:auto_generated|ram_block1a22~porta_we_reg       ; clk          ; u_pll|altpll_component|auto_generated|pll1|clk[0] ; 10.000       ; -2.874     ; 5.044      ;
; 2.071 ; wren_img_conv1     ; img_conv1:u_img_conv1|altsyncram:altsyncram_component|altsyncram_i5i1:auto_generated|ram_block1a25~porta_we_reg       ; clk          ; u_pll|altpll_component|auto_generated|pll1|clk[0] ; 10.000       ; -2.874     ; 5.043      ;
; 2.378 ; wren_img_conv1     ; img_conv1:u_img_conv1|altsyncram:altsyncram_component|altsyncram_i5i1:auto_generated|ram_block1a19~porta_we_reg       ; clk          ; u_pll|altpll_component|auto_generated|pll1|clk[0] ; 10.000       ; -2.875     ; 4.735      ;
; 2.564 ; addr_img_conv1[3]  ; img_conv1:u_img_conv1|altsyncram:altsyncram_component|altsyncram_i5i1:auto_generated|ram_block1a21~porta_address_reg0 ; clk          ; u_pll|altpll_component|auto_generated|pll1|clk[0] ; 10.000       ; -2.863     ; 4.561      ;
; 2.573 ; addr_img_conv1[3]  ; img_conv1:u_img_conv1|altsyncram:altsyncram_component|altsyncram_i5i1:auto_generated|ram_block1a24~porta_address_reg0 ; clk          ; u_pll|altpll_component|auto_generated|pll1|clk[0] ; 10.000       ; -2.862     ; 4.553      ;
; 2.612 ; addr_img_conv1[0]  ; img_conv1:u_img_conv1|altsyncram:altsyncram_component|altsyncram_i5i1:auto_generated|ram_block1a27~porta_address_reg0 ; clk          ; u_pll|altpll_component|auto_generated|pll1|clk[0] ; 10.000       ; -2.855     ; 4.521      ;
; 2.677 ; wren_img_conv1     ; img_conv1:u_img_conv1|altsyncram:altsyncram_component|altsyncram_i5i1:auto_generated|ram_block1a20~porta_we_reg       ; clk          ; u_pll|altpll_component|auto_generated|pll1|clk[0] ; 10.000       ; -2.879     ; 4.432      ;
; 2.698 ; wren_img_conv1     ; img_conv1:u_img_conv1|altsyncram:altsyncram_component|altsyncram_i5i1:auto_generated|ram_block1a31~porta_we_reg       ; clk          ; u_pll|altpll_component|auto_generated|pll1|clk[0] ; 10.000       ; -2.881     ; 4.409      ;
; 2.707 ; addr_img_conv1[2]  ; img_conv1:u_img_conv1|altsyncram:altsyncram_component|altsyncram_i5i1:auto_generated|ram_block1a21~porta_address_reg0 ; clk          ; u_pll|altpll_component|auto_generated|pll1|clk[0] ; 10.000       ; -2.863     ; 4.418      ;
; 2.708 ; wren_img_conv1     ; img_conv1:u_img_conv1|altsyncram:altsyncram_component|altsyncram_i5i1:auto_generated|ram_block1a16~porta_we_reg       ; clk          ; u_pll|altpll_component|auto_generated|pll1|clk[0] ; 10.000       ; -2.877     ; 4.403      ;
; 2.709 ; wren_img_conv1     ; img_conv1:u_img_conv1|altsyncram:altsyncram_component|altsyncram_i5i1:auto_generated|ram_block1a23~porta_we_reg       ; clk          ; u_pll|altpll_component|auto_generated|pll1|clk[0] ; 10.000       ; -2.883     ; 4.396      ;
; 2.714 ; addr_img_conv1[2]  ; img_conv1:u_img_conv1|altsyncram:altsyncram_component|altsyncram_i5i1:auto_generated|ram_block1a24~porta_address_reg0 ; clk          ; u_pll|altpll_component|auto_generated|pll1|clk[0] ; 10.000       ; -2.862     ; 4.412      ;
; 2.908 ; addr_img_conv1[0]  ; img_conv1:u_img_conv1|altsyncram:altsyncram_component|altsyncram_i5i1:auto_generated|ram_block1a21~porta_address_reg0 ; clk          ; u_pll|altpll_component|auto_generated|pll1|clk[0] ; 10.000       ; -2.863     ; 4.217      ;
; 2.924 ; addr_img_conv1[3]  ; img_conv1:u_img_conv1|altsyncram:altsyncram_component|altsyncram_i5i1:auto_generated|ram_block1a19~porta_address_reg0 ; clk          ; u_pll|altpll_component|auto_generated|pll1|clk[0] ; 10.000       ; -2.877     ; 4.187      ;
; 2.929 ; addr_img_conv1[3]  ; img_conv1:u_img_conv1|altsyncram:altsyncram_component|altsyncram_i5i1:auto_generated|ram_block1a15~porta_address_reg0 ; clk          ; u_pll|altpll_component|auto_generated|pll1|clk[0] ; 10.000       ; -2.875     ; 4.184      ;
; 2.929 ; addr_img_conv1[3]  ; img_conv1:u_img_conv1|altsyncram:altsyncram_component|altsyncram_i5i1:auto_generated|ram_block1a22~porta_address_reg0 ; clk          ; u_pll|altpll_component|auto_generated|pll1|clk[0] ; 10.000       ; -2.876     ; 4.183      ;
; 2.938 ; addr_img_conv1[3]  ; img_conv1:u_img_conv1|altsyncram:altsyncram_component|altsyncram_i5i1:auto_generated|ram_block1a25~porta_address_reg0 ; clk          ; u_pll|altpll_component|auto_generated|pll1|clk[0] ; 10.000       ; -2.876     ; 4.174      ;
; 2.941 ; addr_img_conv1[0]  ; img_conv1:u_img_conv1|altsyncram:altsyncram_component|altsyncram_i5i1:auto_generated|ram_block1a30~porta_address_reg0 ; clk          ; u_pll|altpll_component|auto_generated|pll1|clk[0] ; 10.000       ; -2.870     ; 4.177      ;
; 2.961 ; addr_img_conv1[0]  ; img_conv1:u_img_conv1|altsyncram:altsyncram_component|altsyncram_i5i1:auto_generated|ram_block1a3~porta_address_reg0  ; clk          ; u_pll|altpll_component|auto_generated|pll1|clk[0] ; 10.000       ; -2.869     ; 4.158      ;
; 2.991 ; addr_img_conv1[0]  ; img_conv1:u_img_conv1|altsyncram:altsyncram_component|altsyncram_i5i1:auto_generated|ram_block1a13~porta_address_reg0 ; clk          ; u_pll|altpll_component|auto_generated|pll1|clk[0] ; 10.000       ; -2.868     ; 4.129      ;
; 2.996 ; addr_img_conv1[0]  ; img_conv1:u_img_conv1|altsyncram:altsyncram_component|altsyncram_i5i1:auto_generated|ram_block1a11~porta_address_reg0 ; clk          ; u_pll|altpll_component|auto_generated|pll1|clk[0] ; 10.000       ; -2.869     ; 4.123      ;
; 3.028 ; addr_img_conv1[2]  ; img_conv1:u_img_conv1|altsyncram:altsyncram_component|altsyncram_i5i1:auto_generated|ram_block1a17~porta_address_reg0 ; clk          ; u_pll|altpll_component|auto_generated|pll1|clk[0] ; 10.000       ; -2.856     ; 4.104      ;
; 3.041 ; addr_img_conv1[2]  ; img_conv1:u_img_conv1|altsyncram:altsyncram_component|altsyncram_i5i1:auto_generated|ram_block1a27~porta_address_reg0 ; clk          ; u_pll|altpll_component|auto_generated|pll1|clk[0] ; 10.000       ; -2.855     ; 4.092      ;
; 3.052 ; addr_img_conv1[2]  ; img_conv1:u_img_conv1|altsyncram:altsyncram_component|altsyncram_i5i1:auto_generated|ram_block1a15~porta_address_reg0 ; clk          ; u_pll|altpll_component|auto_generated|pll1|clk[0] ; 10.000       ; -2.875     ; 4.061      ;
; 3.052 ; addr_img_conv1[2]  ; img_conv1:u_img_conv1|altsyncram:altsyncram_component|altsyncram_i5i1:auto_generated|ram_block1a22~porta_address_reg0 ; clk          ; u_pll|altpll_component|auto_generated|pll1|clk[0] ; 10.000       ; -2.876     ; 4.060      ;
; 3.062 ; addr_img_conv1[2]  ; img_conv1:u_img_conv1|altsyncram:altsyncram_component|altsyncram_i5i1:auto_generated|ram_block1a25~porta_address_reg0 ; clk          ; u_pll|altpll_component|auto_generated|pll1|clk[0] ; 10.000       ; -2.876     ; 4.050      ;
; 3.100 ; addr_img_conv1[11] ; img_conv1:u_img_conv1|altsyncram:altsyncram_component|altsyncram_i5i1:auto_generated|ram_block1a21~porta_address_reg0 ; clk          ; u_pll|altpll_component|auto_generated|pll1|clk[0] ; 10.000       ; -2.849     ; 4.039      ;
; 3.102 ; addr_img_conv1[11] ; img_conv1:u_img_conv1|altsyncram:altsyncram_component|altsyncram_i5i1:auto_generated|ram_block1a24~porta_address_reg0 ; clk          ; u_pll|altpll_component|auto_generated|pll1|clk[0] ; 10.000       ; -2.848     ; 4.038      ;
; 3.114 ; addr_img_conv1[11] ; img_conv1:u_img_conv1|altsyncram:altsyncram_component|altsyncram_i5i1:auto_generated|ram_block1a22~porta_address_reg0 ; clk          ; u_pll|altpll_component|auto_generated|pll1|clk[0] ; 10.000       ; -2.862     ; 4.012      ;
; 3.145 ; addr_img_conv1[0]  ; img_conv1:u_img_conv1|altsyncram:altsyncram_component|altsyncram_i5i1:auto_generated|ram_block1a15~porta_address_reg0 ; clk          ; u_pll|altpll_component|auto_generated|pll1|clk[0] ; 10.000       ; -2.875     ; 3.968      ;
; 3.165 ; addr_img_conv1[1]  ; img_conv1:u_img_conv1|altsyncram:altsyncram_component|altsyncram_i5i1:auto_generated|ram_block1a21~porta_address_reg0 ; clk          ; u_pll|altpll_component|auto_generated|pll1|clk[0] ; 10.000       ; -2.863     ; 3.960      ;
; 3.172 ; addr_img_conv1[0]  ; img_conv1:u_img_conv1|altsyncram:altsyncram_component|altsyncram_i5i1:auto_generated|ram_block1a22~porta_address_reg0 ; clk          ; u_pll|altpll_component|auto_generated|pll1|clk[0] ; 10.000       ; -2.876     ; 3.940      ;
; 3.173 ; addr_img_conv1[0]  ; img_conv1:u_img_conv1|altsyncram:altsyncram_component|altsyncram_i5i1:auto_generated|ram_block1a24~porta_address_reg0 ; clk          ; u_pll|altpll_component|auto_generated|pll1|clk[0] ; 10.000       ; -2.862     ; 3.953      ;
; 3.179 ; addr_img_conv1[0]  ; img_conv1:u_img_conv1|altsyncram:altsyncram_component|altsyncram_i5i1:auto_generated|ram_block1a25~porta_address_reg0 ; clk          ; u_pll|altpll_component|auto_generated|pll1|clk[0] ; 10.000       ; -2.876     ; 3.933      ;
; 3.257 ; addr_img_conv1[3]  ; img_conv1:u_img_conv1|altsyncram:altsyncram_component|altsyncram_i5i1:auto_generated|ram_block1a27~porta_address_reg0 ; clk          ; u_pll|altpll_component|auto_generated|pll1|clk[0] ; 10.000       ; -2.855     ; 3.876      ;
; 3.272 ; addr_img_conv1[3]  ; img_conv1:u_img_conv1|altsyncram:altsyncram_component|altsyncram_i5i1:auto_generated|ram_block1a11~porta_address_reg0 ; clk          ; u_pll|altpll_component|auto_generated|pll1|clk[0] ; 10.000       ; -2.869     ; 3.847      ;
; 3.274 ; addr_img_conv1[3]  ; img_conv1:u_img_conv1|altsyncram:altsyncram_component|altsyncram_i5i1:auto_generated|ram_block1a17~porta_address_reg0 ; clk          ; u_pll|altpll_component|auto_generated|pll1|clk[0] ; 10.000       ; -2.856     ; 3.858      ;
; 3.288 ; addr_img_conv1[3]  ; img_conv1:u_img_conv1|altsyncram:altsyncram_component|altsyncram_i5i1:auto_generated|ram_block1a20~porta_address_reg0 ; clk          ; u_pll|altpll_component|auto_generated|pll1|clk[0] ; 10.000       ; -2.881     ; 3.819      ;
; 3.289 ; addr_img_conv1[3]  ; img_conv1:u_img_conv1|altsyncram:altsyncram_component|altsyncram_i5i1:auto_generated|ram_block1a16~porta_address_reg0 ; clk          ; u_pll|altpll_component|auto_generated|pll1|clk[0] ; 10.000       ; -2.879     ; 3.820      ;
; 3.295 ; addr_img_conv1[3]  ; img_conv1:u_img_conv1|altsyncram:altsyncram_component|altsyncram_i5i1:auto_generated|ram_block1a31~porta_address_reg0 ; clk          ; u_pll|altpll_component|auto_generated|pll1|clk[0] ; 10.000       ; -2.883     ; 3.810      ;
; 3.303 ; addr_img_conv1[9]  ; img_conv1:u_img_conv1|altsyncram:altsyncram_component|altsyncram_i5i1:auto_generated|ram_block1a21~porta_address_reg0 ; clk          ; u_pll|altpll_component|auto_generated|pll1|clk[0] ; 10.000       ; -2.849     ; 3.836      ;
; 3.306 ; addr_img_conv1[0]  ; img_conv1:u_img_conv1|altsyncram:altsyncram_component|altsyncram_i5i1:auto_generated|ram_block1a4~porta_address_reg0  ; clk          ; u_pll|altpll_component|auto_generated|pll1|clk[0] ; 10.000       ; -2.876     ; 3.806      ;
; 3.324 ; addr_img_conv1[2]  ; img_conv1:u_img_conv1|altsyncram:altsyncram_component|altsyncram_i5i1:auto_generated|ram_block1a11~porta_address_reg0 ; clk          ; u_pll|altpll_component|auto_generated|pll1|clk[0] ; 10.000       ; -2.869     ; 3.795      ;
; 3.328 ; addr_img_conv1[0]  ; img_conv1:u_img_conv1|altsyncram:altsyncram_component|altsyncram_i5i1:auto_generated|ram_block1a12~porta_address_reg0 ; clk          ; u_pll|altpll_component|auto_generated|pll1|clk[0] ; 10.000       ; -2.872     ; 3.788      ;
; 3.338 ; addr_img_conv1[9]  ; img_conv1:u_img_conv1|altsyncram:altsyncram_component|altsyncram_i5i1:auto_generated|ram_block1a24~porta_address_reg0 ; clk          ; u_pll|altpll_component|auto_generated|pll1|clk[0] ; 10.000       ; -2.848     ; 3.802      ;
; 3.341 ; addr_img_conv1[2]  ; img_conv1:u_img_conv1|altsyncram:altsyncram_component|altsyncram_i5i1:auto_generated|ram_block1a13~porta_address_reg0 ; clk          ; u_pll|altpll_component|auto_generated|pll1|clk[0] ; 10.000       ; -2.868     ; 3.779      ;
; 3.341 ; addr_img_conv1[3]  ; img_conv1:u_img_conv1|altsyncram:altsyncram_component|altsyncram_i5i1:auto_generated|ram_block1a13~porta_address_reg0 ; clk          ; u_pll|altpll_component|auto_generated|pll1|clk[0] ; 10.000       ; -2.868     ; 3.779      ;
; 3.368 ; addr_img_conv1[2]  ; img_conv1:u_img_conv1|altsyncram:altsyncram_component|altsyncram_i5i1:auto_generated|ram_block1a3~porta_address_reg0  ; clk          ; u_pll|altpll_component|auto_generated|pll1|clk[0] ; 10.000       ; -2.869     ; 3.751      ;
; 3.369 ; addr_img_conv1[3]  ; img_conv1:u_img_conv1|altsyncram:altsyncram_component|altsyncram_i5i1:auto_generated|ram_block1a23~porta_address_reg0 ; clk          ; u_pll|altpll_component|auto_generated|pll1|clk[0] ; 10.000       ; -2.885     ; 3.734      ;
; 3.370 ; wren_img_conv1     ; img_conv1:u_img_conv1|altsyncram:altsyncram_component|altsyncram_i5i1:auto_generated|ram_block1a14~porta_we_reg       ; clk          ; u_pll|altpll_component|auto_generated|pll1|clk[0] ; 10.000       ; -2.885     ; 3.733      ;
; 3.391 ; addr_img_conv1[2]  ; img_conv1:u_img_conv1|altsyncram:altsyncram_component|altsyncram_i5i1:auto_generated|ram_block1a30~porta_address_reg0 ; clk          ; u_pll|altpll_component|auto_generated|pll1|clk[0] ; 10.000       ; -2.870     ; 3.727      ;
; 3.404 ; addr_img_conv1[2]  ; img_conv1:u_img_conv1|altsyncram:altsyncram_component|altsyncram_i5i1:auto_generated|ram_block1a16~porta_address_reg0 ; clk          ; u_pll|altpll_component|auto_generated|pll1|clk[0] ; 10.000       ; -2.879     ; 3.705      ;
; 3.418 ; addr_img_conv1[2]  ; img_conv1:u_img_conv1|altsyncram:altsyncram_component|altsyncram_i5i1:auto_generated|ram_block1a14~porta_address_reg0 ; clk          ; u_pll|altpll_component|auto_generated|pll1|clk[0] ; 10.000       ; -2.887     ; 3.683      ;
; 3.436 ; addr_img_conv1[11] ; img_conv1:u_img_conv1|altsyncram:altsyncram_component|altsyncram_i5i1:auto_generated|ram_block1a15~porta_address_reg0 ; clk          ; u_pll|altpll_component|auto_generated|pll1|clk[0] ; 10.000       ; -2.861     ; 3.691      ;
; 3.443 ; addr_img_conv1[11] ; img_conv1:u_img_conv1|altsyncram:altsyncram_component|altsyncram_i5i1:auto_generated|ram_block1a25~porta_address_reg0 ; clk          ; u_pll|altpll_component|auto_generated|pll1|clk[0] ; 10.000       ; -2.862     ; 3.683      ;
; 3.443 ; addr_img_conv1[2]  ; img_conv1:u_img_conv1|altsyncram:altsyncram_component|altsyncram_i5i1:auto_generated|ram_block1a19~porta_address_reg0 ; clk          ; u_pll|altpll_component|auto_generated|pll1|clk[0] ; 10.000       ; -2.877     ; 3.668      ;
; 3.449 ; addr_img_conv1[1]  ; img_conv1:u_img_conv1|altsyncram:altsyncram_component|altsyncram_i5i1:auto_generated|ram_block1a15~porta_address_reg0 ; clk          ; u_pll|altpll_component|auto_generated|pll1|clk[0] ; 10.000       ; -2.875     ; 3.664      ;
; 3.449 ; addr_img_conv1[1]  ; img_conv1:u_img_conv1|altsyncram:altsyncram_component|altsyncram_i5i1:auto_generated|ram_block1a22~porta_address_reg0 ; clk          ; u_pll|altpll_component|auto_generated|pll1|clk[0] ; 10.000       ; -2.876     ; 3.663      ;
; 3.452 ; addr_img_conv1[11] ; img_conv1:u_img_conv1|altsyncram:altsyncram_component|altsyncram_i5i1:auto_generated|ram_block1a19~porta_address_reg0 ; clk          ; u_pll|altpll_component|auto_generated|pll1|clk[0] ; 10.000       ; -2.863     ; 3.673      ;
; 3.473 ; wren_img_conv1     ; img_conv1:u_img_conv1|altsyncram:altsyncram_component|altsyncram_i5i1:auto_generated|ram_block1a13~porta_we_reg       ; clk          ; u_pll|altpll_component|auto_generated|pll1|clk[0] ; 10.000       ; -2.866     ; 3.649      ;
; 3.478 ; addr_img_conv1[1]  ; img_conv1:u_img_conv1|altsyncram:altsyncram_component|altsyncram_i5i1:auto_generated|ram_block1a24~porta_address_reg0 ; clk          ; u_pll|altpll_component|auto_generated|pll1|clk[0] ; 10.000       ; -2.862     ; 3.648      ;
; 3.484 ; addr_img_conv1[1]  ; img_conv1:u_img_conv1|altsyncram:altsyncram_component|altsyncram_i5i1:auto_generated|ram_block1a25~porta_address_reg0 ; clk          ; u_pll|altpll_component|auto_generated|pll1|clk[0] ; 10.000       ; -2.876     ; 3.628      ;
; 3.492 ; addr_conv2w[11]    ; conv2_w:u_conv2w|altsyncram:altsyncram_component|altsyncram_2jk1:auto_generated|ram_block1a8~porta_address_reg0       ; clk          ; u_pll|altpll_component|auto_generated|pll1|clk[0] ; 10.000       ; -2.870     ; 3.626      ;
; 3.494 ; addr_img_conv1[7]  ; img_conv1:u_img_conv1|altsyncram:altsyncram_component|altsyncram_i5i1:auto_generated|ram_block1a21~porta_address_reg0 ; clk          ; u_pll|altpll_component|auto_generated|pll1|clk[0] ; 10.000       ; -2.849     ; 3.645      ;
; 3.498 ; addr_img_conv1[1]  ; img_conv1:u_img_conv1|altsyncram:altsyncram_component|altsyncram_i5i1:auto_generated|ram_block1a17~porta_address_reg0 ; clk          ; u_pll|altpll_component|auto_generated|pll1|clk[0] ; 10.000       ; -2.856     ; 3.634      ;
; 3.506 ; addr_img_conv1[6]  ; img_conv1:u_img_conv1|altsyncram:altsyncram_component|altsyncram_i5i1:auto_generated|ram_block1a21~porta_address_reg0 ; clk          ; u_pll|altpll_component|auto_generated|pll1|clk[0] ; 10.000       ; -2.863     ; 3.619      ;
; 3.511 ; wren_img_conv1     ; img_conv1:u_img_conv1|altsyncram:altsyncram_component|altsyncram_i5i1:auto_generated|ram_block1a28~porta_we_reg       ; clk          ; u_pll|altpll_component|auto_generated|pll1|clk[0] ; 10.000       ; -2.867     ; 3.610      ;
; 3.511 ; addr_img_conv1[6]  ; img_conv1:u_img_conv1|altsyncram:altsyncram_component|altsyncram_i5i1:auto_generated|ram_block1a24~porta_address_reg0 ; clk          ; u_pll|altpll_component|auto_generated|pll1|clk[0] ; 10.000       ; -2.862     ; 3.615      ;
; 3.515 ; addr_conv2w[11]    ; conv2_w:u_conv2w|altsyncram:altsyncram_component|altsyncram_2jk1:auto_generated|ram_block1a2~porta_address_reg0       ; clk          ; u_pll|altpll_component|auto_generated|pll1|clk[0] ; 10.000       ; -2.867     ; 3.606      ;
; 3.528 ; addr_conv2w[9]     ; conv2_w:u_conv2w|altsyncram:altsyncram_component|altsyncram_2jk1:auto_generated|ram_block1a2~porta_address_reg0       ; clk          ; u_pll|altpll_component|auto_generated|pll1|clk[0] ; 10.000       ; -2.867     ; 3.593      ;
; 3.535 ; addr_img_conv1[2]  ; img_conv1:u_img_conv1|altsyncram:altsyncram_component|altsyncram_i5i1:auto_generated|ram_block1a20~porta_address_reg0 ; clk          ; u_pll|altpll_component|auto_generated|pll1|clk[0] ; 10.000       ; -2.881     ; 3.572      ;
; 3.535 ; addr_img_conv1[2]  ; img_conv1:u_img_conv1|altsyncram:altsyncram_component|altsyncram_i5i1:auto_generated|ram_block1a31~porta_address_reg0 ; clk          ; u_pll|altpll_component|auto_generated|pll1|clk[0] ; 10.000       ; -2.883     ; 3.570      ;
; 3.537 ; addr_conv2w[9]     ; conv2_w:u_conv2w|altsyncram:altsyncram_component|altsyncram_2jk1:auto_generated|ram_block1a8~porta_address_reg0       ; clk          ; u_pll|altpll_component|auto_generated|pll1|clk[0] ; 10.000       ; -2.870     ; 3.581      ;
; 3.541 ; addr_img_conv1[0]  ; img_conv1:u_img_conv1|altsyncram:altsyncram_component|altsyncram_i5i1:auto_generated|ram_block1a20~porta_address_reg0 ; clk          ; u_pll|altpll_component|auto_generated|pll1|clk[0] ; 10.000       ; -2.881     ; 3.566      ;
; 3.546 ; addr_img_conv1[0]  ; img_conv1:u_img_conv1|altsyncram:altsyncram_component|altsyncram_i5i1:auto_generated|ram_block1a16~porta_address_reg0 ; clk          ; u_pll|altpll_component|auto_generated|pll1|clk[0] ; 10.000       ; -2.879     ; 3.563      ;
; 3.573 ; addr_img_conv1[0]  ; img_conv1:u_img_conv1|altsyncram:altsyncram_component|altsyncram_i5i1:auto_generated|ram_block1a19~porta_address_reg0 ; clk          ; u_pll|altpll_component|auto_generated|pll1|clk[0] ; 10.000       ; -2.877     ; 3.538      ;
; 3.581 ; addr_img_conv1[6]  ; img_conv1:u_img_conv1|altsyncram:altsyncram_component|altsyncram_i5i1:auto_generated|ram_block1a17~porta_address_reg0 ; clk          ; u_pll|altpll_component|auto_generated|pll1|clk[0] ; 10.000       ; -2.856     ; 3.551      ;
; 3.589 ; addr_img_conv1[6]  ; img_conv1:u_img_conv1|altsyncram:altsyncram_component|altsyncram_i5i1:auto_generated|ram_block1a27~porta_address_reg0 ; clk          ; u_pll|altpll_component|auto_generated|pll1|clk[0] ; 10.000       ; -2.855     ; 3.544      ;
; 3.591 ; addr_img_conv1[0]  ; img_conv1:u_img_conv1|altsyncram:altsyncram_component|altsyncram_i5i1:auto_generated|ram_block1a14~porta_address_reg0 ; clk          ; u_pll|altpll_component|auto_generated|pll1|clk[0] ; 10.000       ; -2.887     ; 3.510      ;
; 3.594 ; addr_img_conv1[12] ; img_conv1:u_img_conv1|altsyncram:altsyncram_component|altsyncram_i5i1:auto_generated|ram_block1a30~porta_address_reg0 ; clk          ; u_pll|altpll_component|auto_generated|pll1|clk[0] ; 10.000       ; -2.856     ; 3.538      ;
; 3.594 ; addr_img_conv1[0]  ; img_conv1:u_img_conv1|altsyncram:altsyncram_component|altsyncram_i5i1:auto_generated|ram_block1a31~porta_address_reg0 ; clk          ; u_pll|altpll_component|auto_generated|pll1|clk[0] ; 10.000       ; -2.883     ; 3.511      ;
; 3.596 ; addr_img_conv1[3]  ; img_conv1:u_img_conv1|altsyncram:altsyncram_component|altsyncram_i5i1:auto_generated|ram_block1a30~porta_address_reg0 ; clk          ; u_pll|altpll_component|auto_generated|pll1|clk[0] ; 10.000       ; -2.870     ; 3.522      ;
; 3.609 ; addr_img_conv1[10] ; img_conv1:u_img_conv1|altsyncram:altsyncram_component|altsyncram_i5i1:auto_generated|ram_block1a21~porta_address_reg0 ; clk          ; u_pll|altpll_component|auto_generated|pll1|clk[0] ; 10.000       ; -2.849     ; 3.530      ;
; 3.614 ; addr_img_conv1[3]  ; img_conv1:u_img_conv1|altsyncram:altsyncram_component|altsyncram_i5i1:auto_generated|ram_block1a3~porta_address_reg0  ; clk          ; u_pll|altpll_component|auto_generated|pll1|clk[0] ; 10.000       ; -2.869     ; 3.505      ;
; 3.618 ; addr_img_conv1[3]  ; img_conv1:u_img_conv1|altsyncram:altsyncram_component|altsyncram_i5i1:auto_generated|ram_block1a4~porta_address_reg0  ; clk          ; u_pll|altpll_component|auto_generated|pll1|clk[0] ; 10.000       ; -2.876     ; 3.494      ;
; 3.619 ; addr_img_conv1[10] ; img_conv1:u_img_conv1|altsyncram:altsyncram_component|altsyncram_i5i1:auto_generated|ram_block1a24~porta_address_reg0 ; clk          ; u_pll|altpll_component|auto_generated|pll1|clk[0] ; 10.000       ; -2.848     ; 3.521      ;
; 3.629 ; addr_img_conv1[10] ; img_conv1:u_img_conv1|altsyncram:altsyncram_component|altsyncram_i5i1:auto_generated|ram_block1a22~porta_address_reg0 ; clk          ; u_pll|altpll_component|auto_generated|pll1|clk[0] ; 10.000       ; -2.862     ; 3.497      ;
; 3.643 ; addr_img_conv1[9]  ; img_conv1:u_img_conv1|altsyncram:altsyncram_component|altsyncram_i5i1:auto_generated|ram_block1a25~porta_address_reg0 ; clk          ; u_pll|altpll_component|auto_generated|pll1|clk[0] ; 10.000       ; -2.862     ; 3.483      ;
; 3.646 ; addr_img_conv1[10] ; img_conv1:u_img_conv1|altsyncram:altsyncram_component|altsyncram_i5i1:auto_generated|ram_block1a15~porta_address_reg0 ; clk          ; u_pll|altpll_component|auto_generated|pll1|clk[0] ; 10.000       ; -2.861     ; 3.481      ;
; 3.655 ; addr_img_conv1[0]  ; img_conv1:u_img_conv1|altsyncram:altsyncram_component|altsyncram_i5i1:auto_generated|ram_block1a10~porta_address_reg0 ; clk          ; u_pll|altpll_component|auto_generated|pll1|clk[0] ; 10.000       ; -2.874     ; 3.459      ;
; 3.668 ; addr_img_conv1[3]  ; img_conv1:u_img_conv1|altsyncram:altsyncram_component|altsyncram_i5i1:auto_generated|ram_block1a12~porta_address_reg0 ; clk          ; u_pll|altpll_component|auto_generated|pll1|clk[0] ; 10.000       ; -2.872     ; 3.448      ;
; 3.670 ; addr_img_conv1[2]  ; img_conv1:u_img_conv1|altsyncram:altsyncram_component|altsyncram_i5i1:auto_generated|ram_block1a10~porta_address_reg0 ; clk          ; u_pll|altpll_component|auto_generated|pll1|clk[0] ; 10.000       ; -2.874     ; 3.444      ;
; 3.676 ; addr_img_conv1[9]  ; img_conv1:u_img_conv1|altsyncram:altsyncram_component|altsyncram_i5i1:auto_generated|ram_block1a22~porta_address_reg0 ; clk          ; u_pll|altpll_component|auto_generated|pll1|clk[0] ; 10.000       ; -2.862     ; 3.450      ;
; 3.677 ; addr_img_conv1[9]  ; img_conv1:u_img_conv1|altsyncram:altsyncram_component|altsyncram_i5i1:auto_generated|ram_block1a19~porta_address_reg0 ; clk          ; u_pll|altpll_component|auto_generated|pll1|clk[0] ; 10.000       ; -2.863     ; 3.448      ;
; 3.702 ; addr_img_conv1[0]  ; img_conv1:u_img_conv1|altsyncram:altsyncram_component|altsyncram_i5i1:auto_generated|ram_block1a9~porta_address_reg0  ; clk          ; u_pll|altpll_component|auto_generated|pll1|clk[0] ; 10.000       ; -2.880     ; 3.406      ;
; 3.703 ; addr_img_conv1[9]  ; img_conv1:u_img_conv1|altsyncram:altsyncram_component|altsyncram_i5i1:auto_generated|ram_block1a15~porta_address_reg0 ; clk          ; u_pll|altpll_component|auto_generated|pll1|clk[0] ; 10.000       ; -2.861     ; 3.424      ;
; 3.730 ; addr_img_conv1[2]  ; img_conv1:u_img_conv1|altsyncram:altsyncram_component|altsyncram_i5i1:auto_generated|ram_block1a12~porta_address_reg0 ; clk          ; u_pll|altpll_component|auto_generated|pll1|clk[0] ; 10.000       ; -2.872     ; 3.386      ;
+-------+--------------------+-----------------------------------------------------------------------------------------------------------------------+--------------+---------------------------------------------------+--------------+------------+------------+


+--------------------------------------------------------------------------------------------------------------------------------------------------------------------------------------------------------------------------------+
; Slow 1200mV 85C Model Hold: 'clk'                                                                                                                                                                                              ;
+-------+-----------------------------+--------------------------------------------------------------------------------------------------------------------+--------------+-------------+--------------+------------+------------+
; Slack ; From Node                   ; To Node                                                                                                            ; Launch Clock ; Latch Clock ; Relationship ; Clock Skew ; Data Delay ;
+-------+-----------------------------+--------------------------------------------------------------------------------------------------------------------+--------------+-------------+--------------+------------+------------+
; 0.338 ; data_w_uart_img[4]          ; ram_uart:u_ram_uart|altsyncram:altsyncram_component|altsyncram_off2:auto_generated|ram_block1a3~porta_datain_reg0  ; clk          ; clk         ; 0.000        ; 0.443      ; 1.003      ;
; 0.346 ; data_w_uart_img[3]          ; ram_uart:u_ram_uart|altsyncram:altsyncram_component|altsyncram_off2:auto_generated|ram_block1a3~porta_datain_reg0  ; clk          ; clk         ; 0.000        ; 0.443      ; 1.011      ;
; 0.365 ; data_w_uart_img[1]          ; ram_uart:u_ram_uart|altsyncram:altsyncram_component|altsyncram_off2:auto_generated|ram_block1a0~porta_datain_reg0  ; clk          ; clk         ; 0.000        ; 0.442      ; 1.029      ;
; 0.367 ; data_w_uart_img[5]          ; ram_uart:u_ram_uart|altsyncram:altsyncram_component|altsyncram_off2:auto_generated|ram_block1a3~porta_datain_reg0  ; clk          ; clk         ; 0.000        ; 0.443      ; 1.032      ;
; 0.368 ; data_w_uart_img[6]          ; ram_uart:u_ram_uart|altsyncram:altsyncram_component|altsyncram_off2:auto_generated|ram_block1a3~porta_datain_reg0  ; clk          ; clk         ; 0.000        ; 0.443      ; 1.033      ;
; 0.372 ; data_w_uart_img[2]          ; ram_uart:u_ram_uart|altsyncram:altsyncram_component|altsyncram_off2:auto_generated|ram_block1a0~porta_datain_reg0  ; clk          ; clk         ; 0.000        ; 0.442      ; 1.036      ;
; 0.373 ; addr_uart_img[9]            ; ram_uart:u_ram_uart|altsyncram:altsyncram_component|altsyncram_off2:auto_generated|ram_block1a3~porta_address_reg0 ; clk          ; clk         ; 0.000        ; 0.437      ; 1.032      ;
; 0.376 ; addr_uart_img[7]            ; ram_uart:u_ram_uart|altsyncram:altsyncram_component|altsyncram_off2:auto_generated|ram_block1a3~porta_address_reg0 ; clk          ; clk         ; 0.000        ; 0.437      ; 1.035      ;
; 0.380 ; addr_uart_img[0]            ; ram_uart:u_ram_uart|altsyncram:altsyncram_component|altsyncram_off2:auto_generated|ram_block1a3~porta_address_reg0 ; clk          ; clk         ; 0.000        ; 0.437      ; 1.039      ;
; 0.381 ; addr_uart_img[1]            ; ram_uart:u_ram_uart|altsyncram:altsyncram_component|altsyncram_off2:auto_generated|ram_block1a3~porta_address_reg0 ; clk          ; clk         ; 0.000        ; 0.437      ; 1.040      ;
; 0.386 ; data_w_uart_img[7]          ; ram_uart:u_ram_uart|altsyncram:altsyncram_component|altsyncram_off2:auto_generated|ram_block1a3~porta_datain_reg0  ; clk          ; clk         ; 0.000        ; 0.443      ; 1.051      ;
; 0.392 ; addr_uart_img[5]            ; ram_uart:u_ram_uart|altsyncram:altsyncram_component|altsyncram_off2:auto_generated|ram_block1a0~porta_address_reg0 ; clk          ; clk         ; 0.000        ; 0.436      ; 1.050      ;
; 0.401 ; best_digit[3]               ; best_digit[3]                                                                                                      ; clk          ; clk         ; 0.000        ; 0.082      ; 0.669      ;
; 0.401 ; best_digit[2]               ; best_digit[2]                                                                                                      ; clk          ; clk         ; 0.000        ; 0.082      ; 0.669      ;
; 0.401 ; best_digit[1]               ; best_digit[1]                                                                                                      ; clk          ; clk         ; 0.000        ; 0.082      ; 0.669      ;
; 0.401 ; best_digit[0]               ; best_digit[0]                                                                                                      ; clk          ; clk         ; 0.000        ; 0.082      ; 0.669      ;
; 0.401 ; wren_pool1                  ; wren_pool1                                                                                                         ; clk          ; clk         ; 0.000        ; 0.082      ; 0.669      ;
; 0.401 ; wren_pool2                  ; wren_pool2                                                                                                         ; clk          ; clk         ; 0.000        ; 0.082      ; 0.669      ;
; 0.401 ; wren_img_conv2              ; wren_img_conv2                                                                                                     ; clk          ; clk         ; 0.000        ; 0.082      ; 0.669      ;
; 0.401 ; wren_img_conv1              ; wren_img_conv1                                                                                                     ; clk          ; clk         ; 0.000        ; 0.082      ; 0.669      ;
; 0.401 ; ch[2]                       ; ch[2]                                                                                                              ; clk          ; clk         ; 0.000        ; 0.082      ; 0.669      ;
; 0.401 ; state.S_CONV2               ; state.S_CONV2                                                                                                      ; clk          ; clk         ; 0.000        ; 0.082      ; 0.669      ;
; 0.401 ; row[3]                      ; row[3]                                                                                                             ; clk          ; clk         ; 0.000        ; 0.082      ; 0.669      ;
; 0.401 ; row[4]                      ; row[4]                                                                                                             ; clk          ; clk         ; 0.000        ; 0.082      ; 0.669      ;
; 0.401 ; row[2]                      ; row[2]                                                                                                             ; clk          ; clk         ; 0.000        ; 0.082      ; 0.669      ;
; 0.401 ; ch[3]                       ; ch[3]                                                                                                              ; clk          ; clk         ; 0.000        ; 0.082      ; 0.669      ;
; 0.401 ; ch[1]                       ; ch[1]                                                                                                              ; clk          ; clk         ; 0.000        ; 0.082      ; 0.669      ;
; 0.401 ; uartRead:read1|rx_shift[1]  ; uartRead:read1|rx_shift[1]                                                                                         ; clk          ; clk         ; 0.000        ; 0.082      ; 0.669      ;
; 0.401 ; uartRead:read1|rx_shift[3]  ; uartRead:read1|rx_shift[3]                                                                                         ; clk          ; clk         ; 0.000        ; 0.082      ; 0.669      ;
; 0.401 ; uartRead:read1|rx_shift[5]  ; uartRead:read1|rx_shift[5]                                                                                         ; clk          ; clk         ; 0.000        ; 0.082      ; 0.669      ;
; 0.401 ; uartRead:read1|rx_shift[6]  ; uartRead:read1|rx_shift[6]                                                                                         ; clk          ; clk         ; 0.000        ; 0.082      ; 0.669      ;
; 0.401 ; uartRead:read1|rx_shift[7]  ; uartRead:read1|rx_shift[7]                                                                                         ; clk          ; clk         ; 0.000        ; 0.082      ; 0.669      ;
; 0.401 ; i[0]                        ; i[0]                                                                                                               ; clk          ; clk         ; 0.000        ; 0.082      ; 0.669      ;
; 0.401 ; i[4]                        ; i[4]                                                                                                               ; clk          ; clk         ; 0.000        ; 0.082      ; 0.669      ;
; 0.401 ; i[7]                        ; i[7]                                                                                                               ; clk          ; clk         ; 0.000        ; 0.082      ; 0.669      ;
; 0.401 ; i[5]                        ; i[5]                                                                                                               ; clk          ; clk         ; 0.000        ; 0.082      ; 0.669      ;
; 0.401 ; i[8]                        ; i[8]                                                                                                               ; clk          ; clk         ; 0.000        ; 0.082      ; 0.669      ;
; 0.401 ; i[6]                        ; i[6]                                                                                                               ; clk          ; clk         ; 0.000        ; 0.082      ; 0.669      ;
; 0.402 ; stt_uart.00000              ; stt_uart.00000                                                                                                     ; clk          ; clk         ; 0.000        ; 0.081      ; 0.669      ;
; 0.402 ; stt_uart.00101              ; stt_uart.00101                                                                                                     ; clk          ; clk         ; 0.000        ; 0.081      ; 0.669      ;
; 0.402 ; stt_uart.00100              ; stt_uart.00100                                                                                                     ; clk          ; clk         ; 0.000        ; 0.081      ; 0.669      ;
; 0.402 ; stt_uart.00011              ; stt_uart.00011                                                                                                     ; clk          ; clk         ; 0.000        ; 0.081      ; 0.669      ;
; 0.402 ; stt_uart.00010              ; stt_uart.00010                                                                                                     ; clk          ; clk         ; 0.000        ; 0.081      ; 0.669      ;
; 0.402 ; addr_img_conv2[4]           ; addr_img_conv2[4]                                                                                                  ; clk          ; clk         ; 0.000        ; 0.081      ; 0.669      ;
; 0.402 ; addr_img_conv2[7]           ; addr_img_conv2[7]                                                                                                  ; clk          ; clk         ; 0.000        ; 0.081      ; 0.669      ;
; 0.402 ; kw[1]                       ; kw[1]                                                                                                              ; clk          ; clk         ; 0.000        ; 0.081      ; 0.669      ;
; 0.402 ; col[1]                      ; col[1]                                                                                                             ; clk          ; clk         ; 0.000        ; 0.081      ; 0.669      ;
; 0.402 ; col[2]                      ; col[2]                                                                                                             ; clk          ; clk         ; 0.000        ; 0.081      ; 0.669      ;
; 0.402 ; col[3]                      ; col[3]                                                                                                             ; clk          ; clk         ; 0.000        ; 0.081      ; 0.669      ;
; 0.402 ; col[0]                      ; col[0]                                                                                                             ; clk          ; clk         ; 0.000        ; 0.081      ; 0.669      ;
; 0.402 ; col[4]                      ; col[4]                                                                                                             ; clk          ; clk         ; 0.000        ; 0.081      ; 0.669      ;
; 0.402 ; uartRead:read1|state.START  ; uartRead:read1|state.START                                                                                         ; clk          ; clk         ; 0.000        ; 0.081      ; 0.669      ;
; 0.402 ; uartRead:read1|state.STOP   ; uartRead:read1|state.STOP                                                                                          ; clk          ; clk         ; 0.000        ; 0.081      ; 0.669      ;
; 0.402 ; uartRead:read1|bit_index[0] ; uartRead:read1|bit_index[0]                                                                                        ; clk          ; clk         ; 0.000        ; 0.081      ; 0.669      ;
; 0.402 ; uartRead:read1|state.DATA   ; uartRead:read1|state.DATA                                                                                          ; clk          ; clk         ; 0.000        ; 0.081      ; 0.669      ;
; 0.402 ; uartRead:read1|bit_index[1] ; uartRead:read1|bit_index[1]                                                                                        ; clk          ; clk         ; 0.000        ; 0.081      ; 0.669      ;
; 0.402 ; kh[1]                       ; kh[1]                                                                                                              ; clk          ; clk         ; 0.000        ; 0.081      ; 0.669      ;
; 0.402 ; kh[0]                       ; kh[0]                                                                                                              ; clk          ; clk         ; 0.000        ; 0.081      ; 0.669      ;
; 0.402 ; ic[1]                       ; ic[1]                                                                                                              ; clk          ; clk         ; 0.000        ; 0.081      ; 0.669      ;
; 0.402 ; ic[2]                       ; ic[2]                                                                                                              ; clk          ; clk         ; 0.000        ; 0.081      ; 0.669      ;
; 0.402 ; uartRead:read1|rx_shift[0]  ; uartRead:read1|rx_shift[0]                                                                                         ; clk          ; clk         ; 0.000        ; 0.081      ; 0.669      ;
; 0.402 ; uartRead:read1|rx_shift[2]  ; uartRead:read1|rx_shift[2]                                                                                         ; clk          ; clk         ; 0.000        ; 0.081      ; 0.669      ;
; 0.402 ; uartRead:read1|rx_shift[4]  ; uartRead:read1|rx_shift[4]                                                                                         ; clk          ; clk         ; 0.000        ; 0.081      ; 0.669      ;
; 0.402 ; done_uart_img               ; done_uart_img                                                                                                      ; clk          ; clk         ; 0.000        ; 0.081      ; 0.669      ;
; 0.402 ; state.S_DONE                ; state.S_DONE                                                                                                       ; clk          ; clk         ; 0.000        ; 0.081      ; 0.669      ;
; 0.402 ; state.S_CONV1               ; state.S_CONV1                                                                                                      ; clk          ; clk         ; 0.000        ; 0.081      ; 0.669      ;
; 0.402 ; state.S_ARGMAX              ; state.S_ARGMAX                                                                                                     ; clk          ; clk         ; 0.000        ; 0.081      ; 0.669      ;
; 0.402 ; state.S_UART                ; state.S_UART                                                                                                       ; clk          ; clk         ; 0.000        ; 0.081      ; 0.669      ;
; 0.402 ; state.S_IDLE                ; state.S_IDLE                                                                                                       ; clk          ; clk         ; 0.000        ; 0.081      ; 0.669      ;
; 0.402 ; done_detect                 ; done_detect                                                                                                        ; clk          ; clk         ; 0.000        ; 0.081      ; 0.669      ;
; 0.402 ; stt.00110                   ; stt.00110                                                                                                          ; clk          ; clk         ; 0.000        ; 0.081      ; 0.669      ;
; 0.402 ; stt.00100                   ; stt.00100                                                                                                          ; clk          ; clk         ; 0.000        ; 0.081      ; 0.669      ;
; 0.402 ; stt.00101                   ; stt.00101                                                                                                          ; clk          ; clk         ; 0.000        ; 0.081      ; 0.669      ;
; 0.402 ; cls[0]                      ; cls[0]                                                                                                             ; clk          ; clk         ; 0.000        ; 0.081      ; 0.669      ;
; 0.402 ; cls[1]                      ; cls[1]                                                                                                             ; clk          ; clk         ; 0.000        ; 0.081      ; 0.669      ;
; 0.402 ; cls[2]                      ; cls[2]                                                                                                             ; clk          ; clk         ; 0.000        ; 0.081      ; 0.669      ;
; 0.402 ; cls[3]                      ; cls[3]                                                                                                             ; clk          ; clk         ; 0.000        ; 0.081      ; 0.669      ;
; 0.402 ; uartRead:read1|bit_index[2] ; uartRead:read1|bit_index[2]                                                                                        ; clk          ; clk         ; 0.000        ; 0.081      ; 0.669      ;
; 0.403 ; addr_fcw[0]                 ; addr_fcw[0]                                                                                                        ; clk          ; clk         ; 0.000        ; 0.080      ; 0.669      ;
; 0.406 ; ch[0]                       ; ch[0]                                                                                                              ; clk          ; clk         ; 0.000        ; 0.082      ; 0.674      ;
; 0.406 ; state.S_POOL1               ; state.S_POOL1                                                                                                      ; clk          ; clk         ; 0.000        ; 0.082      ; 0.674      ;
; 0.406 ; state.S_POOL2               ; state.S_POOL2                                                                                                      ; clk          ; clk         ; 0.000        ; 0.082      ; 0.674      ;
; 0.407 ; kw[0]                       ; kw[0]                                                                                                              ; clk          ; clk         ; 0.000        ; 0.081      ; 0.674      ;
; 0.407 ; ic[0]                       ; ic[0]                                                                                                              ; clk          ; clk         ; 0.000        ; 0.081      ; 0.674      ;
; 0.419 ; addr_uart_img[4]            ; ram_uart:u_ram_uart|altsyncram:altsyncram_component|altsyncram_off2:auto_generated|ram_block1a0~porta_address_reg0 ; clk          ; clk         ; 0.000        ; 0.436      ; 1.077      ;
; 0.423 ; addr_uart_img[3]            ; ram_uart:u_ram_uart|altsyncram:altsyncram_component|altsyncram_off2:auto_generated|ram_block1a0~porta_address_reg0 ; clk          ; clk         ; 0.000        ; 0.436      ; 1.081      ;
; 0.423 ; addr_uart_img[8]            ; ram_uart:u_ram_uart|altsyncram:altsyncram_component|altsyncram_off2:auto_generated|ram_block1a0~porta_address_reg0 ; clk          ; clk         ; 0.000        ; 0.436      ; 1.081      ;
; 0.424 ; addr_uart_img[9]            ; ram_uart:u_ram_uart|altsyncram:altsyncram_component|altsyncram_off2:auto_generated|ram_block1a0~porta_address_reg0 ; clk          ; clk         ; 0.000        ; 0.436      ; 1.082      ;
; 0.428 ; uartRead:read1|rx_shift[3]  ; uartRead:read1|data[3]                                                                                             ; clk          ; clk         ; 0.000        ; 0.082      ; 0.696      ;
; 0.428 ; uartRead:read1|rx_shift[5]  ; uartRead:read1|data[5]                                                                                             ; clk          ; clk         ; 0.000        ; 0.082      ; 0.696      ;
; 0.429 ; score_rtl_0_bypass[24]      ; best_score[15]                                                                                                     ; clk          ; clk         ; 0.000        ; 0.081      ; 0.696      ;
; 0.429 ; uartRead:read1|rx_shift[0]  ; uartRead:read1|data[0]                                                                                             ; clk          ; clk         ; 0.000        ; 0.081      ; 0.696      ;
; 0.429 ; uartRead:read1|rx_shift[2]  ; uartRead:read1|data[2]                                                                                             ; clk          ; clk         ; 0.000        ; 0.081      ; 0.696      ;
; 0.429 ; addr_uart_img[2]            ; ram_uart:u_ram_uart|altsyncram:altsyncram_component|altsyncram_off2:auto_generated|ram_block1a3~porta_address_reg0 ; clk          ; clk         ; 0.000        ; 0.437      ; 1.088      ;
; 0.430 ; uartRead:read1|rx_shift[6]  ; uartRead:read1|data[6]                                                                                             ; clk          ; clk         ; 0.000        ; 0.082      ; 0.698      ;
; 0.430 ; uartRead:read1|rx_shift[7]  ; uartRead:read1|data[7]                                                                                             ; clk          ; clk         ; 0.000        ; 0.082      ; 0.698      ;
; 0.431 ; score_rtl_0_bypass[11]      ; best_score[2]                                                                                                      ; clk          ; clk         ; 0.000        ; 0.081      ; 0.698      ;
; 0.431 ; uartRead:read1|rx_shift[4]  ; uartRead:read1|data[4]                                                                                             ; clk          ; clk         ; 0.000        ; 0.081      ; 0.698      ;
; 0.436 ; best_digit[0]               ; digit[0]                                                                                                           ; clk          ; clk         ; 0.000        ; 0.082      ; 0.704      ;
; 0.453 ; uartRead:read1|state.DATA   ; uartRead:read1|bit_index[0]                                                                                        ; clk          ; clk         ; 0.000        ; 0.081      ; 0.720      ;
+-------+-----------------------------+--------------------------------------------------------------------------------------------------------------------+--------------+-------------+--------------+------------+------------+


+--------------------------------------------------------------------------------------------------------------------------------------------------------+
; Slow 1200mV 85C Model Hold: 'uartWrite:u5|clock'                                                                                                       ;
+-------+------------------------------+------------------------------+--------------------+--------------------+--------------+------------+------------+
; Slack ; From Node                    ; To Node                      ; Launch Clock       ; Latch Clock        ; Relationship ; Clock Skew ; Data Delay ;
+-------+------------------------------+------------------------------+--------------------+--------------------+--------------+------------+------------+
; 0.403 ; uartWrite:u5|stt_tx.00001100 ; uartWrite:u5|stt_tx.00001100 ; uartWrite:u5|clock ; uartWrite:u5|clock ; 0.000        ; 0.080      ; 0.669      ;
; 0.403 ; uartWrite:u5|fb              ; uartWrite:u5|fb              ; uartWrite:u5|clock ; uartWrite:u5|clock ; 0.000        ; 0.080      ; 0.669      ;
; 0.437 ; uartWrite:u5|stt_tx.00001010 ; uartWrite:u5|stt_tx.00001011 ; uartWrite:u5|clock ; uartWrite:u5|clock ; 0.000        ; 0.080      ; 0.703      ;
; 0.438 ; uartWrite:u5|stt_tx.00001001 ; uartWrite:u5|stt_tx.00001010 ; uartWrite:u5|clock ; uartWrite:u5|clock ; 0.000        ; 0.080      ; 0.704      ;
; 0.438 ; uartWrite:u5|stt_tx.00000110 ; uartWrite:u5|stt_tx.00000111 ; uartWrite:u5|clock ; uartWrite:u5|clock ; 0.000        ; 0.080      ; 0.704      ;
; 0.440 ; uartWrite:u5|stt_tx.00001000 ; uartWrite:u5|stt_tx.00001001 ; uartWrite:u5|clock ; uartWrite:u5|clock ; 0.000        ; 0.080      ; 0.706      ;
; 0.607 ; uartWrite:u5|stt_tx.00000100 ; uartWrite:u5|stt_tx.00000101 ; uartWrite:u5|clock ; uartWrite:u5|clock ; 0.000        ; 0.081      ; 0.874      ;
; 0.640 ; uartWrite:u5|stt_tx.00000001 ; uartWrite:u5|stt_tx.00000010 ; uartWrite:u5|clock ; uartWrite:u5|clock ; 0.000        ; 0.080      ; 0.906      ;
; 0.646 ; uartWrite:u5|stt_tx.00000011 ; uartWrite:u5|stt_tx.00000100 ; uartWrite:u5|clock ; uartWrite:u5|clock ; 0.000        ; 0.080      ; 0.912      ;
; 0.647 ; uartWrite:u5|stt_tx.00000101 ; uartWrite:u5|stt_tx.00000110 ; uartWrite:u5|clock ; uartWrite:u5|clock ; 0.000        ; 0.080      ; 0.913      ;
; 0.661 ; uartWrite:u5|stt_tx.00000010 ; uartWrite:u5|stt_tx.00000011 ; uartWrite:u5|clock ; uartWrite:u5|clock ; 0.000        ; 0.080      ; 0.927      ;
; 0.742 ; uartWrite:u5|stt_tx.00001010 ; uartWrite:u5|tx              ; uartWrite:u5|clock ; uartWrite:u5|clock ; 0.000        ; 0.080      ; 1.008      ;
; 0.754 ; uartWrite:u5|stt_tx.00001011 ; uartWrite:u5|tx              ; uartWrite:u5|clock ; uartWrite:u5|clock ; 0.000        ; 0.080      ; 1.020      ;
; 0.843 ; uartWrite:u5|stt_tx.00000111 ; uartWrite:u5|stt_tx.00001000 ; uartWrite:u5|clock ; uartWrite:u5|clock ; 0.000        ; 0.080      ; 1.109      ;
; 0.868 ; uartWrite:u5|stt_tx.00000000 ; uartWrite:u5|tx              ; uartWrite:u5|clock ; uartWrite:u5|clock ; 0.000        ; 0.080      ; 1.134      ;
; 0.880 ; run                          ; uartWrite:u5|stt_tx.00001100 ; clk                ; uartWrite:u5|clock ; 0.000        ; 0.101      ; 1.197      ;
; 0.880 ; run                          ; uartWrite:u5|fb              ; clk                ; uartWrite:u5|clock ; 0.000        ; 0.101      ; 1.197      ;
; 0.937 ; uartWrite:u5|stt_tx.00001011 ; uartWrite:u5|stt_tx.00001100 ; uartWrite:u5|clock ; uartWrite:u5|clock ; 0.000        ; 0.086      ; 1.209      ;
; 0.937 ; uartWrite:u5|stt_tx.00001011 ; uartWrite:u5|fb              ; uartWrite:u5|clock ; uartWrite:u5|clock ; 0.000        ; 0.086      ; 1.209      ;
; 0.993 ; uartWrite:u5|stt_tx.00000000 ; uartWrite:u5|stt_tx.00000001 ; uartWrite:u5|clock ; uartWrite:u5|clock ; 0.000        ; 0.079      ; 1.258      ;
; 1.041 ; data_uart[5]                 ; uartWrite:u5|tx              ; clk                ; uartWrite:u5|clock ; 0.000        ; 0.102      ; 1.359      ;
; 1.049 ; data_uart[0]                 ; uartWrite:u5|tx              ; clk                ; uartWrite:u5|clock ; 0.000        ; 0.102      ; 1.367      ;
; 1.062 ; data_uart[6]                 ; uartWrite:u5|tx              ; clk                ; uartWrite:u5|clock ; 0.000        ; 0.102      ; 1.380      ;
; 1.079 ; run                          ; uartWrite:u5|stt_tx.00001000 ; clk                ; uartWrite:u5|clock ; 0.000        ; 0.095      ; 1.390      ;
; 1.080 ; run                          ; uartWrite:u5|stt_tx.00001011 ; clk                ; uartWrite:u5|clock ; 0.000        ; 0.095      ; 1.391      ;
; 1.080 ; run                          ; uartWrite:u5|stt_tx.00001010 ; clk                ; uartWrite:u5|clock ; 0.000        ; 0.095      ; 1.391      ;
; 1.080 ; run                          ; uartWrite:u5|stt_tx.00000101 ; clk                ; uartWrite:u5|clock ; 0.000        ; 0.095      ; 1.391      ;
; 1.081 ; run                          ; uartWrite:u5|stt_tx.00000110 ; clk                ; uartWrite:u5|clock ; 0.000        ; 0.095      ; 1.392      ;
; 1.082 ; run                          ; uartWrite:u5|stt_tx.00000111 ; clk                ; uartWrite:u5|clock ; 0.000        ; 0.095      ; 1.393      ;
; 1.083 ; run                          ; uartWrite:u5|stt_tx.00001001 ; clk                ; uartWrite:u5|clock ; 0.000        ; 0.095      ; 1.394      ;
; 1.092 ; uartWrite:u5|stt_tx.00000010 ; uartWrite:u5|tx              ; uartWrite:u5|clock ; uartWrite:u5|clock ; 0.000        ; 0.081      ; 1.359      ;
; 1.129 ; run                          ; uartWrite:u5|stt_tx.00000000 ; clk                ; uartWrite:u5|clock ; 0.000        ; 0.095      ; 1.440      ;
; 1.141 ; run                          ; uartWrite:u5|stt_tx.00000001 ; clk                ; uartWrite:u5|clock ; 0.000        ; 0.094      ; 1.451      ;
; 1.141 ; run                          ; uartWrite:u5|stt_tx.00000010 ; clk                ; uartWrite:u5|clock ; 0.000        ; 0.094      ; 1.451      ;
; 1.141 ; run                          ; uartWrite:u5|stt_tx.00000011 ; clk                ; uartWrite:u5|clock ; 0.000        ; 0.094      ; 1.451      ;
; 1.141 ; run                          ; uartWrite:u5|stt_tx.00000100 ; clk                ; uartWrite:u5|clock ; 0.000        ; 0.094      ; 1.451      ;
; 1.324 ; data_uart[7]                 ; uartWrite:u5|tx              ; clk                ; uartWrite:u5|clock ; 0.000        ; 0.102      ; 1.642      ;
; 1.324 ; data_uart[3]                 ; uartWrite:u5|tx              ; clk                ; uartWrite:u5|clock ; 0.000        ; 0.102      ; 1.642      ;
; 1.327 ; uartWrite:u5|stt_tx.00001000 ; uartWrite:u5|tx              ; uartWrite:u5|clock ; uartWrite:u5|clock ; 0.000        ; 0.080      ; 1.593      ;
; 1.328 ; data_uart[1]                 ; uartWrite:u5|tx              ; clk                ; uartWrite:u5|clock ; 0.000        ; 0.102      ; 1.646      ;
; 1.347 ; data_uart[2]                 ; uartWrite:u5|tx              ; clk                ; uartWrite:u5|clock ; 0.000        ; 0.102      ; 1.665      ;
; 1.362 ; uartWrite:u5|stt_tx.00000111 ; uartWrite:u5|tx              ; uartWrite:u5|clock ; uartWrite:u5|clock ; 0.000        ; 0.080      ; 1.628      ;
; 1.502 ; data_uart[4]                 ; uartWrite:u5|tx              ; clk                ; uartWrite:u5|clock ; 0.000        ; 0.102      ; 1.820      ;
; 1.613 ; uartWrite:u5|stt_tx.00001001 ; uartWrite:u5|tx              ; uartWrite:u5|clock ; uartWrite:u5|clock ; 0.000        ; 0.080      ; 1.879      ;
; 1.613 ; uartWrite:u5|stt_tx.00000110 ; uartWrite:u5|tx              ; uartWrite:u5|clock ; uartWrite:u5|clock ; 0.000        ; 0.080      ; 1.879      ;
; 1.627 ; uartWrite:u5|stt_tx.00000100 ; uartWrite:u5|tx              ; uartWrite:u5|clock ; uartWrite:u5|clock ; 0.000        ; 0.081      ; 1.894      ;
; 1.631 ; uartWrite:u5|stt_tx.00000101 ; uartWrite:u5|tx              ; uartWrite:u5|clock ; uartWrite:u5|clock ; 0.000        ; 0.080      ; 1.897      ;
; 1.635 ; uartWrite:u5|stt_tx.00000011 ; uartWrite:u5|tx              ; uartWrite:u5|clock ; uartWrite:u5|clock ; 0.000        ; 0.081      ; 1.902      ;
; 1.659 ; run                          ; uartWrite:u5|tx              ; clk                ; uartWrite:u5|clock ; 0.000        ; 0.095      ; 1.970      ;
; 1.692 ; uartWrite:u5|tx              ; uartWrite:u5|tx              ; uartWrite:u5|clock ; uartWrite:u5|clock ; 0.000        ; 0.080      ; 1.958      ;
; 1.865 ; uartWrite:u5|stt_tx.00001100 ; uartWrite:u5|tx              ; uartWrite:u5|clock ; uartWrite:u5|clock ; 0.000        ; 0.074      ; 2.125      ;
+-------+------------------------------+------------------------------+--------------------+--------------------+--------------+------------+------------+


+------------------------------------------------------------------------------------------------------------------------------------------------------------------------------------------------------------------------------------------------------------------+
; Slow 1200mV 85C Model Hold: 'u_pll|altpll_component|auto_generated|pll1|clk[0]'                                                                                                                                                                                  ;
+-------+----------------------+-----------------------------------------------------------------------------------------------------------------------+--------------+---------------------------------------------------+--------------+------------+------------+
; Slack ; From Node            ; To Node                                                                                                               ; Launch Clock ; Latch Clock                                       ; Relationship ; Clock Skew ; Data Delay ;
+-------+----------------------+-----------------------------------------------------------------------------------------------------------------------+--------------+---------------------------------------------------+--------------+------------+------------+
; 2.860 ; addr_img_conv2[0]    ; img_conv2:u_img_conv2|altsyncram:altsyncram_component|altsyncram_45i1:auto_generated|ram_block1a6~porta_address_reg0  ; clk          ; u_pll|altpll_component|auto_generated|pll1|clk[0] ; 0.000        ; -2.250     ; 0.932      ;
; 2.914 ; data_w_pool1[11]     ; pool1:u_pool1|altsyncram:altsyncram_component|altsyncram_a9g1:auto_generated|ram_block1a10~porta_datain_reg0          ; clk          ; u_pll|altpll_component|auto_generated|pll1|clk[0] ; 0.000        ; -2.236     ; 1.000      ;
; 2.919 ; data_w_img_conv2[23] ; img_conv2:u_img_conv2|altsyncram:altsyncram_component|altsyncram_45i1:auto_generated|ram_block1a15~porta_datain_reg0  ; clk          ; u_pll|altpll_component|auto_generated|pll1|clk[0] ; 0.000        ; -2.241     ; 1.000      ;
; 2.925 ; data_w_img_conv2[18] ; img_conv2:u_img_conv2|altsyncram:altsyncram_component|altsyncram_45i1:auto_generated|ram_block1a15~porta_datain_reg0  ; clk          ; u_pll|altpll_component|auto_generated|pll1|clk[0] ; 0.000        ; -2.241     ; 1.006      ;
; 2.935 ; data_w_img_conv2[22] ; img_conv2:u_img_conv2|altsyncram:altsyncram_component|altsyncram_45i1:auto_generated|ram_block1a15~porta_datain_reg0  ; clk          ; u_pll|altpll_component|auto_generated|pll1|clk[0] ; 0.000        ; -2.241     ; 1.016      ;
; 2.936 ; data_w_pool1[12]     ; pool1:u_pool1|altsyncram:altsyncram_component|altsyncram_a9g1:auto_generated|ram_block1a10~porta_datain_reg0          ; clk          ; u_pll|altpll_component|auto_generated|pll1|clk[0] ; 0.000        ; -2.236     ; 1.022      ;
; 2.936 ; data_w_pool1[23]     ; pool1:u_pool1|altsyncram:altsyncram_component|altsyncram_a9g1:auto_generated|ram_block1a22~porta_datain_reg0          ; clk          ; u_pll|altpll_component|auto_generated|pll1|clk[0] ; 0.000        ; -2.236     ; 1.022      ;
; 2.939 ; data_w_img_conv2[19] ; img_conv2:u_img_conv2|altsyncram:altsyncram_component|altsyncram_45i1:auto_generated|ram_block1a15~porta_datain_reg0  ; clk          ; u_pll|altpll_component|auto_generated|pll1|clk[0] ; 0.000        ; -2.241     ; 1.020      ;
; 2.940 ; data_w_pool1[2]      ; pool1:u_pool1|altsyncram:altsyncram_component|altsyncram_a9g1:auto_generated|ram_block1a2~porta_datain_reg0           ; clk          ; u_pll|altpll_component|auto_generated|pll1|clk[0] ; 0.000        ; -2.233     ; 1.029      ;
; 2.941 ; data_w_pool1[10]     ; pool1:u_pool1|altsyncram:altsyncram_component|altsyncram_a9g1:auto_generated|ram_block1a10~porta_datain_reg0          ; clk          ; u_pll|altpll_component|auto_generated|pll1|clk[0] ; 0.000        ; -2.236     ; 1.027      ;
; 2.941 ; addr_pool1[7]        ; pool1:u_pool1|altsyncram:altsyncram_component|altsyncram_a9g1:auto_generated|ram_block1a10~porta_address_reg0         ; clk          ; u_pll|altpll_component|auto_generated|pll1|clk[0] ; 0.000        ; -2.248     ; 1.015      ;
; 2.942 ; data_w_img_conv2[27] ; img_conv2:u_img_conv2|altsyncram:altsyncram_component|altsyncram_45i1:auto_generated|ram_block1a0~porta_datain_reg0   ; clk          ; u_pll|altpll_component|auto_generated|pll1|clk[0] ; 0.000        ; -2.241     ; 1.023      ;
; 2.944 ; data_w_pool1[14]     ; pool1:u_pool1|altsyncram:altsyncram_component|altsyncram_a9g1:auto_generated|ram_block1a14~porta_datain_reg0          ; clk          ; u_pll|altpll_component|auto_generated|pll1|clk[0] ; 0.000        ; -2.241     ; 1.025      ;
; 2.944 ; data_w_img_conv2[31] ; img_conv2:u_img_conv2|altsyncram:altsyncram_component|altsyncram_45i1:auto_generated|ram_block1a0~porta_datain_reg0   ; clk          ; u_pll|altpll_component|auto_generated|pll1|clk[0] ; 0.000        ; -2.241     ; 1.025      ;
; 2.945 ; data_w_img_conv2[17] ; img_conv2:u_img_conv2|altsyncram:altsyncram_component|altsyncram_45i1:auto_generated|ram_block1a15~porta_datain_reg0  ; clk          ; u_pll|altpll_component|auto_generated|pll1|clk[0] ; 0.000        ; -2.241     ; 1.026      ;
; 2.945 ; data_w_img_conv2[5]  ; img_conv2:u_img_conv2|altsyncram:altsyncram_component|altsyncram_45i1:auto_generated|ram_block1a1~porta_datain_reg0   ; clk          ; u_pll|altpll_component|auto_generated|pll1|clk[0] ; 0.000        ; -2.242     ; 1.025      ;
; 2.947 ; data_w_img_conv2[21] ; img_conv2:u_img_conv2|altsyncram:altsyncram_component|altsyncram_45i1:auto_generated|ram_block1a15~porta_datain_reg0  ; clk          ; u_pll|altpll_component|auto_generated|pll1|clk[0] ; 0.000        ; -2.241     ; 1.028      ;
; 2.949 ; data_w_img_conv2[28] ; img_conv2:u_img_conv2|altsyncram:altsyncram_component|altsyncram_45i1:auto_generated|ram_block1a0~porta_datain_reg0   ; clk          ; u_pll|altpll_component|auto_generated|pll1|clk[0] ; 0.000        ; -2.241     ; 1.030      ;
; 2.949 ; data_w_img_conv2[29] ; img_conv2:u_img_conv2|altsyncram:altsyncram_component|altsyncram_45i1:auto_generated|ram_block1a0~porta_datain_reg0   ; clk          ; u_pll|altpll_component|auto_generated|pll1|clk[0] ; 0.000        ; -2.241     ; 1.030      ;
; 2.951 ; data_w_img_conv2[30] ; img_conv2:u_img_conv2|altsyncram:altsyncram_component|altsyncram_45i1:auto_generated|ram_block1a0~porta_datain_reg0   ; clk          ; u_pll|altpll_component|auto_generated|pll1|clk[0] ; 0.000        ; -2.241     ; 1.032      ;
; 2.952 ; data_w_img_conv2[16] ; img_conv2:u_img_conv2|altsyncram:altsyncram_component|altsyncram_45i1:auto_generated|ram_block1a15~porta_datain_reg0  ; clk          ; u_pll|altpll_component|auto_generated|pll1|clk[0] ; 0.000        ; -2.241     ; 1.033      ;
; 2.954 ; data_w_img_conv2[14] ; img_conv2:u_img_conv2|altsyncram:altsyncram_component|altsyncram_45i1:auto_generated|ram_block1a6~porta_datain_reg0   ; clk          ; u_pll|altpll_component|auto_generated|pll1|clk[0] ; 0.000        ; -2.239     ; 1.037      ;
; 2.956 ; data_w_pool1[15]     ; pool1:u_pool1|altsyncram:altsyncram_component|altsyncram_a9g1:auto_generated|ram_block1a14~porta_datain_reg0          ; clk          ; u_pll|altpll_component|auto_generated|pll1|clk[0] ; 0.000        ; -2.241     ; 1.037      ;
; 2.956 ; data_w_img_conv2[20] ; img_conv2:u_img_conv2|altsyncram:altsyncram_component|altsyncram_45i1:auto_generated|ram_block1a15~porta_datain_reg0  ; clk          ; u_pll|altpll_component|auto_generated|pll1|clk[0] ; 0.000        ; -2.241     ; 1.037      ;
; 2.957 ; addr_img_conv2[2]    ; img_conv2:u_img_conv2|altsyncram:altsyncram_component|altsyncram_45i1:auto_generated|ram_block1a1~porta_address_reg0  ; clk          ; u_pll|altpll_component|auto_generated|pll1|clk[0] ; 0.000        ; -2.240     ; 1.039      ;
; 2.961 ; data_w_img_conv2[26] ; img_conv2:u_img_conv2|altsyncram:altsyncram_component|altsyncram_45i1:auto_generated|ram_block1a0~porta_datain_reg0   ; clk          ; u_pll|altpll_component|auto_generated|pll1|clk[0] ; 0.000        ; -2.241     ; 1.042      ;
; 2.961 ; data_w_img_conv2[15] ; img_conv2:u_img_conv2|altsyncram:altsyncram_component|altsyncram_45i1:auto_generated|ram_block1a15~porta_datain_reg0  ; clk          ; u_pll|altpll_component|auto_generated|pll1|clk[0] ; 0.000        ; -2.241     ; 1.042      ;
; 2.963 ; data_w_img_conv2[1]  ; img_conv2:u_img_conv2|altsyncram:altsyncram_component|altsyncram_45i1:auto_generated|ram_block1a1~porta_datain_reg0   ; clk          ; u_pll|altpll_component|auto_generated|pll1|clk[0] ; 0.000        ; -2.242     ; 1.043      ;
; 2.967 ; addr_fcw[1]          ; fc_w:u_fc_w|altsyncram:altsyncram_component|altsyncram_bak1:auto_generated|ram_block1a13~porta_address_reg0           ; clk          ; u_pll|altpll_component|auto_generated|pll1|clk[0] ; 0.000        ; -2.246     ; 1.043      ;
; 2.967 ; addr_fcw[2]          ; fc_w:u_fc_w|altsyncram:altsyncram_component|altsyncram_bak1:auto_generated|ram_block1a13~porta_address_reg0           ; clk          ; u_pll|altpll_component|auto_generated|pll1|clk[0] ; 0.000        ; -2.246     ; 1.043      ;
; 2.967 ; addr_img_conv2[3]    ; img_conv2:u_img_conv2|altsyncram:altsyncram_component|altsyncram_45i1:auto_generated|ram_block1a15~porta_address_reg0 ; clk          ; u_pll|altpll_component|auto_generated|pll1|clk[0] ; 0.000        ; -2.242     ; 1.047      ;
; 2.968 ; addr_pool1[8]        ; pool1:u_pool1|altsyncram:altsyncram_component|altsyncram_a9g1:auto_generated|ram_block1a10~porta_address_reg0         ; clk          ; u_pll|altpll_component|auto_generated|pll1|clk[0] ; 0.000        ; -2.248     ; 1.042      ;
; 2.968 ; addr_pool1[9]        ; pool1:u_pool1|altsyncram:altsyncram_component|altsyncram_a9g1:auto_generated|ram_block1a10~porta_address_reg0         ; clk          ; u_pll|altpll_component|auto_generated|pll1|clk[0] ; 0.000        ; -2.248     ; 1.042      ;
; 2.970 ; data_w_img_conv2[0]  ; img_conv2:u_img_conv2|altsyncram:altsyncram_component|altsyncram_45i1:auto_generated|ram_block1a0~porta_datain_reg0   ; clk          ; u_pll|altpll_component|auto_generated|pll1|clk[0] ; 0.000        ; -2.241     ; 1.051      ;
; 2.971 ; data_w_pool1[3]      ; pool1:u_pool1|altsyncram:altsyncram_component|altsyncram_a9g1:auto_generated|ram_block1a2~porta_datain_reg0           ; clk          ; u_pll|altpll_component|auto_generated|pll1|clk[0] ; 0.000        ; -2.249     ; 1.044      ;
; 2.971 ; data_w_img_conv2[8]  ; img_conv2:u_img_conv2|altsyncram:altsyncram_component|altsyncram_45i1:auto_generated|ram_block1a6~porta_datain_reg0   ; clk          ; u_pll|altpll_component|auto_generated|pll1|clk[0] ; 0.000        ; -2.240     ; 1.053      ;
; 2.971 ; data_w_img_conv2[9]  ; img_conv2:u_img_conv2|altsyncram:altsyncram_component|altsyncram_45i1:auto_generated|ram_block1a6~porta_datain_reg0   ; clk          ; u_pll|altpll_component|auto_generated|pll1|clk[0] ; 0.000        ; -2.240     ; 1.053      ;
; 2.974 ; data_w_img_conv2[12] ; img_conv2:u_img_conv2|altsyncram:altsyncram_component|altsyncram_45i1:auto_generated|ram_block1a6~porta_datain_reg0   ; clk          ; u_pll|altpll_component|auto_generated|pll1|clk[0] ; 0.000        ; -2.239     ; 1.057      ;
; 2.975 ; data_w_img_conv2[4]  ; img_conv2:u_img_conv2|altsyncram:altsyncram_component|altsyncram_45i1:auto_generated|ram_block1a1~porta_datain_reg0   ; clk          ; u_pll|altpll_component|auto_generated|pll1|clk[0] ; 0.000        ; -2.241     ; 1.056      ;
; 2.975 ; addr_img_conv2[2]    ; img_conv2:u_img_conv2|altsyncram:altsyncram_component|altsyncram_45i1:auto_generated|ram_block1a15~porta_address_reg0 ; clk          ; u_pll|altpll_component|auto_generated|pll1|clk[0] ; 0.000        ; -2.240     ; 1.057      ;
; 2.978 ; data_w_img_conv2[10] ; img_conv2:u_img_conv2|altsyncram:altsyncram_component|altsyncram_45i1:auto_generated|ram_block1a6~porta_datain_reg0   ; clk          ; u_pll|altpll_component|auto_generated|pll1|clk[0] ; 0.000        ; -2.240     ; 1.060      ;
; 2.986 ; data_w_img_conv1[0]  ; img_conv1:u_img_conv1|altsyncram:altsyncram_component|altsyncram_i5i1:auto_generated|ram_block1a0~porta_datain_reg0   ; clk          ; u_pll|altpll_component|auto_generated|pll1|clk[0] ; 0.000        ; -2.256     ; 1.052      ;
; 2.986 ; data_w_img_conv1[1]  ; img_conv1:u_img_conv1|altsyncram:altsyncram_component|altsyncram_i5i1:auto_generated|ram_block1a1~porta_datain_reg0   ; clk          ; u_pll|altpll_component|auto_generated|pll1|clk[0] ; 0.000        ; -2.254     ; 1.054      ;
; 2.987 ; data_w_img_conv2[2]  ; img_conv2:u_img_conv2|altsyncram:altsyncram_component|altsyncram_45i1:auto_generated|ram_block1a1~porta_datain_reg0   ; clk          ; u_pll|altpll_component|auto_generated|pll1|clk[0] ; 0.000        ; -2.242     ; 1.067      ;
; 2.989 ; data_w_pool1[13]     ; pool1:u_pool1|altsyncram:altsyncram_component|altsyncram_a9g1:auto_generated|ram_block1a10~porta_datain_reg0          ; clk          ; u_pll|altpll_component|auto_generated|pll1|clk[0] ; 0.000        ; -2.244     ; 1.067      ;
; 2.989 ; addr_pool1[3]        ; pool1:u_pool1|altsyncram:altsyncram_component|altsyncram_a9g1:auto_generated|ram_block1a10~porta_address_reg0         ; clk          ; u_pll|altpll_component|auto_generated|pll1|clk[0] ; 0.000        ; -2.248     ; 1.063      ;
; 2.989 ; data_w_img_conv2[11] ; img_conv2:u_img_conv2|altsyncram:altsyncram_component|altsyncram_45i1:auto_generated|ram_block1a6~porta_datain_reg0   ; clk          ; u_pll|altpll_component|auto_generated|pll1|clk[0] ; 0.000        ; -2.239     ; 1.072      ;
; 2.991 ; data_w_pool1[16]     ; pool1:u_pool1|altsyncram:altsyncram_component|altsyncram_a9g1:auto_generated|ram_block1a14~porta_datain_reg0          ; clk          ; u_pll|altpll_component|auto_generated|pll1|clk[0] ; 0.000        ; -2.245     ; 1.068      ;
; 2.994 ; data_w_pool1[5]      ; pool1:u_pool1|altsyncram:altsyncram_component|altsyncram_a9g1:auto_generated|ram_block1a2~porta_datain_reg0           ; clk          ; u_pll|altpll_component|auto_generated|pll1|clk[0] ; 0.000        ; -2.249     ; 1.067      ;
; 2.994 ; data_w_img_conv2[6]  ; img_conv2:u_img_conv2|altsyncram:altsyncram_component|altsyncram_45i1:auto_generated|ram_block1a6~porta_datain_reg0   ; clk          ; u_pll|altpll_component|auto_generated|pll1|clk[0] ; 0.000        ; -2.240     ; 1.076      ;
; 2.995 ; data_w_pool1[1]      ; pool1:u_pool1|altsyncram:altsyncram_component|altsyncram_a9g1:auto_generated|ram_block1a0~porta_datain_reg0           ; clk          ; u_pll|altpll_component|auto_generated|pll1|clk[0] ; 0.000        ; -2.243     ; 1.074      ;
; 2.997 ; data_w_img_conv2[25] ; img_conv2:u_img_conv2|altsyncram:altsyncram_component|altsyncram_45i1:auto_generated|ram_block1a0~porta_datain_reg0   ; clk          ; u_pll|altpll_component|auto_generated|pll1|clk[0] ; 0.000        ; -2.238     ; 1.081      ;
; 3.002 ; data_w_img_conv2[3]  ; img_conv2:u_img_conv2|altsyncram:altsyncram_component|altsyncram_45i1:auto_generated|ram_block1a1~porta_datain_reg0   ; clk          ; u_pll|altpll_component|auto_generated|pll1|clk[0] ; 0.000        ; -2.242     ; 1.082      ;
; 3.007 ; addr_fcw[1]          ; fc_w:u_fc_w|altsyncram:altsyncram_component|altsyncram_bak1:auto_generated|ram_block1a11~porta_address_reg0           ; clk          ; u_pll|altpll_component|auto_generated|pll1|clk[0] ; 0.000        ; -2.249     ; 1.080      ;
; 3.008 ; data_w_img_conv1[29] ; img_conv1:u_img_conv1|altsyncram:altsyncram_component|altsyncram_i5i1:auto_generated|ram_block1a29~porta_datain_reg0  ; clk          ; u_pll|altpll_component|auto_generated|pll1|clk[0] ; 0.000        ; -2.257     ; 1.073      ;
; 3.009 ; addr_pool1[4]        ; pool1:u_pool1|altsyncram:altsyncram_component|altsyncram_a9g1:auto_generated|ram_block1a10~porta_address_reg0         ; clk          ; u_pll|altpll_component|auto_generated|pll1|clk[0] ; 0.000        ; -2.248     ; 1.083      ;
; 3.013 ; data_w_img_conv2[13] ; img_conv2:u_img_conv2|altsyncram:altsyncram_component|altsyncram_45i1:auto_generated|ram_block1a6~porta_datain_reg0   ; clk          ; u_pll|altpll_component|auto_generated|pll1|clk[0] ; 0.000        ; -2.239     ; 1.096      ;
; 3.015 ; addr_fcw[2]          ; fc_w:u_fc_w|altsyncram:altsyncram_component|altsyncram_bak1:auto_generated|ram_block1a11~porta_address_reg0           ; clk          ; u_pll|altpll_component|auto_generated|pll1|clk[0] ; 0.000        ; -2.249     ; 1.088      ;
; 3.024 ; addr_fcw[1]          ; fc_w:u_fc_w|altsyncram:altsyncram_component|altsyncram_bak1:auto_generated|ram_block1a9~porta_address_reg0            ; clk          ; u_pll|altpll_component|auto_generated|pll1|clk[0] ; 0.000        ; -2.257     ; 1.089      ;
; 3.024 ; data_w_img_conv1[2]  ; img_conv1:u_img_conv1|altsyncram:altsyncram_component|altsyncram_i5i1:auto_generated|ram_block1a2~porta_datain_reg0   ; clk          ; u_pll|altpll_component|auto_generated|pll1|clk[0] ; 0.000        ; -2.256     ; 1.090      ;
; 3.171 ; addr_img_conv1[8]    ; img_conv1:u_img_conv1|altsyncram:altsyncram_component|altsyncram_i5i1:auto_generated|ram_block1a13~porta_address_reg0 ; clk          ; u_pll|altpll_component|auto_generated|pll1|clk[0] ; 0.000        ; -2.259     ; 1.234      ;
; 3.174 ; addr_img_conv1[12]   ; img_conv1:u_img_conv1|altsyncram:altsyncram_component|altsyncram_i5i1:auto_generated|ram_block1a1~porta_address_reg0  ; clk          ; u_pll|altpll_component|auto_generated|pll1|clk[0] ; 0.000        ; -2.251     ; 1.245      ;
; 3.191 ; addr_img_conv1[8]    ; img_conv1:u_img_conv1|altsyncram:altsyncram_component|altsyncram_i5i1:auto_generated|ram_block1a1~porta_address_reg0  ; clk          ; u_pll|altpll_component|auto_generated|pll1|clk[0] ; 0.000        ; -2.251     ; 1.262      ;
; 3.200 ; addr_img_conv2[3]    ; img_conv2:u_img_conv2|altsyncram:altsyncram_component|altsyncram_45i1:auto_generated|ram_block1a1~porta_address_reg0  ; clk          ; u_pll|altpll_component|auto_generated|pll1|clk[0] ; 0.000        ; -2.242     ; 1.280      ;
; 3.206 ; addr_img_conv1[4]    ; img_conv1:u_img_conv1|altsyncram:altsyncram_component|altsyncram_i5i1:auto_generated|ram_block1a17~porta_address_reg0 ; clk          ; u_pll|altpll_component|auto_generated|pll1|clk[0] ; 0.000        ; -2.260     ; 1.268      ;
; 3.207 ; data_w_pool1[17]     ; pool1:u_pool1|altsyncram:altsyncram_component|altsyncram_a9g1:auto_generated|ram_block1a14~porta_datain_reg0          ; clk          ; u_pll|altpll_component|auto_generated|pll1|clk[0] ; 0.000        ; -2.237     ; 1.292      ;
; 3.209 ; data_w_img_conv2[7]  ; img_conv2:u_img_conv2|altsyncram:altsyncram_component|altsyncram_45i1:auto_generated|ram_block1a6~porta_datain_reg0   ; clk          ; u_pll|altpll_component|auto_generated|pll1|clk[0] ; 0.000        ; -2.240     ; 1.291      ;
; 3.214 ; addr_img_conv2[0]    ; img_conv2:u_img_conv2|altsyncram:altsyncram_component|altsyncram_45i1:auto_generated|ram_block1a1~porta_address_reg0  ; clk          ; u_pll|altpll_component|auto_generated|pll1|clk[0] ; 0.000        ; -2.252     ; 1.284      ;
; 3.214 ; addr_img_conv2[3]    ; img_conv2:u_img_conv2|altsyncram:altsyncram_component|altsyncram_45i1:auto_generated|ram_block1a6~porta_address_reg0  ; clk          ; u_pll|altpll_component|auto_generated|pll1|clk[0] ; 0.000        ; -2.240     ; 1.296      ;
; 3.215 ; addr_pool1[0]        ; pool1:u_pool1|altsyncram:altsyncram_component|altsyncram_a9g1:auto_generated|ram_block1a10~porta_address_reg0         ; clk          ; u_pll|altpll_component|auto_generated|pll1|clk[0] ; 0.000        ; -2.243     ; 1.294      ;
; 3.218 ; addr_img_conv2[3]    ; img_conv2:u_img_conv2|altsyncram:altsyncram_component|altsyncram_45i1:auto_generated|ram_block1a0~porta_address_reg0  ; clk          ; u_pll|altpll_component|auto_generated|pll1|clk[0] ; 0.000        ; -2.239     ; 1.301      ;
; 3.219 ; wren_img_conv2       ; img_conv2:u_img_conv2|altsyncram:altsyncram_component|altsyncram_45i1:auto_generated|ram_block1a15~porta_we_reg       ; clk          ; u_pll|altpll_component|auto_generated|pll1|clk[0] ; 0.000        ; -2.249     ; 1.292      ;
; 3.225 ; data_w_pool1[26]     ; pool1:u_pool1|altsyncram:altsyncram_component|altsyncram_a9g1:auto_generated|ram_block1a26~porta_datain_reg0          ; clk          ; u_pll|altpll_component|auto_generated|pll1|clk[0] ; 0.000        ; -2.230     ; 1.317      ;
; 3.227 ; addr_img_conv2[1]    ; img_conv2:u_img_conv2|altsyncram:altsyncram_component|altsyncram_45i1:auto_generated|ram_block1a15~porta_address_reg0 ; clk          ; u_pll|altpll_component|auto_generated|pll1|clk[0] ; 0.000        ; -2.240     ; 1.309      ;
; 3.236 ; addr_pool1[2]        ; pool1:u_pool1|altsyncram:altsyncram_component|altsyncram_a9g1:auto_generated|ram_block1a10~porta_address_reg0         ; clk          ; u_pll|altpll_component|auto_generated|pll1|clk[0] ; 0.000        ; -2.243     ; 1.315      ;
; 3.236 ; addr_img_conv2[0]    ; img_conv2:u_img_conv2|altsyncram:altsyncram_component|altsyncram_45i1:auto_generated|ram_block1a15~porta_address_reg0 ; clk          ; u_pll|altpll_component|auto_generated|pll1|clk[0] ; 0.000        ; -2.252     ; 1.306      ;
; 3.239 ; data_w_pool1[25]     ; pool1:u_pool1|altsyncram:altsyncram_component|altsyncram_a9g1:auto_generated|ram_block1a22~porta_datain_reg0          ; clk          ; u_pll|altpll_component|auto_generated|pll1|clk[0] ; 0.000        ; -2.243     ; 1.318      ;
; 3.241 ; addr_pool1[0]        ; pool1:u_pool1|altsyncram:altsyncram_component|altsyncram_a9g1:auto_generated|ram_block1a0~porta_address_reg0          ; clk          ; u_pll|altpll_component|auto_generated|pll1|clk[0] ; 0.000        ; -2.246     ; 1.317      ;
; 3.246 ; addr_fcw[6]          ; fc_w:u_fc_w|altsyncram:altsyncram_component|altsyncram_bak1:auto_generated|ram_block1a13~porta_address_reg0           ; clk          ; u_pll|altpll_component|auto_generated|pll1|clk[0] ; 0.000        ; -2.246     ; 1.322      ;
; 3.247 ; addr_img_conv1[0]    ; img_conv1:u_img_conv1|altsyncram:altsyncram_component|altsyncram_i5i1:auto_generated|ram_block1a2~porta_address_reg0  ; clk          ; u_pll|altpll_component|auto_generated|pll1|clk[0] ; 0.000        ; -2.264     ; 1.305      ;
; 3.249 ; data_w_pool1[22]     ; pool1:u_pool1|altsyncram:altsyncram_component|altsyncram_a9g1:auto_generated|ram_block1a22~porta_datain_reg0          ; clk          ; u_pll|altpll_component|auto_generated|pll1|clk[0] ; 0.000        ; -2.243     ; 1.328      ;
; 3.251 ; addr_pool1[1]        ; pool1:u_pool1|altsyncram:altsyncram_component|altsyncram_a9g1:auto_generated|ram_block1a0~porta_address_reg0          ; clk          ; u_pll|altpll_component|auto_generated|pll1|clk[0] ; 0.000        ; -2.246     ; 1.327      ;
; 3.254 ; data_w_pool1[28]     ; pool1:u_pool1|altsyncram:altsyncram_component|altsyncram_a9g1:auto_generated|ram_block1a26~porta_datain_reg0          ; clk          ; u_pll|altpll_component|auto_generated|pll1|clk[0] ; 0.000        ; -2.230     ; 1.346      ;
; 3.254 ; data_w_pool1[30]     ; pool1:u_pool1|altsyncram:altsyncram_component|altsyncram_a9g1:auto_generated|ram_block1a0~porta_datain_reg0           ; clk          ; u_pll|altpll_component|auto_generated|pll1|clk[0] ; 0.000        ; -2.239     ; 1.337      ;
; 3.255 ; addr_pool1[7]        ; pool1:u_pool1|altsyncram:altsyncram_component|altsyncram_a9g1:auto_generated|ram_block1a14~porta_address_reg0         ; clk          ; u_pll|altpll_component|auto_generated|pll1|clk[0] ; 0.000        ; -2.249     ; 1.328      ;
; 3.256 ; data_w_pool1[29]     ; pool1:u_pool1|altsyncram:altsyncram_component|altsyncram_a9g1:auto_generated|ram_block1a26~porta_datain_reg0          ; clk          ; u_pll|altpll_component|auto_generated|pll1|clk[0] ; 0.000        ; -2.230     ; 1.348      ;
; 3.257 ; addr_img_conv2[6]    ; img_conv2:u_img_conv2|altsyncram:altsyncram_component|altsyncram_45i1:auto_generated|ram_block1a6~porta_address_reg0  ; clk          ; u_pll|altpll_component|auto_generated|pll1|clk[0] ; 0.000        ; -2.237     ; 1.342      ;
; 3.258 ; addr_pool1[1]        ; pool1:u_pool1|altsyncram:altsyncram_component|altsyncram_a9g1:auto_generated|ram_block1a14~porta_address_reg0         ; clk          ; u_pll|altpll_component|auto_generated|pll1|clk[0] ; 0.000        ; -2.244     ; 1.336      ;
; 3.259 ; addr_fcw[11]         ; fc_w:u_fc_w|altsyncram:altsyncram_component|altsyncram_bak1:auto_generated|ram_block1a11~porta_address_reg0           ; clk          ; u_pll|altpll_component|auto_generated|pll1|clk[0] ; 0.000        ; -2.249     ; 1.332      ;
; 3.261 ; addr_fcw[6]          ; fc_w:u_fc_w|altsyncram:altsyncram_component|altsyncram_bak1:auto_generated|ram_block1a11~porta_address_reg0           ; clk          ; u_pll|altpll_component|auto_generated|pll1|clk[0] ; 0.000        ; -2.249     ; 1.334      ;
; 3.261 ; addr_img_conv1[0]    ; img_conv1:u_img_conv1|altsyncram:altsyncram_component|altsyncram_i5i1:auto_generated|ram_block1a17~porta_address_reg0 ; clk          ; u_pll|altpll_component|auto_generated|pll1|clk[0] ; 0.000        ; -2.260     ; 1.323      ;
; 3.264 ; addr_fcw[4]          ; fc_w:u_fc_w|altsyncram:altsyncram_component|altsyncram_bak1:auto_generated|ram_block1a13~porta_address_reg0           ; clk          ; u_pll|altpll_component|auto_generated|pll1|clk[0] ; 0.000        ; -2.246     ; 1.340      ;
; 3.266 ; addr_fcw[8]          ; fc_w:u_fc_w|altsyncram:altsyncram_component|altsyncram_bak1:auto_generated|ram_block1a13~porta_address_reg0           ; clk          ; u_pll|altpll_component|auto_generated|pll1|clk[0] ; 0.000        ; -2.246     ; 1.342      ;
; 3.266 ; data_w_pool1[0]      ; pool1:u_pool1|altsyncram:altsyncram_component|altsyncram_a9g1:auto_generated|ram_block1a0~porta_datain_reg0           ; clk          ; u_pll|altpll_component|auto_generated|pll1|clk[0] ; 0.000        ; -2.239     ; 1.349      ;
; 3.266 ; addr_pool1[6]        ; pool1:u_pool1|altsyncram:altsyncram_component|altsyncram_a9g1:auto_generated|ram_block1a0~porta_address_reg0          ; clk          ; u_pll|altpll_component|auto_generated|pll1|clk[0] ; 0.000        ; -2.251     ; 1.337      ;
; 3.268 ; addr_pool1[2]        ; pool1:u_pool1|altsyncram:altsyncram_component|altsyncram_a9g1:auto_generated|ram_block1a14~porta_address_reg0         ; clk          ; u_pll|altpll_component|auto_generated|pll1|clk[0] ; 0.000        ; -2.244     ; 1.346      ;
; 3.271 ; addr_pool1[2]        ; pool1:u_pool1|altsyncram:altsyncram_component|altsyncram_a9g1:auto_generated|ram_block1a0~porta_address_reg0          ; clk          ; u_pll|altpll_component|auto_generated|pll1|clk[0] ; 0.000        ; -2.246     ; 1.347      ;
; 3.272 ; addr_fcw[0]          ; fc_w:u_fc_w|altsyncram:altsyncram_component|altsyncram_bak1:auto_generated|ram_block1a13~porta_address_reg0           ; clk          ; u_pll|altpll_component|auto_generated|pll1|clk[0] ; 0.000        ; -2.246     ; 1.348      ;
; 3.272 ; addr_img_conv2[8]    ; img_conv2:u_img_conv2|altsyncram:altsyncram_component|altsyncram_45i1:auto_generated|ram_block1a0~porta_address_reg0  ; clk          ; u_pll|altpll_component|auto_generated|pll1|clk[0] ; 0.000        ; -2.236     ; 1.358      ;
; 3.272 ; addr_pool1[2]        ; pool1:u_pool1|altsyncram:altsyncram_component|altsyncram_a9g1:auto_generated|ram_block1a26~porta_address_reg0         ; clk          ; u_pll|altpll_component|auto_generated|pll1|clk[0] ; 0.000        ; -2.249     ; 1.345      ;
+-------+----------------------+-----------------------------------------------------------------------------------------------------------------------+--------------+---------------------------------------------------+--------------+------------+------------+


-----------------------------------------------
; Slow 1200mV 85C Model Metastability Summary ;
-----------------------------------------------
The design MTBF is not calculated because there are no specified synchronizers in the design.
Number of Synchronizer Chains Found: 129
Shortest Synchronizer Chain: 2 Registers
Fraction of Chains for which MTBFs Could Not be Calculated: 1.000
Worst Case Available Settling Time: 4.142 ns




+----------------------------------------------------------------------------------------------------+
; Slow 1200mV 0C Model Fmax Summary                                                                  ;
+------------+-----------------+--------------------+------------------------------------------------+
; Fmax       ; Restricted Fmax ; Clock Name         ; Note                                           ;
+------------+-----------------+--------------------+------------------------------------------------+
; 81.46 MHz  ; 81.46 MHz       ; clk                ;                                                ;
; 466.64 MHz ; 437.64 MHz      ; uartWrite:u5|clock ; limit due to minimum period restriction (tmin) ;
+------------+-----------------+--------------------+------------------------------------------------+
This panel reports FMAX for every clock in the design, regardless of the user-specified clock periods.  FMAX is only computed for paths where the source and destination registers or ports are driven by the same clock.  Paths of different clocks, including generated clocks, are ignored.  For paths between a clock and its inversion, FMAX is computed as if the rising and falling edges are scaled along with FMAX, such that the duty cycle (in terms of a percentage) is maintained. Altera recommends that you always use clock constraints and other slack reports for sign-off analysis.


+----------------------------------------------------------------------------+
; Slow 1200mV 0C Model Setup Summary                                         ;
+---------------------------------------------------+--------+---------------+
; Clock                                             ; Slack  ; End Point TNS ;
+---------------------------------------------------+--------+---------------+
; clk                                               ; -3.612 ; -155.158      ;
; uartWrite:u5|clock                                ; -1.143 ; -8.810        ;
; u_pll|altpll_component|auto_generated|pll1|clk[0] ; 2.471  ; 0.000         ;
+---------------------------------------------------+--------+---------------+


+---------------------------------------------------------------------------+
; Slow 1200mV 0C Model Hold Summary                                         ;
+---------------------------------------------------+-------+---------------+
; Clock                                             ; Slack ; End Point TNS ;
+---------------------------------------------------+-------+---------------+
; clk                                               ; 0.347 ; 0.000         ;
; uartWrite:u5|clock                                ; 0.353 ; 0.000         ;
; u_pll|altpll_component|auto_generated|pll1|clk[0] ; 2.524 ; 0.000         ;
+---------------------------------------------------+-------+---------------+


-----------------------------------------
; Slow 1200mV 0C Model Recovery Summary ;
-----------------------------------------
No paths to report.


----------------------------------------
; Slow 1200mV 0C Model Removal Summary ;
----------------------------------------
No paths to report.


+----------------------------------------------------------------------------+
; Slow 1200mV 0C Model Minimum Pulse Width Summary                           ;
+---------------------------------------------------+--------+---------------+
; Clock                                             ; Slack  ; End Point TNS ;
+---------------------------------------------------+--------+---------------+
; uartWrite:u5|clock                                ; -1.285 ; -19.275       ;
; u_pll|altpll_component|auto_generated|pll1|clk[0] ; 4.753  ; 0.000         ;
; clk                                               ; 9.648  ; 0.000         ;
+---------------------------------------------------+--------+---------------+


+------------------------------------------------------------------------------------------------------------------------------------------------------------------------------------------------------------------------------------------------+
; Slow 1200mV 0C Model Setup: 'clk'                                                                                                                                                                                                              ;
+--------+------------------------------------------------------------------------------------------------------------------+---------+---------------------------------------------------+-------------+--------------+------------+------------+
; Slack  ; From Node                                                                                                        ; To Node ; Launch Clock                                      ; Latch Clock ; Relationship ; Clock Skew ; Data Delay ;
+--------+------------------------------------------------------------------------------------------------------------------+---------+---------------------------------------------------+-------------+--------------+------------+------------+
; -3.612 ; conv2_w:u_conv2w|altsyncram:altsyncram_component|altsyncram_2jk1:auto_generated|ram_block1a4~porta_address_reg0  ; acc[61] ; u_pll|altpll_component|auto_generated|pll1|clk[0] ; clk         ; 10.000       ; 2.315      ; 15.846     ;
; -3.587 ; conv2_w:u_conv2w|altsyncram:altsyncram_component|altsyncram_2jk1:auto_generated|ram_block1a4~porta_address_reg0  ; acc[62] ; u_pll|altpll_component|auto_generated|pll1|clk[0] ; clk         ; 10.000       ; 2.315      ; 15.821     ;
; -3.561 ; conv2_w:u_conv2w|altsyncram:altsyncram_component|altsyncram_2jk1:auto_generated|ram_block1a0~porta_address_reg0  ; acc[61] ; u_pll|altpll_component|auto_generated|pll1|clk[0] ; clk         ; 10.000       ; 2.324      ; 15.804     ;
; -3.556 ; conv2_w:u_conv2w|altsyncram:altsyncram_component|altsyncram_2jk1:auto_generated|ram_block1a14~porta_address_reg0 ; acc[61] ; u_pll|altpll_component|auto_generated|pll1|clk[0] ; clk         ; 10.000       ; 2.319      ; 15.794     ;
; -3.541 ; conv2_w:u_conv2w|altsyncram:altsyncram_component|altsyncram_2jk1:auto_generated|ram_block1a2~porta_address_reg0  ; acc[61] ; u_pll|altpll_component|auto_generated|pll1|clk[0] ; clk         ; 10.000       ; 2.320      ; 15.780     ;
; -3.536 ; conv2_w:u_conv2w|altsyncram:altsyncram_component|altsyncram_2jk1:auto_generated|ram_block1a8~porta_address_reg0  ; acc[61] ; u_pll|altpll_component|auto_generated|pll1|clk[0] ; clk         ; 10.000       ; 2.322      ; 15.777     ;
; -3.536 ; pool1:u_pool1|altsyncram:altsyncram_component|altsyncram_a9g1:auto_generated|ram_block1a26~porta_we_reg          ; acc[61] ; u_pll|altpll_component|auto_generated|pll1|clk[0] ; clk         ; 10.000       ; 2.305      ; 15.760     ;
; -3.536 ; conv2_w:u_conv2w|altsyncram:altsyncram_component|altsyncram_2jk1:auto_generated|ram_block1a0~porta_address_reg0  ; acc[62] ; u_pll|altpll_component|auto_generated|pll1|clk[0] ; clk         ; 10.000       ; 2.324      ; 15.779     ;
; -3.531 ; conv2_w:u_conv2w|altsyncram:altsyncram_component|altsyncram_2jk1:auto_generated|ram_block1a14~porta_address_reg0 ; acc[62] ; u_pll|altpll_component|auto_generated|pll1|clk[0] ; clk         ; 10.000       ; 2.319      ; 15.769     ;
; -3.525 ; conv2_w:u_conv2w|altsyncram:altsyncram_component|altsyncram_2jk1:auto_generated|ram_block1a12~porta_address_reg0 ; acc[61] ; u_pll|altpll_component|auto_generated|pll1|clk[0] ; clk         ; 10.000       ; 2.341      ; 15.785     ;
; -3.522 ; pool1:u_pool1|altsyncram:altsyncram_component|altsyncram_a9g1:auto_generated|ram_block1a10~porta_we_reg          ; acc[61] ; u_pll|altpll_component|auto_generated|pll1|clk[0] ; clk         ; 10.000       ; 2.298      ; 15.739     ;
; -3.516 ; pool1:u_pool1|altsyncram:altsyncram_component|altsyncram_a9g1:auto_generated|ram_block1a0~porta_we_reg           ; acc[61] ; u_pll|altpll_component|auto_generated|pll1|clk[0] ; clk         ; 10.000       ; 2.303      ; 15.738     ;
; -3.516 ; conv2_w:u_conv2w|altsyncram:altsyncram_component|altsyncram_2jk1:auto_generated|ram_block1a2~porta_address_reg0  ; acc[62] ; u_pll|altpll_component|auto_generated|pll1|clk[0] ; clk         ; 10.000       ; 2.320      ; 15.755     ;
; -3.511 ; conv2_w:u_conv2w|altsyncram:altsyncram_component|altsyncram_2jk1:auto_generated|ram_block1a8~porta_address_reg0  ; acc[62] ; u_pll|altpll_component|auto_generated|pll1|clk[0] ; clk         ; 10.000       ; 2.322      ; 15.752     ;
; -3.511 ; pool1:u_pool1|altsyncram:altsyncram_component|altsyncram_a9g1:auto_generated|ram_block1a26~porta_we_reg          ; acc[62] ; u_pll|altpll_component|auto_generated|pll1|clk[0] ; clk         ; 10.000       ; 2.305      ; 15.735     ;
; -3.510 ; conv2_w:u_conv2w|altsyncram:altsyncram_component|altsyncram_2jk1:auto_generated|ram_block1a6~porta_address_reg0  ; acc[61] ; u_pll|altpll_component|auto_generated|pll1|clk[0] ; clk         ; 10.000       ; 2.336      ; 15.765     ;
; -3.502 ; conv2_w:u_conv2w|altsyncram:altsyncram_component|altsyncram_2jk1:auto_generated|ram_block1a10~porta_address_reg0 ; acc[61] ; u_pll|altpll_component|auto_generated|pll1|clk[0] ; clk         ; 10.000       ; 2.332      ; 15.753     ;
; -3.500 ; conv2_w:u_conv2w|altsyncram:altsyncram_component|altsyncram_2jk1:auto_generated|ram_block1a12~porta_address_reg0 ; acc[62] ; u_pll|altpll_component|auto_generated|pll1|clk[0] ; clk         ; 10.000       ; 2.341      ; 15.760     ;
; -3.497 ; pool1:u_pool1|altsyncram:altsyncram_component|altsyncram_a9g1:auto_generated|ram_block1a10~porta_we_reg          ; acc[62] ; u_pll|altpll_component|auto_generated|pll1|clk[0] ; clk         ; 10.000       ; 2.298      ; 15.714     ;
; -3.491 ; pool1:u_pool1|altsyncram:altsyncram_component|altsyncram_a9g1:auto_generated|ram_block1a0~porta_we_reg           ; acc[62] ; u_pll|altpll_component|auto_generated|pll1|clk[0] ; clk         ; 10.000       ; 2.303      ; 15.713     ;
; -3.485 ; conv2_w:u_conv2w|altsyncram:altsyncram_component|altsyncram_2jk1:auto_generated|ram_block1a6~porta_address_reg0  ; acc[62] ; u_pll|altpll_component|auto_generated|pll1|clk[0] ; clk         ; 10.000       ; 2.336      ; 15.740     ;
; -3.479 ; conv2_w:u_conv2w|altsyncram:altsyncram_component|altsyncram_2jk1:auto_generated|ram_block1a4~porta_address_reg0  ; acc[60] ; u_pll|altpll_component|auto_generated|pll1|clk[0] ; clk         ; 10.000       ; 2.315      ; 15.713     ;
; -3.477 ; conv2_w:u_conv2w|altsyncram:altsyncram_component|altsyncram_2jk1:auto_generated|ram_block1a10~porta_address_reg0 ; acc[62] ; u_pll|altpll_component|auto_generated|pll1|clk[0] ; clk         ; 10.000       ; 2.332      ; 15.728     ;
; -3.468 ; conv2_w:u_conv2w|altsyncram:altsyncram_component|altsyncram_2jk1:auto_generated|ram_block1a4~porta_address_reg0  ; acc[63] ; u_pll|altpll_component|auto_generated|pll1|clk[0] ; clk         ; 10.000       ; 2.312      ; 15.699     ;
; -3.428 ; conv2_w:u_conv2w|altsyncram:altsyncram_component|altsyncram_2jk1:auto_generated|ram_block1a0~porta_address_reg0  ; acc[60] ; u_pll|altpll_component|auto_generated|pll1|clk[0] ; clk         ; 10.000       ; 2.324      ; 15.671     ;
; -3.423 ; conv2_w:u_conv2w|altsyncram:altsyncram_component|altsyncram_2jk1:auto_generated|ram_block1a14~porta_address_reg0 ; acc[60] ; u_pll|altpll_component|auto_generated|pll1|clk[0] ; clk         ; 10.000       ; 2.319      ; 15.661     ;
; -3.417 ; conv2_w:u_conv2w|altsyncram:altsyncram_component|altsyncram_2jk1:auto_generated|ram_block1a0~porta_address_reg0  ; acc[63] ; u_pll|altpll_component|auto_generated|pll1|clk[0] ; clk         ; 10.000       ; 2.321      ; 15.657     ;
; -3.415 ; conv2_w:u_conv2w|altsyncram:altsyncram_component|altsyncram_2jk1:auto_generated|ram_block1a4~porta_address_reg0  ; acc[59] ; u_pll|altpll_component|auto_generated|pll1|clk[0] ; clk         ; 10.000       ; 2.315      ; 15.649     ;
; -3.412 ; conv2_w:u_conv2w|altsyncram:altsyncram_component|altsyncram_2jk1:auto_generated|ram_block1a14~porta_address_reg0 ; acc[63] ; u_pll|altpll_component|auto_generated|pll1|clk[0] ; clk         ; 10.000       ; 2.316      ; 15.647     ;
; -3.408 ; conv2_w:u_conv2w|altsyncram:altsyncram_component|altsyncram_2jk1:auto_generated|ram_block1a2~porta_address_reg0  ; acc[60] ; u_pll|altpll_component|auto_generated|pll1|clk[0] ; clk         ; 10.000       ; 2.320      ; 15.647     ;
; -3.403 ; conv2_w:u_conv2w|altsyncram:altsyncram_component|altsyncram_2jk1:auto_generated|ram_block1a8~porta_address_reg0  ; acc[60] ; u_pll|altpll_component|auto_generated|pll1|clk[0] ; clk         ; 10.000       ; 2.322      ; 15.644     ;
; -3.403 ; pool1:u_pool1|altsyncram:altsyncram_component|altsyncram_a9g1:auto_generated|ram_block1a26~porta_we_reg          ; acc[60] ; u_pll|altpll_component|auto_generated|pll1|clk[0] ; clk         ; 10.000       ; 2.305      ; 15.627     ;
; -3.397 ; conv2_w:u_conv2w|altsyncram:altsyncram_component|altsyncram_2jk1:auto_generated|ram_block1a2~porta_address_reg0  ; acc[63] ; u_pll|altpll_component|auto_generated|pll1|clk[0] ; clk         ; 10.000       ; 2.317      ; 15.633     ;
; -3.392 ; conv2_w:u_conv2w|altsyncram:altsyncram_component|altsyncram_2jk1:auto_generated|ram_block1a12~porta_address_reg0 ; acc[60] ; u_pll|altpll_component|auto_generated|pll1|clk[0] ; clk         ; 10.000       ; 2.341      ; 15.652     ;
; -3.392 ; conv2_w:u_conv2w|altsyncram:altsyncram_component|altsyncram_2jk1:auto_generated|ram_block1a8~porta_address_reg0  ; acc[63] ; u_pll|altpll_component|auto_generated|pll1|clk[0] ; clk         ; 10.000       ; 2.319      ; 15.630     ;
; -3.392 ; pool1:u_pool1|altsyncram:altsyncram_component|altsyncram_a9g1:auto_generated|ram_block1a26~porta_we_reg          ; acc[63] ; u_pll|altpll_component|auto_generated|pll1|clk[0] ; clk         ; 10.000       ; 2.302      ; 15.613     ;
; -3.389 ; pool1:u_pool1|altsyncram:altsyncram_component|altsyncram_a9g1:auto_generated|ram_block1a10~porta_we_reg          ; acc[60] ; u_pll|altpll_component|auto_generated|pll1|clk[0] ; clk         ; 10.000       ; 2.298      ; 15.606     ;
; -3.383 ; pool1:u_pool1|altsyncram:altsyncram_component|altsyncram_a9g1:auto_generated|ram_block1a0~porta_we_reg           ; acc[60] ; u_pll|altpll_component|auto_generated|pll1|clk[0] ; clk         ; 10.000       ; 2.303      ; 15.605     ;
; -3.381 ; conv2_w:u_conv2w|altsyncram:altsyncram_component|altsyncram_2jk1:auto_generated|ram_block1a12~porta_address_reg0 ; acc[63] ; u_pll|altpll_component|auto_generated|pll1|clk[0] ; clk         ; 10.000       ; 2.338      ; 15.638     ;
; -3.378 ; pool1:u_pool1|altsyncram:altsyncram_component|altsyncram_a9g1:auto_generated|ram_block1a10~porta_we_reg          ; acc[63] ; u_pll|altpll_component|auto_generated|pll1|clk[0] ; clk         ; 10.000       ; 2.295      ; 15.592     ;
; -3.377 ; conv2_w:u_conv2w|altsyncram:altsyncram_component|altsyncram_2jk1:auto_generated|ram_block1a6~porta_address_reg0  ; acc[60] ; u_pll|altpll_component|auto_generated|pll1|clk[0] ; clk         ; 10.000       ; 2.336      ; 15.632     ;
; -3.372 ; pool1:u_pool1|altsyncram:altsyncram_component|altsyncram_a9g1:auto_generated|ram_block1a0~porta_we_reg           ; acc[63] ; u_pll|altpll_component|auto_generated|pll1|clk[0] ; clk         ; 10.000       ; 2.300      ; 15.591     ;
; -3.369 ; conv2_w:u_conv2w|altsyncram:altsyncram_component|altsyncram_2jk1:auto_generated|ram_block1a10~porta_address_reg0 ; acc[60] ; u_pll|altpll_component|auto_generated|pll1|clk[0] ; clk         ; 10.000       ; 2.332      ; 15.620     ;
; -3.366 ; conv2_w:u_conv2w|altsyncram:altsyncram_component|altsyncram_2jk1:auto_generated|ram_block1a6~porta_address_reg0  ; acc[63] ; u_pll|altpll_component|auto_generated|pll1|clk[0] ; clk         ; 10.000       ; 2.333      ; 15.618     ;
; -3.364 ; conv2_w:u_conv2w|altsyncram:altsyncram_component|altsyncram_2jk1:auto_generated|ram_block1a0~porta_address_reg0  ; acc[59] ; u_pll|altpll_component|auto_generated|pll1|clk[0] ; clk         ; 10.000       ; 2.324      ; 15.607     ;
; -3.359 ; conv2_w:u_conv2w|altsyncram:altsyncram_component|altsyncram_2jk1:auto_generated|ram_block1a14~porta_address_reg0 ; acc[59] ; u_pll|altpll_component|auto_generated|pll1|clk[0] ; clk         ; 10.000       ; 2.319      ; 15.597     ;
; -3.358 ; conv2_w:u_conv2w|altsyncram:altsyncram_component|altsyncram_2jk1:auto_generated|ram_block1a10~porta_address_reg0 ; acc[63] ; u_pll|altpll_component|auto_generated|pll1|clk[0] ; clk         ; 10.000       ; 2.329      ; 15.606     ;
; -3.352 ; fc_w:u_fc_w|altsyncram:altsyncram_component|altsyncram_bak1:auto_generated|ram_block1a0~porta_address_reg0       ; acc[55] ; u_pll|altpll_component|auto_generated|pll1|clk[0] ; clk         ; 10.000       ; 2.342      ; 15.613     ;
; -3.344 ; conv2_w:u_conv2w|altsyncram:altsyncram_component|altsyncram_2jk1:auto_generated|ram_block1a2~porta_address_reg0  ; acc[59] ; u_pll|altpll_component|auto_generated|pll1|clk[0] ; clk         ; 10.000       ; 2.320      ; 15.583     ;
; -3.339 ; conv2_w:u_conv2w|altsyncram:altsyncram_component|altsyncram_2jk1:auto_generated|ram_block1a8~porta_address_reg0  ; acc[59] ; u_pll|altpll_component|auto_generated|pll1|clk[0] ; clk         ; 10.000       ; 2.322      ; 15.580     ;
; -3.339 ; pool1:u_pool1|altsyncram:altsyncram_component|altsyncram_a9g1:auto_generated|ram_block1a26~porta_we_reg          ; acc[59] ; u_pll|altpll_component|auto_generated|pll1|clk[0] ; clk         ; 10.000       ; 2.305      ; 15.563     ;
; -3.339 ; fc_w:u_fc_w|altsyncram:altsyncram_component|altsyncram_bak1:auto_generated|ram_block1a3~porta_address_reg0       ; acc[55] ; u_pll|altpll_component|auto_generated|pll1|clk[0] ; clk         ; 10.000       ; 2.336      ; 15.594     ;
; -3.335 ; fc_w:u_fc_w|altsyncram:altsyncram_component|altsyncram_bak1:auto_generated|ram_block1a5~porta_address_reg0       ; acc[55] ; u_pll|altpll_component|auto_generated|pll1|clk[0] ; clk         ; 10.000       ; 2.334      ; 15.588     ;
; -3.328 ; conv2_w:u_conv2w|altsyncram:altsyncram_component|altsyncram_2jk1:auto_generated|ram_block1a12~porta_address_reg0 ; acc[59] ; u_pll|altpll_component|auto_generated|pll1|clk[0] ; clk         ; 10.000       ; 2.341      ; 15.588     ;
; -3.325 ; pool1:u_pool1|altsyncram:altsyncram_component|altsyncram_a9g1:auto_generated|ram_block1a10~porta_we_reg          ; acc[59] ; u_pll|altpll_component|auto_generated|pll1|clk[0] ; clk         ; 10.000       ; 2.298      ; 15.542     ;
; -3.323 ; conv2_w:u_conv2w|altsyncram:altsyncram_component|altsyncram_2jk1:auto_generated|ram_block1a4~porta_address_reg0  ; acc[56] ; u_pll|altpll_component|auto_generated|pll1|clk[0] ; clk         ; 10.000       ; 2.312      ; 15.554     ;
; -3.319 ; pool1:u_pool1|altsyncram:altsyncram_component|altsyncram_a9g1:auto_generated|ram_block1a0~porta_we_reg           ; acc[59] ; u_pll|altpll_component|auto_generated|pll1|clk[0] ; clk         ; 10.000       ; 2.303      ; 15.541     ;
; -3.313 ; conv2_w:u_conv2w|altsyncram:altsyncram_component|altsyncram_2jk1:auto_generated|ram_block1a6~porta_address_reg0  ; acc[59] ; u_pll|altpll_component|auto_generated|pll1|clk[0] ; clk         ; 10.000       ; 2.336      ; 15.568     ;
; -3.308 ; fc_w:u_fc_w|altsyncram:altsyncram_component|altsyncram_bak1:auto_generated|ram_block1a0~porta_address_reg0       ; acc[63] ; u_pll|altpll_component|auto_generated|pll1|clk[0] ; clk         ; 10.000       ; 2.335      ; 15.562     ;
; -3.308 ; fc_w:u_fc_w|altsyncram:altsyncram_component|altsyncram_bak1:auto_generated|ram_block1a7~porta_address_reg0       ; acc[55] ; u_pll|altpll_component|auto_generated|pll1|clk[0] ; clk         ; 10.000       ; 2.339      ; 15.566     ;
; -3.306 ; pool2:u_pool2|altsyncram:altsyncram_component|altsyncram_h2i1:auto_generated|ram_block1a14~porta_we_reg          ; acc[55] ; u_pll|altpll_component|auto_generated|pll1|clk[0] ; clk         ; 10.000       ; 2.324      ; 15.549     ;
; -3.305 ; conv2_w:u_conv2w|altsyncram:altsyncram_component|altsyncram_2jk1:auto_generated|ram_block1a10~porta_address_reg0 ; acc[59] ; u_pll|altpll_component|auto_generated|pll1|clk[0] ; clk         ; 10.000       ; 2.332      ; 15.556     ;
; -3.296 ; pool1:u_pool1|altsyncram:altsyncram_component|altsyncram_a9g1:auto_generated|ram_block1a14~porta_we_reg          ; acc[61] ; u_pll|altpll_component|auto_generated|pll1|clk[0] ; clk         ; 10.000       ; 2.300      ; 15.515     ;
; -3.295 ; fc_w:u_fc_w|altsyncram:altsyncram_component|altsyncram_bak1:auto_generated|ram_block1a3~porta_address_reg0       ; acc[63] ; u_pll|altpll_component|auto_generated|pll1|clk[0] ; clk         ; 10.000       ; 2.329      ; 15.543     ;
; -3.291 ; fc_w:u_fc_w|altsyncram:altsyncram_component|altsyncram_bak1:auto_generated|ram_block1a5~porta_address_reg0       ; acc[63] ; u_pll|altpll_component|auto_generated|pll1|clk[0] ; clk         ; 10.000       ; 2.327      ; 15.537     ;
; -3.277 ; fc_w:u_fc_w|altsyncram:altsyncram_component|altsyncram_bak1:auto_generated|ram_block1a11~porta_address_reg0      ; acc[55] ; u_pll|altpll_component|auto_generated|pll1|clk[0] ; clk         ; 10.000       ; 2.321      ; 15.517     ;
; -3.274 ; fc_w:u_fc_w|altsyncram:altsyncram_component|altsyncram_bak1:auto_generated|ram_block1a0~porta_address_reg0       ; acc[61] ; u_pll|altpll_component|auto_generated|pll1|clk[0] ; clk         ; 10.000       ; 2.338      ; 15.531     ;
; -3.272 ; conv2_w:u_conv2w|altsyncram:altsyncram_component|altsyncram_2jk1:auto_generated|ram_block1a0~porta_address_reg0  ; acc[56] ; u_pll|altpll_component|auto_generated|pll1|clk[0] ; clk         ; 10.000       ; 2.321      ; 15.512     ;
; -3.271 ; pool1:u_pool1|altsyncram:altsyncram_component|altsyncram_a9g1:auto_generated|ram_block1a14~porta_we_reg          ; acc[62] ; u_pll|altpll_component|auto_generated|pll1|clk[0] ; clk         ; 10.000       ; 2.300      ; 15.490     ;
; -3.267 ; conv2_w:u_conv2w|altsyncram:altsyncram_component|altsyncram_2jk1:auto_generated|ram_block1a14~porta_address_reg0 ; acc[56] ; u_pll|altpll_component|auto_generated|pll1|clk[0] ; clk         ; 10.000       ; 2.316      ; 15.502     ;
; -3.264 ; fc_w:u_fc_w|altsyncram:altsyncram_component|altsyncram_bak1:auto_generated|ram_block1a7~porta_address_reg0       ; acc[63] ; u_pll|altpll_component|auto_generated|pll1|clk[0] ; clk         ; 10.000       ; 2.332      ; 15.515     ;
; -3.262 ; pool2:u_pool2|altsyncram:altsyncram_component|altsyncram_h2i1:auto_generated|ram_block1a14~porta_we_reg          ; acc[63] ; u_pll|altpll_component|auto_generated|pll1|clk[0] ; clk         ; 10.000       ; 2.317      ; 15.498     ;
; -3.261 ; fc_w:u_fc_w|altsyncram:altsyncram_component|altsyncram_bak1:auto_generated|ram_block1a3~porta_address_reg0       ; acc[61] ; u_pll|altpll_component|auto_generated|pll1|clk[0] ; clk         ; 10.000       ; 2.332      ; 15.512     ;
; -3.257 ; fc_w:u_fc_w|altsyncram:altsyncram_component|altsyncram_bak1:auto_generated|ram_block1a5~porta_address_reg0       ; acc[61] ; u_pll|altpll_component|auto_generated|pll1|clk[0] ; clk         ; 10.000       ; 2.330      ; 15.506     ;
; -3.252 ; conv2_w:u_conv2w|altsyncram:altsyncram_component|altsyncram_2jk1:auto_generated|ram_block1a2~porta_address_reg0  ; acc[56] ; u_pll|altpll_component|auto_generated|pll1|clk[0] ; clk         ; 10.000       ; 2.317      ; 15.488     ;
; -3.247 ; conv2_w:u_conv2w|altsyncram:altsyncram_component|altsyncram_2jk1:auto_generated|ram_block1a8~porta_address_reg0  ; acc[56] ; u_pll|altpll_component|auto_generated|pll1|clk[0] ; clk         ; 10.000       ; 2.319      ; 15.485     ;
; -3.247 ; pool1:u_pool1|altsyncram:altsyncram_component|altsyncram_a9g1:auto_generated|ram_block1a26~porta_we_reg          ; acc[56] ; u_pll|altpll_component|auto_generated|pll1|clk[0] ; clk         ; 10.000       ; 2.302      ; 15.468     ;
; -3.244 ; conv2_w:u_conv2w|altsyncram:altsyncram_component|altsyncram_2jk1:auto_generated|ram_block1a4~porta_address_reg0  ; acc[57] ; u_pll|altpll_component|auto_generated|pll1|clk[0] ; clk         ; 10.000       ; 2.312      ; 15.475     ;
; -3.244 ; fc_w:u_fc_w|altsyncram:altsyncram_component|altsyncram_bak1:auto_generated|ram_block1a13~porta_address_reg0      ; acc[55] ; u_pll|altpll_component|auto_generated|pll1|clk[0] ; clk         ; 10.000       ; 2.318      ; 15.481     ;
; -3.236 ; conv2_w:u_conv2w|altsyncram:altsyncram_component|altsyncram_2jk1:auto_generated|ram_block1a12~porta_address_reg0 ; acc[56] ; u_pll|altpll_component|auto_generated|pll1|clk[0] ; clk         ; 10.000       ; 2.338      ; 15.493     ;
; -3.233 ; pool1:u_pool1|altsyncram:altsyncram_component|altsyncram_a9g1:auto_generated|ram_block1a10~porta_we_reg          ; acc[56] ; u_pll|altpll_component|auto_generated|pll1|clk[0] ; clk         ; 10.000       ; 2.295      ; 15.447     ;
; -3.233 ; fc_w:u_fc_w|altsyncram:altsyncram_component|altsyncram_bak1:auto_generated|ram_block1a11~porta_address_reg0      ; acc[63] ; u_pll|altpll_component|auto_generated|pll1|clk[0] ; clk         ; 10.000       ; 2.314      ; 15.466     ;
; -3.230 ; fc_w:u_fc_w|altsyncram:altsyncram_component|altsyncram_bak1:auto_generated|ram_block1a7~porta_address_reg0       ; acc[61] ; u_pll|altpll_component|auto_generated|pll1|clk[0] ; clk         ; 10.000       ; 2.335      ; 15.484     ;
; -3.228 ; pool1:u_pool1|altsyncram:altsyncram_component|altsyncram_a9g1:auto_generated|ram_block1a22~porta_we_reg          ; acc[61] ; u_pll|altpll_component|auto_generated|pll1|clk[0] ; clk         ; 10.000       ; 2.312      ; 15.459     ;
; -3.228 ; pool2:u_pool2|altsyncram:altsyncram_component|altsyncram_h2i1:auto_generated|ram_block1a14~porta_we_reg          ; acc[61] ; u_pll|altpll_component|auto_generated|pll1|clk[0] ; clk         ; 10.000       ; 2.320      ; 15.467     ;
; -3.227 ; pool1:u_pool1|altsyncram:altsyncram_component|altsyncram_a9g1:auto_generated|ram_block1a0~porta_we_reg           ; acc[56] ; u_pll|altpll_component|auto_generated|pll1|clk[0] ; clk         ; 10.000       ; 2.300      ; 15.446     ;
; -3.226 ; fc_w:u_fc_w|altsyncram:altsyncram_component|altsyncram_bak1:auto_generated|ram_block1a0~porta_address_reg0       ; acc[60] ; u_pll|altpll_component|auto_generated|pll1|clk[0] ; clk         ; 10.000       ; 2.338      ; 15.483     ;
; -3.225 ; conv2_w:u_conv2w|altsyncram:altsyncram_component|altsyncram_2jk1:auto_generated|ram_block1a4~porta_address_reg0  ; acc[55] ; u_pll|altpll_component|auto_generated|pll1|clk[0] ; clk         ; 10.000       ; 2.319      ; 15.463     ;
; -3.221 ; conv2_w:u_conv2w|altsyncram:altsyncram_component|altsyncram_2jk1:auto_generated|ram_block1a6~porta_address_reg0  ; acc[56] ; u_pll|altpll_component|auto_generated|pll1|clk[0] ; clk         ; 10.000       ; 2.333      ; 15.473     ;
; -3.216 ; fc_w:u_fc_w|altsyncram:altsyncram_component|altsyncram_bak1:auto_generated|ram_block1a0~porta_address_reg0       ; acc[62] ; u_pll|altpll_component|auto_generated|pll1|clk[0] ; clk         ; 10.000       ; 2.338      ; 15.473     ;
; -3.213 ; conv2_w:u_conv2w|altsyncram:altsyncram_component|altsyncram_2jk1:auto_generated|ram_block1a10~porta_address_reg0 ; acc[56] ; u_pll|altpll_component|auto_generated|pll1|clk[0] ; clk         ; 10.000       ; 2.329      ; 15.461     ;
; -3.213 ; fc_w:u_fc_w|altsyncram:altsyncram_component|altsyncram_bak1:auto_generated|ram_block1a3~porta_address_reg0       ; acc[60] ; u_pll|altpll_component|auto_generated|pll1|clk[0] ; clk         ; 10.000       ; 2.332      ; 15.464     ;
; -3.209 ; fc_w:u_fc_w|altsyncram:altsyncram_component|altsyncram_bak1:auto_generated|ram_block1a5~porta_address_reg0       ; acc[60] ; u_pll|altpll_component|auto_generated|pll1|clk[0] ; clk         ; 10.000       ; 2.330      ; 15.458     ;
; -3.203 ; pool1:u_pool1|altsyncram:altsyncram_component|altsyncram_a9g1:auto_generated|ram_block1a22~porta_we_reg          ; acc[62] ; u_pll|altpll_component|auto_generated|pll1|clk[0] ; clk         ; 10.000       ; 2.312      ; 15.434     ;
; -3.203 ; fc_w:u_fc_w|altsyncram:altsyncram_component|altsyncram_bak1:auto_generated|ram_block1a3~porta_address_reg0       ; acc[62] ; u_pll|altpll_component|auto_generated|pll1|clk[0] ; clk         ; 10.000       ; 2.332      ; 15.454     ;
; -3.200 ; fc_w:u_fc_w|altsyncram:altsyncram_component|altsyncram_bak1:auto_generated|ram_block1a13~porta_address_reg0      ; acc[63] ; u_pll|altpll_component|auto_generated|pll1|clk[0] ; clk         ; 10.000       ; 2.311      ; 15.430     ;
; -3.199 ; fc_w:u_fc_w|altsyncram:altsyncram_component|altsyncram_bak1:auto_generated|ram_block1a11~porta_address_reg0      ; acc[61] ; u_pll|altpll_component|auto_generated|pll1|clk[0] ; clk         ; 10.000       ; 2.317      ; 15.435     ;
; -3.199 ; fc_w:u_fc_w|altsyncram:altsyncram_component|altsyncram_bak1:auto_generated|ram_block1a5~porta_address_reg0       ; acc[62] ; u_pll|altpll_component|auto_generated|pll1|clk[0] ; clk         ; 10.000       ; 2.330      ; 15.448     ;
; -3.193 ; conv2_w:u_conv2w|altsyncram:altsyncram_component|altsyncram_2jk1:auto_generated|ram_block1a0~porta_address_reg0  ; acc[57] ; u_pll|altpll_component|auto_generated|pll1|clk[0] ; clk         ; 10.000       ; 2.321      ; 15.433     ;
; -3.188 ; conv2_w:u_conv2w|altsyncram:altsyncram_component|altsyncram_2jk1:auto_generated|ram_block1a14~porta_address_reg0 ; acc[57] ; u_pll|altpll_component|auto_generated|pll1|clk[0] ; clk         ; 10.000       ; 2.316      ; 15.423     ;
+--------+------------------------------------------------------------------------------------------------------------------+---------+---------------------------------------------------+-------------+--------------+------------+------------+


+---------------------------------------------------------------------------------------------------------------------------------------------------------+
; Slow 1200mV 0C Model Setup: 'uartWrite:u5|clock'                                                                                                        ;
+--------+------------------------------+------------------------------+--------------------+--------------------+--------------+------------+------------+
; Slack  ; From Node                    ; To Node                      ; Launch Clock       ; Latch Clock        ; Relationship ; Clock Skew ; Data Delay ;
+--------+------------------------------+------------------------------+--------------------+--------------------+--------------+------------+------------+
; -1.143 ; run                          ; uartWrite:u5|tx              ; clk                ; uartWrite:u5|clock ; 1.000        ; -0.163     ; 1.969      ;
; -1.143 ; uartWrite:u5|stt_tx.00001100 ; uartWrite:u5|tx              ; uartWrite:u5|clock ; uartWrite:u5|clock ; 1.000        ; -0.078     ; 2.064      ;
; -1.029 ; uartWrite:u5|stt_tx.00000101 ; uartWrite:u5|tx              ; uartWrite:u5|clock ; uartWrite:u5|clock ; 1.000        ; -0.072     ; 1.956      ;
; -1.012 ; uartWrite:u5|stt_tx.00001001 ; uartWrite:u5|tx              ; uartWrite:u5|clock ; uartWrite:u5|clock ; 1.000        ; -0.072     ; 1.939      ;
; -0.988 ; uartWrite:u5|stt_tx.00000011 ; uartWrite:u5|tx              ; uartWrite:u5|clock ; uartWrite:u5|clock ; 1.000        ; -0.071     ; 1.916      ;
; -0.987 ; uartWrite:u5|tx              ; uartWrite:u5|tx              ; uartWrite:u5|clock ; uartWrite:u5|clock ; 1.000        ; -0.072     ; 1.914      ;
; -0.977 ; uartWrite:u5|stt_tx.00000110 ; uartWrite:u5|tx              ; uartWrite:u5|clock ; uartWrite:u5|clock ; 1.000        ; -0.072     ; 1.904      ;
; -0.970 ; uartWrite:u5|stt_tx.00000100 ; uartWrite:u5|tx              ; uartWrite:u5|clock ; uartWrite:u5|clock ; 1.000        ; -0.071     ; 1.898      ;
; -0.942 ; data_uart[4]                 ; uartWrite:u5|tx              ; clk                ; uartWrite:u5|clock ; 1.000        ; -0.156     ; 1.775      ;
; -0.795 ; data_uart[2]                 ; uartWrite:u5|tx              ; clk                ; uartWrite:u5|clock ; 1.000        ; -0.156     ; 1.628      ;
; -0.768 ; data_uart[1]                 ; uartWrite:u5|tx              ; clk                ; uartWrite:u5|clock ; 1.000        ; -0.156     ; 1.601      ;
; -0.766 ; data_uart[7]                 ; uartWrite:u5|tx              ; clk                ; uartWrite:u5|clock ; 1.000        ; -0.156     ; 1.599      ;
; -0.761 ; data_uart[3]                 ; uartWrite:u5|tx              ; clk                ; uartWrite:u5|clock ; 1.000        ; -0.156     ; 1.594      ;
; -0.747 ; uartWrite:u5|stt_tx.00000111 ; uartWrite:u5|tx              ; uartWrite:u5|clock ; uartWrite:u5|clock ; 1.000        ; -0.072     ; 1.674      ;
; -0.684 ; uartWrite:u5|stt_tx.00001000 ; uartWrite:u5|tx              ; uartWrite:u5|clock ; uartWrite:u5|clock ; 1.000        ; -0.072     ; 1.611      ;
; -0.594 ; run                          ; uartWrite:u5|stt_tx.00000001 ; clk                ; uartWrite:u5|clock ; 1.000        ; -0.164     ; 1.419      ;
; -0.594 ; run                          ; uartWrite:u5|stt_tx.00000010 ; clk                ; uartWrite:u5|clock ; 1.000        ; -0.164     ; 1.419      ;
; -0.594 ; run                          ; uartWrite:u5|stt_tx.00000011 ; clk                ; uartWrite:u5|clock ; 1.000        ; -0.164     ; 1.419      ;
; -0.594 ; run                          ; uartWrite:u5|stt_tx.00000100 ; clk                ; uartWrite:u5|clock ; 1.000        ; -0.164     ; 1.419      ;
; -0.576 ; run                          ; uartWrite:u5|stt_tx.00000000 ; clk                ; uartWrite:u5|clock ; 1.000        ; -0.163     ; 1.402      ;
; -0.557 ; data_uart[0]                 ; uartWrite:u5|tx              ; clk                ; uartWrite:u5|clock ; 1.000        ; -0.156     ; 1.390      ;
; -0.552 ; run                          ; uartWrite:u5|stt_tx.00001001 ; clk                ; uartWrite:u5|clock ; 1.000        ; -0.163     ; 1.378      ;
; -0.550 ; run                          ; uartWrite:u5|stt_tx.00000111 ; clk                ; uartWrite:u5|clock ; 1.000        ; -0.163     ; 1.376      ;
; -0.549 ; run                          ; uartWrite:u5|stt_tx.00000110 ; clk                ; uartWrite:u5|clock ; 1.000        ; -0.163     ; 1.375      ;
; -0.548 ; run                          ; uartWrite:u5|stt_tx.00001011 ; clk                ; uartWrite:u5|clock ; 1.000        ; -0.163     ; 1.374      ;
; -0.548 ; run                          ; uartWrite:u5|stt_tx.00001010 ; clk                ; uartWrite:u5|clock ; 1.000        ; -0.163     ; 1.374      ;
; -0.547 ; run                          ; uartWrite:u5|stt_tx.00001000 ; clk                ; uartWrite:u5|clock ; 1.000        ; -0.163     ; 1.373      ;
; -0.547 ; run                          ; uartWrite:u5|stt_tx.00000101 ; clk                ; uartWrite:u5|clock ; 1.000        ; -0.163     ; 1.373      ;
; -0.530 ; data_uart[6]                 ; uartWrite:u5|tx              ; clk                ; uartWrite:u5|clock ; 1.000        ; -0.156     ; 1.363      ;
; -0.483 ; data_uart[5]                 ; uartWrite:u5|tx              ; clk                ; uartWrite:u5|clock ; 1.000        ; -0.156     ; 1.316      ;
; -0.437 ; run                          ; uartWrite:u5|stt_tx.00001100 ; clk                ; uartWrite:u5|clock ; 1.000        ; -0.158     ; 1.268      ;
; -0.437 ; run                          ; uartWrite:u5|fb              ; clk                ; uartWrite:u5|clock ; 1.000        ; -0.158     ; 1.268      ;
; -0.389 ; uartWrite:u5|stt_tx.00000010 ; uartWrite:u5|tx              ; uartWrite:u5|clock ; uartWrite:u5|clock ; 1.000        ; -0.071     ; 1.317      ;
; -0.307 ; uartWrite:u5|stt_tx.00000000 ; uartWrite:u5|stt_tx.00000001 ; uartWrite:u5|clock ; uartWrite:u5|clock ; 1.000        ; -0.073     ; 1.233      ;
; -0.247 ; uartWrite:u5|stt_tx.00001011 ; uartWrite:u5|stt_tx.00001100 ; uartWrite:u5|clock ; uartWrite:u5|clock ; 1.000        ; -0.067     ; 1.179      ;
; -0.247 ; uartWrite:u5|stt_tx.00001011 ; uartWrite:u5|fb              ; uartWrite:u5|clock ; uartWrite:u5|clock ; 1.000        ; -0.067     ; 1.179      ;
; -0.199 ; uartWrite:u5|stt_tx.00000000 ; uartWrite:u5|tx              ; uartWrite:u5|clock ; uartWrite:u5|clock ; 1.000        ; -0.072     ; 1.126      ;
; -0.162 ; uartWrite:u5|stt_tx.00000111 ; uartWrite:u5|stt_tx.00001000 ; uartWrite:u5|clock ; uartWrite:u5|clock ; 1.000        ; -0.072     ; 1.089      ;
; -0.090 ; uartWrite:u5|stt_tx.00001011 ; uartWrite:u5|tx              ; uartWrite:u5|clock ; uartWrite:u5|clock ; 1.000        ; -0.072     ; 1.017      ;
; -0.087 ; uartWrite:u5|stt_tx.00000101 ; uartWrite:u5|stt_tx.00000110 ; uartWrite:u5|clock ; uartWrite:u5|clock ; 1.000        ; -0.072     ; 1.014      ;
; -0.073 ; uartWrite:u5|stt_tx.00001010 ; uartWrite:u5|tx              ; uartWrite:u5|clock ; uartWrite:u5|clock ; 1.000        ; -0.072     ; 1.000      ;
; -0.047 ; uartWrite:u5|stt_tx.00000010 ; uartWrite:u5|stt_tx.00000011 ; uartWrite:u5|clock ; uartWrite:u5|clock ; 1.000        ; -0.072     ; 0.974      ;
; -0.035 ; uartWrite:u5|stt_tx.00000011 ; uartWrite:u5|stt_tx.00000100 ; uartWrite:u5|clock ; uartWrite:u5|clock ; 1.000        ; -0.072     ; 0.962      ;
; -0.027 ; uartWrite:u5|stt_tx.00000001 ; uartWrite:u5|stt_tx.00000010 ; uartWrite:u5|clock ; uartWrite:u5|clock ; 1.000        ; -0.072     ; 0.954      ;
; 0.076  ; uartWrite:u5|stt_tx.00000100 ; uartWrite:u5|stt_tx.00000101 ; uartWrite:u5|clock ; uartWrite:u5|clock ; 1.000        ; -0.071     ; 0.852      ;
; 0.203  ; uartWrite:u5|stt_tx.00001000 ; uartWrite:u5|stt_tx.00001001 ; uartWrite:u5|clock ; uartWrite:u5|clock ; 1.000        ; -0.072     ; 0.724      ;
; 0.205  ; uartWrite:u5|stt_tx.00001001 ; uartWrite:u5|stt_tx.00001010 ; uartWrite:u5|clock ; uartWrite:u5|clock ; 1.000        ; -0.072     ; 0.722      ;
; 0.205  ; uartWrite:u5|stt_tx.00000110 ; uartWrite:u5|stt_tx.00000111 ; uartWrite:u5|clock ; uartWrite:u5|clock ; 1.000        ; -0.072     ; 0.722      ;
; 0.207  ; uartWrite:u5|stt_tx.00001010 ; uartWrite:u5|stt_tx.00001011 ; uartWrite:u5|clock ; uartWrite:u5|clock ; 1.000        ; -0.072     ; 0.720      ;
; 0.267  ; uartWrite:u5|stt_tx.00001100 ; uartWrite:u5|stt_tx.00001100 ; uartWrite:u5|clock ; uartWrite:u5|clock ; 1.000        ; -0.073     ; 0.659      ;
; 0.267  ; uartWrite:u5|fb              ; uartWrite:u5|fb              ; uartWrite:u5|clock ; uartWrite:u5|clock ; 1.000        ; -0.073     ; 0.659      ;
+--------+------------------------------+------------------------------+--------------------+--------------------+--------------+------------+------------+


+----------------------------------------------------------------------------------------------------------------------------------------------------------------------------------------------------------------------------------------------------------------+
; Slow 1200mV 0C Model Setup: 'u_pll|altpll_component|auto_generated|pll1|clk[0]'                                                                                                                                                                                ;
+-------+--------------------+-----------------------------------------------------------------------------------------------------------------------+--------------+---------------------------------------------------+--------------+------------+------------+
; Slack ; From Node          ; To Node                                                                                                               ; Launch Clock ; Latch Clock                                       ; Relationship ; Clock Skew ; Data Delay ;
+-------+--------------------+-----------------------------------------------------------------------------------------------------------------------+--------------+---------------------------------------------------+--------------+------------+------------+
; 2.471 ; wren_img_conv1     ; img_conv1:u_img_conv1|altsyncram:altsyncram_component|altsyncram_i5i1:auto_generated|ram_block1a21~porta_we_reg       ; clk          ; u_pll|altpll_component|auto_generated|pll1|clk[0] ; 10.000       ; -2.502     ; 5.007      ;
; 2.477 ; wren_img_conv1     ; img_conv1:u_img_conv1|altsyncram:altsyncram_component|altsyncram_i5i1:auto_generated|ram_block1a24~porta_we_reg       ; clk          ; u_pll|altpll_component|auto_generated|pll1|clk[0] ; 10.000       ; -2.502     ; 5.001      ;
; 2.763 ; wren_img_conv1     ; img_conv1:u_img_conv1|altsyncram:altsyncram_component|altsyncram_i5i1:auto_generated|ram_block1a15~porta_we_reg       ; clk          ; u_pll|altpll_component|auto_generated|pll1|clk[0] ; 10.000       ; -2.514     ; 4.703      ;
; 2.785 ; wren_img_conv1     ; img_conv1:u_img_conv1|altsyncram:altsyncram_component|altsyncram_i5i1:auto_generated|ram_block1a22~porta_we_reg       ; clk          ; u_pll|altpll_component|auto_generated|pll1|clk[0] ; 10.000       ; -2.515     ; 4.680      ;
; 2.785 ; wren_img_conv1     ; img_conv1:u_img_conv1|altsyncram:altsyncram_component|altsyncram_i5i1:auto_generated|ram_block1a25~porta_we_reg       ; clk          ; u_pll|altpll_component|auto_generated|pll1|clk[0] ; 10.000       ; -2.515     ; 4.680      ;
; 3.072 ; wren_img_conv1     ; img_conv1:u_img_conv1|altsyncram:altsyncram_component|altsyncram_i5i1:auto_generated|ram_block1a19~porta_we_reg       ; clk          ; u_pll|altpll_component|auto_generated|pll1|clk[0] ; 10.000       ; -2.516     ; 4.392      ;
; 3.237 ; addr_img_conv1[3]  ; img_conv1:u_img_conv1|altsyncram:altsyncram_component|altsyncram_i5i1:auto_generated|ram_block1a21~porta_address_reg0 ; clk          ; u_pll|altpll_component|auto_generated|pll1|clk[0] ; 10.000       ; -2.504     ; 4.239      ;
; 3.243 ; addr_img_conv1[3]  ; img_conv1:u_img_conv1|altsyncram:altsyncram_component|altsyncram_i5i1:auto_generated|ram_block1a24~porta_address_reg0 ; clk          ; u_pll|altpll_component|auto_generated|pll1|clk[0] ; 10.000       ; -2.504     ; 4.233      ;
; 3.252 ; addr_img_conv1[0]  ; img_conv1:u_img_conv1|altsyncram:altsyncram_component|altsyncram_i5i1:auto_generated|ram_block1a27~porta_address_reg0 ; clk          ; u_pll|altpll_component|auto_generated|pll1|clk[0] ; 10.000       ; -2.495     ; 4.233      ;
; 3.348 ; wren_img_conv1     ; img_conv1:u_img_conv1|altsyncram:altsyncram_component|altsyncram_i5i1:auto_generated|ram_block1a20~porta_we_reg       ; clk          ; u_pll|altpll_component|auto_generated|pll1|clk[0] ; 10.000       ; -2.519     ; 4.113      ;
; 3.366 ; addr_img_conv1[2]  ; img_conv1:u_img_conv1|altsyncram:altsyncram_component|altsyncram_i5i1:auto_generated|ram_block1a21~porta_address_reg0 ; clk          ; u_pll|altpll_component|auto_generated|pll1|clk[0] ; 10.000       ; -2.504     ; 4.110      ;
; 3.367 ; wren_img_conv1     ; img_conv1:u_img_conv1|altsyncram:altsyncram_component|altsyncram_i5i1:auto_generated|ram_block1a31~porta_we_reg       ; clk          ; u_pll|altpll_component|auto_generated|pll1|clk[0] ; 10.000       ; -2.520     ; 4.093      ;
; 3.372 ; wren_img_conv1     ; img_conv1:u_img_conv1|altsyncram:altsyncram_component|altsyncram_i5i1:auto_generated|ram_block1a16~porta_we_reg       ; clk          ; u_pll|altpll_component|auto_generated|pll1|clk[0] ; 10.000       ; -2.517     ; 4.091      ;
; 3.373 ; addr_img_conv1[2]  ; img_conv1:u_img_conv1|altsyncram:altsyncram_component|altsyncram_i5i1:auto_generated|ram_block1a24~porta_address_reg0 ; clk          ; u_pll|altpll_component|auto_generated|pll1|clk[0] ; 10.000       ; -2.504     ; 4.103      ;
; 3.377 ; wren_img_conv1     ; img_conv1:u_img_conv1|altsyncram:altsyncram_component|altsyncram_i5i1:auto_generated|ram_block1a23~porta_we_reg       ; clk          ; u_pll|altpll_component|auto_generated|pll1|clk[0] ; 10.000       ; -2.522     ; 4.081      ;
; 3.549 ; addr_img_conv1[0]  ; img_conv1:u_img_conv1|altsyncram:altsyncram_component|altsyncram_i5i1:auto_generated|ram_block1a21~porta_address_reg0 ; clk          ; u_pll|altpll_component|auto_generated|pll1|clk[0] ; 10.000       ; -2.504     ; 3.927      ;
; 3.559 ; addr_img_conv1[0]  ; img_conv1:u_img_conv1|altsyncram:altsyncram_component|altsyncram_i5i1:auto_generated|ram_block1a30~porta_address_reg0 ; clk          ; u_pll|altpll_component|auto_generated|pll1|clk[0] ; 10.000       ; -2.510     ; 3.911      ;
; 3.567 ; addr_img_conv1[3]  ; img_conv1:u_img_conv1|altsyncram:altsyncram_component|altsyncram_i5i1:auto_generated|ram_block1a19~porta_address_reg0 ; clk          ; u_pll|altpll_component|auto_generated|pll1|clk[0] ; 10.000       ; -2.518     ; 3.895      ;
; 3.571 ; addr_img_conv1[3]  ; img_conv1:u_img_conv1|altsyncram:altsyncram_component|altsyncram_i5i1:auto_generated|ram_block1a15~porta_address_reg0 ; clk          ; u_pll|altpll_component|auto_generated|pll1|clk[0] ; 10.000       ; -2.516     ; 3.893      ;
; 3.571 ; addr_img_conv1[3]  ; img_conv1:u_img_conv1|altsyncram:altsyncram_component|altsyncram_i5i1:auto_generated|ram_block1a22~porta_address_reg0 ; clk          ; u_pll|altpll_component|auto_generated|pll1|clk[0] ; 10.000       ; -2.517     ; 3.892      ;
; 3.578 ; addr_img_conv1[0]  ; img_conv1:u_img_conv1|altsyncram:altsyncram_component|altsyncram_i5i1:auto_generated|ram_block1a3~porta_address_reg0  ; clk          ; u_pll|altpll_component|auto_generated|pll1|clk[0] ; 10.000       ; -2.509     ; 3.893      ;
; 3.579 ; addr_img_conv1[3]  ; img_conv1:u_img_conv1|altsyncram:altsyncram_component|altsyncram_i5i1:auto_generated|ram_block1a25~porta_address_reg0 ; clk          ; u_pll|altpll_component|auto_generated|pll1|clk[0] ; 10.000       ; -2.517     ; 3.884      ;
; 3.601 ; addr_img_conv1[0]  ; img_conv1:u_img_conv1|altsyncram:altsyncram_component|altsyncram_i5i1:auto_generated|ram_block1a13~porta_address_reg0 ; clk          ; u_pll|altpll_component|auto_generated|pll1|clk[0] ; 10.000       ; -2.508     ; 3.871      ;
; 3.606 ; addr_img_conv1[0]  ; img_conv1:u_img_conv1|altsyncram:altsyncram_component|altsyncram_i5i1:auto_generated|ram_block1a11~porta_address_reg0 ; clk          ; u_pll|altpll_component|auto_generated|pll1|clk[0] ; 10.000       ; -2.509     ; 3.865      ;
; 3.633 ; addr_img_conv1[2]  ; img_conv1:u_img_conv1|altsyncram:altsyncram_component|altsyncram_i5i1:auto_generated|ram_block1a17~porta_address_reg0 ; clk          ; u_pll|altpll_component|auto_generated|pll1|clk[0] ; 10.000       ; -2.495     ; 3.852      ;
; 3.645 ; addr_img_conv1[2]  ; img_conv1:u_img_conv1|altsyncram:altsyncram_component|altsyncram_i5i1:auto_generated|ram_block1a27~porta_address_reg0 ; clk          ; u_pll|altpll_component|auto_generated|pll1|clk[0] ; 10.000       ; -2.495     ; 3.840      ;
; 3.682 ; addr_img_conv1[2]  ; img_conv1:u_img_conv1|altsyncram:altsyncram_component|altsyncram_i5i1:auto_generated|ram_block1a15~porta_address_reg0 ; clk          ; u_pll|altpll_component|auto_generated|pll1|clk[0] ; 10.000       ; -2.516     ; 3.782      ;
; 3.682 ; addr_img_conv1[2]  ; img_conv1:u_img_conv1|altsyncram:altsyncram_component|altsyncram_i5i1:auto_generated|ram_block1a22~porta_address_reg0 ; clk          ; u_pll|altpll_component|auto_generated|pll1|clk[0] ; 10.000       ; -2.517     ; 3.781      ;
; 3.691 ; addr_img_conv1[2]  ; img_conv1:u_img_conv1|altsyncram:altsyncram_component|altsyncram_i5i1:auto_generated|ram_block1a25~porta_address_reg0 ; clk          ; u_pll|altpll_component|auto_generated|pll1|clk[0] ; 10.000       ; -2.517     ; 3.772      ;
; 3.722 ; addr_img_conv1[11] ; img_conv1:u_img_conv1|altsyncram:altsyncram_component|altsyncram_i5i1:auto_generated|ram_block1a21~porta_address_reg0 ; clk          ; u_pll|altpll_component|auto_generated|pll1|clk[0] ; 10.000       ; -2.491     ; 3.767      ;
; 3.722 ; addr_img_conv1[11] ; img_conv1:u_img_conv1|altsyncram:altsyncram_component|altsyncram_i5i1:auto_generated|ram_block1a24~porta_address_reg0 ; clk          ; u_pll|altpll_component|auto_generated|pll1|clk[0] ; 10.000       ; -2.491     ; 3.767      ;
; 3.735 ; addr_img_conv1[11] ; img_conv1:u_img_conv1|altsyncram:altsyncram_component|altsyncram_i5i1:auto_generated|ram_block1a22~porta_address_reg0 ; clk          ; u_pll|altpll_component|auto_generated|pll1|clk[0] ; 10.000       ; -2.504     ; 3.741      ;
; 3.774 ; addr_img_conv1[0]  ; img_conv1:u_img_conv1|altsyncram:altsyncram_component|altsyncram_i5i1:auto_generated|ram_block1a15~porta_address_reg0 ; clk          ; u_pll|altpll_component|auto_generated|pll1|clk[0] ; 10.000       ; -2.516     ; 3.690      ;
; 3.795 ; addr_img_conv1[0]  ; img_conv1:u_img_conv1|altsyncram:altsyncram_component|altsyncram_i5i1:auto_generated|ram_block1a24~porta_address_reg0 ; clk          ; u_pll|altpll_component|auto_generated|pll1|clk[0] ; 10.000       ; -2.504     ; 3.681      ;
; 3.799 ; addr_img_conv1[0]  ; img_conv1:u_img_conv1|altsyncram:altsyncram_component|altsyncram_i5i1:auto_generated|ram_block1a22~porta_address_reg0 ; clk          ; u_pll|altpll_component|auto_generated|pll1|clk[0] ; 10.000       ; -2.517     ; 3.664      ;
; 3.806 ; addr_img_conv1[0]  ; img_conv1:u_img_conv1|altsyncram:altsyncram_component|altsyncram_i5i1:auto_generated|ram_block1a25~porta_address_reg0 ; clk          ; u_pll|altpll_component|auto_generated|pll1|clk[0] ; 10.000       ; -2.517     ; 3.657      ;
; 3.854 ; addr_img_conv1[3]  ; img_conv1:u_img_conv1|altsyncram:altsyncram_component|altsyncram_i5i1:auto_generated|ram_block1a27~porta_address_reg0 ; clk          ; u_pll|altpll_component|auto_generated|pll1|clk[0] ; 10.000       ; -2.495     ; 3.631      ;
; 3.860 ; addr_img_conv1[1]  ; img_conv1:u_img_conv1|altsyncram:altsyncram_component|altsyncram_i5i1:auto_generated|ram_block1a21~porta_address_reg0 ; clk          ; u_pll|altpll_component|auto_generated|pll1|clk[0] ; 10.000       ; -2.504     ; 3.616      ;
; 3.870 ; addr_img_conv1[3]  ; img_conv1:u_img_conv1|altsyncram:altsyncram_component|altsyncram_i5i1:auto_generated|ram_block1a11~porta_address_reg0 ; clk          ; u_pll|altpll_component|auto_generated|pll1|clk[0] ; 10.000       ; -2.509     ; 3.601      ;
; 3.871 ; addr_img_conv1[3]  ; img_conv1:u_img_conv1|altsyncram:altsyncram_component|altsyncram_i5i1:auto_generated|ram_block1a17~porta_address_reg0 ; clk          ; u_pll|altpll_component|auto_generated|pll1|clk[0] ; 10.000       ; -2.495     ; 3.614      ;
; 3.896 ; addr_img_conv1[0]  ; img_conv1:u_img_conv1|altsyncram:altsyncram_component|altsyncram_i5i1:auto_generated|ram_block1a4~porta_address_reg0  ; clk          ; u_pll|altpll_component|auto_generated|pll1|clk[0] ; 10.000       ; -2.514     ; 3.570      ;
; 3.906 ; addr_img_conv1[3]  ; img_conv1:u_img_conv1|altsyncram:altsyncram_component|altsyncram_i5i1:auto_generated|ram_block1a20~porta_address_reg0 ; clk          ; u_pll|altpll_component|auto_generated|pll1|clk[0] ; 10.000       ; -2.521     ; 3.553      ;
; 3.907 ; addr_img_conv1[3]  ; img_conv1:u_img_conv1|altsyncram:altsyncram_component|altsyncram_i5i1:auto_generated|ram_block1a16~porta_address_reg0 ; clk          ; u_pll|altpll_component|auto_generated|pll1|clk[0] ; 10.000       ; -2.519     ; 3.554      ;
; 3.907 ; addr_img_conv1[2]  ; img_conv1:u_img_conv1|altsyncram:altsyncram_component|altsyncram_i5i1:auto_generated|ram_block1a11~porta_address_reg0 ; clk          ; u_pll|altpll_component|auto_generated|pll1|clk[0] ; 10.000       ; -2.509     ; 3.564      ;
; 3.913 ; addr_img_conv1[3]  ; img_conv1:u_img_conv1|altsyncram:altsyncram_component|altsyncram_i5i1:auto_generated|ram_block1a31~porta_address_reg0 ; clk          ; u_pll|altpll_component|auto_generated|pll1|clk[0] ; 10.000       ; -2.522     ; 3.545      ;
; 3.916 ; addr_img_conv1[0]  ; img_conv1:u_img_conv1|altsyncram:altsyncram_component|altsyncram_i5i1:auto_generated|ram_block1a12~porta_address_reg0 ; clk          ; u_pll|altpll_component|auto_generated|pll1|clk[0] ; 10.000       ; -2.511     ; 3.553      ;
; 3.924 ; addr_img_conv1[2]  ; img_conv1:u_img_conv1|altsyncram:altsyncram_component|altsyncram_i5i1:auto_generated|ram_block1a13~porta_address_reg0 ; clk          ; u_pll|altpll_component|auto_generated|pll1|clk[0] ; 10.000       ; -2.508     ; 3.548      ;
; 3.929 ; addr_img_conv1[3]  ; img_conv1:u_img_conv1|altsyncram:altsyncram_component|altsyncram_i5i1:auto_generated|ram_block1a13~porta_address_reg0 ; clk          ; u_pll|altpll_component|auto_generated|pll1|clk[0] ; 10.000       ; -2.508     ; 3.543      ;
; 3.949 ; addr_img_conv1[2]  ; img_conv1:u_img_conv1|altsyncram:altsyncram_component|altsyncram_i5i1:auto_generated|ram_block1a3~porta_address_reg0  ; clk          ; u_pll|altpll_component|auto_generated|pll1|clk[0] ; 10.000       ; -2.509     ; 3.522      ;
; 3.956 ; addr_img_conv1[9]  ; img_conv1:u_img_conv1|altsyncram:altsyncram_component|altsyncram_i5i1:auto_generated|ram_block1a21~porta_address_reg0 ; clk          ; u_pll|altpll_component|auto_generated|pll1|clk[0] ; 10.000       ; -2.491     ; 3.533      ;
; 3.972 ; addr_img_conv1[2]  ; img_conv1:u_img_conv1|altsyncram:altsyncram_component|altsyncram_i5i1:auto_generated|ram_block1a30~porta_address_reg0 ; clk          ; u_pll|altpll_component|auto_generated|pll1|clk[0] ; 10.000       ; -2.510     ; 3.498      ;
; 3.979 ; addr_img_conv1[3]  ; img_conv1:u_img_conv1|altsyncram:altsyncram_component|altsyncram_i5i1:auto_generated|ram_block1a23~porta_address_reg0 ; clk          ; u_pll|altpll_component|auto_generated|pll1|clk[0] ; 10.000       ; -2.524     ; 3.477      ;
; 3.985 ; wren_img_conv1     ; img_conv1:u_img_conv1|altsyncram:altsyncram_component|altsyncram_i5i1:auto_generated|ram_block1a14~porta_we_reg       ; clk          ; u_pll|altpll_component|auto_generated|pll1|clk[0] ; 10.000       ; -2.526     ; 3.469      ;
; 3.988 ; addr_img_conv1[9]  ; img_conv1:u_img_conv1|altsyncram:altsyncram_component|altsyncram_i5i1:auto_generated|ram_block1a24~porta_address_reg0 ; clk          ; u_pll|altpll_component|auto_generated|pll1|clk[0] ; 10.000       ; -2.491     ; 3.501      ;
; 4.010 ; addr_img_conv1[2]  ; img_conv1:u_img_conv1|altsyncram:altsyncram_component|altsyncram_i5i1:auto_generated|ram_block1a16~porta_address_reg0 ; clk          ; u_pll|altpll_component|auto_generated|pll1|clk[0] ; 10.000       ; -2.519     ; 3.451      ;
; 4.021 ; addr_img_conv1[2]  ; img_conv1:u_img_conv1|altsyncram:altsyncram_component|altsyncram_i5i1:auto_generated|ram_block1a14~porta_address_reg0 ; clk          ; u_pll|altpll_component|auto_generated|pll1|clk[0] ; 10.000       ; -2.528     ; 3.431      ;
; 4.035 ; addr_img_conv1[11] ; img_conv1:u_img_conv1|altsyncram:altsyncram_component|altsyncram_i5i1:auto_generated|ram_block1a15~porta_address_reg0 ; clk          ; u_pll|altpll_component|auto_generated|pll1|clk[0] ; 10.000       ; -2.503     ; 3.442      ;
; 4.041 ; addr_img_conv1[11] ; img_conv1:u_img_conv1|altsyncram:altsyncram_component|altsyncram_i5i1:auto_generated|ram_block1a25~porta_address_reg0 ; clk          ; u_pll|altpll_component|auto_generated|pll1|clk[0] ; 10.000       ; -2.504     ; 3.435      ;
; 4.045 ; addr_img_conv1[2]  ; img_conv1:u_img_conv1|altsyncram:altsyncram_component|altsyncram_i5i1:auto_generated|ram_block1a19~porta_address_reg0 ; clk          ; u_pll|altpll_component|auto_generated|pll1|clk[0] ; 10.000       ; -2.518     ; 3.417      ;
; 4.051 ; addr_img_conv1[11] ; img_conv1:u_img_conv1|altsyncram:altsyncram_component|altsyncram_i5i1:auto_generated|ram_block1a19~porta_address_reg0 ; clk          ; u_pll|altpll_component|auto_generated|pll1|clk[0] ; 10.000       ; -2.505     ; 3.424      ;
; 4.071 ; wren_img_conv1     ; img_conv1:u_img_conv1|altsyncram:altsyncram_component|altsyncram_i5i1:auto_generated|ram_block1a13~porta_we_reg       ; clk          ; u_pll|altpll_component|auto_generated|pll1|clk[0] ; 10.000       ; -2.506     ; 3.403      ;
; 4.079 ; addr_conv2w[11]    ; conv2_w:u_conv2w|altsyncram:altsyncram_component|altsyncram_2jk1:auto_generated|ram_block1a8~porta_address_reg0       ; clk          ; u_pll|altpll_component|auto_generated|pll1|clk[0] ; 10.000       ; -2.511     ; 3.390      ;
; 4.105 ; addr_conv2w[11]    ; conv2_w:u_conv2w|altsyncram:altsyncram_component|altsyncram_2jk1:auto_generated|ram_block1a2~porta_address_reg0       ; clk          ; u_pll|altpll_component|auto_generated|pll1|clk[0] ; 10.000       ; -2.509     ; 3.366      ;
; 4.126 ; wren_img_conv1     ; img_conv1:u_img_conv1|altsyncram:altsyncram_component|altsyncram_i5i1:auto_generated|ram_block1a28~porta_we_reg       ; clk          ; u_pll|altpll_component|auto_generated|pll1|clk[0] ; 10.000       ; -2.506     ; 3.348      ;
; 4.126 ; addr_img_conv1[2]  ; img_conv1:u_img_conv1|altsyncram:altsyncram_component|altsyncram_i5i1:auto_generated|ram_block1a31~porta_address_reg0 ; clk          ; u_pll|altpll_component|auto_generated|pll1|clk[0] ; 10.000       ; -2.522     ; 3.332      ;
; 4.128 ; addr_img_conv1[2]  ; img_conv1:u_img_conv1|altsyncram:altsyncram_component|altsyncram_i5i1:auto_generated|ram_block1a20~porta_address_reg0 ; clk          ; u_pll|altpll_component|auto_generated|pll1|clk[0] ; 10.000       ; -2.521     ; 3.331      ;
; 4.131 ; addr_img_conv1[1]  ; img_conv1:u_img_conv1|altsyncram:altsyncram_component|altsyncram_i5i1:auto_generated|ram_block1a15~porta_address_reg0 ; clk          ; u_pll|altpll_component|auto_generated|pll1|clk[0] ; 10.000       ; -2.516     ; 3.333      ;
; 4.131 ; addr_img_conv1[1]  ; img_conv1:u_img_conv1|altsyncram:altsyncram_component|altsyncram_i5i1:auto_generated|ram_block1a22~porta_address_reg0 ; clk          ; u_pll|altpll_component|auto_generated|pll1|clk[0] ; 10.000       ; -2.517     ; 3.332      ;
; 4.140 ; addr_img_conv1[0]  ; img_conv1:u_img_conv1|altsyncram:altsyncram_component|altsyncram_i5i1:auto_generated|ram_block1a20~porta_address_reg0 ; clk          ; u_pll|altpll_component|auto_generated|pll1|clk[0] ; 10.000       ; -2.521     ; 3.319      ;
; 4.143 ; addr_img_conv1[0]  ; img_conv1:u_img_conv1|altsyncram:altsyncram_component|altsyncram_i5i1:auto_generated|ram_block1a16~porta_address_reg0 ; clk          ; u_pll|altpll_component|auto_generated|pll1|clk[0] ; 10.000       ; -2.519     ; 3.318      ;
; 4.145 ; addr_conv2w[9]     ; conv2_w:u_conv2w|altsyncram:altsyncram_component|altsyncram_2jk1:auto_generated|ram_block1a2~porta_address_reg0       ; clk          ; u_pll|altpll_component|auto_generated|pll1|clk[0] ; 10.000       ; -2.509     ; 3.326      ;
; 4.154 ; addr_conv2w[9]     ; conv2_w:u_conv2w|altsyncram:altsyncram_component|altsyncram_2jk1:auto_generated|ram_block1a8~porta_address_reg0       ; clk          ; u_pll|altpll_component|auto_generated|pll1|clk[0] ; 10.000       ; -2.511     ; 3.315      ;
; 4.158 ; addr_img_conv1[1]  ; img_conv1:u_img_conv1|altsyncram:altsyncram_component|altsyncram_i5i1:auto_generated|ram_block1a24~porta_address_reg0 ; clk          ; u_pll|altpll_component|auto_generated|pll1|clk[0] ; 10.000       ; -2.504     ; 3.318      ;
; 4.163 ; addr_img_conv1[1]  ; img_conv1:u_img_conv1|altsyncram:altsyncram_component|altsyncram_i5i1:auto_generated|ram_block1a25~porta_address_reg0 ; clk          ; u_pll|altpll_component|auto_generated|pll1|clk[0] ; 10.000       ; -2.517     ; 3.300      ;
; 4.168 ; addr_img_conv1[12] ; img_conv1:u_img_conv1|altsyncram:altsyncram_component|altsyncram_i5i1:auto_generated|ram_block1a30~porta_address_reg0 ; clk          ; u_pll|altpll_component|auto_generated|pll1|clk[0] ; 10.000       ; -2.497     ; 3.315      ;
; 4.168 ; addr_img_conv1[0]  ; img_conv1:u_img_conv1|altsyncram:altsyncram_component|altsyncram_i5i1:auto_generated|ram_block1a19~porta_address_reg0 ; clk          ; u_pll|altpll_component|auto_generated|pll1|clk[0] ; 10.000       ; -2.518     ; 3.294      ;
; 4.170 ; addr_img_conv1[3]  ; img_conv1:u_img_conv1|altsyncram:altsyncram_component|altsyncram_i5i1:auto_generated|ram_block1a30~porta_address_reg0 ; clk          ; u_pll|altpll_component|auto_generated|pll1|clk[0] ; 10.000       ; -2.510     ; 3.300      ;
; 4.182 ; addr_img_conv1[0]  ; img_conv1:u_img_conv1|altsyncram:altsyncram_component|altsyncram_i5i1:auto_generated|ram_block1a14~porta_address_reg0 ; clk          ; u_pll|altpll_component|auto_generated|pll1|clk[0] ; 10.000       ; -2.528     ; 3.270      ;
; 4.184 ; addr_img_conv1[6]  ; img_conv1:u_img_conv1|altsyncram:altsyncram_component|altsyncram_i5i1:auto_generated|ram_block1a21~porta_address_reg0 ; clk          ; u_pll|altpll_component|auto_generated|pll1|clk[0] ; 10.000       ; -2.504     ; 3.292      ;
; 4.186 ; addr_img_conv1[7]  ; img_conv1:u_img_conv1|altsyncram:altsyncram_component|altsyncram_i5i1:auto_generated|ram_block1a21~porta_address_reg0 ; clk          ; u_pll|altpll_component|auto_generated|pll1|clk[0] ; 10.000       ; -2.491     ; 3.303      ;
; 4.187 ; addr_img_conv1[6]  ; img_conv1:u_img_conv1|altsyncram:altsyncram_component|altsyncram_i5i1:auto_generated|ram_block1a24~porta_address_reg0 ; clk          ; u_pll|altpll_component|auto_generated|pll1|clk[0] ; 10.000       ; -2.504     ; 3.289      ;
; 4.187 ; addr_img_conv1[3]  ; img_conv1:u_img_conv1|altsyncram:altsyncram_component|altsyncram_i5i1:auto_generated|ram_block1a3~porta_address_reg0  ; clk          ; u_pll|altpll_component|auto_generated|pll1|clk[0] ; 10.000       ; -2.509     ; 3.284      ;
; 4.188 ; addr_img_conv1[1]  ; img_conv1:u_img_conv1|altsyncram:altsyncram_component|altsyncram_i5i1:auto_generated|ram_block1a17~porta_address_reg0 ; clk          ; u_pll|altpll_component|auto_generated|pll1|clk[0] ; 10.000       ; -2.495     ; 3.297      ;
; 4.190 ; addr_img_conv1[3]  ; img_conv1:u_img_conv1|altsyncram:altsyncram_component|altsyncram_i5i1:auto_generated|ram_block1a4~porta_address_reg0  ; clk          ; u_pll|altpll_component|auto_generated|pll1|clk[0] ; 10.000       ; -2.514     ; 3.276      ;
; 4.192 ; addr_img_conv1[0]  ; img_conv1:u_img_conv1|altsyncram:altsyncram_component|altsyncram_i5i1:auto_generated|ram_block1a31~porta_address_reg0 ; clk          ; u_pll|altpll_component|auto_generated|pll1|clk[0] ; 10.000       ; -2.522     ; 3.266      ;
; 4.219 ; addr_img_conv1[0]  ; img_conv1:u_img_conv1|altsyncram:altsyncram_component|altsyncram_i5i1:auto_generated|ram_block1a10~porta_address_reg0 ; clk          ; u_pll|altpll_component|auto_generated|pll1|clk[0] ; 10.000       ; -2.512     ; 3.249      ;
; 4.230 ; addr_img_conv1[2]  ; img_conv1:u_img_conv1|altsyncram:altsyncram_component|altsyncram_i5i1:auto_generated|ram_block1a10~porta_address_reg0 ; clk          ; u_pll|altpll_component|auto_generated|pll1|clk[0] ; 10.000       ; -2.512     ; 3.238      ;
; 4.236 ; addr_img_conv1[3]  ; img_conv1:u_img_conv1|altsyncram:altsyncram_component|altsyncram_i5i1:auto_generated|ram_block1a12~porta_address_reg0 ; clk          ; u_pll|altpll_component|auto_generated|pll1|clk[0] ; 10.000       ; -2.511     ; 3.233      ;
; 4.253 ; addr_img_conv1[10] ; img_conv1:u_img_conv1|altsyncram:altsyncram_component|altsyncram_i5i1:auto_generated|ram_block1a21~porta_address_reg0 ; clk          ; u_pll|altpll_component|auto_generated|pll1|clk[0] ; 10.000       ; -2.491     ; 3.236      ;
; 4.257 ; addr_img_conv1[6]  ; img_conv1:u_img_conv1|altsyncram:altsyncram_component|altsyncram_i5i1:auto_generated|ram_block1a17~porta_address_reg0 ; clk          ; u_pll|altpll_component|auto_generated|pll1|clk[0] ; 10.000       ; -2.495     ; 3.228      ;
; 4.259 ; addr_img_conv1[0]  ; img_conv1:u_img_conv1|altsyncram:altsyncram_component|altsyncram_i5i1:auto_generated|ram_block1a9~porta_address_reg0  ; clk          ; u_pll|altpll_component|auto_generated|pll1|clk[0] ; 10.000       ; -2.520     ; 3.201      ;
; 4.260 ; addr_img_conv1[10] ; img_conv1:u_img_conv1|altsyncram:altsyncram_component|altsyncram_i5i1:auto_generated|ram_block1a24~porta_address_reg0 ; clk          ; u_pll|altpll_component|auto_generated|pll1|clk[0] ; 10.000       ; -2.491     ; 3.229      ;
; 4.264 ; addr_img_conv1[6]  ; img_conv1:u_img_conv1|altsyncram:altsyncram_component|altsyncram_i5i1:auto_generated|ram_block1a27~porta_address_reg0 ; clk          ; u_pll|altpll_component|auto_generated|pll1|clk[0] ; 10.000       ; -2.495     ; 3.221      ;
; 4.270 ; addr_img_conv1[10] ; img_conv1:u_img_conv1|altsyncram:altsyncram_component|altsyncram_i5i1:auto_generated|ram_block1a22~porta_address_reg0 ; clk          ; u_pll|altpll_component|auto_generated|pll1|clk[0] ; 10.000       ; -2.504     ; 3.206      ;
; 4.276 ; addr_img_conv1[9]  ; img_conv1:u_img_conv1|altsyncram:altsyncram_component|altsyncram_i5i1:auto_generated|ram_block1a25~porta_address_reg0 ; clk          ; u_pll|altpll_component|auto_generated|pll1|clk[0] ; 10.000       ; -2.504     ; 3.200      ;
; 4.283 ; addr_img_conv1[2]  ; img_conv1:u_img_conv1|altsyncram:altsyncram_component|altsyncram_i5i1:auto_generated|ram_block1a12~porta_address_reg0 ; clk          ; u_pll|altpll_component|auto_generated|pll1|clk[0] ; 10.000       ; -2.511     ; 3.186      ;
; 4.285 ; addr_img_conv1[10] ; img_conv1:u_img_conv1|altsyncram:altsyncram_component|altsyncram_i5i1:auto_generated|ram_block1a15~porta_address_reg0 ; clk          ; u_pll|altpll_component|auto_generated|pll1|clk[0] ; 10.000       ; -2.503     ; 3.192      ;
; 4.299 ; addr_img_conv1[9]  ; img_conv1:u_img_conv1|altsyncram:altsyncram_component|altsyncram_i5i1:auto_generated|ram_block1a22~porta_address_reg0 ; clk          ; u_pll|altpll_component|auto_generated|pll1|clk[0] ; 10.000       ; -2.504     ; 3.177      ;
; 4.304 ; addr_img_conv1[2]  ; img_conv1:u_img_conv1|altsyncram:altsyncram_component|altsyncram_i5i1:auto_generated|ram_block1a4~porta_address_reg0  ; clk          ; u_pll|altpll_component|auto_generated|pll1|clk[0] ; 10.000       ; -2.514     ; 3.162      ;
; 4.307 ; addr_img_conv1[9]  ; img_conv1:u_img_conv1|altsyncram:altsyncram_component|altsyncram_i5i1:auto_generated|ram_block1a19~porta_address_reg0 ; clk          ; u_pll|altpll_component|auto_generated|pll1|clk[0] ; 10.000       ; -2.505     ; 3.168      ;
+-------+--------------------+-----------------------------------------------------------------------------------------------------------------------+--------------+---------------------------------------------------+--------------+------------+------------+


+--------------------------------------------------------------------------------------------------------------------------------------------------------------------------------------------------------------------------------+
; Slow 1200mV 0C Model Hold: 'clk'                                                                                                                                                                                               ;
+-------+-----------------------------+--------------------------------------------------------------------------------------------------------------------+--------------+-------------+--------------+------------+------------+
; Slack ; From Node                   ; To Node                                                                                                            ; Launch Clock ; Latch Clock ; Relationship ; Clock Skew ; Data Delay ;
+-------+-----------------------------+--------------------------------------------------------------------------------------------------------------------+--------------+-------------+--------------+------------+------------+
; 0.347 ; data_w_uart_img[4]          ; ram_uart:u_ram_uart|altsyncram:altsyncram_component|altsyncram_off2:auto_generated|ram_block1a3~porta_datain_reg0  ; clk          ; clk         ; 0.000        ; 0.395      ; 0.943      ;
; 0.353 ; kw[1]                       ; kw[1]                                                                                                              ; clk          ; clk         ; 0.000        ; 0.073      ; 0.597      ;
; 0.353 ; best_digit[3]               ; best_digit[3]                                                                                                      ; clk          ; clk         ; 0.000        ; 0.073      ; 0.597      ;
; 0.353 ; best_digit[2]               ; best_digit[2]                                                                                                      ; clk          ; clk         ; 0.000        ; 0.073      ; 0.597      ;
; 0.353 ; best_digit[1]               ; best_digit[1]                                                                                                      ; clk          ; clk         ; 0.000        ; 0.073      ; 0.597      ;
; 0.353 ; best_digit[0]               ; best_digit[0]                                                                                                      ; clk          ; clk         ; 0.000        ; 0.073      ; 0.597      ;
; 0.353 ; wren_pool1                  ; wren_pool1                                                                                                         ; clk          ; clk         ; 0.000        ; 0.073      ; 0.597      ;
; 0.353 ; wren_pool2                  ; wren_pool2                                                                                                         ; clk          ; clk         ; 0.000        ; 0.073      ; 0.597      ;
; 0.353 ; wren_img_conv2              ; wren_img_conv2                                                                                                     ; clk          ; clk         ; 0.000        ; 0.073      ; 0.597      ;
; 0.353 ; wren_img_conv1              ; wren_img_conv1                                                                                                     ; clk          ; clk         ; 0.000        ; 0.073      ; 0.597      ;
; 0.353 ; ch[2]                       ; ch[2]                                                                                                              ; clk          ; clk         ; 0.000        ; 0.073      ; 0.597      ;
; 0.353 ; state.S_CONV2               ; state.S_CONV2                                                                                                      ; clk          ; clk         ; 0.000        ; 0.073      ; 0.597      ;
; 0.353 ; row[3]                      ; row[3]                                                                                                             ; clk          ; clk         ; 0.000        ; 0.073      ; 0.597      ;
; 0.353 ; row[4]                      ; row[4]                                                                                                             ; clk          ; clk         ; 0.000        ; 0.073      ; 0.597      ;
; 0.353 ; row[2]                      ; row[2]                                                                                                             ; clk          ; clk         ; 0.000        ; 0.073      ; 0.597      ;
; 0.353 ; ch[3]                       ; ch[3]                                                                                                              ; clk          ; clk         ; 0.000        ; 0.073      ; 0.597      ;
; 0.353 ; ch[1]                       ; ch[1]                                                                                                              ; clk          ; clk         ; 0.000        ; 0.073      ; 0.597      ;
; 0.353 ; kh[1]                       ; kh[1]                                                                                                              ; clk          ; clk         ; 0.000        ; 0.073      ; 0.597      ;
; 0.353 ; kh[0]                       ; kh[0]                                                                                                              ; clk          ; clk         ; 0.000        ; 0.073      ; 0.597      ;
; 0.353 ; addr_fcw[0]                 ; addr_fcw[0]                                                                                                        ; clk          ; clk         ; 0.000        ; 0.073      ; 0.597      ;
; 0.353 ; uartRead:read1|rx_shift[0]  ; uartRead:read1|rx_shift[0]                                                                                         ; clk          ; clk         ; 0.000        ; 0.073      ; 0.597      ;
; 0.353 ; uartRead:read1|rx_shift[1]  ; uartRead:read1|rx_shift[1]                                                                                         ; clk          ; clk         ; 0.000        ; 0.073      ; 0.597      ;
; 0.353 ; uartRead:read1|rx_shift[2]  ; uartRead:read1|rx_shift[2]                                                                                         ; clk          ; clk         ; 0.000        ; 0.073      ; 0.597      ;
; 0.353 ; uartRead:read1|rx_shift[3]  ; uartRead:read1|rx_shift[3]                                                                                         ; clk          ; clk         ; 0.000        ; 0.073      ; 0.597      ;
; 0.353 ; uartRead:read1|rx_shift[4]  ; uartRead:read1|rx_shift[4]                                                                                         ; clk          ; clk         ; 0.000        ; 0.073      ; 0.597      ;
; 0.353 ; uartRead:read1|rx_shift[5]  ; uartRead:read1|rx_shift[5]                                                                                         ; clk          ; clk         ; 0.000        ; 0.073      ; 0.597      ;
; 0.353 ; uartRead:read1|rx_shift[6]  ; uartRead:read1|rx_shift[6]                                                                                         ; clk          ; clk         ; 0.000        ; 0.073      ; 0.597      ;
; 0.353 ; uartRead:read1|rx_shift[7]  ; uartRead:read1|rx_shift[7]                                                                                         ; clk          ; clk         ; 0.000        ; 0.073      ; 0.597      ;
; 0.353 ; done_uart_img               ; done_uart_img                                                                                                      ; clk          ; clk         ; 0.000        ; 0.073      ; 0.597      ;
; 0.353 ; state.S_DONE                ; state.S_DONE                                                                                                       ; clk          ; clk         ; 0.000        ; 0.073      ; 0.597      ;
; 0.353 ; state.S_CONV1               ; state.S_CONV1                                                                                                      ; clk          ; clk         ; 0.000        ; 0.073      ; 0.597      ;
; 0.353 ; state.S_ARGMAX              ; state.S_ARGMAX                                                                                                     ; clk          ; clk         ; 0.000        ; 0.073      ; 0.597      ;
; 0.353 ; state.S_UART                ; state.S_UART                                                                                                       ; clk          ; clk         ; 0.000        ; 0.073      ; 0.597      ;
; 0.353 ; state.S_IDLE                ; state.S_IDLE                                                                                                       ; clk          ; clk         ; 0.000        ; 0.073      ; 0.597      ;
; 0.353 ; done_detect                 ; done_detect                                                                                                        ; clk          ; clk         ; 0.000        ; 0.073      ; 0.597      ;
; 0.353 ; stt.00110                   ; stt.00110                                                                                                          ; clk          ; clk         ; 0.000        ; 0.073      ; 0.597      ;
; 0.353 ; stt.00100                   ; stt.00100                                                                                                          ; clk          ; clk         ; 0.000        ; 0.073      ; 0.597      ;
; 0.353 ; stt.00101                   ; stt.00101                                                                                                          ; clk          ; clk         ; 0.000        ; 0.073      ; 0.597      ;
; 0.353 ; i[0]                        ; i[0]                                                                                                               ; clk          ; clk         ; 0.000        ; 0.073      ; 0.597      ;
; 0.353 ; uartRead:read1|bit_index[2] ; uartRead:read1|bit_index[2]                                                                                        ; clk          ; clk         ; 0.000        ; 0.073      ; 0.597      ;
; 0.354 ; stt_uart.00000              ; stt_uart.00000                                                                                                     ; clk          ; clk         ; 0.000        ; 0.072      ; 0.597      ;
; 0.354 ; stt_uart.00101              ; stt_uart.00101                                                                                                     ; clk          ; clk         ; 0.000        ; 0.072      ; 0.597      ;
; 0.354 ; stt_uart.00100              ; stt_uart.00100                                                                                                     ; clk          ; clk         ; 0.000        ; 0.072      ; 0.597      ;
; 0.354 ; stt_uart.00011              ; stt_uart.00011                                                                                                     ; clk          ; clk         ; 0.000        ; 0.072      ; 0.597      ;
; 0.354 ; stt_uart.00010              ; stt_uart.00010                                                                                                     ; clk          ; clk         ; 0.000        ; 0.072      ; 0.597      ;
; 0.354 ; addr_img_conv2[4]           ; addr_img_conv2[4]                                                                                                  ; clk          ; clk         ; 0.000        ; 0.072      ; 0.597      ;
; 0.354 ; addr_img_conv2[7]           ; addr_img_conv2[7]                                                                                                  ; clk          ; clk         ; 0.000        ; 0.072      ; 0.597      ;
; 0.354 ; col[1]                      ; col[1]                                                                                                             ; clk          ; clk         ; 0.000        ; 0.072      ; 0.597      ;
; 0.354 ; col[2]                      ; col[2]                                                                                                             ; clk          ; clk         ; 0.000        ; 0.072      ; 0.597      ;
; 0.354 ; col[3]                      ; col[3]                                                                                                             ; clk          ; clk         ; 0.000        ; 0.072      ; 0.597      ;
; 0.354 ; col[0]                      ; col[0]                                                                                                             ; clk          ; clk         ; 0.000        ; 0.072      ; 0.597      ;
; 0.354 ; col[4]                      ; col[4]                                                                                                             ; clk          ; clk         ; 0.000        ; 0.072      ; 0.597      ;
; 0.354 ; uartRead:read1|state.START  ; uartRead:read1|state.START                                                                                         ; clk          ; clk         ; 0.000        ; 0.072      ; 0.597      ;
; 0.354 ; uartRead:read1|state.STOP   ; uartRead:read1|state.STOP                                                                                          ; clk          ; clk         ; 0.000        ; 0.072      ; 0.597      ;
; 0.354 ; uartRead:read1|bit_index[0] ; uartRead:read1|bit_index[0]                                                                                        ; clk          ; clk         ; 0.000        ; 0.072      ; 0.597      ;
; 0.354 ; uartRead:read1|state.DATA   ; uartRead:read1|state.DATA                                                                                          ; clk          ; clk         ; 0.000        ; 0.072      ; 0.597      ;
; 0.354 ; uartRead:read1|bit_index[1] ; uartRead:read1|bit_index[1]                                                                                        ; clk          ; clk         ; 0.000        ; 0.072      ; 0.597      ;
; 0.354 ; ic[1]                       ; ic[1]                                                                                                              ; clk          ; clk         ; 0.000        ; 0.072      ; 0.597      ;
; 0.354 ; ic[2]                       ; ic[2]                                                                                                              ; clk          ; clk         ; 0.000        ; 0.072      ; 0.597      ;
; 0.354 ; data_w_uart_img[3]          ; ram_uart:u_ram_uart|altsyncram:altsyncram_component|altsyncram_off2:auto_generated|ram_block1a3~porta_datain_reg0  ; clk          ; clk         ; 0.000        ; 0.395      ; 0.950      ;
; 0.354 ; i[4]                        ; i[4]                                                                                                               ; clk          ; clk         ; 0.000        ; 0.072      ; 0.597      ;
; 0.354 ; i[7]                        ; i[7]                                                                                                               ; clk          ; clk         ; 0.000        ; 0.072      ; 0.597      ;
; 0.354 ; i[5]                        ; i[5]                                                                                                               ; clk          ; clk         ; 0.000        ; 0.072      ; 0.597      ;
; 0.354 ; i[8]                        ; i[8]                                                                                                               ; clk          ; clk         ; 0.000        ; 0.072      ; 0.597      ;
; 0.354 ; i[6]                        ; i[6]                                                                                                               ; clk          ; clk         ; 0.000        ; 0.072      ; 0.597      ;
; 0.354 ; cls[0]                      ; cls[0]                                                                                                             ; clk          ; clk         ; 0.000        ; 0.072      ; 0.597      ;
; 0.354 ; cls[1]                      ; cls[1]                                                                                                             ; clk          ; clk         ; 0.000        ; 0.072      ; 0.597      ;
; 0.354 ; cls[2]                      ; cls[2]                                                                                                             ; clk          ; clk         ; 0.000        ; 0.072      ; 0.597      ;
; 0.354 ; cls[3]                      ; cls[3]                                                                                                             ; clk          ; clk         ; 0.000        ; 0.072      ; 0.597      ;
; 0.362 ; data_w_uart_img[6]          ; ram_uart:u_ram_uart|altsyncram:altsyncram_component|altsyncram_off2:auto_generated|ram_block1a3~porta_datain_reg0  ; clk          ; clk         ; 0.000        ; 0.395      ; 0.958      ;
; 0.364 ; kw[0]                       ; kw[0]                                                                                                              ; clk          ; clk         ; 0.000        ; 0.073      ; 0.608      ;
; 0.364 ; ch[0]                       ; ch[0]                                                                                                              ; clk          ; clk         ; 0.000        ; 0.073      ; 0.608      ;
; 0.364 ; state.S_POOL1               ; state.S_POOL1                                                                                                      ; clk          ; clk         ; 0.000        ; 0.073      ; 0.608      ;
; 0.364 ; state.S_POOL2               ; state.S_POOL2                                                                                                      ; clk          ; clk         ; 0.000        ; 0.073      ; 0.608      ;
; 0.365 ; ic[0]                       ; ic[0]                                                                                                              ; clk          ; clk         ; 0.000        ; 0.072      ; 0.608      ;
; 0.371 ; data_w_uart_img[1]          ; ram_uart:u_ram_uart|altsyncram:altsyncram_component|altsyncram_off2:auto_generated|ram_block1a0~porta_datain_reg0  ; clk          ; clk         ; 0.000        ; 0.394      ; 0.966      ;
; 0.375 ; data_w_uart_img[2]          ; ram_uart:u_ram_uart|altsyncram:altsyncram_component|altsyncram_off2:auto_generated|ram_block1a0~porta_datain_reg0  ; clk          ; clk         ; 0.000        ; 0.394      ; 0.970      ;
; 0.377 ; data_w_uart_img[5]          ; ram_uart:u_ram_uart|altsyncram:altsyncram_component|altsyncram_off2:auto_generated|ram_block1a3~porta_datain_reg0  ; clk          ; clk         ; 0.000        ; 0.395      ; 0.973      ;
; 0.377 ; addr_uart_img[9]            ; ram_uart:u_ram_uart|altsyncram:altsyncram_component|altsyncram_off2:auto_generated|ram_block1a3~porta_address_reg0 ; clk          ; clk         ; 0.000        ; 0.390      ; 0.968      ;
; 0.381 ; data_w_uart_img[7]          ; ram_uart:u_ram_uart|altsyncram:altsyncram_component|altsyncram_off2:auto_generated|ram_block1a3~porta_datain_reg0  ; clk          ; clk         ; 0.000        ; 0.395      ; 0.977      ;
; 0.381 ; addr_uart_img[7]            ; ram_uart:u_ram_uart|altsyncram:altsyncram_component|altsyncram_off2:auto_generated|ram_block1a3~porta_address_reg0 ; clk          ; clk         ; 0.000        ; 0.390      ; 0.972      ;
; 0.383 ; addr_uart_img[0]            ; ram_uart:u_ram_uart|altsyncram:altsyncram_component|altsyncram_off2:auto_generated|ram_block1a3~porta_address_reg0 ; clk          ; clk         ; 0.000        ; 0.390      ; 0.974      ;
; 0.383 ; addr_uart_img[1]            ; ram_uart:u_ram_uart|altsyncram:altsyncram_component|altsyncram_off2:auto_generated|ram_block1a3~porta_address_reg0 ; clk          ; clk         ; 0.000        ; 0.390      ; 0.974      ;
; 0.388 ; addr_uart_img[5]            ; ram_uart:u_ram_uart|altsyncram:altsyncram_component|altsyncram_off2:auto_generated|ram_block1a0~porta_address_reg0 ; clk          ; clk         ; 0.000        ; 0.389      ; 0.978      ;
; 0.395 ; uartRead:read1|rx_shift[0]  ; uartRead:read1|data[0]                                                                                             ; clk          ; clk         ; 0.000        ; 0.073      ; 0.639      ;
; 0.395 ; uartRead:read1|rx_shift[2]  ; uartRead:read1|data[2]                                                                                             ; clk          ; clk         ; 0.000        ; 0.073      ; 0.639      ;
; 0.396 ; score_rtl_0_bypass[24]      ; best_score[15]                                                                                                     ; clk          ; clk         ; 0.000        ; 0.072      ; 0.639      ;
; 0.396 ; uartRead:read1|rx_shift[3]  ; uartRead:read1|data[3]                                                                                             ; clk          ; clk         ; 0.000        ; 0.073      ; 0.640      ;
; 0.396 ; uartRead:read1|rx_shift[5]  ; uartRead:read1|data[5]                                                                                             ; clk          ; clk         ; 0.000        ; 0.073      ; 0.640      ;
; 0.397 ; uartRead:read1|rx_shift[4]  ; uartRead:read1|data[4]                                                                                             ; clk          ; clk         ; 0.000        ; 0.073      ; 0.641      ;
; 0.397 ; uartRead:read1|rx_shift[6]  ; uartRead:read1|data[6]                                                                                             ; clk          ; clk         ; 0.000        ; 0.073      ; 0.641      ;
; 0.398 ; uartRead:read1|rx_shift[7]  ; uartRead:read1|data[7]                                                                                             ; clk          ; clk         ; 0.000        ; 0.073      ; 0.642      ;
; 0.399 ; score_rtl_0_bypass[11]      ; best_score[2]                                                                                                      ; clk          ; clk         ; 0.000        ; 0.072      ; 0.642      ;
; 0.404 ; best_digit[0]               ; digit[0]                                                                                                           ; clk          ; clk         ; 0.000        ; 0.073      ; 0.648      ;
; 0.410 ; uartRead:read1|state.DATA   ; uartRead:read1|bit_index[0]                                                                                        ; clk          ; clk         ; 0.000        ; 0.072      ; 0.653      ;
; 0.410 ; addr_uart_img[4]            ; ram_uart:u_ram_uart|altsyncram:altsyncram_component|altsyncram_off2:auto_generated|ram_block1a0~porta_address_reg0 ; clk          ; clk         ; 0.000        ; 0.389      ; 1.000      ;
; 0.412 ; uartRead:read1|clk_count[8] ; uartRead:read1|clk_count[8]                                                                                        ; clk          ; clk         ; 0.000        ; 0.072      ; 0.655      ;
; 0.414 ; addr_uart_img[9]            ; ram_uart:u_ram_uart|altsyncram:altsyncram_component|altsyncram_off2:auto_generated|ram_block1a0~porta_address_reg0 ; clk          ; clk         ; 0.000        ; 0.389      ; 1.004      ;
; 0.418 ; addr_uart_img[8]            ; ram_uart:u_ram_uart|altsyncram:altsyncram_component|altsyncram_off2:auto_generated|ram_block1a0~porta_address_reg0 ; clk          ; clk         ; 0.000        ; 0.389      ; 1.008      ;
; 0.418 ; addr_uart_img[9]            ; addr_uart_img[9]                                                                                                   ; clk          ; clk         ; 0.000        ; 0.073      ; 0.662      ;
+-------+-----------------------------+--------------------------------------------------------------------------------------------------------------------+--------------+-------------+--------------+------------+------------+


+--------------------------------------------------------------------------------------------------------------------------------------------------------+
; Slow 1200mV 0C Model Hold: 'uartWrite:u5|clock'                                                                                                        ;
+-------+------------------------------+------------------------------+--------------------+--------------------+--------------+------------+------------+
; Slack ; From Node                    ; To Node                      ; Launch Clock       ; Latch Clock        ; Relationship ; Clock Skew ; Data Delay ;
+-------+------------------------------+------------------------------+--------------------+--------------------+--------------+------------+------------+
; 0.353 ; uartWrite:u5|stt_tx.00001100 ; uartWrite:u5|stt_tx.00001100 ; uartWrite:u5|clock ; uartWrite:u5|clock ; 0.000        ; 0.073      ; 0.597      ;
; 0.353 ; uartWrite:u5|fb              ; uartWrite:u5|fb              ; uartWrite:u5|clock ; uartWrite:u5|clock ; 0.000        ; 0.073      ; 0.597      ;
; 0.402 ; uartWrite:u5|stt_tx.00001010 ; uartWrite:u5|stt_tx.00001011 ; uartWrite:u5|clock ; uartWrite:u5|clock ; 0.000        ; 0.072      ; 0.645      ;
; 0.404 ; uartWrite:u5|stt_tx.00001001 ; uartWrite:u5|stt_tx.00001010 ; uartWrite:u5|clock ; uartWrite:u5|clock ; 0.000        ; 0.072      ; 0.647      ;
; 0.404 ; uartWrite:u5|stt_tx.00000110 ; uartWrite:u5|stt_tx.00000111 ; uartWrite:u5|clock ; uartWrite:u5|clock ; 0.000        ; 0.072      ; 0.647      ;
; 0.406 ; uartWrite:u5|stt_tx.00001000 ; uartWrite:u5|stt_tx.00001001 ; uartWrite:u5|clock ; uartWrite:u5|clock ; 0.000        ; 0.072      ; 0.649      ;
; 0.557 ; uartWrite:u5|stt_tx.00000100 ; uartWrite:u5|stt_tx.00000101 ; uartWrite:u5|clock ; uartWrite:u5|clock ; 0.000        ; 0.073      ; 0.801      ;
; 0.585 ; uartWrite:u5|stt_tx.00000001 ; uartWrite:u5|stt_tx.00000010 ; uartWrite:u5|clock ; uartWrite:u5|clock ; 0.000        ; 0.072      ; 0.828      ;
; 0.590 ; uartWrite:u5|stt_tx.00000101 ; uartWrite:u5|stt_tx.00000110 ; uartWrite:u5|clock ; uartWrite:u5|clock ; 0.000        ; 0.072      ; 0.833      ;
; 0.590 ; uartWrite:u5|stt_tx.00000011 ; uartWrite:u5|stt_tx.00000100 ; uartWrite:u5|clock ; uartWrite:u5|clock ; 0.000        ; 0.072      ; 0.833      ;
; 0.605 ; uartWrite:u5|stt_tx.00000010 ; uartWrite:u5|stt_tx.00000011 ; uartWrite:u5|clock ; uartWrite:u5|clock ; 0.000        ; 0.072      ; 0.848      ;
; 0.676 ; uartWrite:u5|stt_tx.00001010 ; uartWrite:u5|tx              ; uartWrite:u5|clock ; uartWrite:u5|clock ; 0.000        ; 0.072      ; 0.919      ;
; 0.689 ; uartWrite:u5|stt_tx.00001011 ; uartWrite:u5|tx              ; uartWrite:u5|clock ; uartWrite:u5|clock ; 0.000        ; 0.072      ; 0.932      ;
; 0.751 ; uartWrite:u5|stt_tx.00000111 ; uartWrite:u5|stt_tx.00001000 ; uartWrite:u5|clock ; uartWrite:u5|clock ; 0.000        ; 0.072      ; 0.994      ;
; 0.781 ; uartWrite:u5|stt_tx.00000000 ; uartWrite:u5|tx              ; uartWrite:u5|clock ; uartWrite:u5|clock ; 0.000        ; 0.072      ; 1.024      ;
; 0.847 ; run                          ; uartWrite:u5|stt_tx.00001100 ; clk                ; uartWrite:u5|clock ; 0.000        ; 0.071      ; 1.119      ;
; 0.847 ; run                          ; uartWrite:u5|fb              ; clk                ; uartWrite:u5|clock ; 0.000        ; 0.071      ; 1.119      ;
; 0.854 ; uartWrite:u5|stt_tx.00001011 ; uartWrite:u5|stt_tx.00001100 ; uartWrite:u5|clock ; uartWrite:u5|clock ; 0.000        ; 0.078      ; 1.103      ;
; 0.854 ; uartWrite:u5|stt_tx.00001011 ; uartWrite:u5|fb              ; uartWrite:u5|clock ; uartWrite:u5|clock ; 0.000        ; 0.078      ; 1.103      ;
; 0.901 ; uartWrite:u5|stt_tx.00000000 ; uartWrite:u5|stt_tx.00000001 ; uartWrite:u5|clock ; uartWrite:u5|clock ; 0.000        ; 0.071      ; 1.143      ;
; 0.955 ; data_uart[5]                 ; uartWrite:u5|tx              ; clk                ; uartWrite:u5|clock ; 0.000        ; 0.072      ; 1.228      ;
; 0.972 ; data_uart[0]                 ; uartWrite:u5|tx              ; clk                ; uartWrite:u5|clock ; 0.000        ; 0.072      ; 1.245      ;
; 0.993 ; data_uart[6]                 ; uartWrite:u5|tx              ; clk                ; uartWrite:u5|clock ; 0.000        ; 0.072      ; 1.266      ;
; 1.008 ; uartWrite:u5|stt_tx.00000010 ; uartWrite:u5|tx              ; uartWrite:u5|clock ; uartWrite:u5|clock ; 0.000        ; 0.073      ; 1.252      ;
; 1.024 ; run                          ; uartWrite:u5|stt_tx.00001000 ; clk                ; uartWrite:u5|clock ; 0.000        ; 0.065      ; 1.290      ;
; 1.025 ; run                          ; uartWrite:u5|stt_tx.00001011 ; clk                ; uartWrite:u5|clock ; 0.000        ; 0.065      ; 1.291      ;
; 1.025 ; run                          ; uartWrite:u5|stt_tx.00001010 ; clk                ; uartWrite:u5|clock ; 0.000        ; 0.065      ; 1.291      ;
; 1.025 ; run                          ; uartWrite:u5|stt_tx.00000101 ; clk                ; uartWrite:u5|clock ; 0.000        ; 0.065      ; 1.291      ;
; 1.026 ; run                          ; uartWrite:u5|stt_tx.00000110 ; clk                ; uartWrite:u5|clock ; 0.000        ; 0.065      ; 1.292      ;
; 1.027 ; run                          ; uartWrite:u5|stt_tx.00000111 ; clk                ; uartWrite:u5|clock ; 0.000        ; 0.065      ; 1.293      ;
; 1.028 ; run                          ; uartWrite:u5|stt_tx.00001001 ; clk                ; uartWrite:u5|clock ; 0.000        ; 0.065      ; 1.294      ;
; 1.031 ; run                          ; uartWrite:u5|stt_tx.00000001 ; clk                ; uartWrite:u5|clock ; 0.000        ; 0.064      ; 1.296      ;
; 1.031 ; run                          ; uartWrite:u5|stt_tx.00000010 ; clk                ; uartWrite:u5|clock ; 0.000        ; 0.064      ; 1.296      ;
; 1.031 ; run                          ; uartWrite:u5|stt_tx.00000011 ; clk                ; uartWrite:u5|clock ; 0.000        ; 0.064      ; 1.296      ;
; 1.031 ; run                          ; uartWrite:u5|stt_tx.00000100 ; clk                ; uartWrite:u5|clock ; 0.000        ; 0.064      ; 1.296      ;
; 1.068 ; run                          ; uartWrite:u5|stt_tx.00000000 ; clk                ; uartWrite:u5|clock ; 0.000        ; 0.065      ; 1.334      ;
; 1.212 ; data_uart[1]                 ; uartWrite:u5|tx              ; clk                ; uartWrite:u5|clock ; 0.000        ; 0.072      ; 1.485      ;
; 1.215 ; uartWrite:u5|stt_tx.00001000 ; uartWrite:u5|tx              ; uartWrite:u5|clock ; uartWrite:u5|clock ; 0.000        ; 0.072      ; 1.458      ;
; 1.222 ; data_uart[7]                 ; uartWrite:u5|tx              ; clk                ; uartWrite:u5|clock ; 0.000        ; 0.072      ; 1.495      ;
; 1.222 ; data_uart[3]                 ; uartWrite:u5|tx              ; clk                ; uartWrite:u5|clock ; 0.000        ; 0.072      ; 1.495      ;
; 1.249 ; uartWrite:u5|stt_tx.00000111 ; uartWrite:u5|tx              ; uartWrite:u5|clock ; uartWrite:u5|clock ; 0.000        ; 0.072      ; 1.492      ;
; 1.264 ; data_uart[2]                 ; uartWrite:u5|tx              ; clk                ; uartWrite:u5|clock ; 0.000        ; 0.072      ; 1.537      ;
; 1.405 ; data_uart[4]                 ; uartWrite:u5|tx              ; clk                ; uartWrite:u5|clock ; 0.000        ; 0.072      ; 1.678      ;
; 1.473 ; uartWrite:u5|stt_tx.00001001 ; uartWrite:u5|tx              ; uartWrite:u5|clock ; uartWrite:u5|clock ; 0.000        ; 0.072      ; 1.716      ;
; 1.474 ; uartWrite:u5|stt_tx.00000110 ; uartWrite:u5|tx              ; uartWrite:u5|clock ; uartWrite:u5|clock ; 0.000        ; 0.072      ; 1.717      ;
; 1.495 ; uartWrite:u5|stt_tx.00000101 ; uartWrite:u5|tx              ; uartWrite:u5|clock ; uartWrite:u5|clock ; 0.000        ; 0.072      ; 1.738      ;
; 1.498 ; uartWrite:u5|stt_tx.00000100 ; uartWrite:u5|tx              ; uartWrite:u5|clock ; uartWrite:u5|clock ; 0.000        ; 0.073      ; 1.742      ;
; 1.509 ; uartWrite:u5|stt_tx.00000011 ; uartWrite:u5|tx              ; uartWrite:u5|clock ; uartWrite:u5|clock ; 0.000        ; 0.073      ; 1.753      ;
; 1.534 ; uartWrite:u5|tx              ; uartWrite:u5|tx              ; uartWrite:u5|clock ; uartWrite:u5|clock ; 0.000        ; 0.072      ; 1.777      ;
; 1.548 ; run                          ; uartWrite:u5|tx              ; clk                ; uartWrite:u5|clock ; 0.000        ; 0.065      ; 1.814      ;
; 1.732 ; uartWrite:u5|stt_tx.00001100 ; uartWrite:u5|tx              ; uartWrite:u5|clock ; uartWrite:u5|clock ; 0.000        ; 0.067      ; 1.970      ;
+-------+------------------------------+------------------------------+--------------------+--------------------+--------------+------------+------------+


+------------------------------------------------------------------------------------------------------------------------------------------------------------------------------------------------------------------------------------------------------------------+
; Slow 1200mV 0C Model Hold: 'u_pll|altpll_component|auto_generated|pll1|clk[0]'                                                                                                                                                                                   ;
+-------+----------------------+-----------------------------------------------------------------------------------------------------------------------+--------------+---------------------------------------------------+--------------+------------+------------+
; Slack ; From Node            ; To Node                                                                                                               ; Launch Clock ; Latch Clock                                       ; Relationship ; Clock Skew ; Data Delay ;
+-------+----------------------+-----------------------------------------------------------------------------------------------------------------------+--------------+---------------------------------------------------+--------------+------------+------------+
; 2.524 ; addr_img_conv2[0]    ; img_conv2:u_img_conv2|altsyncram:altsyncram_component|altsyncram_45i1:auto_generated|ram_block1a6~porta_address_reg0  ; clk          ; u_pll|altpll_component|auto_generated|pll1|clk[0] ; 0.000        ; -1.953     ; 0.872      ;
; 2.580 ; data_w_pool1[11]     ; pool1:u_pool1|altsyncram:altsyncram_component|altsyncram_a9g1:auto_generated|ram_block1a10~porta_datain_reg0          ; clk          ; u_pll|altpll_component|auto_generated|pll1|clk[0] ; 0.000        ; -1.939     ; 0.942      ;
; 2.580 ; data_w_img_conv2[18] ; img_conv2:u_img_conv2|altsyncram:altsyncram_component|altsyncram_45i1:auto_generated|ram_block1a15~porta_datain_reg0  ; clk          ; u_pll|altpll_component|auto_generated|pll1|clk[0] ; 0.000        ; -1.945     ; 0.936      ;
; 2.581 ; data_w_img_conv2[23] ; img_conv2:u_img_conv2|altsyncram:altsyncram_component|altsyncram_45i1:auto_generated|ram_block1a15~porta_datain_reg0  ; clk          ; u_pll|altpll_component|auto_generated|pll1|clk[0] ; 0.000        ; -1.945     ; 0.937      ;
; 2.590 ; data_w_img_conv2[22] ; img_conv2:u_img_conv2|altsyncram:altsyncram_component|altsyncram_45i1:auto_generated|ram_block1a15~porta_datain_reg0  ; clk          ; u_pll|altpll_component|auto_generated|pll1|clk[0] ; 0.000        ; -1.945     ; 0.946      ;
; 2.590 ; addr_pool1[7]        ; pool1:u_pool1|altsyncram:altsyncram_component|altsyncram_a9g1:auto_generated|ram_block1a10~porta_address_reg0         ; clk          ; u_pll|altpll_component|auto_generated|pll1|clk[0] ; 0.000        ; -1.949     ; 0.942      ;
; 2.593 ; data_w_img_conv2[19] ; img_conv2:u_img_conv2|altsyncram:altsyncram_component|altsyncram_45i1:auto_generated|ram_block1a15~porta_datain_reg0  ; clk          ; u_pll|altpll_component|auto_generated|pll1|clk[0] ; 0.000        ; -1.945     ; 0.949      ;
; 2.596 ; data_w_pool1[23]     ; pool1:u_pool1|altsyncram:altsyncram_component|altsyncram_a9g1:auto_generated|ram_block1a22~porta_datain_reg0          ; clk          ; u_pll|altpll_component|auto_generated|pll1|clk[0] ; 0.000        ; -1.940     ; 0.957      ;
; 2.597 ; data_w_pool1[12]     ; pool1:u_pool1|altsyncram:altsyncram_component|altsyncram_a9g1:auto_generated|ram_block1a10~porta_datain_reg0          ; clk          ; u_pll|altpll_component|auto_generated|pll1|clk[0] ; 0.000        ; -1.939     ; 0.959      ;
; 2.599 ; data_w_img_conv2[27] ; img_conv2:u_img_conv2|altsyncram:altsyncram_component|altsyncram_45i1:auto_generated|ram_block1a0~porta_datain_reg0   ; clk          ; u_pll|altpll_component|auto_generated|pll1|clk[0] ; 0.000        ; -1.945     ; 0.955      ;
; 2.601 ; data_w_pool1[2]      ; pool1:u_pool1|altsyncram:altsyncram_component|altsyncram_a9g1:auto_generated|ram_block1a2~porta_datain_reg0           ; clk          ; u_pll|altpll_component|auto_generated|pll1|clk[0] ; 0.000        ; -1.937     ; 0.965      ;
; 2.602 ; data_w_pool1[10]     ; pool1:u_pool1|altsyncram:altsyncram_component|altsyncram_a9g1:auto_generated|ram_block1a10~porta_datain_reg0          ; clk          ; u_pll|altpll_component|auto_generated|pll1|clk[0] ; 0.000        ; -1.939     ; 0.964      ;
; 2.602 ; data_w_img_conv2[5]  ; img_conv2:u_img_conv2|altsyncram:altsyncram_component|altsyncram_45i1:auto_generated|ram_block1a1~porta_datain_reg0   ; clk          ; u_pll|altpll_component|auto_generated|pll1|clk[0] ; 0.000        ; -1.945     ; 0.958      ;
; 2.603 ; data_w_pool1[14]     ; pool1:u_pool1|altsyncram:altsyncram_component|altsyncram_a9g1:auto_generated|ram_block1a14~porta_datain_reg0          ; clk          ; u_pll|altpll_component|auto_generated|pll1|clk[0] ; 0.000        ; -1.945     ; 0.959      ;
; 2.603 ; data_w_img_conv2[31] ; img_conv2:u_img_conv2|altsyncram:altsyncram_component|altsyncram_45i1:auto_generated|ram_block1a0~porta_datain_reg0   ; clk          ; u_pll|altpll_component|auto_generated|pll1|clk[0] ; 0.000        ; -1.945     ; 0.959      ;
; 2.604 ; data_w_img_conv2[17] ; img_conv2:u_img_conv2|altsyncram:altsyncram_component|altsyncram_45i1:auto_generated|ram_block1a15~porta_datain_reg0  ; clk          ; u_pll|altpll_component|auto_generated|pll1|clk[0] ; 0.000        ; -1.945     ; 0.960      ;
; 2.606 ; data_w_pool1[15]     ; pool1:u_pool1|altsyncram:altsyncram_component|altsyncram_a9g1:auto_generated|ram_block1a14~porta_datain_reg0          ; clk          ; u_pll|altpll_component|auto_generated|pll1|clk[0] ; 0.000        ; -1.945     ; 0.962      ;
; 2.606 ; data_w_img_conv2[21] ; img_conv2:u_img_conv2|altsyncram:altsyncram_component|altsyncram_45i1:auto_generated|ram_block1a15~porta_datain_reg0  ; clk          ; u_pll|altpll_component|auto_generated|pll1|clk[0] ; 0.000        ; -1.945     ; 0.962      ;
; 2.607 ; data_w_img_conv2[28] ; img_conv2:u_img_conv2|altsyncram:altsyncram_component|altsyncram_45i1:auto_generated|ram_block1a0~porta_datain_reg0   ; clk          ; u_pll|altpll_component|auto_generated|pll1|clk[0] ; 0.000        ; -1.945     ; 0.963      ;
; 2.607 ; data_w_img_conv2[29] ; img_conv2:u_img_conv2|altsyncram:altsyncram_component|altsyncram_45i1:auto_generated|ram_block1a0~porta_datain_reg0   ; clk          ; u_pll|altpll_component|auto_generated|pll1|clk[0] ; 0.000        ; -1.945     ; 0.963      ;
; 2.608 ; data_w_img_conv2[30] ; img_conv2:u_img_conv2|altsyncram:altsyncram_component|altsyncram_45i1:auto_generated|ram_block1a0~porta_datain_reg0   ; clk          ; u_pll|altpll_component|auto_generated|pll1|clk[0] ; 0.000        ; -1.945     ; 0.964      ;
; 2.609 ; data_w_img_conv2[16] ; img_conv2:u_img_conv2|altsyncram:altsyncram_component|altsyncram_45i1:auto_generated|ram_block1a15~porta_datain_reg0  ; clk          ; u_pll|altpll_component|auto_generated|pll1|clk[0] ; 0.000        ; -1.945     ; 0.965      ;
; 2.609 ; addr_img_conv2[2]    ; img_conv2:u_img_conv2|altsyncram:altsyncram_component|altsyncram_45i1:auto_generated|ram_block1a1~porta_address_reg0  ; clk          ; u_pll|altpll_component|auto_generated|pll1|clk[0] ; 0.000        ; -1.941     ; 0.969      ;
; 2.611 ; data_w_img_conv2[15] ; img_conv2:u_img_conv2|altsyncram:altsyncram_component|altsyncram_45i1:auto_generated|ram_block1a15~porta_datain_reg0  ; clk          ; u_pll|altpll_component|auto_generated|pll1|clk[0] ; 0.000        ; -1.945     ; 0.967      ;
; 2.612 ; data_w_img_conv2[26] ; img_conv2:u_img_conv2|altsyncram:altsyncram_component|altsyncram_45i1:auto_generated|ram_block1a0~porta_datain_reg0   ; clk          ; u_pll|altpll_component|auto_generated|pll1|clk[0] ; 0.000        ; -1.945     ; 0.968      ;
; 2.612 ; data_w_img_conv2[14] ; img_conv2:u_img_conv2|altsyncram:altsyncram_component|altsyncram_45i1:auto_generated|ram_block1a6~porta_datain_reg0   ; clk          ; u_pll|altpll_component|auto_generated|pll1|clk[0] ; 0.000        ; -1.943     ; 0.970      ;
; 2.613 ; data_w_img_conv2[20] ; img_conv2:u_img_conv2|altsyncram:altsyncram_component|altsyncram_45i1:auto_generated|ram_block1a15~porta_datain_reg0  ; clk          ; u_pll|altpll_component|auto_generated|pll1|clk[0] ; 0.000        ; -1.945     ; 0.969      ;
; 2.618 ; addr_fcw[1]          ; fc_w:u_fc_w|altsyncram:altsyncram_component|altsyncram_bak1:auto_generated|ram_block1a13~porta_address_reg0           ; clk          ; u_pll|altpll_component|auto_generated|pll1|clk[0] ; 0.000        ; -1.947     ; 0.972      ;
; 2.618 ; addr_fcw[2]          ; fc_w:u_fc_w|altsyncram:altsyncram_component|altsyncram_bak1:auto_generated|ram_block1a13~porta_address_reg0           ; clk          ; u_pll|altpll_component|auto_generated|pll1|clk[0] ; 0.000        ; -1.947     ; 0.972      ;
; 2.618 ; addr_pool1[8]        ; pool1:u_pool1|altsyncram:altsyncram_component|altsyncram_a9g1:auto_generated|ram_block1a10~porta_address_reg0         ; clk          ; u_pll|altpll_component|auto_generated|pll1|clk[0] ; 0.000        ; -1.949     ; 0.970      ;
; 2.618 ; data_w_img_conv2[1]  ; img_conv2:u_img_conv2|altsyncram:altsyncram_component|altsyncram_45i1:auto_generated|ram_block1a1~porta_datain_reg0   ; clk          ; u_pll|altpll_component|auto_generated|pll1|clk[0] ; 0.000        ; -1.945     ; 0.974      ;
; 2.619 ; data_w_img_conv2[0]  ; img_conv2:u_img_conv2|altsyncram:altsyncram_component|altsyncram_45i1:auto_generated|ram_block1a0~porta_datain_reg0   ; clk          ; u_pll|altpll_component|auto_generated|pll1|clk[0] ; 0.000        ; -1.945     ; 0.975      ;
; 2.619 ; addr_pool1[9]        ; pool1:u_pool1|altsyncram:altsyncram_component|altsyncram_a9g1:auto_generated|ram_block1a10~porta_address_reg0         ; clk          ; u_pll|altpll_component|auto_generated|pll1|clk[0] ; 0.000        ; -1.949     ; 0.971      ;
; 2.624 ; addr_img_conv2[3]    ; img_conv2:u_img_conv2|altsyncram:altsyncram_component|altsyncram_45i1:auto_generated|ram_block1a15~porta_address_reg0 ; clk          ; u_pll|altpll_component|auto_generated|pll1|clk[0] ; 0.000        ; -1.946     ; 0.979      ;
; 2.628 ; data_w_img_conv2[8]  ; img_conv2:u_img_conv2|altsyncram:altsyncram_component|altsyncram_45i1:auto_generated|ram_block1a6~porta_datain_reg0   ; clk          ; u_pll|altpll_component|auto_generated|pll1|clk[0] ; 0.000        ; -1.944     ; 0.985      ;
; 2.628 ; data_w_img_conv2[9]  ; img_conv2:u_img_conv2|altsyncram:altsyncram_component|altsyncram_45i1:auto_generated|ram_block1a6~porta_datain_reg0   ; clk          ; u_pll|altpll_component|auto_generated|pll1|clk[0] ; 0.000        ; -1.944     ; 0.985      ;
; 2.628 ; addr_img_conv2[2]    ; img_conv2:u_img_conv2|altsyncram:altsyncram_component|altsyncram_45i1:auto_generated|ram_block1a15~porta_address_reg0 ; clk          ; u_pll|altpll_component|auto_generated|pll1|clk[0] ; 0.000        ; -1.942     ; 0.987      ;
; 2.630 ; data_w_pool1[3]      ; pool1:u_pool1|altsyncram:altsyncram_component|altsyncram_a9g1:auto_generated|ram_block1a2~porta_datain_reg0           ; clk          ; u_pll|altpll_component|auto_generated|pll1|clk[0] ; 0.000        ; -1.954     ; 0.977      ;
; 2.630 ; data_w_img_conv2[4]  ; img_conv2:u_img_conv2|altsyncram:altsyncram_component|altsyncram_45i1:auto_generated|ram_block1a1~porta_datain_reg0   ; clk          ; u_pll|altpll_component|auto_generated|pll1|clk[0] ; 0.000        ; -1.944     ; 0.987      ;
; 2.630 ; data_w_img_conv2[12] ; img_conv2:u_img_conv2|altsyncram:altsyncram_component|altsyncram_45i1:auto_generated|ram_block1a6~porta_datain_reg0   ; clk          ; u_pll|altpll_component|auto_generated|pll1|clk[0] ; 0.000        ; -1.943     ; 0.988      ;
; 2.633 ; data_w_img_conv2[10] ; img_conv2:u_img_conv2|altsyncram:altsyncram_component|altsyncram_45i1:auto_generated|ram_block1a6~porta_datain_reg0   ; clk          ; u_pll|altpll_component|auto_generated|pll1|clk[0] ; 0.000        ; -1.944     ; 0.990      ;
; 2.638 ; addr_pool1[3]        ; pool1:u_pool1|altsyncram:altsyncram_component|altsyncram_a9g1:auto_generated|ram_block1a10~porta_address_reg0         ; clk          ; u_pll|altpll_component|auto_generated|pll1|clk[0] ; 0.000        ; -1.949     ; 0.990      ;
; 2.642 ; data_w_img_conv1[1]  ; img_conv1:u_img_conv1|altsyncram:altsyncram_component|altsyncram_i5i1:auto_generated|ram_block1a1~porta_datain_reg0   ; clk          ; u_pll|altpll_component|auto_generated|pll1|clk[0] ; 0.000        ; -1.957     ; 0.986      ;
; 2.642 ; data_w_img_conv2[2]  ; img_conv2:u_img_conv2|altsyncram:altsyncram_component|altsyncram_45i1:auto_generated|ram_block1a1~porta_datain_reg0   ; clk          ; u_pll|altpll_component|auto_generated|pll1|clk[0] ; 0.000        ; -1.945     ; 0.998      ;
; 2.643 ; data_w_img_conv1[0]  ; img_conv1:u_img_conv1|altsyncram:altsyncram_component|altsyncram_i5i1:auto_generated|ram_block1a0~porta_datain_reg0   ; clk          ; u_pll|altpll_component|auto_generated|pll1|clk[0] ; 0.000        ; -1.959     ; 0.985      ;
; 2.645 ; data_w_img_conv2[11] ; img_conv2:u_img_conv2|altsyncram:altsyncram_component|altsyncram_45i1:auto_generated|ram_block1a6~porta_datain_reg0   ; clk          ; u_pll|altpll_component|auto_generated|pll1|clk[0] ; 0.000        ; -1.943     ; 1.003      ;
; 2.648 ; data_w_pool1[13]     ; pool1:u_pool1|altsyncram:altsyncram_component|altsyncram_a9g1:auto_generated|ram_block1a10~porta_datain_reg0          ; clk          ; u_pll|altpll_component|auto_generated|pll1|clk[0] ; 0.000        ; -1.947     ; 1.002      ;
; 2.648 ; data_w_pool1[16]     ; pool1:u_pool1|altsyncram:altsyncram_component|altsyncram_a9g1:auto_generated|ram_block1a14~porta_datain_reg0          ; clk          ; u_pll|altpll_component|auto_generated|pll1|clk[0] ; 0.000        ; -1.949     ; 1.000      ;
; 2.650 ; data_w_pool1[1]      ; pool1:u_pool1|altsyncram:altsyncram_component|altsyncram_a9g1:auto_generated|ram_block1a0~porta_datain_reg0           ; clk          ; u_pll|altpll_component|auto_generated|pll1|clk[0] ; 0.000        ; -1.948     ; 1.003      ;
; 2.652 ; data_w_img_conv2[6]  ; img_conv2:u_img_conv2|altsyncram:altsyncram_component|altsyncram_45i1:auto_generated|ram_block1a6~porta_datain_reg0   ; clk          ; u_pll|altpll_component|auto_generated|pll1|clk[0] ; 0.000        ; -1.944     ; 1.009      ;
; 2.653 ; data_w_img_conv2[25] ; img_conv2:u_img_conv2|altsyncram:altsyncram_component|altsyncram_45i1:auto_generated|ram_block1a0~porta_datain_reg0   ; clk          ; u_pll|altpll_component|auto_generated|pll1|clk[0] ; 0.000        ; -1.943     ; 1.011      ;
; 2.655 ; data_w_pool1[5]      ; pool1:u_pool1|altsyncram:altsyncram_component|altsyncram_a9g1:auto_generated|ram_block1a2~porta_datain_reg0           ; clk          ; u_pll|altpll_component|auto_generated|pll1|clk[0] ; 0.000        ; -1.954     ; 1.002      ;
; 2.655 ; data_w_img_conv2[3]  ; img_conv2:u_img_conv2|altsyncram:altsyncram_component|altsyncram_45i1:auto_generated|ram_block1a1~porta_datain_reg0   ; clk          ; u_pll|altpll_component|auto_generated|pll1|clk[0] ; 0.000        ; -1.945     ; 1.011      ;
; 2.656 ; addr_pool1[4]        ; pool1:u_pool1|altsyncram:altsyncram_component|altsyncram_a9g1:auto_generated|ram_block1a10~porta_address_reg0         ; clk          ; u_pll|altpll_component|auto_generated|pll1|clk[0] ; 0.000        ; -1.949     ; 1.008      ;
; 2.658 ; addr_fcw[1]          ; fc_w:u_fc_w|altsyncram:altsyncram_component|altsyncram_bak1:auto_generated|ram_block1a11~porta_address_reg0           ; clk          ; u_pll|altpll_component|auto_generated|pll1|clk[0] ; 0.000        ; -1.950     ; 1.009      ;
; 2.664 ; data_w_img_conv1[29] ; img_conv1:u_img_conv1|altsyncram:altsyncram_component|altsyncram_i5i1:auto_generated|ram_block1a29~porta_datain_reg0  ; clk          ; u_pll|altpll_component|auto_generated|pll1|clk[0] ; 0.000        ; -1.960     ; 1.005      ;
; 2.665 ; addr_fcw[2]          ; fc_w:u_fc_w|altsyncram:altsyncram_component|altsyncram_bak1:auto_generated|ram_block1a11~porta_address_reg0           ; clk          ; u_pll|altpll_component|auto_generated|pll1|clk[0] ; 0.000        ; -1.950     ; 1.016      ;
; 2.667 ; data_w_img_conv2[13] ; img_conv2:u_img_conv2|altsyncram:altsyncram_component|altsyncram_45i1:auto_generated|ram_block1a6~porta_datain_reg0   ; clk          ; u_pll|altpll_component|auto_generated|pll1|clk[0] ; 0.000        ; -1.943     ; 1.025      ;
; 2.672 ; addr_fcw[1]          ; fc_w:u_fc_w|altsyncram:altsyncram_component|altsyncram_bak1:auto_generated|ram_block1a9~porta_address_reg0            ; clk          ; u_pll|altpll_component|auto_generated|pll1|clk[0] ; 0.000        ; -1.957     ; 1.016      ;
; 2.676 ; data_w_img_conv1[2]  ; img_conv1:u_img_conv1|altsyncram:altsyncram_component|altsyncram_i5i1:auto_generated|ram_block1a2~porta_datain_reg0   ; clk          ; u_pll|altpll_component|auto_generated|pll1|clk[0] ; 0.000        ; -1.958     ; 1.019      ;
; 2.800 ; addr_img_conv1[12]   ; img_conv1:u_img_conv1|altsyncram:altsyncram_component|altsyncram_i5i1:auto_generated|ram_block1a1~porta_address_reg0  ; clk          ; u_pll|altpll_component|auto_generated|pll1|clk[0] ; 0.000        ; -1.953     ; 1.148      ;
; 2.801 ; addr_img_conv1[8]    ; img_conv1:u_img_conv1|altsyncram:altsyncram_component|altsyncram_i5i1:auto_generated|ram_block1a13~porta_address_reg0 ; clk          ; u_pll|altpll_component|auto_generated|pll1|clk[0] ; 0.000        ; -1.962     ; 1.140      ;
; 2.820 ; addr_img_conv1[8]    ; img_conv1:u_img_conv1|altsyncram:altsyncram_component|altsyncram_i5i1:auto_generated|ram_block1a1~porta_address_reg0  ; clk          ; u_pll|altpll_component|auto_generated|pll1|clk[0] ; 0.000        ; -1.953     ; 1.168      ;
; 2.821 ; addr_img_conv2[3]    ; img_conv2:u_img_conv2|altsyncram:altsyncram_component|altsyncram_45i1:auto_generated|ram_block1a1~porta_address_reg0  ; clk          ; u_pll|altpll_component|auto_generated|pll1|clk[0] ; 0.000        ; -1.945     ; 1.177      ;
; 2.826 ; wren_img_conv2       ; img_conv2:u_img_conv2|altsyncram:altsyncram_component|altsyncram_45i1:auto_generated|ram_block1a15~porta_we_reg       ; clk          ; u_pll|altpll_component|auto_generated|pll1|clk[0] ; 0.000        ; -1.952     ; 1.175      ;
; 2.837 ; addr_img_conv2[3]    ; img_conv2:u_img_conv2|altsyncram:altsyncram_component|altsyncram_45i1:auto_generated|ram_block1a6~porta_address_reg0  ; clk          ; u_pll|altpll_component|auto_generated|pll1|clk[0] ; 0.000        ; -1.944     ; 1.194      ;
; 2.840 ; data_w_img_conv2[7]  ; img_conv2:u_img_conv2|altsyncram:altsyncram_component|altsyncram_45i1:auto_generated|ram_block1a6~porta_datain_reg0   ; clk          ; u_pll|altpll_component|auto_generated|pll1|clk[0] ; 0.000        ; -1.944     ; 1.197      ;
; 2.840 ; addr_img_conv2[0]    ; img_conv2:u_img_conv2|altsyncram:altsyncram_component|altsyncram_45i1:auto_generated|ram_block1a1~porta_address_reg0  ; clk          ; u_pll|altpll_component|auto_generated|pll1|clk[0] ; 0.000        ; -1.954     ; 1.187      ;
; 2.843 ; data_w_pool1[17]     ; pool1:u_pool1|altsyncram:altsyncram_component|altsyncram_a9g1:auto_generated|ram_block1a14~porta_datain_reg0          ; clk          ; u_pll|altpll_component|auto_generated|pll1|clk[0] ; 0.000        ; -1.941     ; 1.203      ;
; 2.843 ; addr_img_conv2[3]    ; img_conv2:u_img_conv2|altsyncram:altsyncram_component|altsyncram_45i1:auto_generated|ram_block1a0~porta_address_reg0  ; clk          ; u_pll|altpll_component|auto_generated|pll1|clk[0] ; 0.000        ; -1.944     ; 1.200      ;
; 2.846 ; addr_img_conv1[4]    ; img_conv1:u_img_conv1|altsyncram:altsyncram_component|altsyncram_i5i1:auto_generated|ram_block1a17~porta_address_reg0 ; clk          ; u_pll|altpll_component|auto_generated|pll1|clk[0] ; 0.000        ; -1.962     ; 1.185      ;
; 2.854 ; addr_pool1[0]        ; pool1:u_pool1|altsyncram:altsyncram_component|altsyncram_a9g1:auto_generated|ram_block1a10~porta_address_reg0         ; clk          ; u_pll|altpll_component|auto_generated|pll1|clk[0] ; 0.000        ; -1.945     ; 1.210      ;
; 2.857 ; addr_img_conv2[0]    ; img_conv2:u_img_conv2|altsyncram:altsyncram_component|altsyncram_45i1:auto_generated|ram_block1a15~porta_address_reg0 ; clk          ; u_pll|altpll_component|auto_generated|pll1|clk[0] ; 0.000        ; -1.955     ; 1.203      ;
; 2.857 ; addr_img_conv2[1]    ; img_conv2:u_img_conv2|altsyncram:altsyncram_component|altsyncram_45i1:auto_generated|ram_block1a15~porta_address_reg0 ; clk          ; u_pll|altpll_component|auto_generated|pll1|clk[0] ; 0.000        ; -1.942     ; 1.216      ;
; 2.859 ; data_w_pool1[26]     ; pool1:u_pool1|altsyncram:altsyncram_component|altsyncram_a9g1:auto_generated|ram_block1a26~porta_datain_reg0          ; clk          ; u_pll|altpll_component|auto_generated|pll1|clk[0] ; 0.000        ; -1.933     ; 1.227      ;
; 2.866 ; addr_pool1[2]        ; pool1:u_pool1|altsyncram:altsyncram_component|altsyncram_a9g1:auto_generated|ram_block1a10~porta_address_reg0         ; clk          ; u_pll|altpll_component|auto_generated|pll1|clk[0] ; 0.000        ; -1.945     ; 1.222      ;
; 2.869 ; data_w_pool1[22]     ; pool1:u_pool1|altsyncram:altsyncram_component|altsyncram_a9g1:auto_generated|ram_block1a22~porta_datain_reg0          ; clk          ; u_pll|altpll_component|auto_generated|pll1|clk[0] ; 0.000        ; -1.947     ; 1.223      ;
; 2.873 ; data_w_pool1[25]     ; pool1:u_pool1|altsyncram:altsyncram_component|altsyncram_a9g1:auto_generated|ram_block1a22~porta_datain_reg0          ; clk          ; u_pll|altpll_component|auto_generated|pll1|clk[0] ; 0.000        ; -1.947     ; 1.227      ;
; 2.875 ; addr_fcw[6]          ; fc_w:u_fc_w|altsyncram:altsyncram_component|altsyncram_bak1:auto_generated|ram_block1a13~porta_address_reg0           ; clk          ; u_pll|altpll_component|auto_generated|pll1|clk[0] ; 0.000        ; -1.947     ; 1.229      ;
; 2.876 ; addr_img_conv1[0]    ; img_conv1:u_img_conv1|altsyncram:altsyncram_component|altsyncram_i5i1:auto_generated|ram_block1a2~porta_address_reg0  ; clk          ; u_pll|altpll_component|auto_generated|pll1|clk[0] ; 0.000        ; -1.966     ; 1.211      ;
; 2.881 ; data_w_pool1[28]     ; pool1:u_pool1|altsyncram:altsyncram_component|altsyncram_a9g1:auto_generated|ram_block1a26~porta_datain_reg0          ; clk          ; u_pll|altpll_component|auto_generated|pll1|clk[0] ; 0.000        ; -1.933     ; 1.249      ;
; 2.882 ; addr_pool1[0]        ; pool1:u_pool1|altsyncram:altsyncram_component|altsyncram_a9g1:auto_generated|ram_block1a0~porta_address_reg0          ; clk          ; u_pll|altpll_component|auto_generated|pll1|clk[0] ; 0.000        ; -1.950     ; 1.233      ;
; 2.883 ; addr_pool1[7]        ; pool1:u_pool1|altsyncram:altsyncram_component|altsyncram_a9g1:auto_generated|ram_block1a14~porta_address_reg0         ; clk          ; u_pll|altpll_component|auto_generated|pll1|clk[0] ; 0.000        ; -1.951     ; 1.233      ;
; 2.884 ; data_w_pool1[30]     ; pool1:u_pool1|altsyncram:altsyncram_component|altsyncram_a9g1:auto_generated|ram_block1a0~porta_datain_reg0           ; clk          ; u_pll|altpll_component|auto_generated|pll1|clk[0] ; 0.000        ; -1.944     ; 1.241      ;
; 2.889 ; addr_fcw[11]         ; fc_w:u_fc_w|altsyncram:altsyncram_component|altsyncram_bak1:auto_generated|ram_block1a11~porta_address_reg0           ; clk          ; u_pll|altpll_component|auto_generated|pll1|clk[0] ; 0.000        ; -1.950     ; 1.240      ;
; 2.889 ; addr_img_conv1[0]    ; img_conv1:u_img_conv1|altsyncram:altsyncram_component|altsyncram_i5i1:auto_generated|ram_block1a17~porta_address_reg0 ; clk          ; u_pll|altpll_component|auto_generated|pll1|clk[0] ; 0.000        ; -1.962     ; 1.228      ;
; 2.890 ; addr_fcw[4]          ; fc_w:u_fc_w|altsyncram:altsyncram_component|altsyncram_bak1:auto_generated|ram_block1a13~porta_address_reg0           ; clk          ; u_pll|altpll_component|auto_generated|pll1|clk[0] ; 0.000        ; -1.947     ; 1.244      ;
; 2.890 ; data_w_pool1[29]     ; pool1:u_pool1|altsyncram:altsyncram_component|altsyncram_a9g1:auto_generated|ram_block1a26~porta_datain_reg0          ; clk          ; u_pll|altpll_component|auto_generated|pll1|clk[0] ; 0.000        ; -1.933     ; 1.258      ;
; 2.891 ; addr_fcw[6]          ; fc_w:u_fc_w|altsyncram:altsyncram_component|altsyncram_bak1:auto_generated|ram_block1a11~porta_address_reg0           ; clk          ; u_pll|altpll_component|auto_generated|pll1|clk[0] ; 0.000        ; -1.950     ; 1.242      ;
; 2.893 ; addr_img_conv2[6]    ; img_conv2:u_img_conv2|altsyncram:altsyncram_component|altsyncram_45i1:auto_generated|ram_block1a6~porta_address_reg0  ; clk          ; u_pll|altpll_component|auto_generated|pll1|clk[0] ; 0.000        ; -1.940     ; 1.254      ;
; 2.894 ; data_w_img_conv2[24] ; img_conv2:u_img_conv2|altsyncram:altsyncram_component|altsyncram_45i1:auto_generated|ram_block1a0~porta_datain_reg0   ; clk          ; u_pll|altpll_component|auto_generated|pll1|clk[0] ; 0.000        ; -1.943     ; 1.252      ;
; 2.894 ; addr_pool1[1]        ; pool1:u_pool1|altsyncram:altsyncram_component|altsyncram_a9g1:auto_generated|ram_block1a14~porta_address_reg0         ; clk          ; u_pll|altpll_component|auto_generated|pll1|clk[0] ; 0.000        ; -1.947     ; 1.248      ;
; 2.894 ; addr_pool1[1]        ; pool1:u_pool1|altsyncram:altsyncram_component|altsyncram_a9g1:auto_generated|ram_block1a0~porta_address_reg0          ; clk          ; u_pll|altpll_component|auto_generated|pll1|clk[0] ; 0.000        ; -1.950     ; 1.245      ;
; 2.896 ; addr_fcw[8]          ; fc_w:u_fc_w|altsyncram:altsyncram_component|altsyncram_bak1:auto_generated|ram_block1a13~porta_address_reg0           ; clk          ; u_pll|altpll_component|auto_generated|pll1|clk[0] ; 0.000        ; -1.947     ; 1.250      ;
; 2.896 ; addr_pool1[6]        ; pool1:u_pool1|altsyncram:altsyncram_component|altsyncram_a9g1:auto_generated|ram_block1a0~porta_address_reg0          ; clk          ; u_pll|altpll_component|auto_generated|pll1|clk[0] ; 0.000        ; -1.954     ; 1.243      ;
; 2.897 ; data_w_pool1[0]      ; pool1:u_pool1|altsyncram:altsyncram_component|altsyncram_a9g1:auto_generated|ram_block1a0~porta_datain_reg0           ; clk          ; u_pll|altpll_component|auto_generated|pll1|clk[0] ; 0.000        ; -1.944     ; 1.254      ;
; 2.898 ; addr_fcw[0]          ; fc_w:u_fc_w|altsyncram:altsyncram_component|altsyncram_bak1:auto_generated|ram_block1a13~porta_address_reg0           ; clk          ; u_pll|altpll_component|auto_generated|pll1|clk[0] ; 0.000        ; -1.947     ; 1.252      ;
; 2.901 ; addr_img_conv2[8]    ; img_conv2:u_img_conv2|altsyncram:altsyncram_component|altsyncram_45i1:auto_generated|ram_block1a0~porta_address_reg0  ; clk          ; u_pll|altpll_component|auto_generated|pll1|clk[0] ; 0.000        ; -1.940     ; 1.262      ;
; 2.904 ; addr_fcw[6]          ; fc_w:u_fc_w|altsyncram:altsyncram_component|altsyncram_bak1:auto_generated|ram_block1a9~porta_address_reg0            ; clk          ; u_pll|altpll_component|auto_generated|pll1|clk[0] ; 0.000        ; -1.957     ; 1.248      ;
; 2.905 ; addr_fcw[11]         ; fc_w:u_fc_w|altsyncram:altsyncram_component|altsyncram_bak1:auto_generated|ram_block1a13~porta_address_reg0           ; clk          ; u_pll|altpll_component|auto_generated|pll1|clk[0] ; 0.000        ; -1.947     ; 1.259      ;
+-------+----------------------+-----------------------------------------------------------------------------------------------------------------------+--------------+---------------------------------------------------+--------------+------------+------------+


----------------------------------------------
; Slow 1200mV 0C Model Metastability Summary ;
----------------------------------------------
The design MTBF is not calculated because there are no specified synchronizers in the design.
Number of Synchronizer Chains Found: 129
Shortest Synchronizer Chain: 2 Registers
Fraction of Chains for which MTBFs Could Not be Calculated: 1.000
Worst Case Available Settling Time: 4.772 ns




+----------------------------------------------------------------------------+
; Fast 1200mV 0C Model Setup Summary                                         ;
+---------------------------------------------------+--------+---------------+
; Clock                                             ; Slack  ; End Point TNS ;
+---------------------------------------------------+--------+---------------+
; clk                                               ; -0.643 ; -9.049        ;
; uartWrite:u5|clock                                ; -0.237 ; -0.237        ;
; u_pll|altpll_component|auto_generated|pll1|clk[0] ; 5.470  ; 0.000         ;
+---------------------------------------------------+--------+---------------+


+---------------------------------------------------------------------------+
; Fast 1200mV 0C Model Hold Summary                                         ;
+---------------------------------------------------+-------+---------------+
; Clock                                             ; Slack ; End Point TNS ;
+---------------------------------------------------+-------+---------------+
; clk                                               ; 0.136 ; 0.000         ;
; uartWrite:u5|clock                                ; 0.182 ; 0.000         ;
; u_pll|altpll_component|auto_generated|pll1|clk[0] ; 1.484 ; 0.000         ;
+---------------------------------------------------+-------+---------------+


-----------------------------------------
; Fast 1200mV 0C Model Recovery Summary ;
-----------------------------------------
No paths to report.


----------------------------------------
; Fast 1200mV 0C Model Removal Summary ;
----------------------------------------
No paths to report.


+----------------------------------------------------------------------------+
; Fast 1200mV 0C Model Minimum Pulse Width Summary                           ;
+---------------------------------------------------+--------+---------------+
; Clock                                             ; Slack  ; End Point TNS ;
+---------------------------------------------------+--------+---------------+
; uartWrite:u5|clock                                ; -1.000 ; -15.000       ;
; u_pll|altpll_component|auto_generated|pll1|clk[0] ; 4.751  ; 0.000         ;
; clk                                               ; 9.374  ; 0.000         ;
+---------------------------------------------------+--------+---------------+


+-----------------------------------------------------------------------------------------------------------------------------------------------------------------------------------------------------------------------------------------------------------+
; Fast 1200mV 0C Model Setup: 'clk'                                                                                                                                                                                                                         ;
+--------+------------------------------------------------------------------------------------------------------------------+--------------------+---------------------------------------------------+-------------+--------------+------------+------------+
; Slack  ; From Node                                                                                                        ; To Node            ; Launch Clock                                      ; Latch Clock ; Relationship ; Clock Skew ; Data Delay ;
+--------+------------------------------------------------------------------------------------------------------------------+--------------------+---------------------------------------------------+-------------+--------------+------------+------------+
; -0.643 ; uartWrite:u5|clock                                                                                               ; uartWrite:u5|clock ; uartWrite:u5|clock                                ; clk         ; 0.500        ; 1.586      ; 2.811      ;
; -0.528 ; uartWrite:u5|fb                                                                                                  ; data_uart[6]       ; uartWrite:u5|clock                                ; clk         ; 1.000        ; -0.018     ; 1.487      ;
; -0.528 ; uartWrite:u5|fb                                                                                                  ; data_uart[5]       ; uartWrite:u5|clock                                ; clk         ; 1.000        ; -0.018     ; 1.487      ;
; -0.528 ; uartWrite:u5|fb                                                                                                  ; data_uart[4]       ; uartWrite:u5|clock                                ; clk         ; 1.000        ; -0.018     ; 1.487      ;
; -0.528 ; uartWrite:u5|fb                                                                                                  ; data_uart[3]       ; uartWrite:u5|clock                                ; clk         ; 1.000        ; -0.018     ; 1.487      ;
; -0.528 ; uartWrite:u5|fb                                                                                                  ; data_uart[7]       ; uartWrite:u5|clock                                ; clk         ; 1.000        ; -0.018     ; 1.487      ;
; -0.528 ; uartWrite:u5|fb                                                                                                  ; data_uart[0]       ; uartWrite:u5|clock                                ; clk         ; 1.000        ; -0.018     ; 1.487      ;
; -0.477 ; uartWrite:u5|fb                                                                                                  ; addr_img[9]        ; uartWrite:u5|clock                                ; clk         ; 1.000        ; 0.167      ; 1.621      ;
; -0.419 ; uartWrite:u5|fb                                                                                                  ; addr_img[6]        ; uartWrite:u5|clock                                ; clk         ; 1.000        ; 0.167      ; 1.563      ;
; -0.413 ; uartWrite:u5|fb                                                                                                  ; addr_img[7]        ; uartWrite:u5|clock                                ; clk         ; 1.000        ; 0.167      ; 1.557      ;
; -0.408 ; uartWrite:u5|fb                                                                                                  ; data_uart[2]       ; uartWrite:u5|clock                                ; clk         ; 1.000        ; -0.018     ; 1.367      ;
; -0.408 ; uartWrite:u5|fb                                                                                                  ; data_uart[1]       ; uartWrite:u5|clock                                ; clk         ; 1.000        ; -0.018     ; 1.367      ;
; -0.369 ; uartWrite:u5|fb                                                                                                  ; addr_img[4]        ; uartWrite:u5|clock                                ; clk         ; 1.000        ; 0.167      ; 1.513      ;
; -0.353 ; uartWrite:u5|fb                                                                                                  ; addr_img[8]        ; uartWrite:u5|clock                                ; clk         ; 1.000        ; 0.167      ; 1.497      ;
; -0.348 ; uartWrite:u5|fb                                                                                                  ; stt_uart.00101     ; uartWrite:u5|clock                                ; clk         ; 1.000        ; -0.014     ; 1.311      ;
; -0.345 ; uartWrite:u5|fb                                                                                                  ; addr_img[5]        ; uartWrite:u5|clock                                ; clk         ; 1.000        ; 0.167      ; 1.489      ;
; -0.338 ; uartWrite:u5|fb                                                                                                  ; stt_uart.00100     ; uartWrite:u5|clock                                ; clk         ; 1.000        ; -0.014     ; 1.301      ;
; -0.337 ; uartWrite:u5|fb                                                                                                  ; stt_uart.00011     ; uartWrite:u5|clock                                ; clk         ; 1.000        ; -0.014     ; 1.300      ;
; -0.315 ; uartWrite:u5|fb                                                                                                  ; run                ; uartWrite:u5|clock                                ; clk         ; 1.000        ; -0.015     ; 1.277      ;
; -0.280 ; uartWrite:u5|fb                                                                                                  ; addr_img[3]        ; uartWrite:u5|clock                                ; clk         ; 1.000        ; 0.167      ; 1.424      ;
; -0.244 ; uartWrite:u5|fb                                                                                                  ; addr_img[2]        ; uartWrite:u5|clock                                ; clk         ; 1.000        ; 0.167      ; 1.388      ;
; -0.184 ; uartWrite:u5|fb                                                                                                  ; addr_img[1]        ; uartWrite:u5|clock                                ; clk         ; 1.000        ; -0.014     ; 1.147      ;
; 0.026  ; uartWrite:u5|fb                                                                                                  ; addr_img[0]        ; uartWrite:u5|clock                                ; clk         ; 1.000        ; -0.014     ; 0.937      ;
; 0.053  ; uartWrite:u5|clock                                                                                               ; uartWrite:u5|clock ; uartWrite:u5|clock                                ; clk         ; 1.000        ; 1.586      ; 2.615      ;
; 0.059  ; uartWrite:u5|fb                                                                                                  ; stt_uart.00010     ; uartWrite:u5|clock                                ; clk         ; 1.000        ; -0.015     ; 0.903      ;
; 0.213  ; uartWrite:u5|fb                                                                                                  ; stt_uart.00110     ; uartWrite:u5|clock                                ; clk         ; 1.000        ; -0.015     ; 0.749      ;
; 2.900  ; pool1:u_pool1|altsyncram:altsyncram_component|altsyncram_a9g1:auto_generated|ram_block1a10~porta_we_reg          ; acc[62]            ; u_pll|altpll_component|auto_generated|pll1|clk[0] ; clk         ; 10.000       ; 1.425      ; 8.432      ;
; 2.938  ; conv2_w:u_conv2w|altsyncram:altsyncram_component|altsyncram_2jk1:auto_generated|ram_block1a4~porta_address_reg0  ; acc[62]            ; u_pll|altpll_component|auto_generated|pll1|clk[0] ; clk         ; 10.000       ; 1.442      ; 8.411      ;
; 2.968  ; conv2_w:u_conv2w|altsyncram:altsyncram_component|altsyncram_2jk1:auto_generated|ram_block1a0~porta_address_reg0  ; acc[62]            ; u_pll|altpll_component|auto_generated|pll1|clk[0] ; clk         ; 10.000       ; 1.451      ; 8.390      ;
; 2.974  ; conv2_w:u_conv2w|altsyncram:altsyncram_component|altsyncram_2jk1:auto_generated|ram_block1a14~porta_address_reg0 ; acc[62]            ; u_pll|altpll_component|auto_generated|pll1|clk[0] ; clk         ; 10.000       ; 1.446      ; 8.379      ;
; 2.977  ; pool1:u_pool1|altsyncram:altsyncram_component|altsyncram_a9g1:auto_generated|ram_block1a10~porta_we_reg          ; acc[61]            ; u_pll|altpll_component|auto_generated|pll1|clk[0] ; clk         ; 10.000       ; 1.425      ; 8.355      ;
; 2.989  ; pool1:u_pool1|altsyncram:altsyncram_component|altsyncram_a9g1:auto_generated|ram_block1a10~porta_we_reg          ; acc[60]            ; u_pll|altpll_component|auto_generated|pll1|clk[0] ; clk         ; 10.000       ; 1.425      ; 8.343      ;
; 2.995  ; conv2_w:u_conv2w|altsyncram:altsyncram_component|altsyncram_2jk1:auto_generated|ram_block1a2~porta_address_reg0  ; acc[62]            ; u_pll|altpll_component|auto_generated|pll1|clk[0] ; clk         ; 10.000       ; 1.449      ; 8.361      ;
; 3.002  ; pool1:u_pool1|altsyncram:altsyncram_component|altsyncram_a9g1:auto_generated|ram_block1a0~porta_we_reg           ; acc[62]            ; u_pll|altpll_component|auto_generated|pll1|clk[0] ; clk         ; 10.000       ; 1.430      ; 8.335      ;
; 3.007  ; pool1:u_pool1|altsyncram:altsyncram_component|altsyncram_a9g1:auto_generated|ram_block1a26~porta_we_reg          ; acc[62]            ; u_pll|altpll_component|auto_generated|pll1|clk[0] ; clk         ; 10.000       ; 1.432      ; 8.332      ;
; 3.009  ; conv2_w:u_conv2w|altsyncram:altsyncram_component|altsyncram_2jk1:auto_generated|ram_block1a8~porta_address_reg0  ; acc[62]            ; u_pll|altpll_component|auto_generated|pll1|clk[0] ; clk         ; 10.000       ; 1.451      ; 8.349      ;
; 3.015  ; conv2_w:u_conv2w|altsyncram:altsyncram_component|altsyncram_2jk1:auto_generated|ram_block1a12~porta_address_reg0 ; acc[62]            ; u_pll|altpll_component|auto_generated|pll1|clk[0] ; clk         ; 10.000       ; 1.470      ; 8.362      ;
; 3.015  ; conv2_w:u_conv2w|altsyncram:altsyncram_component|altsyncram_2jk1:auto_generated|ram_block1a4~porta_address_reg0  ; acc[61]            ; u_pll|altpll_component|auto_generated|pll1|clk[0] ; clk         ; 10.000       ; 1.442      ; 8.334      ;
; 3.017  ; pool1:u_pool1|altsyncram:altsyncram_component|altsyncram_a9g1:auto_generated|ram_block1a14~porta_we_reg          ; acc[62]            ; u_pll|altpll_component|auto_generated|pll1|clk[0] ; clk         ; 10.000       ; 1.428      ; 8.318      ;
; 3.024  ; conv2_w:u_conv2w|altsyncram:altsyncram_component|altsyncram_2jk1:auto_generated|ram_block1a6~porta_address_reg0  ; acc[62]            ; u_pll|altpll_component|auto_generated|pll1|clk[0] ; clk         ; 10.000       ; 1.465      ; 8.348      ;
; 3.027  ; conv2_w:u_conv2w|altsyncram:altsyncram_component|altsyncram_2jk1:auto_generated|ram_block1a4~porta_address_reg0  ; acc[60]            ; u_pll|altpll_component|auto_generated|pll1|clk[0] ; clk         ; 10.000       ; 1.442      ; 8.322      ;
; 3.037  ; conv2_w:u_conv2w|altsyncram:altsyncram_component|altsyncram_2jk1:auto_generated|ram_block1a10~porta_address_reg0 ; acc[62]            ; u_pll|altpll_component|auto_generated|pll1|clk[0] ; clk         ; 10.000       ; 1.461      ; 8.331      ;
; 3.045  ; conv2_w:u_conv2w|altsyncram:altsyncram_component|altsyncram_2jk1:auto_generated|ram_block1a0~porta_address_reg0  ; acc[61]            ; u_pll|altpll_component|auto_generated|pll1|clk[0] ; clk         ; 10.000       ; 1.451      ; 8.313      ;
; 3.051  ; conv2_w:u_conv2w|altsyncram:altsyncram_component|altsyncram_2jk1:auto_generated|ram_block1a14~porta_address_reg0 ; acc[61]            ; u_pll|altpll_component|auto_generated|pll1|clk[0] ; clk         ; 10.000       ; 1.446      ; 8.302      ;
; 3.057  ; conv2_w:u_conv2w|altsyncram:altsyncram_component|altsyncram_2jk1:auto_generated|ram_block1a0~porta_address_reg0  ; acc[60]            ; u_pll|altpll_component|auto_generated|pll1|clk[0] ; clk         ; 10.000       ; 1.451      ; 8.301      ;
; 3.063  ; conv2_w:u_conv2w|altsyncram:altsyncram_component|altsyncram_2jk1:auto_generated|ram_block1a14~porta_address_reg0 ; acc[60]            ; u_pll|altpll_component|auto_generated|pll1|clk[0] ; clk         ; 10.000       ; 1.446      ; 8.290      ;
; 3.066  ; pool1:u_pool1|altsyncram:altsyncram_component|altsyncram_a9g1:auto_generated|ram_block1a10~porta_we_reg          ; acc[63]            ; u_pll|altpll_component|auto_generated|pll1|clk[0] ; clk         ; 10.000       ; 1.424      ; 8.265      ;
; 3.071  ; pool1:u_pool1|altsyncram:altsyncram_component|altsyncram_a9g1:auto_generated|ram_block1a10~porta_we_reg          ; acc[56]            ; u_pll|altpll_component|auto_generated|pll1|clk[0] ; clk         ; 10.000       ; 1.424      ; 8.260      ;
; 3.072  ; conv2_w:u_conv2w|altsyncram:altsyncram_component|altsyncram_2jk1:auto_generated|ram_block1a2~porta_address_reg0  ; acc[61]            ; u_pll|altpll_component|auto_generated|pll1|clk[0] ; clk         ; 10.000       ; 1.449      ; 8.284      ;
; 3.079  ; pool1:u_pool1|altsyncram:altsyncram_component|altsyncram_a9g1:auto_generated|ram_block1a0~porta_we_reg           ; acc[61]            ; u_pll|altpll_component|auto_generated|pll1|clk[0] ; clk         ; 10.000       ; 1.430      ; 8.258      ;
; 3.084  ; pool1:u_pool1|altsyncram:altsyncram_component|altsyncram_a9g1:auto_generated|ram_block1a26~porta_we_reg          ; acc[61]            ; u_pll|altpll_component|auto_generated|pll1|clk[0] ; clk         ; 10.000       ; 1.432      ; 8.255      ;
; 3.084  ; conv2_w:u_conv2w|altsyncram:altsyncram_component|altsyncram_2jk1:auto_generated|ram_block1a2~porta_address_reg0  ; acc[60]            ; u_pll|altpll_component|auto_generated|pll1|clk[0] ; clk         ; 10.000       ; 1.449      ; 8.272      ;
; 3.086  ; conv2_w:u_conv2w|altsyncram:altsyncram_component|altsyncram_2jk1:auto_generated|ram_block1a8~porta_address_reg0  ; acc[61]            ; u_pll|altpll_component|auto_generated|pll1|clk[0] ; clk         ; 10.000       ; 1.451      ; 8.272      ;
; 3.091  ; pool1:u_pool1|altsyncram:altsyncram_component|altsyncram_a9g1:auto_generated|ram_block1a0~porta_we_reg           ; acc[60]            ; u_pll|altpll_component|auto_generated|pll1|clk[0] ; clk         ; 10.000       ; 1.430      ; 8.246      ;
; 3.092  ; conv2_w:u_conv2w|altsyncram:altsyncram_component|altsyncram_2jk1:auto_generated|ram_block1a12~porta_address_reg0 ; acc[61]            ; u_pll|altpll_component|auto_generated|pll1|clk[0] ; clk         ; 10.000       ; 1.470      ; 8.285      ;
; 3.094  ; pool1:u_pool1|altsyncram:altsyncram_component|altsyncram_a9g1:auto_generated|ram_block1a14~porta_we_reg          ; acc[61]            ; u_pll|altpll_component|auto_generated|pll1|clk[0] ; clk         ; 10.000       ; 1.428      ; 8.241      ;
; 3.096  ; pool1:u_pool1|altsyncram:altsyncram_component|altsyncram_a9g1:auto_generated|ram_block1a26~porta_we_reg          ; acc[60]            ; u_pll|altpll_component|auto_generated|pll1|clk[0] ; clk         ; 10.000       ; 1.432      ; 8.243      ;
; 3.098  ; conv2_w:u_conv2w|altsyncram:altsyncram_component|altsyncram_2jk1:auto_generated|ram_block1a8~porta_address_reg0  ; acc[60]            ; u_pll|altpll_component|auto_generated|pll1|clk[0] ; clk         ; 10.000       ; 1.451      ; 8.260      ;
; 3.101  ; conv2_w:u_conv2w|altsyncram:altsyncram_component|altsyncram_2jk1:auto_generated|ram_block1a6~porta_address_reg0  ; acc[61]            ; u_pll|altpll_component|auto_generated|pll1|clk[0] ; clk         ; 10.000       ; 1.465      ; 8.271      ;
; 3.104  ; conv2_w:u_conv2w|altsyncram:altsyncram_component|altsyncram_2jk1:auto_generated|ram_block1a12~porta_address_reg0 ; acc[60]            ; u_pll|altpll_component|auto_generated|pll1|clk[0] ; clk         ; 10.000       ; 1.470      ; 8.273      ;
; 3.104  ; conv2_w:u_conv2w|altsyncram:altsyncram_component|altsyncram_2jk1:auto_generated|ram_block1a4~porta_address_reg0  ; acc[63]            ; u_pll|altpll_component|auto_generated|pll1|clk[0] ; clk         ; 10.000       ; 1.441      ; 8.244      ;
; 3.106  ; pool1:u_pool1|altsyncram:altsyncram_component|altsyncram_a9g1:auto_generated|ram_block1a14~porta_we_reg          ; acc[60]            ; u_pll|altpll_component|auto_generated|pll1|clk[0] ; clk         ; 10.000       ; 1.428      ; 8.229      ;
; 3.109  ; conv2_w:u_conv2w|altsyncram:altsyncram_component|altsyncram_2jk1:auto_generated|ram_block1a4~porta_address_reg0  ; acc[56]            ; u_pll|altpll_component|auto_generated|pll1|clk[0] ; clk         ; 10.000       ; 1.441      ; 8.239      ;
; 3.113  ; pool1:u_pool1|altsyncram:altsyncram_component|altsyncram_a9g1:auto_generated|ram_block1a10~porta_we_reg          ; acc[59]            ; u_pll|altpll_component|auto_generated|pll1|clk[0] ; clk         ; 10.000       ; 1.425      ; 8.219      ;
; 3.113  ; conv2_w:u_conv2w|altsyncram:altsyncram_component|altsyncram_2jk1:auto_generated|ram_block1a6~porta_address_reg0  ; acc[60]            ; u_pll|altpll_component|auto_generated|pll1|clk[0] ; clk         ; 10.000       ; 1.465      ; 8.259      ;
; 3.114  ; conv2_w:u_conv2w|altsyncram:altsyncram_component|altsyncram_2jk1:auto_generated|ram_block1a10~porta_address_reg0 ; acc[61]            ; u_pll|altpll_component|auto_generated|pll1|clk[0] ; clk         ; 10.000       ; 1.461      ; 8.254      ;
; 3.126  ; conv2_w:u_conv2w|altsyncram:altsyncram_component|altsyncram_2jk1:auto_generated|ram_block1a10~porta_address_reg0 ; acc[60]            ; u_pll|altpll_component|auto_generated|pll1|clk[0] ; clk         ; 10.000       ; 1.461      ; 8.242      ;
; 3.134  ; conv2_w:u_conv2w|altsyncram:altsyncram_component|altsyncram_2jk1:auto_generated|ram_block1a0~porta_address_reg0  ; acc[63]            ; u_pll|altpll_component|auto_generated|pll1|clk[0] ; clk         ; 10.000       ; 1.450      ; 8.223      ;
; 3.138  ; pool1:u_pool1|altsyncram:altsyncram_component|altsyncram_a9g1:auto_generated|ram_block1a10~porta_we_reg          ; acc[52]            ; u_pll|altpll_component|auto_generated|pll1|clk[0] ; clk         ; 10.000       ; 1.447      ; 8.216      ;
; 3.139  ; conv2_w:u_conv2w|altsyncram:altsyncram_component|altsyncram_2jk1:auto_generated|ram_block1a0~porta_address_reg0  ; acc[56]            ; u_pll|altpll_component|auto_generated|pll1|clk[0] ; clk         ; 10.000       ; 1.450      ; 8.218      ;
; 3.140  ; conv2_w:u_conv2w|altsyncram:altsyncram_component|altsyncram_2jk1:auto_generated|ram_block1a14~porta_address_reg0 ; acc[63]            ; u_pll|altpll_component|auto_generated|pll1|clk[0] ; clk         ; 10.000       ; 1.445      ; 8.212      ;
; 3.145  ; conv2_w:u_conv2w|altsyncram:altsyncram_component|altsyncram_2jk1:auto_generated|ram_block1a14~porta_address_reg0 ; acc[56]            ; u_pll|altpll_component|auto_generated|pll1|clk[0] ; clk         ; 10.000       ; 1.445      ; 8.207      ;
; 3.151  ; conv2_w:u_conv2w|altsyncram:altsyncram_component|altsyncram_2jk1:auto_generated|ram_block1a4~porta_address_reg0  ; acc[59]            ; u_pll|altpll_component|auto_generated|pll1|clk[0] ; clk         ; 10.000       ; 1.442      ; 8.198      ;
; 3.157  ; fc_w:u_fc_w|altsyncram:altsyncram_component|altsyncram_bak1:auto_generated|ram_block1a0~porta_address_reg0       ; acc[60]            ; u_pll|altpll_component|auto_generated|pll1|clk[0] ; clk         ; 10.000       ; 1.463      ; 8.213      ;
; 3.161  ; conv2_w:u_conv2w|altsyncram:altsyncram_component|altsyncram_2jk1:auto_generated|ram_block1a2~porta_address_reg0  ; acc[63]            ; u_pll|altpll_component|auto_generated|pll1|clk[0] ; clk         ; 10.000       ; 1.448      ; 8.194      ;
; 3.164  ; pool1:u_pool1|altsyncram:altsyncram_component|altsyncram_a9g1:auto_generated|ram_block1a10~porta_we_reg          ; acc[54]            ; u_pll|altpll_component|auto_generated|pll1|clk[0] ; clk         ; 10.000       ; 1.443      ; 8.186      ;
; 3.166  ; conv2_w:u_conv2w|altsyncram:altsyncram_component|altsyncram_2jk1:auto_generated|ram_block1a2~porta_address_reg0  ; acc[56]            ; u_pll|altpll_component|auto_generated|pll1|clk[0] ; clk         ; 10.000       ; 1.448      ; 8.189      ;
; 3.167  ; fc_w:u_fc_w|altsyncram:altsyncram_component|altsyncram_bak1:auto_generated|ram_block1a0~porta_address_reg0       ; acc[55]            ; u_pll|altpll_component|auto_generated|pll1|clk[0] ; clk         ; 10.000       ; 1.466      ; 8.206      ;
; 3.168  ; pool1:u_pool1|altsyncram:altsyncram_component|altsyncram_a9g1:auto_generated|ram_block1a0~porta_we_reg           ; acc[63]            ; u_pll|altpll_component|auto_generated|pll1|clk[0] ; clk         ; 10.000       ; 1.429      ; 8.168      ;
; 3.169  ; fc_w:u_fc_w|altsyncram:altsyncram_component|altsyncram_bak1:auto_generated|ram_block1a5~porta_address_reg0       ; acc[60]            ; u_pll|altpll_component|auto_generated|pll1|clk[0] ; clk         ; 10.000       ; 1.454      ; 8.192      ;
; 3.170  ; fc_w:u_fc_w|altsyncram:altsyncram_component|altsyncram_bak1:auto_generated|ram_block1a0~porta_address_reg0       ; acc[63]            ; u_pll|altpll_component|auto_generated|pll1|clk[0] ; clk         ; 10.000       ; 1.462      ; 8.199      ;
; 3.173  ; pool1:u_pool1|altsyncram:altsyncram_component|altsyncram_a9g1:auto_generated|ram_block1a26~porta_we_reg          ; acc[63]            ; u_pll|altpll_component|auto_generated|pll1|clk[0] ; clk         ; 10.000       ; 1.431      ; 8.165      ;
; 3.173  ; pool1:u_pool1|altsyncram:altsyncram_component|altsyncram_a9g1:auto_generated|ram_block1a0~porta_we_reg           ; acc[56]            ; u_pll|altpll_component|auto_generated|pll1|clk[0] ; clk         ; 10.000       ; 1.429      ; 8.163      ;
; 3.173  ; fc_w:u_fc_w|altsyncram:altsyncram_component|altsyncram_bak1:auto_generated|ram_block1a3~porta_address_reg0       ; acc[60]            ; u_pll|altpll_component|auto_generated|pll1|clk[0] ; clk         ; 10.000       ; 1.457      ; 8.191      ;
; 3.175  ; conv2_w:u_conv2w|altsyncram:altsyncram_component|altsyncram_2jk1:auto_generated|ram_block1a8~porta_address_reg0  ; acc[63]            ; u_pll|altpll_component|auto_generated|pll1|clk[0] ; clk         ; 10.000       ; 1.450      ; 8.182      ;
; 3.176  ; conv2_w:u_conv2w|altsyncram:altsyncram_component|altsyncram_2jk1:auto_generated|ram_block1a4~porta_address_reg0  ; acc[52]            ; u_pll|altpll_component|auto_generated|pll1|clk[0] ; clk         ; 10.000       ; 1.464      ; 8.195      ;
; 3.176  ; pool1:u_pool1|altsyncram:altsyncram_component|altsyncram_a9g1:auto_generated|ram_block1a10~porta_we_reg          ; acc[55]            ; u_pll|altpll_component|auto_generated|pll1|clk[0] ; clk         ; 10.000       ; 1.428      ; 8.159      ;
; 3.177  ; pool1:u_pool1|altsyncram:altsyncram_component|altsyncram_a9g1:auto_generated|ram_block1a22~porta_we_reg          ; acc[62]            ; u_pll|altpll_component|auto_generated|pll1|clk[0] ; clk         ; 10.000       ; 1.439      ; 8.169      ;
; 3.178  ; pool1:u_pool1|altsyncram:altsyncram_component|altsyncram_a9g1:auto_generated|ram_block1a26~porta_we_reg          ; acc[56]            ; u_pll|altpll_component|auto_generated|pll1|clk[0] ; clk         ; 10.000       ; 1.431      ; 8.160      ;
; 3.179  ; fc_w:u_fc_w|altsyncram:altsyncram_component|altsyncram_bak1:auto_generated|ram_block1a5~porta_address_reg0       ; acc[55]            ; u_pll|altpll_component|auto_generated|pll1|clk[0] ; clk         ; 10.000       ; 1.457      ; 8.185      ;
; 3.180  ; conv2_w:u_conv2w|altsyncram:altsyncram_component|altsyncram_2jk1:auto_generated|ram_block1a8~porta_address_reg0  ; acc[56]            ; u_pll|altpll_component|auto_generated|pll1|clk[0] ; clk         ; 10.000       ; 1.450      ; 8.177      ;
; 3.181  ; conv2_w:u_conv2w|altsyncram:altsyncram_component|altsyncram_2jk1:auto_generated|ram_block1a12~porta_address_reg0 ; acc[63]            ; u_pll|altpll_component|auto_generated|pll1|clk[0] ; clk         ; 10.000       ; 1.469      ; 8.195      ;
; 3.181  ; conv2_w:u_conv2w|altsyncram:altsyncram_component|altsyncram_2jk1:auto_generated|ram_block1a0~porta_address_reg0  ; acc[59]            ; u_pll|altpll_component|auto_generated|pll1|clk[0] ; clk         ; 10.000       ; 1.451      ; 8.177      ;
; 3.182  ; fc_w:u_fc_w|altsyncram:altsyncram_component|altsyncram_bak1:auto_generated|ram_block1a5~porta_address_reg0       ; acc[63]            ; u_pll|altpll_component|auto_generated|pll1|clk[0] ; clk         ; 10.000       ; 1.453      ; 8.178      ;
; 3.183  ; pool1:u_pool1|altsyncram:altsyncram_component|altsyncram_a9g1:auto_generated|ram_block1a14~porta_we_reg          ; acc[63]            ; u_pll|altpll_component|auto_generated|pll1|clk[0] ; clk         ; 10.000       ; 1.427      ; 8.151      ;
; 3.183  ; fc_w:u_fc_w|altsyncram:altsyncram_component|altsyncram_bak1:auto_generated|ram_block1a3~porta_address_reg0       ; acc[55]            ; u_pll|altpll_component|auto_generated|pll1|clk[0] ; clk         ; 10.000       ; 1.460      ; 8.184      ;
; 3.186  ; conv2_w:u_conv2w|altsyncram:altsyncram_component|altsyncram_2jk1:auto_generated|ram_block1a12~porta_address_reg0 ; acc[56]            ; u_pll|altpll_component|auto_generated|pll1|clk[0] ; clk         ; 10.000       ; 1.469      ; 8.190      ;
; 3.186  ; fc_w:u_fc_w|altsyncram:altsyncram_component|altsyncram_bak1:auto_generated|ram_block1a3~porta_address_reg0       ; acc[63]            ; u_pll|altpll_component|auto_generated|pll1|clk[0] ; clk         ; 10.000       ; 1.456      ; 8.177      ;
; 3.187  ; pool1:u_pool1|altsyncram:altsyncram_component|altsyncram_a9g1:auto_generated|ram_block1a10~porta_we_reg          ; acc[57]            ; u_pll|altpll_component|auto_generated|pll1|clk[0] ; clk         ; 10.000       ; 1.424      ; 8.144      ;
; 3.187  ; conv2_w:u_conv2w|altsyncram:altsyncram_component|altsyncram_2jk1:auto_generated|ram_block1a14~porta_address_reg0 ; acc[59]            ; u_pll|altpll_component|auto_generated|pll1|clk[0] ; clk         ; 10.000       ; 1.446      ; 8.166      ;
+--------+------------------------------------------------------------------------------------------------------------------+--------------------+---------------------------------------------------+-------------+--------------+------------+------------+


+---------------------------------------------------------------------------------------------------------------------------------------------------------+
; Fast 1200mV 0C Model Setup: 'uartWrite:u5|clock'                                                                                                        ;
+--------+------------------------------+------------------------------+--------------------+--------------------+--------------+------------+------------+
; Slack  ; From Node                    ; To Node                      ; Launch Clock       ; Latch Clock        ; Relationship ; Clock Skew ; Data Delay ;
+--------+------------------------------+------------------------------+--------------------+--------------------+--------------+------------+------------+
; -0.237 ; run                          ; uartWrite:u5|tx              ; clk                ; uartWrite:u5|clock ; 1.000        ; -0.123     ; 1.091      ;
; -0.185 ; uartWrite:u5|stt_tx.00001100 ; uartWrite:u5|tx              ; uartWrite:u5|clock ; uartWrite:u5|clock ; 1.000        ; -0.044     ; 1.128      ;
; -0.090 ; data_uart[4]                 ; uartWrite:u5|tx              ; clk                ; uartWrite:u5|clock ; 1.000        ; -0.120     ; 0.947      ;
; -0.090 ; uartWrite:u5|stt_tx.00000101 ; uartWrite:u5|tx              ; uartWrite:u5|clock ; uartWrite:u5|clock ; 1.000        ; -0.042     ; 1.035      ;
; -0.085 ; uartWrite:u5|stt_tx.00001001 ; uartWrite:u5|tx              ; uartWrite:u5|clock ; uartWrite:u5|clock ; 1.000        ; -0.042     ; 1.030      ;
; -0.080 ; uartWrite:u5|stt_tx.00000011 ; uartWrite:u5|tx              ; uartWrite:u5|clock ; uartWrite:u5|clock ; 1.000        ; -0.041     ; 1.026      ;
; -0.067 ; uartWrite:u5|stt_tx.00000100 ; uartWrite:u5|tx              ; uartWrite:u5|clock ; uartWrite:u5|clock ; 1.000        ; -0.041     ; 1.013      ;
; -0.066 ; uartWrite:u5|stt_tx.00000110 ; uartWrite:u5|tx              ; uartWrite:u5|clock ; uartWrite:u5|clock ; 1.000        ; -0.042     ; 1.011      ;
; -0.048 ; uartWrite:u5|tx              ; uartWrite:u5|tx              ; uartWrite:u5|clock ; uartWrite:u5|clock ; 1.000        ; -0.042     ; 0.993      ;
; -0.004 ; data_uart[2]                 ; uartWrite:u5|tx              ; clk                ; uartWrite:u5|clock ; 1.000        ; -0.119     ; 0.862      ;
; 0.009  ; data_uart[7]                 ; uartWrite:u5|tx              ; clk                ; uartWrite:u5|clock ; 1.000        ; -0.120     ; 0.848      ;
; 0.013  ; data_uart[3]                 ; uartWrite:u5|tx              ; clk                ; uartWrite:u5|clock ; 1.000        ; -0.120     ; 0.844      ;
; 0.019  ; data_uart[1]                 ; uartWrite:u5|tx              ; clk                ; uartWrite:u5|clock ; 1.000        ; -0.119     ; 0.839      ;
; 0.062  ; uartWrite:u5|stt_tx.00000111 ; uartWrite:u5|tx              ; uartWrite:u5|clock ; uartWrite:u5|clock ; 1.000        ; -0.042     ; 0.883      ;
; 0.072  ; run                          ; uartWrite:u5|stt_tx.00001001 ; clk                ; uartWrite:u5|clock ; 1.000        ; -0.123     ; 0.782      ;
; 0.072  ; run                          ; uartWrite:u5|stt_tx.00000001 ; clk                ; uartWrite:u5|clock ; 1.000        ; -0.124     ; 0.781      ;
; 0.072  ; run                          ; uartWrite:u5|stt_tx.00000010 ; clk                ; uartWrite:u5|clock ; 1.000        ; -0.124     ; 0.781      ;
; 0.072  ; run                          ; uartWrite:u5|stt_tx.00000011 ; clk                ; uartWrite:u5|clock ; 1.000        ; -0.124     ; 0.781      ;
; 0.072  ; run                          ; uartWrite:u5|stt_tx.00000100 ; clk                ; uartWrite:u5|clock ; 1.000        ; -0.124     ; 0.781      ;
; 0.074  ; run                          ; uartWrite:u5|stt_tx.00000111 ; clk                ; uartWrite:u5|clock ; 1.000        ; -0.123     ; 0.780      ;
; 0.075  ; run                          ; uartWrite:u5|stt_tx.00000110 ; clk                ; uartWrite:u5|clock ; 1.000        ; -0.123     ; 0.779      ;
; 0.076  ; run                          ; uartWrite:u5|stt_tx.00001011 ; clk                ; uartWrite:u5|clock ; 1.000        ; -0.123     ; 0.778      ;
; 0.076  ; run                          ; uartWrite:u5|stt_tx.00001010 ; clk                ; uartWrite:u5|clock ; 1.000        ; -0.123     ; 0.778      ;
; 0.077  ; run                          ; uartWrite:u5|stt_tx.00001000 ; clk                ; uartWrite:u5|clock ; 1.000        ; -0.123     ; 0.777      ;
; 0.077  ; run                          ; uartWrite:u5|stt_tx.00000101 ; clk                ; uartWrite:u5|clock ; 1.000        ; -0.123     ; 0.777      ;
; 0.082  ; run                          ; uartWrite:u5|stt_tx.00000000 ; clk                ; uartWrite:u5|clock ; 1.000        ; -0.123     ; 0.772      ;
; 0.091  ; uartWrite:u5|stt_tx.00001000 ; uartWrite:u5|tx              ; uartWrite:u5|clock ; uartWrite:u5|clock ; 1.000        ; -0.042     ; 0.854      ;
; 0.130  ; data_uart[0]                 ; uartWrite:u5|tx              ; clk                ; uartWrite:u5|clock ; 1.000        ; -0.120     ; 0.727      ;
; 0.143  ; data_uart[6]                 ; uartWrite:u5|tx              ; clk                ; uartWrite:u5|clock ; 1.000        ; -0.120     ; 0.714      ;
; 0.168  ; data_uart[5]                 ; uartWrite:u5|tx              ; clk                ; uartWrite:u5|clock ; 1.000        ; -0.120     ; 0.689      ;
; 0.223  ; run                          ; uartWrite:u5|stt_tx.00001100 ; clk                ; uartWrite:u5|clock ; 1.000        ; -0.120     ; 0.634      ;
; 0.223  ; run                          ; uartWrite:u5|fb              ; clk                ; uartWrite:u5|clock ; 1.000        ; -0.120     ; 0.634      ;
; 0.257  ; uartWrite:u5|stt_tx.00000010 ; uartWrite:u5|tx              ; uartWrite:u5|clock ; uartWrite:u5|clock ; 1.000        ; -0.041     ; 0.689      ;
; 0.291  ; uartWrite:u5|stt_tx.00001011 ; uartWrite:u5|stt_tx.00001100 ; uartWrite:u5|clock ; uartWrite:u5|clock ; 1.000        ; -0.039     ; 0.657      ;
; 0.291  ; uartWrite:u5|stt_tx.00001011 ; uartWrite:u5|fb              ; uartWrite:u5|clock ; uartWrite:u5|clock ; 1.000        ; -0.039     ; 0.657      ;
; 0.302  ; uartWrite:u5|stt_tx.00000000 ; uartWrite:u5|stt_tx.00000001 ; uartWrite:u5|clock ; uartWrite:u5|clock ; 1.000        ; -0.043     ; 0.642      ;
; 0.366  ; uartWrite:u5|stt_tx.00000111 ; uartWrite:u5|stt_tx.00001000 ; uartWrite:u5|clock ; uartWrite:u5|clock ; 1.000        ; -0.042     ; 0.579      ;
; 0.368  ; uartWrite:u5|stt_tx.00000000 ; uartWrite:u5|tx              ; uartWrite:u5|clock ; uartWrite:u5|clock ; 1.000        ; -0.042     ; 0.577      ;
; 0.406  ; uartWrite:u5|stt_tx.00000101 ; uartWrite:u5|stt_tx.00000110 ; uartWrite:u5|clock ; uartWrite:u5|clock ; 1.000        ; -0.042     ; 0.539      ;
; 0.409  ; uartWrite:u5|stt_tx.00001011 ; uartWrite:u5|tx              ; uartWrite:u5|clock ; uartWrite:u5|clock ; 1.000        ; -0.042     ; 0.536      ;
; 0.421  ; uartWrite:u5|stt_tx.00001010 ; uartWrite:u5|tx              ; uartWrite:u5|clock ; uartWrite:u5|clock ; 1.000        ; -0.042     ; 0.524      ;
; 0.424  ; uartWrite:u5|stt_tx.00000010 ; uartWrite:u5|stt_tx.00000011 ; uartWrite:u5|clock ; uartWrite:u5|clock ; 1.000        ; -0.042     ; 0.521      ;
; 0.429  ; uartWrite:u5|stt_tx.00000011 ; uartWrite:u5|stt_tx.00000100 ; uartWrite:u5|clock ; uartWrite:u5|clock ; 1.000        ; -0.042     ; 0.516      ;
; 0.436  ; uartWrite:u5|stt_tx.00000001 ; uartWrite:u5|stt_tx.00000010 ; uartWrite:u5|clock ; uartWrite:u5|clock ; 1.000        ; -0.042     ; 0.509      ;
; 0.489  ; uartWrite:u5|stt_tx.00000100 ; uartWrite:u5|stt_tx.00000101 ; uartWrite:u5|clock ; uartWrite:u5|clock ; 1.000        ; -0.041     ; 0.457      ;
; 0.562  ; uartWrite:u5|stt_tx.00001000 ; uartWrite:u5|stt_tx.00001001 ; uartWrite:u5|clock ; uartWrite:u5|clock ; 1.000        ; -0.042     ; 0.383      ;
; 0.563  ; uartWrite:u5|stt_tx.00001001 ; uartWrite:u5|stt_tx.00001010 ; uartWrite:u5|clock ; uartWrite:u5|clock ; 1.000        ; -0.042     ; 0.382      ;
; 0.565  ; uartWrite:u5|stt_tx.00000110 ; uartWrite:u5|stt_tx.00000111 ; uartWrite:u5|clock ; uartWrite:u5|clock ; 1.000        ; -0.042     ; 0.380      ;
; 0.567  ; uartWrite:u5|stt_tx.00001010 ; uartWrite:u5|stt_tx.00001011 ; uartWrite:u5|clock ; uartWrite:u5|clock ; 1.000        ; -0.042     ; 0.378      ;
; 0.596  ; uartWrite:u5|stt_tx.00001100 ; uartWrite:u5|stt_tx.00001100 ; uartWrite:u5|clock ; uartWrite:u5|clock ; 1.000        ; -0.041     ; 0.350      ;
; 0.596  ; uartWrite:u5|fb              ; uartWrite:u5|fb              ; uartWrite:u5|clock ; uartWrite:u5|clock ; 1.000        ; -0.041     ; 0.350      ;
+--------+------------------------------+------------------------------+--------------------+--------------------+--------------+------------+------------+


+----------------------------------------------------------------------------------------------------------------------------------------------------------------------------------------------------------------------------------------------------------------+
; Fast 1200mV 0C Model Setup: 'u_pll|altpll_component|auto_generated|pll1|clk[0]'                                                                                                                                                                                ;
+-------+--------------------+-----------------------------------------------------------------------------------------------------------------------+--------------+---------------------------------------------------+--------------+------------+------------+
; Slack ; From Node          ; To Node                                                                                                               ; Launch Clock ; Latch Clock                                       ; Relationship ; Clock Skew ; Data Delay ;
+-------+--------------------+-----------------------------------------------------------------------------------------------------------------------+--------------+---------------------------------------------------+--------------+------------+------------+
; 5.470 ; wren_img_conv1     ; img_conv1:u_img_conv1|altsyncram:altsyncram_component|altsyncram_i5i1:auto_generated|ram_block1a21~porta_we_reg       ; clk          ; u_pll|altpll_component|auto_generated|pll1|clk[0] ; 10.000       ; -1.605     ; 2.884      ;
; 5.476 ; wren_img_conv1     ; img_conv1:u_img_conv1|altsyncram:altsyncram_component|altsyncram_i5i1:auto_generated|ram_block1a24~porta_we_reg       ; clk          ; u_pll|altpll_component|auto_generated|pll1|clk[0] ; 10.000       ; -1.605     ; 2.878      ;
; 5.650 ; wren_img_conv1     ; img_conv1:u_img_conv1|altsyncram:altsyncram_component|altsyncram_i5i1:auto_generated|ram_block1a15~porta_we_reg       ; clk          ; u_pll|altpll_component|auto_generated|pll1|clk[0] ; 10.000       ; -1.614     ; 2.695      ;
; 5.663 ; wren_img_conv1     ; img_conv1:u_img_conv1|altsyncram:altsyncram_component|altsyncram_i5i1:auto_generated|ram_block1a22~porta_we_reg       ; clk          ; u_pll|altpll_component|auto_generated|pll1|clk[0] ; 10.000       ; -1.614     ; 2.682      ;
; 5.663 ; wren_img_conv1     ; img_conv1:u_img_conv1|altsyncram:altsyncram_component|altsyncram_i5i1:auto_generated|ram_block1a25~porta_we_reg       ; clk          ; u_pll|altpll_component|auto_generated|pll1|clk[0] ; 10.000       ; -1.615     ; 2.681      ;
; 5.836 ; wren_img_conv1     ; img_conv1:u_img_conv1|altsyncram:altsyncram_component|altsyncram_i5i1:auto_generated|ram_block1a19~porta_we_reg       ; clk          ; u_pll|altpll_component|auto_generated|pll1|clk[0] ; 10.000       ; -1.616     ; 2.507      ;
; 5.849 ; addr_img_conv1[0]  ; img_conv1:u_img_conv1|altsyncram:altsyncram_component|altsyncram_i5i1:auto_generated|ram_block1a27~porta_address_reg0 ; clk          ; u_pll|altpll_component|auto_generated|pll1|clk[0] ; 10.000       ; -1.595     ; 2.515      ;
; 5.876 ; addr_img_conv1[3]  ; img_conv1:u_img_conv1|altsyncram:altsyncram_component|altsyncram_i5i1:auto_generated|ram_block1a21~porta_address_reg0 ; clk          ; u_pll|altpll_component|auto_generated|pll1|clk[0] ; 10.000       ; -1.607     ; 2.476      ;
; 5.885 ; addr_img_conv1[3]  ; img_conv1:u_img_conv1|altsyncram:altsyncram_component|altsyncram_i5i1:auto_generated|ram_block1a24~porta_address_reg0 ; clk          ; u_pll|altpll_component|auto_generated|pll1|clk[0] ; 10.000       ; -1.607     ; 2.467      ;
; 5.950 ; addr_img_conv1[2]  ; img_conv1:u_img_conv1|altsyncram:altsyncram_component|altsyncram_i5i1:auto_generated|ram_block1a21~porta_address_reg0 ; clk          ; u_pll|altpll_component|auto_generated|pll1|clk[0] ; 10.000       ; -1.607     ; 2.402      ;
; 5.957 ; addr_img_conv1[2]  ; img_conv1:u_img_conv1|altsyncram:altsyncram_component|altsyncram_i5i1:auto_generated|ram_block1a24~porta_address_reg0 ; clk          ; u_pll|altpll_component|auto_generated|pll1|clk[0] ; 10.000       ; -1.607     ; 2.395      ;
; 5.995 ; wren_img_conv1     ; img_conv1:u_img_conv1|altsyncram:altsyncram_component|altsyncram_i5i1:auto_generated|ram_block1a20~porta_we_reg       ; clk          ; u_pll|altpll_component|auto_generated|pll1|clk[0] ; 10.000       ; -1.618     ; 2.346      ;
; 6.010 ; wren_img_conv1     ; img_conv1:u_img_conv1|altsyncram:altsyncram_component|altsyncram_i5i1:auto_generated|ram_block1a31~porta_we_reg       ; clk          ; u_pll|altpll_component|auto_generated|pll1|clk[0] ; 10.000       ; -1.620     ; 2.329      ;
; 6.020 ; addr_img_conv1[0]  ; img_conv1:u_img_conv1|altsyncram:altsyncram_component|altsyncram_i5i1:auto_generated|ram_block1a21~porta_address_reg0 ; clk          ; u_pll|altpll_component|auto_generated|pll1|clk[0] ; 10.000       ; -1.607     ; 2.332      ;
; 6.021 ; wren_img_conv1     ; img_conv1:u_img_conv1|altsyncram:altsyncram_component|altsyncram_i5i1:auto_generated|ram_block1a16~porta_we_reg       ; clk          ; u_pll|altpll_component|auto_generated|pll1|clk[0] ; 10.000       ; -1.617     ; 2.321      ;
; 6.025 ; wren_img_conv1     ; img_conv1:u_img_conv1|altsyncram:altsyncram_component|altsyncram_i5i1:auto_generated|ram_block1a23~porta_we_reg       ; clk          ; u_pll|altpll_component|auto_generated|pll1|clk[0] ; 10.000       ; -1.623     ; 2.311      ;
; 6.038 ; addr_img_conv1[0]  ; img_conv1:u_img_conv1|altsyncram:altsyncram_component|altsyncram_i5i1:auto_generated|ram_block1a30~porta_address_reg0 ; clk          ; u_pll|altpll_component|auto_generated|pll1|clk[0] ; 10.000       ; -1.605     ; 2.316      ;
; 6.044 ; addr_img_conv1[0]  ; img_conv1:u_img_conv1|altsyncram:altsyncram_component|altsyncram_i5i1:auto_generated|ram_block1a3~porta_address_reg0  ; clk          ; u_pll|altpll_component|auto_generated|pll1|clk[0] ; 10.000       ; -1.604     ; 2.311      ;
; 6.063 ; addr_img_conv1[0]  ; img_conv1:u_img_conv1|altsyncram:altsyncram_component|altsyncram_i5i1:auto_generated|ram_block1a13~porta_address_reg0 ; clk          ; u_pll|altpll_component|auto_generated|pll1|clk[0] ; 10.000       ; -1.604     ; 2.292      ;
; 6.069 ; addr_img_conv1[0]  ; img_conv1:u_img_conv1|altsyncram:altsyncram_component|altsyncram_i5i1:auto_generated|ram_block1a11~porta_address_reg0 ; clk          ; u_pll|altpll_component|auto_generated|pll1|clk[0] ; 10.000       ; -1.605     ; 2.285      ;
; 6.084 ; addr_img_conv1[3]  ; img_conv1:u_img_conv1|altsyncram:altsyncram_component|altsyncram_i5i1:auto_generated|ram_block1a15~porta_address_reg0 ; clk          ; u_pll|altpll_component|auto_generated|pll1|clk[0] ; 10.000       ; -1.616     ; 2.259      ;
; 6.085 ; addr_img_conv1[3]  ; img_conv1:u_img_conv1|altsyncram:altsyncram_component|altsyncram_i5i1:auto_generated|ram_block1a22~porta_address_reg0 ; clk          ; u_pll|altpll_component|auto_generated|pll1|clk[0] ; 10.000       ; -1.616     ; 2.258      ;
; 6.088 ; addr_img_conv1[2]  ; img_conv1:u_img_conv1|altsyncram:altsyncram_component|altsyncram_i5i1:auto_generated|ram_block1a17~porta_address_reg0 ; clk          ; u_pll|altpll_component|auto_generated|pll1|clk[0] ; 10.000       ; -1.595     ; 2.276      ;
; 6.094 ; addr_img_conv1[3]  ; img_conv1:u_img_conv1|altsyncram:altsyncram_component|altsyncram_i5i1:auto_generated|ram_block1a19~porta_address_reg0 ; clk          ; u_pll|altpll_component|auto_generated|pll1|clk[0] ; 10.000       ; -1.618     ; 2.247      ;
; 6.095 ; addr_img_conv1[3]  ; img_conv1:u_img_conv1|altsyncram:altsyncram_component|altsyncram_i5i1:auto_generated|ram_block1a25~porta_address_reg0 ; clk          ; u_pll|altpll_component|auto_generated|pll1|clk[0] ; 10.000       ; -1.617     ; 2.247      ;
; 6.100 ; addr_img_conv1[2]  ; img_conv1:u_img_conv1|altsyncram:altsyncram_component|altsyncram_i5i1:auto_generated|ram_block1a27~porta_address_reg0 ; clk          ; u_pll|altpll_component|auto_generated|pll1|clk[0] ; 10.000       ; -1.595     ; 2.264      ;
; 6.148 ; addr_img_conv1[2]  ; img_conv1:u_img_conv1|altsyncram:altsyncram_component|altsyncram_i5i1:auto_generated|ram_block1a15~porta_address_reg0 ; clk          ; u_pll|altpll_component|auto_generated|pll1|clk[0] ; 10.000       ; -1.616     ; 2.195      ;
; 6.149 ; addr_img_conv1[2]  ; img_conv1:u_img_conv1|altsyncram:altsyncram_component|altsyncram_i5i1:auto_generated|ram_block1a22~porta_address_reg0 ; clk          ; u_pll|altpll_component|auto_generated|pll1|clk[0] ; 10.000       ; -1.616     ; 2.194      ;
; 6.154 ; addr_img_conv1[0]  ; img_conv1:u_img_conv1|altsyncram:altsyncram_component|altsyncram_i5i1:auto_generated|ram_block1a15~porta_address_reg0 ; clk          ; u_pll|altpll_component|auto_generated|pll1|clk[0] ; 10.000       ; -1.616     ; 2.189      ;
; 6.155 ; addr_img_conv1[1]  ; img_conv1:u_img_conv1|altsyncram:altsyncram_component|altsyncram_i5i1:auto_generated|ram_block1a21~porta_address_reg0 ; clk          ; u_pll|altpll_component|auto_generated|pll1|clk[0] ; 10.000       ; -1.607     ; 2.197      ;
; 6.156 ; addr_img_conv1[11] ; img_conv1:u_img_conv1|altsyncram:altsyncram_component|altsyncram_i5i1:auto_generated|ram_block1a21~porta_address_reg0 ; clk          ; u_pll|altpll_component|auto_generated|pll1|clk[0] ; 10.000       ; -1.597     ; 2.206      ;
; 6.156 ; addr_img_conv1[11] ; img_conv1:u_img_conv1|altsyncram:altsyncram_component|altsyncram_i5i1:auto_generated|ram_block1a24~porta_address_reg0 ; clk          ; u_pll|altpll_component|auto_generated|pll1|clk[0] ; 10.000       ; -1.597     ; 2.206      ;
; 6.160 ; addr_img_conv1[2]  ; img_conv1:u_img_conv1|altsyncram:altsyncram_component|altsyncram_i5i1:auto_generated|ram_block1a25~porta_address_reg0 ; clk          ; u_pll|altpll_component|auto_generated|pll1|clk[0] ; 10.000       ; -1.617     ; 2.182      ;
; 6.163 ; addr_img_conv1[0]  ; img_conv1:u_img_conv1|altsyncram:altsyncram_component|altsyncram_i5i1:auto_generated|ram_block1a24~porta_address_reg0 ; clk          ; u_pll|altpll_component|auto_generated|pll1|clk[0] ; 10.000       ; -1.607     ; 2.189      ;
; 6.170 ; addr_img_conv1[0]  ; img_conv1:u_img_conv1|altsyncram:altsyncram_component|altsyncram_i5i1:auto_generated|ram_block1a22~porta_address_reg0 ; clk          ; u_pll|altpll_component|auto_generated|pll1|clk[0] ; 10.000       ; -1.616     ; 2.173      ;
; 6.172 ; addr_img_conv1[11] ; img_conv1:u_img_conv1|altsyncram:altsyncram_component|altsyncram_i5i1:auto_generated|ram_block1a22~porta_address_reg0 ; clk          ; u_pll|altpll_component|auto_generated|pll1|clk[0] ; 10.000       ; -1.606     ; 2.181      ;
; 6.176 ; addr_img_conv1[0]  ; img_conv1:u_img_conv1|altsyncram:altsyncram_component|altsyncram_i5i1:auto_generated|ram_block1a25~porta_address_reg0 ; clk          ; u_pll|altpll_component|auto_generated|pll1|clk[0] ; 10.000       ; -1.617     ; 2.166      ;
; 6.207 ; addr_img_conv1[9]  ; img_conv1:u_img_conv1|altsyncram:altsyncram_component|altsyncram_i5i1:auto_generated|ram_block1a21~porta_address_reg0 ; clk          ; u_pll|altpll_component|auto_generated|pll1|clk[0] ; 10.000       ; -1.597     ; 2.155      ;
; 6.208 ; addr_img_conv1[3]  ; img_conv1:u_img_conv1|altsyncram:altsyncram_component|altsyncram_i5i1:auto_generated|ram_block1a27~porta_address_reg0 ; clk          ; u_pll|altpll_component|auto_generated|pll1|clk[0] ; 10.000       ; -1.595     ; 2.156      ;
; 6.213 ; addr_img_conv1[3]  ; img_conv1:u_img_conv1|altsyncram:altsyncram_component|altsyncram_i5i1:auto_generated|ram_block1a17~porta_address_reg0 ; clk          ; u_pll|altpll_component|auto_generated|pll1|clk[0] ; 10.000       ; -1.595     ; 2.151      ;
; 6.226 ; addr_img_conv1[3]  ; img_conv1:u_img_conv1|altsyncram:altsyncram_component|altsyncram_i5i1:auto_generated|ram_block1a11~porta_address_reg0 ; clk          ; u_pll|altpll_component|auto_generated|pll1|clk[0] ; 10.000       ; -1.605     ; 2.128      ;
; 6.227 ; addr_img_conv1[9]  ; img_conv1:u_img_conv1|altsyncram:altsyncram_component|altsyncram_i5i1:auto_generated|ram_block1a24~porta_address_reg0 ; clk          ; u_pll|altpll_component|auto_generated|pll1|clk[0] ; 10.000       ; -1.597     ; 2.135      ;
; 6.246 ; addr_img_conv1[0]  ; img_conv1:u_img_conv1|altsyncram:altsyncram_component|altsyncram_i5i1:auto_generated|ram_block1a4~porta_address_reg0  ; clk          ; u_pll|altpll_component|auto_generated|pll1|clk[0] ; 10.000       ; -1.610     ; 2.103      ;
; 6.253 ; addr_img_conv1[0]  ; img_conv1:u_img_conv1|altsyncram:altsyncram_component|altsyncram_i5i1:auto_generated|ram_block1a12~porta_address_reg0 ; clk          ; u_pll|altpll_component|auto_generated|pll1|clk[0] ; 10.000       ; -1.607     ; 2.099      ;
; 6.261 ; addr_img_conv1[2]  ; img_conv1:u_img_conv1|altsyncram:altsyncram_component|altsyncram_i5i1:auto_generated|ram_block1a11~porta_address_reg0 ; clk          ; u_pll|altpll_component|auto_generated|pll1|clk[0] ; 10.000       ; -1.605     ; 2.093      ;
; 6.265 ; addr_img_conv1[2]  ; img_conv1:u_img_conv1|altsyncram:altsyncram_component|altsyncram_i5i1:auto_generated|ram_block1a13~porta_address_reg0 ; clk          ; u_pll|altpll_component|auto_generated|pll1|clk[0] ; 10.000       ; -1.604     ; 2.090      ;
; 6.265 ; addr_img_conv1[3]  ; img_conv1:u_img_conv1|altsyncram:altsyncram_component|altsyncram_i5i1:auto_generated|ram_block1a13~porta_address_reg0 ; clk          ; u_pll|altpll_component|auto_generated|pll1|clk[0] ; 10.000       ; -1.604     ; 2.090      ;
; 6.282 ; addr_img_conv1[2]  ; img_conv1:u_img_conv1|altsyncram:altsyncram_component|altsyncram_i5i1:auto_generated|ram_block1a3~porta_address_reg0  ; clk          ; u_pll|altpll_component|auto_generated|pll1|clk[0] ; 10.000       ; -1.604     ; 2.073      ;
; 6.295 ; addr_img_conv1[3]  ; img_conv1:u_img_conv1|altsyncram:altsyncram_component|altsyncram_i5i1:auto_generated|ram_block1a16~porta_address_reg0 ; clk          ; u_pll|altpll_component|auto_generated|pll1|clk[0] ; 10.000       ; -1.619     ; 2.045      ;
; 6.295 ; addr_img_conv1[3]  ; img_conv1:u_img_conv1|altsyncram:altsyncram_component|altsyncram_i5i1:auto_generated|ram_block1a20~porta_address_reg0 ; clk          ; u_pll|altpll_component|auto_generated|pll1|clk[0] ; 10.000       ; -1.620     ; 2.044      ;
; 6.303 ; addr_img_conv1[3]  ; img_conv1:u_img_conv1|altsyncram:altsyncram_component|altsyncram_i5i1:auto_generated|ram_block1a31~porta_address_reg0 ; clk          ; u_pll|altpll_component|auto_generated|pll1|clk[0] ; 10.000       ; -1.622     ; 2.034      ;
; 6.307 ; addr_img_conv1[2]  ; img_conv1:u_img_conv1|altsyncram:altsyncram_component|altsyncram_i5i1:auto_generated|ram_block1a30~porta_address_reg0 ; clk          ; u_pll|altpll_component|auto_generated|pll1|clk[0] ; 10.000       ; -1.605     ; 2.047      ;
; 6.313 ; addr_img_conv1[1]  ; img_conv1:u_img_conv1|altsyncram:altsyncram_component|altsyncram_i5i1:auto_generated|ram_block1a15~porta_address_reg0 ; clk          ; u_pll|altpll_component|auto_generated|pll1|clk[0] ; 10.000       ; -1.616     ; 2.030      ;
; 6.314 ; addr_img_conv1[1]  ; img_conv1:u_img_conv1|altsyncram:altsyncram_component|altsyncram_i5i1:auto_generated|ram_block1a22~porta_address_reg0 ; clk          ; u_pll|altpll_component|auto_generated|pll1|clk[0] ; 10.000       ; -1.616     ; 2.029      ;
; 6.327 ; addr_img_conv1[7]  ; img_conv1:u_img_conv1|altsyncram:altsyncram_component|altsyncram_i5i1:auto_generated|ram_block1a21~porta_address_reg0 ; clk          ; u_pll|altpll_component|auto_generated|pll1|clk[0] ; 10.000       ; -1.597     ; 2.035      ;
; 6.327 ; addr_img_conv1[6]  ; img_conv1:u_img_conv1|altsyncram:altsyncram_component|altsyncram_i5i1:auto_generated|ram_block1a21~porta_address_reg0 ; clk          ; u_pll|altpll_component|auto_generated|pll1|clk[0] ; 10.000       ; -1.607     ; 2.025      ;
; 6.328 ; addr_img_conv1[1]  ; img_conv1:u_img_conv1|altsyncram:altsyncram_component|altsyncram_i5i1:auto_generated|ram_block1a24~porta_address_reg0 ; clk          ; u_pll|altpll_component|auto_generated|pll1|clk[0] ; 10.000       ; -1.607     ; 2.024      ;
; 6.332 ; addr_img_conv1[6]  ; img_conv1:u_img_conv1|altsyncram:altsyncram_component|altsyncram_i5i1:auto_generated|ram_block1a24~porta_address_reg0 ; clk          ; u_pll|altpll_component|auto_generated|pll1|clk[0] ; 10.000       ; -1.607     ; 2.020      ;
; 6.334 ; addr_img_conv1[1]  ; img_conv1:u_img_conv1|altsyncram:altsyncram_component|altsyncram_i5i1:auto_generated|ram_block1a25~porta_address_reg0 ; clk          ; u_pll|altpll_component|auto_generated|pll1|clk[0] ; 10.000       ; -1.617     ; 2.008      ;
; 6.336 ; addr_img_conv1[2]  ; img_conv1:u_img_conv1|altsyncram:altsyncram_component|altsyncram_i5i1:auto_generated|ram_block1a16~porta_address_reg0 ; clk          ; u_pll|altpll_component|auto_generated|pll1|clk[0] ; 10.000       ; -1.619     ; 2.004      ;
; 6.349 ; addr_img_conv1[11] ; img_conv1:u_img_conv1|altsyncram:altsyncram_component|altsyncram_i5i1:auto_generated|ram_block1a15~porta_address_reg0 ; clk          ; u_pll|altpll_component|auto_generated|pll1|clk[0] ; 10.000       ; -1.606     ; 2.004      ;
; 6.351 ; addr_img_conv1[11] ; img_conv1:u_img_conv1|altsyncram:altsyncram_component|altsyncram_i5i1:auto_generated|ram_block1a25~porta_address_reg0 ; clk          ; u_pll|altpll_component|auto_generated|pll1|clk[0] ; 10.000       ; -1.607     ; 2.001      ;
; 6.351 ; addr_img_conv1[1]  ; img_conv1:u_img_conv1|altsyncram:altsyncram_component|altsyncram_i5i1:auto_generated|ram_block1a17~porta_address_reg0 ; clk          ; u_pll|altpll_component|auto_generated|pll1|clk[0] ; 10.000       ; -1.595     ; 2.013      ;
; 6.355 ; addr_img_conv1[3]  ; img_conv1:u_img_conv1|altsyncram:altsyncram_component|altsyncram_i5i1:auto_generated|ram_block1a23~porta_address_reg0 ; clk          ; u_pll|altpll_component|auto_generated|pll1|clk[0] ; 10.000       ; -1.625     ; 1.979      ;
; 6.358 ; addr_img_conv1[2]  ; img_conv1:u_img_conv1|altsyncram:altsyncram_component|altsyncram_i5i1:auto_generated|ram_block1a19~porta_address_reg0 ; clk          ; u_pll|altpll_component|auto_generated|pll1|clk[0] ; 10.000       ; -1.618     ; 1.983      ;
; 6.365 ; addr_img_conv1[11] ; img_conv1:u_img_conv1|altsyncram:altsyncram_component|altsyncram_i5i1:auto_generated|ram_block1a19~porta_address_reg0 ; clk          ; u_pll|altpll_component|auto_generated|pll1|clk[0] ; 10.000       ; -1.608     ; 1.986      ;
; 6.369 ; wren_img_conv1     ; img_conv1:u_img_conv1|altsyncram:altsyncram_component|altsyncram_i5i1:auto_generated|ram_block1a13~porta_we_reg       ; clk          ; u_pll|altpll_component|auto_generated|pll1|clk[0] ; 10.000       ; -1.602     ; 1.988      ;
; 6.369 ; addr_img_conv1[2]  ; img_conv1:u_img_conv1|altsyncram:altsyncram_component|altsyncram_i5i1:auto_generated|ram_block1a14~porta_address_reg0 ; clk          ; u_pll|altpll_component|auto_generated|pll1|clk[0] ; 10.000       ; -1.628     ; 1.962      ;
; 6.372 ; addr_conv2w[11]    ; conv2_w:u_conv2w|altsyncram:altsyncram_component|altsyncram_2jk1:auto_generated|ram_block1a8~porta_address_reg0       ; clk          ; u_pll|altpll_component|auto_generated|pll1|clk[0] ; 10.000       ; -1.615     ; 1.972      ;
; 6.373 ; wren_img_conv1     ; img_conv1:u_img_conv1|altsyncram:altsyncram_component|altsyncram_i5i1:auto_generated|ram_block1a14~porta_we_reg       ; clk          ; u_pll|altpll_component|auto_generated|pll1|clk[0] ; 10.000       ; -1.626     ; 1.960      ;
; 6.378 ; addr_conv2w[9]     ; conv2_w:u_conv2w|altsyncram:altsyncram_component|altsyncram_2jk1:auto_generated|ram_block1a2~porta_address_reg0       ; clk          ; u_pll|altpll_component|auto_generated|pll1|clk[0] ; 10.000       ; -1.613     ; 1.968      ;
; 6.380 ; addr_conv2w[11]    ; conv2_w:u_conv2w|altsyncram:altsyncram_component|altsyncram_2jk1:auto_generated|ram_block1a2~porta_address_reg0       ; clk          ; u_pll|altpll_component|auto_generated|pll1|clk[0] ; 10.000       ; -1.613     ; 1.966      ;
; 6.383 ; addr_img_conv1[0]  ; img_conv1:u_img_conv1|altsyncram:altsyncram_component|altsyncram_i5i1:auto_generated|ram_block1a16~porta_address_reg0 ; clk          ; u_pll|altpll_component|auto_generated|pll1|clk[0] ; 10.000       ; -1.619     ; 1.957      ;
; 6.388 ; addr_conv2w[9]     ; conv2_w:u_conv2w|altsyncram:altsyncram_component|altsyncram_2jk1:auto_generated|ram_block1a8~porta_address_reg0       ; clk          ; u_pll|altpll_component|auto_generated|pll1|clk[0] ; 10.000       ; -1.615     ; 1.956      ;
; 6.390 ; addr_img_conv1[10] ; img_conv1:u_img_conv1|altsyncram:altsyncram_component|altsyncram_i5i1:auto_generated|ram_block1a21~porta_address_reg0 ; clk          ; u_pll|altpll_component|auto_generated|pll1|clk[0] ; 10.000       ; -1.597     ; 1.972      ;
; 6.392 ; addr_img_conv1[0]  ; img_conv1:u_img_conv1|altsyncram:altsyncram_component|altsyncram_i5i1:auto_generated|ram_block1a20~porta_address_reg0 ; clk          ; u_pll|altpll_component|auto_generated|pll1|clk[0] ; 10.000       ; -1.620     ; 1.947      ;
; 6.394 ; addr_img_conv1[6]  ; img_conv1:u_img_conv1|altsyncram:altsyncram_component|altsyncram_i5i1:auto_generated|ram_block1a17~porta_address_reg0 ; clk          ; u_pll|altpll_component|auto_generated|pll1|clk[0] ; 10.000       ; -1.595     ; 1.970      ;
; 6.396 ; addr_img_conv1[0]  ; img_conv1:u_img_conv1|altsyncram:altsyncram_component|altsyncram_i5i1:auto_generated|ram_block1a19~porta_address_reg0 ; clk          ; u_pll|altpll_component|auto_generated|pll1|clk[0] ; 10.000       ; -1.618     ; 1.945      ;
; 6.398 ; addr_img_conv1[10] ; img_conv1:u_img_conv1|altsyncram:altsyncram_component|altsyncram_i5i1:auto_generated|ram_block1a24~porta_address_reg0 ; clk          ; u_pll|altpll_component|auto_generated|pll1|clk[0] ; 10.000       ; -1.597     ; 1.964      ;
; 6.400 ; addr_img_conv1[6]  ; img_conv1:u_img_conv1|altsyncram:altsyncram_component|altsyncram_i5i1:auto_generated|ram_block1a27~porta_address_reg0 ; clk          ; u_pll|altpll_component|auto_generated|pll1|clk[0] ; 10.000       ; -1.595     ; 1.964      ;
; 6.404 ; addr_img_conv1[9]  ; img_conv1:u_img_conv1|altsyncram:altsyncram_component|altsyncram_i5i1:auto_generated|ram_block1a25~porta_address_reg0 ; clk          ; u_pll|altpll_component|auto_generated|pll1|clk[0] ; 10.000       ; -1.607     ; 1.948      ;
; 6.405 ; addr_img_conv1[3]  ; img_conv1:u_img_conv1|altsyncram:altsyncram_component|altsyncram_i5i1:auto_generated|ram_block1a30~porta_address_reg0 ; clk          ; u_pll|altpll_component|auto_generated|pll1|clk[0] ; 10.000       ; -1.605     ; 1.949      ;
; 6.407 ; addr_img_conv1[12] ; img_conv1:u_img_conv1|altsyncram:altsyncram_component|altsyncram_i5i1:auto_generated|ram_block1a30~porta_address_reg0 ; clk          ; u_pll|altpll_component|auto_generated|pll1|clk[0] ; 10.000       ; -1.595     ; 1.957      ;
; 6.409 ; addr_img_conv1[3]  ; img_conv1:u_img_conv1|altsyncram:altsyncram_component|altsyncram_i5i1:auto_generated|ram_block1a3~porta_address_reg0  ; clk          ; u_pll|altpll_component|auto_generated|pll1|clk[0] ; 10.000       ; -1.604     ; 1.946      ;
; 6.412 ; addr_img_conv1[10] ; img_conv1:u_img_conv1|altsyncram:altsyncram_component|altsyncram_i5i1:auto_generated|ram_block1a22~porta_address_reg0 ; clk          ; u_pll|altpll_component|auto_generated|pll1|clk[0] ; 10.000       ; -1.606     ; 1.941      ;
; 6.414 ; addr_img_conv1[10] ; img_conv1:u_img_conv1|altsyncram:altsyncram_component|altsyncram_i5i1:auto_generated|ram_block1a15~porta_address_reg0 ; clk          ; u_pll|altpll_component|auto_generated|pll1|clk[0] ; 10.000       ; -1.606     ; 1.939      ;
; 6.422 ; addr_img_conv1[0]  ; img_conv1:u_img_conv1|altsyncram:altsyncram_component|altsyncram_i5i1:auto_generated|ram_block1a31~porta_address_reg0 ; clk          ; u_pll|altpll_component|auto_generated|pll1|clk[0] ; 10.000       ; -1.622     ; 1.915      ;
; 6.424 ; addr_img_conv1[9]  ; img_conv1:u_img_conv1|altsyncram:altsyncram_component|altsyncram_i5i1:auto_generated|ram_block1a19~porta_address_reg0 ; clk          ; u_pll|altpll_component|auto_generated|pll1|clk[0] ; 10.000       ; -1.608     ; 1.927      ;
; 6.424 ; addr_img_conv1[9]  ; img_conv1:u_img_conv1|altsyncram:altsyncram_component|altsyncram_i5i1:auto_generated|ram_block1a22~porta_address_reg0 ; clk          ; u_pll|altpll_component|auto_generated|pll1|clk[0] ; 10.000       ; -1.606     ; 1.929      ;
; 6.425 ; addr_img_conv1[3]  ; img_conv1:u_img_conv1|altsyncram:altsyncram_component|altsyncram_i5i1:auto_generated|ram_block1a4~porta_address_reg0  ; clk          ; u_pll|altpll_component|auto_generated|pll1|clk[0] ; 10.000       ; -1.610     ; 1.924      ;
; 6.432 ; addr_img_conv1[0]  ; img_conv1:u_img_conv1|altsyncram:altsyncram_component|altsyncram_i5i1:auto_generated|ram_block1a14~porta_address_reg0 ; clk          ; u_pll|altpll_component|auto_generated|pll1|clk[0] ; 10.000       ; -1.628     ; 1.899      ;
; 6.434 ; addr_img_conv1[2]  ; img_conv1:u_img_conv1|altsyncram:altsyncram_component|altsyncram_i5i1:auto_generated|ram_block1a20~porta_address_reg0 ; clk          ; u_pll|altpll_component|auto_generated|pll1|clk[0] ; 10.000       ; -1.620     ; 1.905      ;
; 6.437 ; addr_img_conv1[9]  ; img_conv1:u_img_conv1|altsyncram:altsyncram_component|altsyncram_i5i1:auto_generated|ram_block1a15~porta_address_reg0 ; clk          ; u_pll|altpll_component|auto_generated|pll1|clk[0] ; 10.000       ; -1.606     ; 1.916      ;
; 6.442 ; addr_img_conv1[2]  ; img_conv1:u_img_conv1|altsyncram:altsyncram_component|altsyncram_i5i1:auto_generated|ram_block1a31~porta_address_reg0 ; clk          ; u_pll|altpll_component|auto_generated|pll1|clk[0] ; 10.000       ; -1.622     ; 1.895      ;
; 6.444 ; wren_img_conv1     ; img_conv1:u_img_conv1|altsyncram:altsyncram_component|altsyncram_i5i1:auto_generated|ram_block1a28~porta_we_reg       ; clk          ; u_pll|altpll_component|auto_generated|pll1|clk[0] ; 10.000       ; -1.605     ; 1.910      ;
; 6.449 ; addr_img_conv1[3]  ; img_conv1:u_img_conv1|altsyncram:altsyncram_component|altsyncram_i5i1:auto_generated|ram_block1a12~porta_address_reg0 ; clk          ; u_pll|altpll_component|auto_generated|pll1|clk[0] ; 10.000       ; -1.607     ; 1.903      ;
; 6.455 ; addr_img_conv1[0]  ; img_conv1:u_img_conv1|altsyncram:altsyncram_component|altsyncram_i5i1:auto_generated|ram_block1a10~porta_address_reg0 ; clk          ; u_pll|altpll_component|auto_generated|pll1|clk[0] ; 10.000       ; -1.608     ; 1.896      ;
; 6.468 ; addr_img_conv1[2]  ; img_conv1:u_img_conv1|altsyncram:altsyncram_component|altsyncram_i5i1:auto_generated|ram_block1a10~porta_address_reg0 ; clk          ; u_pll|altpll_component|auto_generated|pll1|clk[0] ; 10.000       ; -1.608     ; 1.883      ;
; 6.470 ; addr_img_conv1[0]  ; img_conv1:u_img_conv1|altsyncram:altsyncram_component|altsyncram_i5i1:auto_generated|ram_block1a9~porta_address_reg0  ; clk          ; u_pll|altpll_component|auto_generated|pll1|clk[0] ; 10.000       ; -1.615     ; 1.874      ;
; 6.477 ; addr_img_conv1[4]  ; img_conv1:u_img_conv1|altsyncram:altsyncram_component|altsyncram_i5i1:auto_generated|ram_block1a13~porta_address_reg0 ; clk          ; u_pll|altpll_component|auto_generated|pll1|clk[0] ; 10.000       ; -1.604     ; 1.878      ;
+-------+--------------------+-----------------------------------------------------------------------------------------------------------------------+--------------+---------------------------------------------------+--------------+------------+------------+


+--------------------------------------------------------------------------------------------------------------------------------------------------------------------------------------------------------------------------------+
; Fast 1200mV 0C Model Hold: 'clk'                                                                                                                                                                                               ;
+-------+-----------------------------+--------------------------------------------------------------------------------------------------------------------+--------------+-------------+--------------+------------+------------+
; Slack ; From Node                   ; To Node                                                                                                            ; Launch Clock ; Latch Clock ; Relationship ; Clock Skew ; Data Delay ;
+-------+-----------------------------+--------------------------------------------------------------------------------------------------------------------+--------------+-------------+--------------+------------+------------+
; 0.136 ; data_w_uart_img[4]          ; ram_uart:u_ram_uart|altsyncram:altsyncram_component|altsyncram_off2:auto_generated|ram_block1a3~porta_datain_reg0  ; clk          ; clk         ; 0.000        ; 0.227      ; 0.467      ;
; 0.142 ; data_w_uart_img[3]          ; ram_uart:u_ram_uart|altsyncram:altsyncram_component|altsyncram_off2:auto_generated|ram_block1a3~porta_datain_reg0  ; clk          ; clk         ; 0.000        ; 0.227      ; 0.473      ;
; 0.147 ; data_w_uart_img[1]          ; ram_uart:u_ram_uart|altsyncram:altsyncram_component|altsyncram_off2:auto_generated|ram_block1a0~porta_datain_reg0  ; clk          ; clk         ; 0.000        ; 0.226      ; 0.477      ;
; 0.147 ; data_w_uart_img[6]          ; ram_uart:u_ram_uart|altsyncram:altsyncram_component|altsyncram_off2:auto_generated|ram_block1a3~porta_datain_reg0  ; clk          ; clk         ; 0.000        ; 0.227      ; 0.478      ;
; 0.149 ; data_w_uart_img[2]          ; ram_uart:u_ram_uart|altsyncram:altsyncram_component|altsyncram_off2:auto_generated|ram_block1a0~porta_datain_reg0  ; clk          ; clk         ; 0.000        ; 0.227      ; 0.480      ;
; 0.149 ; data_w_uart_img[5]          ; ram_uart:u_ram_uart|altsyncram:altsyncram_component|altsyncram_off2:auto_generated|ram_block1a3~porta_datain_reg0  ; clk          ; clk         ; 0.000        ; 0.227      ; 0.480      ;
; 0.157 ; addr_uart_img[9]            ; ram_uart:u_ram_uart|altsyncram:altsyncram_component|altsyncram_off2:auto_generated|ram_block1a3~porta_address_reg0 ; clk          ; clk         ; 0.000        ; 0.225      ; 0.486      ;
; 0.158 ; data_w_uart_img[7]          ; ram_uart:u_ram_uart|altsyncram:altsyncram_component|altsyncram_off2:auto_generated|ram_block1a3~porta_datain_reg0  ; clk          ; clk         ; 0.000        ; 0.227      ; 0.489      ;
; 0.161 ; addr_uart_img[5]            ; ram_uart:u_ram_uart|altsyncram:altsyncram_component|altsyncram_off2:auto_generated|ram_block1a0~porta_address_reg0 ; clk          ; clk         ; 0.000        ; 0.224      ; 0.489      ;
; 0.161 ; addr_uart_img[0]            ; ram_uart:u_ram_uart|altsyncram:altsyncram_component|altsyncram_off2:auto_generated|ram_block1a3~porta_address_reg0 ; clk          ; clk         ; 0.000        ; 0.225      ; 0.490      ;
; 0.161 ; addr_uart_img[1]            ; ram_uart:u_ram_uart|altsyncram:altsyncram_component|altsyncram_off2:auto_generated|ram_block1a3~porta_address_reg0 ; clk          ; clk         ; 0.000        ; 0.225      ; 0.490      ;
; 0.162 ; addr_uart_img[7]            ; ram_uart:u_ram_uart|altsyncram:altsyncram_component|altsyncram_off2:auto_generated|ram_block1a3~porta_address_reg0 ; clk          ; clk         ; 0.000        ; 0.225      ; 0.491      ;
; 0.174 ; addr_uart_img[3]            ; ram_uart:u_ram_uart|altsyncram:altsyncram_component|altsyncram_off2:auto_generated|ram_block1a0~porta_address_reg0 ; clk          ; clk         ; 0.000        ; 0.224      ; 0.502      ;
; 0.174 ; addr_uart_img[4]            ; ram_uart:u_ram_uart|altsyncram:altsyncram_component|altsyncram_off2:auto_generated|ram_block1a0~porta_address_reg0 ; clk          ; clk         ; 0.000        ; 0.224      ; 0.502      ;
; 0.174 ; addr_uart_img[8]            ; ram_uart:u_ram_uart|altsyncram:altsyncram_component|altsyncram_off2:auto_generated|ram_block1a0~porta_address_reg0 ; clk          ; clk         ; 0.000        ; 0.224      ; 0.502      ;
; 0.177 ; addr_uart_img[9]            ; ram_uart:u_ram_uart|altsyncram:altsyncram_component|altsyncram_off2:auto_generated|ram_block1a0~porta_address_reg0 ; clk          ; clk         ; 0.000        ; 0.224      ; 0.505      ;
; 0.180 ; best_digit[3]               ; best_digit[3]                                                                                                      ; clk          ; clk         ; 0.000        ; 0.043      ; 0.307      ;
; 0.180 ; best_digit[2]               ; best_digit[2]                                                                                                      ; clk          ; clk         ; 0.000        ; 0.043      ; 0.307      ;
; 0.180 ; best_digit[1]               ; best_digit[1]                                                                                                      ; clk          ; clk         ; 0.000        ; 0.043      ; 0.307      ;
; 0.180 ; best_digit[0]               ; best_digit[0]                                                                                                      ; clk          ; clk         ; 0.000        ; 0.043      ; 0.307      ;
; 0.180 ; row[3]                      ; row[3]                                                                                                             ; clk          ; clk         ; 0.000        ; 0.043      ; 0.307      ;
; 0.180 ; row[4]                      ; row[4]                                                                                                             ; clk          ; clk         ; 0.000        ; 0.043      ; 0.307      ;
; 0.180 ; row[2]                      ; row[2]                                                                                                             ; clk          ; clk         ; 0.000        ; 0.043      ; 0.307      ;
; 0.180 ; kh[1]                       ; kh[1]                                                                                                              ; clk          ; clk         ; 0.000        ; 0.043      ; 0.307      ;
; 0.180 ; kh[0]                       ; kh[0]                                                                                                              ; clk          ; clk         ; 0.000        ; 0.043      ; 0.307      ;
; 0.180 ; ic[1]                       ; ic[1]                                                                                                              ; clk          ; clk         ; 0.000        ; 0.043      ; 0.307      ;
; 0.180 ; ic[2]                       ; ic[2]                                                                                                              ; clk          ; clk         ; 0.000        ; 0.043      ; 0.307      ;
; 0.180 ; uartRead:read1|rx_shift[0]  ; uartRead:read1|rx_shift[0]                                                                                         ; clk          ; clk         ; 0.000        ; 0.043      ; 0.307      ;
; 0.180 ; uartRead:read1|rx_shift[1]  ; uartRead:read1|rx_shift[1]                                                                                         ; clk          ; clk         ; 0.000        ; 0.043      ; 0.307      ;
; 0.180 ; uartRead:read1|rx_shift[2]  ; uartRead:read1|rx_shift[2]                                                                                         ; clk          ; clk         ; 0.000        ; 0.043      ; 0.307      ;
; 0.180 ; uartRead:read1|rx_shift[3]  ; uartRead:read1|rx_shift[3]                                                                                         ; clk          ; clk         ; 0.000        ; 0.043      ; 0.307      ;
; 0.180 ; uartRead:read1|rx_shift[4]  ; uartRead:read1|rx_shift[4]                                                                                         ; clk          ; clk         ; 0.000        ; 0.043      ; 0.307      ;
; 0.180 ; uartRead:read1|rx_shift[5]  ; uartRead:read1|rx_shift[5]                                                                                         ; clk          ; clk         ; 0.000        ; 0.043      ; 0.307      ;
; 0.180 ; uartRead:read1|rx_shift[6]  ; uartRead:read1|rx_shift[6]                                                                                         ; clk          ; clk         ; 0.000        ; 0.043      ; 0.307      ;
; 0.180 ; uartRead:read1|rx_shift[7]  ; uartRead:read1|rx_shift[7]                                                                                         ; clk          ; clk         ; 0.000        ; 0.043      ; 0.307      ;
; 0.180 ; addr_uart_img[2]            ; ram_uart:u_ram_uart|altsyncram:altsyncram_component|altsyncram_off2:auto_generated|ram_block1a3~porta_address_reg0 ; clk          ; clk         ; 0.000        ; 0.225      ; 0.509      ;
; 0.180 ; uartRead:read1|bit_index[2] ; uartRead:read1|bit_index[2]                                                                                        ; clk          ; clk         ; 0.000        ; 0.043      ; 0.307      ;
; 0.181 ; stt_uart.00000              ; stt_uart.00000                                                                                                     ; clk          ; clk         ; 0.000        ; 0.042      ; 0.307      ;
; 0.181 ; stt_uart.00010              ; stt_uart.00010                                                                                                     ; clk          ; clk         ; 0.000        ; 0.042      ; 0.307      ;
; 0.181 ; addr_img_conv2[4]           ; addr_img_conv2[4]                                                                                                  ; clk          ; clk         ; 0.000        ; 0.042      ; 0.307      ;
; 0.181 ; addr_img_conv2[7]           ; addr_img_conv2[7]                                                                                                  ; clk          ; clk         ; 0.000        ; 0.042      ; 0.307      ;
; 0.181 ; kw[1]                       ; kw[1]                                                                                                              ; clk          ; clk         ; 0.000        ; 0.042      ; 0.307      ;
; 0.181 ; col[1]                      ; col[1]                                                                                                             ; clk          ; clk         ; 0.000        ; 0.042      ; 0.307      ;
; 0.181 ; col[2]                      ; col[2]                                                                                                             ; clk          ; clk         ; 0.000        ; 0.042      ; 0.307      ;
; 0.181 ; col[3]                      ; col[3]                                                                                                             ; clk          ; clk         ; 0.000        ; 0.042      ; 0.307      ;
; 0.181 ; col[0]                      ; col[0]                                                                                                             ; clk          ; clk         ; 0.000        ; 0.042      ; 0.307      ;
; 0.181 ; col[4]                      ; col[4]                                                                                                             ; clk          ; clk         ; 0.000        ; 0.042      ; 0.307      ;
; 0.181 ; uartRead:read1|state.START  ; uartRead:read1|state.START                                                                                         ; clk          ; clk         ; 0.000        ; 0.042      ; 0.307      ;
; 0.181 ; uartRead:read1|bit_index[0] ; uartRead:read1|bit_index[0]                                                                                        ; clk          ; clk         ; 0.000        ; 0.042      ; 0.307      ;
; 0.181 ; uartRead:read1|state.DATA   ; uartRead:read1|state.DATA                                                                                          ; clk          ; clk         ; 0.000        ; 0.042      ; 0.307      ;
; 0.181 ; uartRead:read1|bit_index[1] ; uartRead:read1|bit_index[1]                                                                                        ; clk          ; clk         ; 0.000        ; 0.042      ; 0.307      ;
; 0.181 ; wren_pool1                  ; wren_pool1                                                                                                         ; clk          ; clk         ; 0.000        ; 0.042      ; 0.307      ;
; 0.181 ; wren_pool2                  ; wren_pool2                                                                                                         ; clk          ; clk         ; 0.000        ; 0.042      ; 0.307      ;
; 0.181 ; wren_img_conv2              ; wren_img_conv2                                                                                                     ; clk          ; clk         ; 0.000        ; 0.042      ; 0.307      ;
; 0.181 ; wren_img_conv1              ; wren_img_conv1                                                                                                     ; clk          ; clk         ; 0.000        ; 0.042      ; 0.307      ;
; 0.181 ; ch[2]                       ; ch[2]                                                                                                              ; clk          ; clk         ; 0.000        ; 0.042      ; 0.307      ;
; 0.181 ; state.S_CONV2               ; state.S_CONV2                                                                                                      ; clk          ; clk         ; 0.000        ; 0.042      ; 0.307      ;
; 0.181 ; ch[3]                       ; ch[3]                                                                                                              ; clk          ; clk         ; 0.000        ; 0.042      ; 0.307      ;
; 0.181 ; ch[1]                       ; ch[1]                                                                                                              ; clk          ; clk         ; 0.000        ; 0.042      ; 0.307      ;
; 0.181 ; addr_fcw[0]                 ; addr_fcw[0]                                                                                                        ; clk          ; clk         ; 0.000        ; 0.042      ; 0.307      ;
; 0.181 ; done_uart_img               ; done_uart_img                                                                                                      ; clk          ; clk         ; 0.000        ; 0.042      ; 0.307      ;
; 0.181 ; state.S_DONE                ; state.S_DONE                                                                                                       ; clk          ; clk         ; 0.000        ; 0.042      ; 0.307      ;
; 0.181 ; state.S_CONV1               ; state.S_CONV1                                                                                                      ; clk          ; clk         ; 0.000        ; 0.042      ; 0.307      ;
; 0.181 ; state.S_ARGMAX              ; state.S_ARGMAX                                                                                                     ; clk          ; clk         ; 0.000        ; 0.042      ; 0.307      ;
; 0.181 ; state.S_UART                ; state.S_UART                                                                                                       ; clk          ; clk         ; 0.000        ; 0.042      ; 0.307      ;
; 0.181 ; state.S_IDLE                ; state.S_IDLE                                                                                                       ; clk          ; clk         ; 0.000        ; 0.042      ; 0.307      ;
; 0.181 ; done_detect                 ; done_detect                                                                                                        ; clk          ; clk         ; 0.000        ; 0.042      ; 0.307      ;
; 0.181 ; stt.00110                   ; stt.00110                                                                                                          ; clk          ; clk         ; 0.000        ; 0.042      ; 0.307      ;
; 0.181 ; stt.00100                   ; stt.00100                                                                                                          ; clk          ; clk         ; 0.000        ; 0.042      ; 0.307      ;
; 0.181 ; stt.00101                   ; stt.00101                                                                                                          ; clk          ; clk         ; 0.000        ; 0.042      ; 0.307      ;
; 0.181 ; i[0]                        ; i[0]                                                                                                               ; clk          ; clk         ; 0.000        ; 0.042      ; 0.307      ;
; 0.181 ; i[4]                        ; i[4]                                                                                                               ; clk          ; clk         ; 0.000        ; 0.042      ; 0.307      ;
; 0.181 ; i[7]                        ; i[7]                                                                                                               ; clk          ; clk         ; 0.000        ; 0.042      ; 0.307      ;
; 0.181 ; i[5]                        ; i[5]                                                                                                               ; clk          ; clk         ; 0.000        ; 0.042      ; 0.307      ;
; 0.181 ; i[8]                        ; i[8]                                                                                                               ; clk          ; clk         ; 0.000        ; 0.042      ; 0.307      ;
; 0.181 ; i[6]                        ; i[6]                                                                                                               ; clk          ; clk         ; 0.000        ; 0.042      ; 0.307      ;
; 0.181 ; cls[0]                      ; cls[0]                                                                                                             ; clk          ; clk         ; 0.000        ; 0.042      ; 0.307      ;
; 0.181 ; cls[1]                      ; cls[1]                                                                                                             ; clk          ; clk         ; 0.000        ; 0.042      ; 0.307      ;
; 0.181 ; cls[2]                      ; cls[2]                                                                                                             ; clk          ; clk         ; 0.000        ; 0.042      ; 0.307      ;
; 0.181 ; cls[3]                      ; cls[3]                                                                                                             ; clk          ; clk         ; 0.000        ; 0.042      ; 0.307      ;
; 0.182 ; stt_uart.00101              ; stt_uart.00101                                                                                                     ; clk          ; clk         ; 0.000        ; 0.041      ; 0.307      ;
; 0.182 ; stt_uart.00100              ; stt_uart.00100                                                                                                     ; clk          ; clk         ; 0.000        ; 0.041      ; 0.307      ;
; 0.182 ; stt_uart.00011              ; stt_uart.00011                                                                                                     ; clk          ; clk         ; 0.000        ; 0.041      ; 0.307      ;
; 0.182 ; uartRead:read1|state.STOP   ; uartRead:read1|state.STOP                                                                                          ; clk          ; clk         ; 0.000        ; 0.041      ; 0.307      ;
; 0.187 ; ic[0]                       ; ic[0]                                                                                                              ; clk          ; clk         ; 0.000        ; 0.043      ; 0.314      ;
; 0.187 ; uartRead:read1|rx_shift[0]  ; uartRead:read1|data[0]                                                                                             ; clk          ; clk         ; 0.000        ; 0.043      ; 0.314      ;
; 0.187 ; uartRead:read1|rx_shift[2]  ; uartRead:read1|data[2]                                                                                             ; clk          ; clk         ; 0.000        ; 0.043      ; 0.314      ;
; 0.187 ; uartRead:read1|rx_shift[3]  ; uartRead:read1|data[3]                                                                                             ; clk          ; clk         ; 0.000        ; 0.043      ; 0.314      ;
; 0.188 ; kw[0]                       ; kw[0]                                                                                                              ; clk          ; clk         ; 0.000        ; 0.042      ; 0.314      ;
; 0.188 ; ch[0]                       ; ch[0]                                                                                                              ; clk          ; clk         ; 0.000        ; 0.042      ; 0.314      ;
; 0.188 ; uartRead:read1|rx_shift[5]  ; uartRead:read1|data[5]                                                                                             ; clk          ; clk         ; 0.000        ; 0.043      ; 0.315      ;
; 0.188 ; state.S_POOL1               ; state.S_POOL1                                                                                                      ; clk          ; clk         ; 0.000        ; 0.042      ; 0.314      ;
; 0.188 ; state.S_POOL2               ; state.S_POOL2                                                                                                      ; clk          ; clk         ; 0.000        ; 0.042      ; 0.314      ;
; 0.189 ; score_rtl_0_bypass[24]      ; best_score[15]                                                                                                     ; clk          ; clk         ; 0.000        ; 0.041      ; 0.314      ;
; 0.189 ; uartRead:read1|rx_shift[4]  ; uartRead:read1|data[4]                                                                                             ; clk          ; clk         ; 0.000        ; 0.043      ; 0.316      ;
; 0.189 ; uartRead:read1|rx_shift[6]  ; uartRead:read1|data[6]                                                                                             ; clk          ; clk         ; 0.000        ; 0.043      ; 0.316      ;
; 0.189 ; uartRead:read1|rx_shift[7]  ; uartRead:read1|data[7]                                                                                             ; clk          ; clk         ; 0.000        ; 0.043      ; 0.316      ;
; 0.191 ; score_rtl_0_bypass[11]      ; best_score[2]                                                                                                      ; clk          ; clk         ; 0.000        ; 0.042      ; 0.317      ;
; 0.192 ; best_digit[0]               ; digit[0]                                                                                                           ; clk          ; clk         ; 0.000        ; 0.043      ; 0.319      ;
; 0.205 ; col[2]                      ; addr_img_conv2[6]                                                                                                  ; clk          ; clk         ; 0.000        ; 0.042      ; 0.331      ;
+-------+-----------------------------+--------------------------------------------------------------------------------------------------------------------+--------------+-------------+--------------+------------+------------+


+--------------------------------------------------------------------------------------------------------------------------------------------------------+
; Fast 1200mV 0C Model Hold: 'uartWrite:u5|clock'                                                                                                        ;
+-------+------------------------------+------------------------------+--------------------+--------------------+--------------+------------+------------+
; Slack ; From Node                    ; To Node                      ; Launch Clock       ; Latch Clock        ; Relationship ; Clock Skew ; Data Delay ;
+-------+------------------------------+------------------------------+--------------------+--------------------+--------------+------------+------------+
; 0.182 ; uartWrite:u5|stt_tx.00001100 ; uartWrite:u5|stt_tx.00001100 ; uartWrite:u5|clock ; uartWrite:u5|clock ; 0.000        ; 0.041      ; 0.307      ;
; 0.182 ; uartWrite:u5|fb              ; uartWrite:u5|fb              ; uartWrite:u5|clock ; uartWrite:u5|clock ; 0.000        ; 0.041      ; 0.307      ;
; 0.192 ; uartWrite:u5|stt_tx.00001010 ; uartWrite:u5|stt_tx.00001011 ; uartWrite:u5|clock ; uartWrite:u5|clock ; 0.000        ; 0.042      ; 0.318      ;
; 0.193 ; uartWrite:u5|stt_tx.00000110 ; uartWrite:u5|stt_tx.00000111 ; uartWrite:u5|clock ; uartWrite:u5|clock ; 0.000        ; 0.042      ; 0.319      ;
; 0.194 ; uartWrite:u5|stt_tx.00001001 ; uartWrite:u5|stt_tx.00001010 ; uartWrite:u5|clock ; uartWrite:u5|clock ; 0.000        ; 0.042      ; 0.320      ;
; 0.195 ; uartWrite:u5|stt_tx.00001000 ; uartWrite:u5|stt_tx.00001001 ; uartWrite:u5|clock ; uartWrite:u5|clock ; 0.000        ; 0.042      ; 0.321      ;
; 0.262 ; uartWrite:u5|stt_tx.00000100 ; uartWrite:u5|stt_tx.00000101 ; uartWrite:u5|clock ; uartWrite:u5|clock ; 0.000        ; 0.043      ; 0.389      ;
; 0.289 ; uartWrite:u5|stt_tx.00000001 ; uartWrite:u5|stt_tx.00000010 ; uartWrite:u5|clock ; uartWrite:u5|clock ; 0.000        ; 0.042      ; 0.415      ;
; 0.293 ; uartWrite:u5|stt_tx.00000011 ; uartWrite:u5|stt_tx.00000100 ; uartWrite:u5|clock ; uartWrite:u5|clock ; 0.000        ; 0.042      ; 0.419      ;
; 0.295 ; uartWrite:u5|stt_tx.00000101 ; uartWrite:u5|stt_tx.00000110 ; uartWrite:u5|clock ; uartWrite:u5|clock ; 0.000        ; 0.042      ; 0.421      ;
; 0.300 ; uartWrite:u5|stt_tx.00000010 ; uartWrite:u5|stt_tx.00000011 ; uartWrite:u5|clock ; uartWrite:u5|clock ; 0.000        ; 0.042      ; 0.426      ;
; 0.335 ; uartWrite:u5|stt_tx.00001010 ; uartWrite:u5|tx              ; uartWrite:u5|clock ; uartWrite:u5|clock ; 0.000        ; 0.042      ; 0.461      ;
; 0.342 ; uartWrite:u5|stt_tx.00001011 ; uartWrite:u5|tx              ; uartWrite:u5|clock ; uartWrite:u5|clock ; 0.000        ; 0.042      ; 0.468      ;
; 0.369 ; uartWrite:u5|stt_tx.00000111 ; uartWrite:u5|stt_tx.00001000 ; uartWrite:u5|clock ; uartWrite:u5|clock ; 0.000        ; 0.042      ; 0.495      ;
; 0.398 ; uartWrite:u5|stt_tx.00000000 ; uartWrite:u5|tx              ; uartWrite:u5|clock ; uartWrite:u5|clock ; 0.000        ; 0.042      ; 0.524      ;
; 0.402 ; run                          ; uartWrite:u5|stt_tx.00001100 ; clk                ; uartWrite:u5|clock ; 0.000        ; 0.015      ; 0.531      ;
; 0.402 ; run                          ; uartWrite:u5|fb              ; clk                ; uartWrite:u5|clock ; 0.000        ; 0.015      ; 0.531      ;
; 0.431 ; uartWrite:u5|stt_tx.00001011 ; uartWrite:u5|stt_tx.00001100 ; uartWrite:u5|clock ; uartWrite:u5|clock ; 0.000        ; 0.044      ; 0.559      ;
; 0.431 ; uartWrite:u5|stt_tx.00001011 ; uartWrite:u5|fb              ; uartWrite:u5|clock ; uartWrite:u5|clock ; 0.000        ; 0.044      ; 0.559      ;
; 0.438 ; uartWrite:u5|stt_tx.00000000 ; uartWrite:u5|stt_tx.00000001 ; uartWrite:u5|clock ; uartWrite:u5|clock ; 0.000        ; 0.041      ; 0.563      ;
; 0.483 ; uartWrite:u5|stt_tx.00000010 ; uartWrite:u5|tx              ; uartWrite:u5|clock ; uartWrite:u5|clock ; 0.000        ; 0.043      ; 0.610      ;
; 0.485 ; data_uart[5]                 ; uartWrite:u5|tx              ; clk                ; uartWrite:u5|clock ; 0.000        ; 0.016      ; 0.615      ;
; 0.494 ; data_uart[6]                 ; uartWrite:u5|tx              ; clk                ; uartWrite:u5|clock ; 0.000        ; 0.016      ; 0.624      ;
; 0.497 ; data_uart[0]                 ; uartWrite:u5|tx              ; clk                ; uartWrite:u5|clock ; 0.000        ; 0.016      ; 0.627      ;
; 0.526 ; run                          ; uartWrite:u5|stt_tx.00001011 ; clk                ; uartWrite:u5|clock ; 0.000        ; 0.013      ; 0.653      ;
; 0.526 ; run                          ; uartWrite:u5|stt_tx.00001000 ; clk                ; uartWrite:u5|clock ; 0.000        ; 0.013      ; 0.653      ;
; 0.526 ; run                          ; uartWrite:u5|stt_tx.00000101 ; clk                ; uartWrite:u5|clock ; 0.000        ; 0.013      ; 0.653      ;
; 0.527 ; run                          ; uartWrite:u5|stt_tx.00001010 ; clk                ; uartWrite:u5|clock ; 0.000        ; 0.013      ; 0.654      ;
; 0.527 ; run                          ; uartWrite:u5|stt_tx.00000110 ; clk                ; uartWrite:u5|clock ; 0.000        ; 0.013      ; 0.654      ;
; 0.528 ; run                          ; uartWrite:u5|stt_tx.00000111 ; clk                ; uartWrite:u5|clock ; 0.000        ; 0.013      ; 0.655      ;
; 0.530 ; run                          ; uartWrite:u5|stt_tx.00001001 ; clk                ; uartWrite:u5|clock ; 0.000        ; 0.013      ; 0.657      ;
; 0.541 ; run                          ; uartWrite:u5|stt_tx.00000011 ; clk                ; uartWrite:u5|clock ; 0.000        ; 0.012      ; 0.667      ;
; 0.542 ; run                          ; uartWrite:u5|stt_tx.00000000 ; clk                ; uartWrite:u5|clock ; 0.000        ; 0.013      ; 0.669      ;
; 0.542 ; run                          ; uartWrite:u5|stt_tx.00000001 ; clk                ; uartWrite:u5|clock ; 0.000        ; 0.012      ; 0.668      ;
; 0.542 ; run                          ; uartWrite:u5|stt_tx.00000010 ; clk                ; uartWrite:u5|clock ; 0.000        ; 0.012      ; 0.668      ;
; 0.542 ; run                          ; uartWrite:u5|stt_tx.00000100 ; clk                ; uartWrite:u5|clock ; 0.000        ; 0.012      ; 0.668      ;
; 0.601 ; uartWrite:u5|stt_tx.00001000 ; uartWrite:u5|tx              ; uartWrite:u5|clock ; uartWrite:u5|clock ; 0.000        ; 0.042      ; 0.727      ;
; 0.612 ; data_uart[1]                 ; uartWrite:u5|tx              ; clk                ; uartWrite:u5|clock ; 0.000        ; 0.016      ; 0.742      ;
; 0.617 ; uartWrite:u5|stt_tx.00000111 ; uartWrite:u5|tx              ; uartWrite:u5|clock ; uartWrite:u5|clock ; 0.000        ; 0.042      ; 0.743      ;
; 0.619 ; data_uart[2]                 ; uartWrite:u5|tx              ; clk                ; uartWrite:u5|clock ; 0.000        ; 0.016      ; 0.749      ;
; 0.622 ; data_uart[7]                 ; uartWrite:u5|tx              ; clk                ; uartWrite:u5|clock ; 0.000        ; 0.016      ; 0.752      ;
; 0.623 ; data_uart[3]                 ; uartWrite:u5|tx              ; clk                ; uartWrite:u5|clock ; 0.000        ; 0.016      ; 0.753      ;
; 0.698 ; data_uart[4]                 ; uartWrite:u5|tx              ; clk                ; uartWrite:u5|clock ; 0.000        ; 0.016      ; 0.828      ;
; 0.735 ; uartWrite:u5|stt_tx.00000100 ; uartWrite:u5|tx              ; uartWrite:u5|clock ; uartWrite:u5|clock ; 0.000        ; 0.043      ; 0.862      ;
; 0.737 ; uartWrite:u5|stt_tx.00000011 ; uartWrite:u5|tx              ; uartWrite:u5|clock ; uartWrite:u5|clock ; 0.000        ; 0.043      ; 0.864      ;
; 0.738 ; uartWrite:u5|stt_tx.00001001 ; uartWrite:u5|tx              ; uartWrite:u5|clock ; uartWrite:u5|clock ; 0.000        ; 0.042      ; 0.864      ;
; 0.741 ; uartWrite:u5|stt_tx.00000110 ; uartWrite:u5|tx              ; uartWrite:u5|clock ; uartWrite:u5|clock ; 0.000        ; 0.042      ; 0.867      ;
; 0.750 ; uartWrite:u5|stt_tx.00000101 ; uartWrite:u5|tx              ; uartWrite:u5|clock ; uartWrite:u5|clock ; 0.000        ; 0.042      ; 0.876      ;
; 0.796 ; uartWrite:u5|tx              ; uartWrite:u5|tx              ; uartWrite:u5|clock ; uartWrite:u5|clock ; 0.000        ; 0.042      ; 0.922      ;
; 0.798 ; run                          ; uartWrite:u5|tx              ; clk                ; uartWrite:u5|clock ; 0.000        ; 0.013      ; 0.925      ;
; 0.854 ; uartWrite:u5|stt_tx.00001100 ; uartWrite:u5|tx              ; uartWrite:u5|clock ; uartWrite:u5|clock ; 0.000        ; 0.039      ; 0.977      ;
+-------+------------------------------+------------------------------+--------------------+--------------------+--------------+------------+------------+


+------------------------------------------------------------------------------------------------------------------------------------------------------------------------------------------------------------------------------------------------------------------+
; Fast 1200mV 0C Model Hold: 'u_pll|altpll_component|auto_generated|pll1|clk[0]'                                                                                                                                                                                   ;
+-------+----------------------+-----------------------------------------------------------------------------------------------------------------------+--------------+---------------------------------------------------+--------------+------------+------------+
; Slack ; From Node            ; To Node                                                                                                               ; Launch Clock ; Latch Clock                                       ; Relationship ; Clock Skew ; Data Delay ;
+-------+----------------------+-----------------------------------------------------------------------------------------------------------------------+--------------+---------------------------------------------------+--------------+------------+------------+
; 1.484 ; addr_img_conv2[0]    ; img_conv2:u_img_conv2|altsyncram:altsyncram_component|altsyncram_45i1:auto_generated|ram_block1a6~porta_address_reg0  ; clk          ; u_pll|altpll_component|auto_generated|pll1|clk[0] ; 0.000        ; -1.260     ; 0.428      ;
; 1.517 ; data_w_pool1[11]     ; pool1:u_pool1|altsyncram:altsyncram_component|altsyncram_a9g1:auto_generated|ram_block1a10~porta_datain_reg0          ; clk          ; u_pll|altpll_component|auto_generated|pll1|clk[0] ; 0.000        ; -1.254     ; 0.467      ;
; 1.517 ; data_w_img_conv2[23] ; img_conv2:u_img_conv2|altsyncram:altsyncram_component|altsyncram_45i1:auto_generated|ram_block1a15~porta_datain_reg0  ; clk          ; u_pll|altpll_component|auto_generated|pll1|clk[0] ; 0.000        ; -1.257     ; 0.464      ;
; 1.520 ; data_w_img_conv2[18] ; img_conv2:u_img_conv2|altsyncram:altsyncram_component|altsyncram_45i1:auto_generated|ram_block1a15~porta_datain_reg0  ; clk          ; u_pll|altpll_component|auto_generated|pll1|clk[0] ; 0.000        ; -1.257     ; 0.467      ;
; 1.523 ; data_w_pool1[12]     ; pool1:u_pool1|altsyncram:altsyncram_component|altsyncram_a9g1:auto_generated|ram_block1a10~porta_datain_reg0          ; clk          ; u_pll|altpll_component|auto_generated|pll1|clk[0] ; 0.000        ; -1.254     ; 0.473      ;
; 1.525 ; data_w_pool1[2]      ; pool1:u_pool1|altsyncram:altsyncram_component|altsyncram_a9g1:auto_generated|ram_block1a2~porta_datain_reg0           ; clk          ; u_pll|altpll_component|auto_generated|pll1|clk[0] ; 0.000        ; -1.251     ; 0.478      ;
; 1.525 ; data_w_pool1[23]     ; pool1:u_pool1|altsyncram:altsyncram_component|altsyncram_a9g1:auto_generated|ram_block1a22~porta_datain_reg0          ; clk          ; u_pll|altpll_component|auto_generated|pll1|clk[0] ; 0.000        ; -1.256     ; 0.473      ;
; 1.526 ; data_w_pool1[10]     ; pool1:u_pool1|altsyncram:altsyncram_component|altsyncram_a9g1:auto_generated|ram_block1a10~porta_datain_reg0          ; clk          ; u_pll|altpll_component|auto_generated|pll1|clk[0] ; 0.000        ; -1.254     ; 0.476      ;
; 1.526 ; data_w_img_conv2[22] ; img_conv2:u_img_conv2|altsyncram:altsyncram_component|altsyncram_45i1:auto_generated|ram_block1a15~porta_datain_reg0  ; clk          ; u_pll|altpll_component|auto_generated|pll1|clk[0] ; 0.000        ; -1.257     ; 0.473      ;
; 1.528 ; data_w_pool1[14]     ; pool1:u_pool1|altsyncram:altsyncram_component|altsyncram_a9g1:auto_generated|ram_block1a14~porta_datain_reg0          ; clk          ; u_pll|altpll_component|auto_generated|pll1|clk[0] ; 0.000        ; -1.258     ; 0.474      ;
; 1.528 ; data_w_img_conv2[31] ; img_conv2:u_img_conv2|altsyncram:altsyncram_component|altsyncram_45i1:auto_generated|ram_block1a0~porta_datain_reg0   ; clk          ; u_pll|altpll_component|auto_generated|pll1|clk[0] ; 0.000        ; -1.257     ; 0.475      ;
; 1.528 ; data_w_img_conv2[5]  ; img_conv2:u_img_conv2|altsyncram:altsyncram_component|altsyncram_45i1:auto_generated|ram_block1a1~porta_datain_reg0   ; clk          ; u_pll|altpll_component|auto_generated|pll1|clk[0] ; 0.000        ; -1.257     ; 0.475      ;
; 1.529 ; data_w_img_conv2[17] ; img_conv2:u_img_conv2|altsyncram:altsyncram_component|altsyncram_45i1:auto_generated|ram_block1a15~porta_datain_reg0  ; clk          ; u_pll|altpll_component|auto_generated|pll1|clk[0] ; 0.000        ; -1.257     ; 0.476      ;
; 1.529 ; data_w_img_conv2[21] ; img_conv2:u_img_conv2|altsyncram:altsyncram_component|altsyncram_45i1:auto_generated|ram_block1a15~porta_datain_reg0  ; clk          ; u_pll|altpll_component|auto_generated|pll1|clk[0] ; 0.000        ; -1.257     ; 0.476      ;
; 1.530 ; data_w_img_conv2[28] ; img_conv2:u_img_conv2|altsyncram:altsyncram_component|altsyncram_45i1:auto_generated|ram_block1a0~porta_datain_reg0   ; clk          ; u_pll|altpll_component|auto_generated|pll1|clk[0] ; 0.000        ; -1.257     ; 0.477      ;
; 1.530 ; data_w_img_conv2[29] ; img_conv2:u_img_conv2|altsyncram:altsyncram_component|altsyncram_45i1:auto_generated|ram_block1a0~porta_datain_reg0   ; clk          ; u_pll|altpll_component|auto_generated|pll1|clk[0] ; 0.000        ; -1.257     ; 0.477      ;
; 1.531 ; data_w_img_conv2[27] ; img_conv2:u_img_conv2|altsyncram:altsyncram_component|altsyncram_45i1:auto_generated|ram_block1a0~porta_datain_reg0   ; clk          ; u_pll|altpll_component|auto_generated|pll1|clk[0] ; 0.000        ; -1.257     ; 0.478      ;
; 1.531 ; data_w_img_conv2[19] ; img_conv2:u_img_conv2|altsyncram:altsyncram_component|altsyncram_45i1:auto_generated|ram_block1a15~porta_datain_reg0  ; clk          ; u_pll|altpll_component|auto_generated|pll1|clk[0] ; 0.000        ; -1.257     ; 0.478      ;
; 1.532 ; data_w_img_conv2[30] ; img_conv2:u_img_conv2|altsyncram:altsyncram_component|altsyncram_45i1:auto_generated|ram_block1a0~porta_datain_reg0   ; clk          ; u_pll|altpll_component|auto_generated|pll1|clk[0] ; 0.000        ; -1.257     ; 0.479      ;
; 1.533 ; data_w_img_conv2[16] ; img_conv2:u_img_conv2|altsyncram:altsyncram_component|altsyncram_45i1:auto_generated|ram_block1a15~porta_datain_reg0  ; clk          ; u_pll|altpll_component|auto_generated|pll1|clk[0] ; 0.000        ; -1.257     ; 0.480      ;
; 1.534 ; data_w_pool1[15]     ; pool1:u_pool1|altsyncram:altsyncram_component|altsyncram_a9g1:auto_generated|ram_block1a14~porta_datain_reg0          ; clk          ; u_pll|altpll_component|auto_generated|pll1|clk[0] ; 0.000        ; -1.258     ; 0.480      ;
; 1.534 ; addr_pool1[7]        ; pool1:u_pool1|altsyncram:altsyncram_component|altsyncram_a9g1:auto_generated|ram_block1a10~porta_address_reg0         ; clk          ; u_pll|altpll_component|auto_generated|pll1|clk[0] ; 0.000        ; -1.259     ; 0.479      ;
; 1.534 ; data_w_img_conv2[14] ; img_conv2:u_img_conv2|altsyncram:altsyncram_component|altsyncram_45i1:auto_generated|ram_block1a6~porta_datain_reg0   ; clk          ; u_pll|altpll_component|auto_generated|pll1|clk[0] ; 0.000        ; -1.256     ; 0.482      ;
; 1.535 ; data_w_img_conv2[15] ; img_conv2:u_img_conv2|altsyncram:altsyncram_component|altsyncram_45i1:auto_generated|ram_block1a15~porta_datain_reg0  ; clk          ; u_pll|altpll_component|auto_generated|pll1|clk[0] ; 0.000        ; -1.257     ; 0.482      ;
; 1.535 ; data_w_img_conv2[20] ; img_conv2:u_img_conv2|altsyncram:altsyncram_component|altsyncram_45i1:auto_generated|ram_block1a15~porta_datain_reg0  ; clk          ; u_pll|altpll_component|auto_generated|pll1|clk[0] ; 0.000        ; -1.257     ; 0.482      ;
; 1.537 ; data_w_img_conv2[26] ; img_conv2:u_img_conv2|altsyncram:altsyncram_component|altsyncram_45i1:auto_generated|ram_block1a0~porta_datain_reg0   ; clk          ; u_pll|altpll_component|auto_generated|pll1|clk[0] ; 0.000        ; -1.257     ; 0.484      ;
; 1.537 ; data_w_img_conv2[8]  ; img_conv2:u_img_conv2|altsyncram:altsyncram_component|altsyncram_45i1:auto_generated|ram_block1a6~porta_datain_reg0   ; clk          ; u_pll|altpll_component|auto_generated|pll1|clk[0] ; 0.000        ; -1.257     ; 0.484      ;
; 1.538 ; data_w_img_conv2[9]  ; img_conv2:u_img_conv2|altsyncram:altsyncram_component|altsyncram_45i1:auto_generated|ram_block1a6~porta_datain_reg0   ; clk          ; u_pll|altpll_component|auto_generated|pll1|clk[0] ; 0.000        ; -1.257     ; 0.485      ;
; 1.538 ; addr_img_conv2[2]    ; img_conv2:u_img_conv2|altsyncram:altsyncram_component|altsyncram_45i1:auto_generated|ram_block1a1~porta_address_reg0  ; clk          ; u_pll|altpll_component|auto_generated|pll1|clk[0] ; 0.000        ; -1.252     ; 0.490      ;
; 1.539 ; data_w_img_conv2[1]  ; img_conv2:u_img_conv2|altsyncram:altsyncram_component|altsyncram_45i1:auto_generated|ram_block1a1~porta_datain_reg0   ; clk          ; u_pll|altpll_component|auto_generated|pll1|clk[0] ; 0.000        ; -1.257     ; 0.486      ;
; 1.539 ; data_w_img_conv2[4]  ; img_conv2:u_img_conv2|altsyncram:altsyncram_component|altsyncram_45i1:auto_generated|ram_block1a1~porta_datain_reg0   ; clk          ; u_pll|altpll_component|auto_generated|pll1|clk[0] ; 0.000        ; -1.256     ; 0.487      ;
; 1.540 ; addr_fcw[2]          ; fc_w:u_fc_w|altsyncram:altsyncram_component|altsyncram_bak1:auto_generated|ram_block1a13~porta_address_reg0           ; clk          ; u_pll|altpll_component|auto_generated|pll1|clk[0] ; 0.000        ; -1.259     ; 0.485      ;
; 1.540 ; data_w_img_conv2[10] ; img_conv2:u_img_conv2|altsyncram:altsyncram_component|altsyncram_45i1:auto_generated|ram_block1a6~porta_datain_reg0   ; clk          ; u_pll|altpll_component|auto_generated|pll1|clk[0] ; 0.000        ; -1.257     ; 0.487      ;
; 1.540 ; addr_img_conv2[3]    ; img_conv2:u_img_conv2|altsyncram:altsyncram_component|altsyncram_45i1:auto_generated|ram_block1a15~porta_address_reg0 ; clk          ; u_pll|altpll_component|auto_generated|pll1|clk[0] ; 0.000        ; -1.257     ; 0.487      ;
; 1.541 ; data_w_img_conv2[0]  ; img_conv2:u_img_conv2|altsyncram:altsyncram_component|altsyncram_45i1:auto_generated|ram_block1a0~porta_datain_reg0   ; clk          ; u_pll|altpll_component|auto_generated|pll1|clk[0] ; 0.000        ; -1.257     ; 0.488      ;
; 1.541 ; addr_pool1[8]        ; pool1:u_pool1|altsyncram:altsyncram_component|altsyncram_a9g1:auto_generated|ram_block1a10~porta_address_reg0         ; clk          ; u_pll|altpll_component|auto_generated|pll1|clk[0] ; 0.000        ; -1.259     ; 0.486      ;
; 1.542 ; addr_fcw[1]          ; fc_w:u_fc_w|altsyncram:altsyncram_component|altsyncram_bak1:auto_generated|ram_block1a13~porta_address_reg0           ; clk          ; u_pll|altpll_component|auto_generated|pll1|clk[0] ; 0.000        ; -1.259     ; 0.487      ;
; 1.542 ; addr_pool1[9]        ; pool1:u_pool1|altsyncram:altsyncram_component|altsyncram_a9g1:auto_generated|ram_block1a10~porta_address_reg0         ; clk          ; u_pll|altpll_component|auto_generated|pll1|clk[0] ; 0.000        ; -1.259     ; 0.487      ;
; 1.542 ; addr_img_conv2[2]    ; img_conv2:u_img_conv2|altsyncram:altsyncram_component|altsyncram_45i1:auto_generated|ram_block1a15~porta_address_reg0 ; clk          ; u_pll|altpll_component|auto_generated|pll1|clk[0] ; 0.000        ; -1.253     ; 0.493      ;
; 1.546 ; data_w_img_conv2[12] ; img_conv2:u_img_conv2|altsyncram:altsyncram_component|altsyncram_45i1:auto_generated|ram_block1a6~porta_datain_reg0   ; clk          ; u_pll|altpll_component|auto_generated|pll1|clk[0] ; 0.000        ; -1.256     ; 0.494      ;
; 1.547 ; data_w_img_conv2[2]  ; img_conv2:u_img_conv2|altsyncram:altsyncram_component|altsyncram_45i1:auto_generated|ram_block1a1~porta_datain_reg0   ; clk          ; u_pll|altpll_component|auto_generated|pll1|clk[0] ; 0.000        ; -1.257     ; 0.494      ;
; 1.548 ; data_w_img_conv2[6]  ; img_conv2:u_img_conv2|altsyncram:altsyncram_component|altsyncram_45i1:auto_generated|ram_block1a6~porta_datain_reg0   ; clk          ; u_pll|altpll_component|auto_generated|pll1|clk[0] ; 0.000        ; -1.257     ; 0.495      ;
; 1.549 ; data_w_pool1[3]      ; pool1:u_pool1|altsyncram:altsyncram_component|altsyncram_a9g1:auto_generated|ram_block1a2~porta_datain_reg0           ; clk          ; u_pll|altpll_component|auto_generated|pll1|clk[0] ; 0.000        ; -1.264     ; 0.489      ;
; 1.551 ; data_w_img_conv2[11] ; img_conv2:u_img_conv2|altsyncram:altsyncram_component|altsyncram_45i1:auto_generated|ram_block1a6~porta_datain_reg0   ; clk          ; u_pll|altpll_component|auto_generated|pll1|clk[0] ; 0.000        ; -1.256     ; 0.499      ;
; 1.553 ; data_w_pool1[13]     ; pool1:u_pool1|altsyncram:altsyncram_component|altsyncram_a9g1:auto_generated|ram_block1a10~porta_datain_reg0          ; clk          ; u_pll|altpll_component|auto_generated|pll1|clk[0] ; 0.000        ; -1.259     ; 0.498      ;
; 1.555 ; data_w_pool1[1]      ; pool1:u_pool1|altsyncram:altsyncram_component|altsyncram_a9g1:auto_generated|ram_block1a0~porta_datain_reg0           ; clk          ; u_pll|altpll_component|auto_generated|pll1|clk[0] ; 0.000        ; -1.260     ; 0.499      ;
; 1.555 ; addr_pool1[3]        ; pool1:u_pool1|altsyncram:altsyncram_component|altsyncram_a9g1:auto_generated|ram_block1a10~porta_address_reg0         ; clk          ; u_pll|altpll_component|auto_generated|pll1|clk[0] ; 0.000        ; -1.259     ; 0.500      ;
; 1.556 ; data_w_img_conv2[3]  ; img_conv2:u_img_conv2|altsyncram:altsyncram_component|altsyncram_45i1:auto_generated|ram_block1a1~porta_datain_reg0   ; clk          ; u_pll|altpll_component|auto_generated|pll1|clk[0] ; 0.000        ; -1.257     ; 0.503      ;
; 1.557 ; data_w_pool1[16]     ; pool1:u_pool1|altsyncram:altsyncram_component|altsyncram_a9g1:auto_generated|ram_block1a14~porta_datain_reg0          ; clk          ; u_pll|altpll_component|auto_generated|pll1|clk[0] ; 0.000        ; -1.262     ; 0.499      ;
; 1.558 ; data_w_pool1[5]      ; pool1:u_pool1|altsyncram:altsyncram_component|altsyncram_a9g1:auto_generated|ram_block1a2~porta_datain_reg0           ; clk          ; u_pll|altpll_component|auto_generated|pll1|clk[0] ; 0.000        ; -1.264     ; 0.498      ;
; 1.558 ; data_w_img_conv1[0]  ; img_conv1:u_img_conv1|altsyncram:altsyncram_component|altsyncram_i5i1:auto_generated|ram_block1a0~porta_datain_reg0   ; clk          ; u_pll|altpll_component|auto_generated|pll1|clk[0] ; 0.000        ; -1.267     ; 0.495      ;
; 1.559 ; data_w_img_conv2[25] ; img_conv2:u_img_conv2|altsyncram:altsyncram_component|altsyncram_45i1:auto_generated|ram_block1a0~porta_datain_reg0   ; clk          ; u_pll|altpll_component|auto_generated|pll1|clk[0] ; 0.000        ; -1.256     ; 0.507      ;
; 1.559 ; data_w_img_conv1[1]  ; img_conv1:u_img_conv1|altsyncram:altsyncram_component|altsyncram_i5i1:auto_generated|ram_block1a1~porta_datain_reg0   ; clk          ; u_pll|altpll_component|auto_generated|pll1|clk[0] ; 0.000        ; -1.266     ; 0.497      ;
; 1.560 ; data_w_img_conv2[13] ; img_conv2:u_img_conv2|altsyncram:altsyncram_component|altsyncram_45i1:auto_generated|ram_block1a6~porta_datain_reg0   ; clk          ; u_pll|altpll_component|auto_generated|pll1|clk[0] ; 0.000        ; -1.256     ; 0.508      ;
; 1.565 ; addr_fcw[1]          ; fc_w:u_fc_w|altsyncram:altsyncram_component|altsyncram_bak1:auto_generated|ram_block1a11~porta_address_reg0           ; clk          ; u_pll|altpll_component|auto_generated|pll1|clk[0] ; 0.000        ; -1.261     ; 0.508      ;
; 1.565 ; data_w_img_conv1[2]  ; img_conv1:u_img_conv1|altsyncram:altsyncram_component|altsyncram_i5i1:auto_generated|ram_block1a2~porta_datain_reg0   ; clk          ; u_pll|altpll_component|auto_generated|pll1|clk[0] ; 0.000        ; -1.266     ; 0.503      ;
; 1.566 ; data_w_img_conv1[29] ; img_conv1:u_img_conv1|altsyncram:altsyncram_component|altsyncram_i5i1:auto_generated|ram_block1a29~porta_datain_reg0  ; clk          ; u_pll|altpll_component|auto_generated|pll1|clk[0] ; 0.000        ; -1.268     ; 0.502      ;
; 1.566 ; addr_pool1[4]        ; pool1:u_pool1|altsyncram:altsyncram_component|altsyncram_a9g1:auto_generated|ram_block1a10~porta_address_reg0         ; clk          ; u_pll|altpll_component|auto_generated|pll1|clk[0] ; 0.000        ; -1.259     ; 0.511      ;
; 1.567 ; addr_fcw[2]          ; fc_w:u_fc_w|altsyncram:altsyncram_component|altsyncram_bak1:auto_generated|ram_block1a11~porta_address_reg0           ; clk          ; u_pll|altpll_component|auto_generated|pll1|clk[0] ; 0.000        ; -1.261     ; 0.510      ;
; 1.581 ; addr_fcw[1]          ; fc_w:u_fc_w|altsyncram:altsyncram_component|altsyncram_bak1:auto_generated|ram_block1a9~porta_address_reg0            ; clk          ; u_pll|altpll_component|auto_generated|pll1|clk[0] ; 0.000        ; -1.269     ; 0.516      ;
; 1.634 ; addr_img_conv1[8]    ; img_conv1:u_img_conv1|altsyncram:altsyncram_component|altsyncram_i5i1:auto_generated|ram_block1a13~porta_address_reg0 ; clk          ; u_pll|altpll_component|auto_generated|pll1|clk[0] ; 0.000        ; -1.266     ; 0.572      ;
; 1.640 ; addr_img_conv2[3]    ; img_conv2:u_img_conv2|altsyncram:altsyncram_component|altsyncram_45i1:auto_generated|ram_block1a1~porta_address_reg0  ; clk          ; u_pll|altpll_component|auto_generated|pll1|clk[0] ; 0.000        ; -1.256     ; 0.588      ;
; 1.641 ; addr_img_conv1[12]   ; img_conv1:u_img_conv1|altsyncram:altsyncram_component|altsyncram_i5i1:auto_generated|ram_block1a1~porta_address_reg0  ; clk          ; u_pll|altpll_component|auto_generated|pll1|clk[0] ; 0.000        ; -1.260     ; 0.585      ;
; 1.651 ; addr_img_conv1[8]    ; img_conv1:u_img_conv1|altsyncram:altsyncram_component|altsyncram_i5i1:auto_generated|ram_block1a1~porta_address_reg0  ; clk          ; u_pll|altpll_component|auto_generated|pll1|clk[0] ; 0.000        ; -1.260     ; 0.595      ;
; 1.651 ; addr_img_conv2[0]    ; img_conv2:u_img_conv2|altsyncram:altsyncram_component|altsyncram_45i1:auto_generated|ram_block1a1~porta_address_reg0  ; clk          ; u_pll|altpll_component|auto_generated|pll1|clk[0] ; 0.000        ; -1.260     ; 0.595      ;
; 1.653 ; addr_img_conv2[3]    ; img_conv2:u_img_conv2|altsyncram:altsyncram_component|altsyncram_45i1:auto_generated|ram_block1a6~porta_address_reg0  ; clk          ; u_pll|altpll_component|auto_generated|pll1|clk[0] ; 0.000        ; -1.256     ; 0.601      ;
; 1.658 ; data_w_img_conv2[7]  ; img_conv2:u_img_conv2|altsyncram:altsyncram_component|altsyncram_45i1:auto_generated|ram_block1a6~porta_datain_reg0   ; clk          ; u_pll|altpll_component|auto_generated|pll1|clk[0] ; 0.000        ; -1.257     ; 0.605      ;
; 1.658 ; addr_img_conv2[3]    ; img_conv2:u_img_conv2|altsyncram:altsyncram_component|altsyncram_45i1:auto_generated|ram_block1a0~porta_address_reg0  ; clk          ; u_pll|altpll_component|auto_generated|pll1|clk[0] ; 0.000        ; -1.256     ; 0.606      ;
; 1.663 ; data_w_pool1[17]     ; pool1:u_pool1|altsyncram:altsyncram_component|altsyncram_a9g1:auto_generated|ram_block1a14~porta_datain_reg0          ; clk          ; u_pll|altpll_component|auto_generated|pll1|clk[0] ; 0.000        ; -1.257     ; 0.610      ;
; 1.665 ; addr_pool1[0]        ; pool1:u_pool1|altsyncram:altsyncram_component|altsyncram_a9g1:auto_generated|ram_block1a10~porta_address_reg0         ; clk          ; u_pll|altpll_component|auto_generated|pll1|clk[0] ; 0.000        ; -1.257     ; 0.612      ;
; 1.665 ; addr_img_conv2[0]    ; img_conv2:u_img_conv2|altsyncram:altsyncram_component|altsyncram_45i1:auto_generated|ram_block1a15~porta_address_reg0 ; clk          ; u_pll|altpll_component|auto_generated|pll1|clk[0] ; 0.000        ; -1.261     ; 0.608      ;
; 1.665 ; addr_img_conv1[4]    ; img_conv1:u_img_conv1|altsyncram:altsyncram_component|altsyncram_i5i1:auto_generated|ram_block1a17~porta_address_reg0 ; clk          ; u_pll|altpll_component|auto_generated|pll1|clk[0] ; 0.000        ; -1.266     ; 0.603      ;
; 1.668 ; data_w_pool1[26]     ; pool1:u_pool1|altsyncram:altsyncram_component|altsyncram_a9g1:auto_generated|ram_block1a26~porta_datain_reg0          ; clk          ; u_pll|altpll_component|auto_generated|pll1|clk[0] ; 0.000        ; -1.249     ; 0.623      ;
; 1.676 ; addr_img_conv2[1]    ; img_conv2:u_img_conv2|altsyncram:altsyncram_component|altsyncram_45i1:auto_generated|ram_block1a15~porta_address_reg0 ; clk          ; u_pll|altpll_component|auto_generated|pll1|clk[0] ; 0.000        ; -1.253     ; 0.627      ;
; 1.677 ; addr_pool1[2]        ; pool1:u_pool1|altsyncram:altsyncram_component|altsyncram_a9g1:auto_generated|ram_block1a10~porta_address_reg0         ; clk          ; u_pll|altpll_component|auto_generated|pll1|clk[0] ; 0.000        ; -1.257     ; 0.624      ;
; 1.678 ; addr_img_conv1[0]    ; img_conv1:u_img_conv1|altsyncram:altsyncram_component|altsyncram_i5i1:auto_generated|ram_block1a2~porta_address_reg0  ; clk          ; u_pll|altpll_component|auto_generated|pll1|clk[0] ; 0.000        ; -1.269     ; 0.613      ;
; 1.679 ; data_w_pool1[28]     ; pool1:u_pool1|altsyncram:altsyncram_component|altsyncram_a9g1:auto_generated|ram_block1a26~porta_datain_reg0          ; clk          ; u_pll|altpll_component|auto_generated|pll1|clk[0] ; 0.000        ; -1.249     ; 0.634      ;
; 1.681 ; data_w_img_conv2[24] ; img_conv2:u_img_conv2|altsyncram:altsyncram_component|altsyncram_45i1:auto_generated|ram_block1a0~porta_datain_reg0   ; clk          ; u_pll|altpll_component|auto_generated|pll1|clk[0] ; 0.000        ; -1.256     ; 0.629      ;
; 1.682 ; data_w_pool1[25]     ; pool1:u_pool1|altsyncram:altsyncram_component|altsyncram_a9g1:auto_generated|ram_block1a22~porta_datain_reg0          ; clk          ; u_pll|altpll_component|auto_generated|pll1|clk[0] ; 0.000        ; -1.262     ; 0.624      ;
; 1.683 ; addr_fcw[6]          ; fc_w:u_fc_w|altsyncram:altsyncram_component|altsyncram_bak1:auto_generated|ram_block1a13~porta_address_reg0           ; clk          ; u_pll|altpll_component|auto_generated|pll1|clk[0] ; 0.000        ; -1.259     ; 0.628      ;
; 1.683 ; data_w_pool1[29]     ; pool1:u_pool1|altsyncram:altsyncram_component|altsyncram_a9g1:auto_generated|ram_block1a26~porta_datain_reg0          ; clk          ; u_pll|altpll_component|auto_generated|pll1|clk[0] ; 0.000        ; -1.249     ; 0.638      ;
; 1.686 ; addr_img_conv1[0]    ; img_conv1:u_img_conv1|altsyncram:altsyncram_component|altsyncram_i5i1:auto_generated|ram_block1a17~porta_address_reg0 ; clk          ; u_pll|altpll_component|auto_generated|pll1|clk[0] ; 0.000        ; -1.266     ; 0.624      ;
; 1.687 ; addr_fcw[4]          ; fc_w:u_fc_w|altsyncram:altsyncram_component|altsyncram_bak1:auto_generated|ram_block1a13~porta_address_reg0           ; clk          ; u_pll|altpll_component|auto_generated|pll1|clk[0] ; 0.000        ; -1.259     ; 0.632      ;
; 1.687 ; data_w_pool1[30]     ; pool1:u_pool1|altsyncram:altsyncram_component|altsyncram_a9g1:auto_generated|ram_block1a0~porta_datain_reg0           ; clk          ; u_pll|altpll_component|auto_generated|pll1|clk[0] ; 0.000        ; -1.259     ; 0.632      ;
; 1.688 ; data_w_pool1[22]     ; pool1:u_pool1|altsyncram:altsyncram_component|altsyncram_a9g1:auto_generated|ram_block1a22~porta_datain_reg0          ; clk          ; u_pll|altpll_component|auto_generated|pll1|clk[0] ; 0.000        ; -1.262     ; 0.630      ;
; 1.689 ; addr_fcw[8]          ; fc_w:u_fc_w|altsyncram:altsyncram_component|altsyncram_bak1:auto_generated|ram_block1a13~porta_address_reg0           ; clk          ; u_pll|altpll_component|auto_generated|pll1|clk[0] ; 0.000        ; -1.259     ; 0.634      ;
; 1.689 ; addr_pool1[7]        ; pool1:u_pool1|altsyncram:altsyncram_component|altsyncram_a9g1:auto_generated|ram_block1a14~porta_address_reg0         ; clk          ; u_pll|altpll_component|auto_generated|pll1|clk[0] ; 0.000        ; -1.262     ; 0.631      ;
; 1.690 ; addr_pool1[0]        ; pool1:u_pool1|altsyncram:altsyncram_component|altsyncram_a9g1:auto_generated|ram_block1a0~porta_address_reg0          ; clk          ; u_pll|altpll_component|auto_generated|pll1|clk[0] ; 0.000        ; -1.262     ; 0.632      ;
; 1.691 ; addr_img_conv2[8]    ; img_conv2:u_img_conv2|altsyncram:altsyncram_component|altsyncram_45i1:auto_generated|ram_block1a0~porta_address_reg0  ; clk          ; u_pll|altpll_component|auto_generated|pll1|clk[0] ; 0.000        ; -1.251     ; 0.644      ;
; 1.692 ; addr_img_conv2[6]    ; img_conv2:u_img_conv2|altsyncram:altsyncram_component|altsyncram_45i1:auto_generated|ram_block1a6~porta_address_reg0  ; clk          ; u_pll|altpll_component|auto_generated|pll1|clk[0] ; 0.000        ; -1.251     ; 0.645      ;
; 1.693 ; addr_fcw[0]          ; fc_w:u_fc_w|altsyncram:altsyncram_component|altsyncram_bak1:auto_generated|ram_block1a13~porta_address_reg0           ; clk          ; u_pll|altpll_component|auto_generated|pll1|clk[0] ; 0.000        ; -1.259     ; 0.638      ;
; 1.693 ; addr_fcw[11]         ; fc_w:u_fc_w|altsyncram:altsyncram_component|altsyncram_bak1:auto_generated|ram_block1a13~porta_address_reg0           ; clk          ; u_pll|altpll_component|auto_generated|pll1|clk[0] ; 0.000        ; -1.259     ; 0.638      ;
; 1.694 ; addr_fcw[11]         ; fc_w:u_fc_w|altsyncram:altsyncram_component|altsyncram_bak1:auto_generated|ram_block1a11~porta_address_reg0           ; clk          ; u_pll|altpll_component|auto_generated|pll1|clk[0] ; 0.000        ; -1.261     ; 0.637      ;
; 1.695 ; addr_fcw[6]          ; fc_w:u_fc_w|altsyncram:altsyncram_component|altsyncram_bak1:auto_generated|ram_block1a11~porta_address_reg0           ; clk          ; u_pll|altpll_component|auto_generated|pll1|clk[0] ; 0.000        ; -1.261     ; 0.638      ;
; 1.696 ; data_w_pool1[0]      ; pool1:u_pool1|altsyncram:altsyncram_component|altsyncram_a9g1:auto_generated|ram_block1a0~porta_datain_reg0           ; clk          ; u_pll|altpll_component|auto_generated|pll1|clk[0] ; 0.000        ; -1.259     ; 0.641      ;
; 1.696 ; addr_pool1[1]        ; pool1:u_pool1|altsyncram:altsyncram_component|altsyncram_a9g1:auto_generated|ram_block1a10~porta_address_reg0         ; clk          ; u_pll|altpll_component|auto_generated|pll1|clk[0] ; 0.000        ; -1.257     ; 0.643      ;
; 1.697 ; addr_img_conv2[7]    ; img_conv2:u_img_conv2|altsyncram:altsyncram_component|altsyncram_45i1:auto_generated|ram_block1a0~porta_address_reg0  ; clk          ; u_pll|altpll_component|auto_generated|pll1|clk[0] ; 0.000        ; -1.251     ; 0.650      ;
; 1.697 ; data_w_pool1[24]     ; pool1:u_pool1|altsyncram:altsyncram_component|altsyncram_a9g1:auto_generated|ram_block1a22~porta_datain_reg0          ; clk          ; u_pll|altpll_component|auto_generated|pll1|clk[0] ; 0.000        ; -1.262     ; 0.639      ;
; 1.697 ; addr_pool1[1]        ; pool1:u_pool1|altsyncram:altsyncram_component|altsyncram_a9g1:auto_generated|ram_block1a0~porta_address_reg0          ; clk          ; u_pll|altpll_component|auto_generated|pll1|clk[0] ; 0.000        ; -1.262     ; 0.639      ;
; 1.698 ; data_w_pool1[4]      ; pool1:u_pool1|altsyncram:altsyncram_component|altsyncram_a9g1:auto_generated|ram_block1a2~porta_datain_reg0           ; clk          ; u_pll|altpll_component|auto_generated|pll1|clk[0] ; 0.000        ; -1.263     ; 0.639      ;
+-------+----------------------+-----------------------------------------------------------------------------------------------------------------------+--------------+---------------------------------------------------+--------------+------------+------------+


----------------------------------------------
; Fast 1200mV 0C Model Metastability Summary ;
----------------------------------------------
The design MTBF is not calculated because there are no specified synchronizers in the design.
Number of Synchronizer Chains Found: 129
Shortest Synchronizer Chain: 2 Registers
Fraction of Chains for which MTBFs Could Not be Calculated: 1.000
Worst Case Available Settling Time: 6.706 ns




+------------------------------------------------------------------------------------------------------------------+
; Multicorner Timing Analysis Summary                                                                              ;
+----------------------------------------------------+----------+-------+----------+---------+---------------------+
; Clock                                              ; Setup    ; Hold  ; Recovery ; Removal ; Minimum Pulse Width ;
+----------------------------------------------------+----------+-------+----------+---------+---------------------+
; Worst-case Slack                                   ; -4.906   ; 0.136 ; N/A      ; N/A     ; -1.285              ;
;  clk                                               ; -4.906   ; 0.136 ; N/A      ; N/A     ; 9.374               ;
;  u_pll|altpll_component|auto_generated|pll1|clk[0] ; 1.733    ; 1.484 ; N/A      ; N/A     ; 4.750               ;
;  uartWrite:u5|clock                                ; -1.382   ; 0.182 ; N/A      ; N/A     ; -1.285              ;
; Design-wide TNS                                    ; -239.65  ; 0.0   ; 0.0      ; 0.0     ; -19.275             ;
;  clk                                               ; -228.693 ; 0.000 ; N/A      ; N/A     ; 0.000               ;
;  u_pll|altpll_component|auto_generated|pll1|clk[0] ; 0.000    ; 0.000 ; N/A      ; N/A     ; 0.000               ;
;  uartWrite:u5|clock                                ; -10.957  ; 0.000 ; N/A      ; N/A     ; -19.275             ;
+----------------------------------------------------+----------+-------+----------+---------+---------------------+


+------------------------------------------------------------------------------------------------------------------------------------------------------------------------------------------------------------------------------------------------------------------------------------------------------------------------------------------------------------------------------------------------------------------+
; Board Trace Model Assignments                                                                                                                                                                                                                                                                                                                                                                                    ;
+---------------+--------------+-------------------+-------------------------+-------------------------+---------------+---------------------+----------------+------------------+--------+------------------+------------------------+------------------------+--------------+---------------+-----------------+-------+---------------------+--------------------+---------------+-----------------+-------------+
; Pin           ; I/O Standard ; Near Tline Length ; Near Tline L per Length ; Near Tline C per Length ; Near Series R ; Near Differential R ; Near Pull-up R ; Near Pull-down R ; Near C ; Far Tline Length ; Far Tline L per Length ; Far Tline C per Length ; Far Series R ; Far Pull-up R ; Far Pull-down R ; Far C ; Termination Voltage ; Far Differential R ; EBD File Name ; EBD Signal Name ; EBD Far-end ;
+---------------+--------------+-------------------+-------------------------+-------------------------+---------------+---------------------+----------------+------------------+--------+------------------+------------------------+------------------------+--------------+---------------+-----------------+-------+---------------------+--------------------+---------------+-----------------+-------------+
; LED_seg[0]    ; 2.5 V        ; 0 in              ; 0 H/in                  ; 0 F/in                  ; short         ; -                   ; open           ; open             ; open   ; 0 in             ; 0 H/in                 ; 0 F/in                 ; short        ; open          ; open            ; open  ; 0 V                 ; -                  ; n/a           ; n/a             ; n/a         ;
; LED_seg[1]    ; 2.5 V        ; 0 in              ; 0 H/in                  ; 0 F/in                  ; short         ; -                   ; open           ; open             ; open   ; 0 in             ; 0 H/in                 ; 0 F/in                 ; short        ; open          ; open            ; open  ; 0 V                 ; -                  ; n/a           ; n/a             ; n/a         ;
; LED_seg[2]    ; 2.5 V        ; 0 in              ; 0 H/in                  ; 0 F/in                  ; short         ; -                   ; open           ; open             ; open   ; 0 in             ; 0 H/in                 ; 0 F/in                 ; short        ; open          ; open            ; open  ; 0 V                 ; -                  ; n/a           ; n/a             ; n/a         ;
; LED_seg[3]    ; 2.5 V        ; 0 in              ; 0 H/in                  ; 0 F/in                  ; short         ; -                   ; open           ; open             ; open   ; 0 in             ; 0 H/in                 ; 0 F/in                 ; short        ; open          ; open            ; open  ; 0 V                 ; -                  ; n/a           ; n/a             ; n/a         ;
; LED_seg[4]    ; 2.5 V        ; 0 in              ; 0 H/in                  ; 0 F/in                  ; short         ; -                   ; open           ; open             ; open   ; 0 in             ; 0 H/in                 ; 0 F/in                 ; short        ; open          ; open            ; open  ; 0 V                 ; -                  ; n/a           ; n/a             ; n/a         ;
; LED_seg[5]    ; 2.5 V        ; 0 in              ; 0 H/in                  ; 0 F/in                  ; short         ; -                   ; open           ; open             ; open   ; 0 in             ; 0 H/in                 ; 0 F/in                 ; short        ; open          ; open            ; open  ; 0 V                 ; -                  ; n/a           ; n/a             ; n/a         ;
; LED_seg[6]    ; 2.5 V        ; 0 in              ; 0 H/in                  ; 0 F/in                  ; short         ; -                   ; open           ; open             ; open   ; 0 in             ; 0 H/in                 ; 0 F/in                 ; short        ; open          ; open            ; open  ; 0 V                 ; -                  ; n/a           ; n/a             ; n/a         ;
; LED_R[0]      ; 2.5 V        ; 0 in              ; 0 H/in                  ; 0 F/in                  ; short         ; -                   ; open           ; open             ; open   ; 0 in             ; 0 H/in                 ; 0 F/in                 ; short        ; open          ; open            ; open  ; 0 V                 ; -                  ; n/a           ; n/a             ; n/a         ;
; LED_R[1]      ; 2.5 V        ; 0 in              ; 0 H/in                  ; 0 F/in                  ; short         ; -                   ; open           ; open             ; open   ; 0 in             ; 0 H/in                 ; 0 F/in                 ; short        ; open          ; open            ; open  ; 0 V                 ; -                  ; n/a           ; n/a             ; n/a         ;
; LED_R[2]      ; 2.5 V        ; 0 in              ; 0 H/in                  ; 0 F/in                  ; short         ; -                   ; open           ; open             ; open   ; 0 in             ; 0 H/in                 ; 0 F/in                 ; short        ; open          ; open            ; open  ; 0 V                 ; -                  ; n/a           ; n/a             ; n/a         ;
; LED_R[3]      ; 2.5 V        ; 0 in              ; 0 H/in                  ; 0 F/in                  ; short         ; -                   ; open           ; open             ; open   ; 0 in             ; 0 H/in                 ; 0 F/in                 ; short        ; open          ; open            ; open  ; 0 V                 ; -                  ; n/a           ; n/a             ; n/a         ;
; LED_R[4]      ; 2.5 V        ; 0 in              ; 0 H/in                  ; 0 F/in                  ; short         ; -                   ; open           ; open             ; open   ; 0 in             ; 0 H/in                 ; 0 F/in                 ; short        ; open          ; open            ; open  ; 0 V                 ; -                  ; n/a           ; n/a             ; n/a         ;
; LED_R[5]      ; 2.5 V        ; 0 in              ; 0 H/in                  ; 0 F/in                  ; short         ; -                   ; open           ; open             ; open   ; 0 in             ; 0 H/in                 ; 0 F/in                 ; short        ; open          ; open            ; open  ; 0 V                 ; -                  ; n/a           ; n/a             ; n/a         ;
; LED_R[6]      ; 2.5 V        ; 0 in              ; 0 H/in                  ; 0 F/in                  ; short         ; -                   ; open           ; open             ; open   ; 0 in             ; 0 H/in                 ; 0 F/in                 ; short        ; open          ; open            ; open  ; 0 V                 ; -                  ; n/a           ; n/a             ; n/a         ;
; LED_R[7]      ; 2.5 V        ; 0 in              ; 0 H/in                  ; 0 F/in                  ; short         ; -                   ; open           ; open             ; open   ; 0 in             ; 0 H/in                 ; 0 F/in                 ; short        ; open          ; open            ; open  ; 0 V                 ; -                  ; n/a           ; n/a             ; n/a         ;
; LED_R[8]      ; 2.5 V        ; 0 in              ; 0 H/in                  ; 0 F/in                  ; short         ; -                   ; open           ; open             ; open   ; 0 in             ; 0 H/in                 ; 0 F/in                 ; short        ; open          ; open            ; open  ; 0 V                 ; -                  ; n/a           ; n/a             ; n/a         ;
; LED_R[9]      ; 2.5 V        ; 0 in              ; 0 H/in                  ; 0 F/in                  ; short         ; -                   ; open           ; open             ; open   ; 0 in             ; 0 H/in                 ; 0 F/in                 ; short        ; open          ; open            ; open  ; 0 V                 ; -                  ; n/a           ; n/a             ; n/a         ;
; UART_TX       ; 2.5 V        ; 0 in              ; 0 H/in                  ; 0 F/in                  ; short         ; -                   ; open           ; open             ; open   ; 0 in             ; 0 H/in                 ; 0 F/in                 ; short        ; open          ; open            ; open  ; 0 V                 ; -                  ; n/a           ; n/a             ; n/a         ;
; ~ALTERA_DCLK~ ; 2.5 V        ; 0 in              ; 0 H/in                  ; 0 F/in                  ; short         ; -                   ; open           ; open             ; open   ; 0 in             ; 0 H/in                 ; 0 F/in                 ; short        ; open          ; open            ; open  ; 0 V                 ; -                  ; n/a           ; n/a             ; n/a         ;
; ~ALTERA_nCEO~ ; 2.5 V        ; 0 in              ; 0 H/in                  ; 0 F/in                  ; short         ; -                   ; open           ; open             ; open   ; 0 in             ; 0 H/in                 ; 0 F/in                 ; short        ; open          ; open            ; open  ; 0 V                 ; -                  ; n/a           ; n/a             ; n/a         ;
+---------------+--------------+-------------------+-------------------------+-------------------------+---------------+---------------------+----------------+------------------+--------+------------------+------------------------+------------------------+--------------+---------------+-----------------+-------+---------------------+--------------------+---------------+-----------------+-------------+


+----------------------------------------------------------------------------+
; Input Transition Times                                                     ;
+-------------------------+--------------+-----------------+-----------------+
; Pin                     ; I/O Standard ; 10-90 Rise Time ; 90-10 Fall Time ;
+-------------------------+--------------+-----------------+-----------------+
; start                   ; 2.5 V        ; 2000 ps         ; 2000 ps         ;
; stop                    ; 2.5 V        ; 2000 ps         ; 2000 ps         ;
; clk                     ; 2.5 V        ; 2000 ps         ; 2000 ps         ;
; reset_n                 ; 2.5 V        ; 2000 ps         ; 2000 ps         ;
; UART_RX                 ; 2.5 V        ; 2000 ps         ; 2000 ps         ;
; ~ALTERA_ASDO_DATA1~     ; 2.5 V        ; 2000 ps         ; 2000 ps         ;
; ~ALTERA_FLASH_nCE_nCSO~ ; 2.5 V        ; 2000 ps         ; 2000 ps         ;
; ~ALTERA_DATA0~          ; 2.5 V        ; 2000 ps         ; 2000 ps         ;
+-------------------------+--------------+-----------------+-----------------+


+--------------------------------------------------------------------------------------------------------------------------------------------------------------------------------------------------------------------------------------------------------------------------------------------------------------------------------------------------------------------------------------------------------------------------------------------------------------------------------------------------------------------------------------------------------------------------------------------------------------------------------------------------------------------------------------------+
; Signal Integrity Metrics (Slow 1200mv 0c Model)                                                                                                                                                                                                                                                                                                                                                                                                                                                                                                                                                                                                                                            ;
+---------------+--------------+---------------------+---------------------+------------------------------+------------------------------+---------------------+---------------------+--------------------------------------+--------------------------------------+-----------------------------+-----------------------------+----------------------------+----------------------------+-----------------------------+-----------------------------+--------------------+--------------------+-------------------------------------+-------------------------------------+----------------------------+----------------------------+---------------------------+---------------------------+
; Pin           ; I/O Standard ; Board Delay on Rise ; Board Delay on Fall ; Steady State Voh at FPGA Pin ; Steady State Vol at FPGA Pin ; Voh Max at FPGA Pin ; Vol Min at FPGA Pin ; Ringback Voltage on Rise at FPGA Pin ; Ringback Voltage on Fall at FPGA Pin ; 10-90 Rise Time at FPGA Pin ; 90-10 Fall Time at FPGA Pin ; Monotonic Rise at FPGA Pin ; Monotonic Fall at FPGA Pin ; Steady State Voh at Far-end ; Steady State Vol at Far-end ; Voh Max at Far-end ; Vol Min at Far-end ; Ringback Voltage on Rise at Far-end ; Ringback Voltage on Fall at Far-end ; 10-90 Rise Time at Far-end ; 90-10 Fall Time at Far-end ; Monotonic Rise at Far-end ; Monotonic Fall at Far-end ;
+---------------+--------------+---------------------+---------------------+------------------------------+------------------------------+---------------------+---------------------+--------------------------------------+--------------------------------------+-----------------------------+-----------------------------+----------------------------+----------------------------+-----------------------------+-----------------------------+--------------------+--------------------+-------------------------------------+-------------------------------------+----------------------------+----------------------------+---------------------------+---------------------------+
; LED_seg[0]    ; 2.5 V        ; 0 s                 ; 0 s                 ; 2.32 V                       ; 4.49e-09 V                   ; 2.38 V              ; -0.00552 V          ; 0.096 V                              ; 0.019 V                              ; 4.18e-10 s                  ; 3.59e-10 s                  ; No                         ; Yes                        ; 2.32 V                      ; 4.49e-09 V                  ; 2.38 V             ; -0.00552 V         ; 0.096 V                             ; 0.019 V                             ; 4.18e-10 s                 ; 3.59e-10 s                 ; No                        ; Yes                       ;
; LED_seg[1]    ; 2.5 V        ; 0 s                 ; 0 s                 ; 2.32 V                       ; 4.49e-09 V                   ; 2.33 V              ; -0.00467 V          ; 0.226 V                              ; 0.087 V                              ; 2.91e-09 s                  ; 2.74e-09 s                  ; Yes                        ; Yes                        ; 2.32 V                      ; 4.49e-09 V                  ; 2.33 V             ; -0.00467 V         ; 0.226 V                             ; 0.087 V                             ; 2.91e-09 s                 ; 2.74e-09 s                 ; Yes                       ; Yes                       ;
; LED_seg[2]    ; 2.5 V        ; 0 s                 ; 0 s                 ; 2.32 V                       ; 4.49e-09 V                   ; 2.38 V              ; -0.00552 V          ; 0.096 V                              ; 0.019 V                              ; 4.18e-10 s                  ; 3.59e-10 s                  ; No                         ; Yes                        ; 2.32 V                      ; 4.49e-09 V                  ; 2.38 V             ; -0.00552 V         ; 0.096 V                             ; 0.019 V                             ; 4.18e-10 s                 ; 3.59e-10 s                 ; No                        ; Yes                       ;
; LED_seg[3]    ; 2.5 V        ; 0 s                 ; 0 s                 ; 2.32 V                       ; 3.07e-09 V                   ; 2.38 V              ; -0.0144 V           ; 0.227 V                              ; 0.024 V                              ; 3.14e-10 s                  ; 3.39e-10 s                  ; Yes                        ; Yes                        ; 2.32 V                      ; 3.07e-09 V                  ; 2.38 V             ; -0.0144 V          ; 0.227 V                             ; 0.024 V                             ; 3.14e-10 s                 ; 3.39e-10 s                 ; Yes                       ; Yes                       ;
; LED_seg[4]    ; 2.5 V        ; 0 s                 ; 0 s                 ; 2.32 V                       ; 3.07e-09 V                   ; 2.38 V              ; -0.0144 V           ; 0.227 V                              ; 0.024 V                              ; 3.14e-10 s                  ; 3.39e-10 s                  ; Yes                        ; Yes                        ; 2.32 V                      ; 3.07e-09 V                  ; 2.38 V             ; -0.0144 V          ; 0.227 V                             ; 0.024 V                             ; 3.14e-10 s                 ; 3.39e-10 s                 ; Yes                       ; Yes                       ;
; LED_seg[5]    ; 2.5 V        ; 0 s                 ; 0 s                 ; 2.32 V                       ; 3.07e-09 V                   ; 2.33 V              ; -0.00496 V          ; 0.223 V                              ; 0.086 V                              ; 2.9e-09 s                   ; 2.73e-09 s                  ; Yes                        ; Yes                        ; 2.32 V                      ; 3.07e-09 V                  ; 2.33 V             ; -0.00496 V         ; 0.223 V                             ; 0.086 V                             ; 2.9e-09 s                  ; 2.73e-09 s                 ; Yes                       ; Yes                       ;
; LED_seg[6]    ; 2.5 V        ; 0 s                 ; 0 s                 ; 2.32 V                       ; 3.07e-09 V                   ; 2.38 V              ; -0.0144 V           ; 0.227 V                              ; 0.024 V                              ; 3.14e-10 s                  ; 3.39e-10 s                  ; Yes                        ; Yes                        ; 2.32 V                      ; 3.07e-09 V                  ; 2.38 V             ; -0.0144 V          ; 0.227 V                             ; 0.024 V                             ; 3.14e-10 s                 ; 3.39e-10 s                 ; Yes                       ; Yes                       ;
; LED_R[0]      ; 2.5 V        ; 0 s                 ; 0 s                 ; 2.32 V                       ; 4.49e-09 V                   ; 2.38 V              ; -0.00552 V          ; 0.096 V                              ; 0.019 V                              ; 4.18e-10 s                  ; 3.59e-10 s                  ; No                         ; Yes                        ; 2.32 V                      ; 4.49e-09 V                  ; 2.38 V             ; -0.00552 V         ; 0.096 V                             ; 0.019 V                             ; 4.18e-10 s                 ; 3.59e-10 s                 ; No                        ; Yes                       ;
; LED_R[1]      ; 2.5 V        ; 0 s                 ; 0 s                 ; 2.32 V                       ; 4.49e-09 V                   ; 2.38 V              ; -0.00552 V          ; 0.096 V                              ; 0.019 V                              ; 4.18e-10 s                  ; 3.59e-10 s                  ; No                         ; Yes                        ; 2.32 V                      ; 4.49e-09 V                  ; 2.38 V             ; -0.00552 V         ; 0.096 V                             ; 0.019 V                             ; 4.18e-10 s                 ; 3.59e-10 s                 ; No                        ; Yes                       ;
; LED_R[2]      ; 2.5 V        ; 0 s                 ; 0 s                 ; 2.32 V                       ; 4.49e-09 V                   ; 2.38 V              ; -0.00552 V          ; 0.096 V                              ; 0.019 V                              ; 4.18e-10 s                  ; 3.59e-10 s                  ; No                         ; Yes                        ; 2.32 V                      ; 4.49e-09 V                  ; 2.38 V             ; -0.00552 V         ; 0.096 V                             ; 0.019 V                             ; 4.18e-10 s                 ; 3.59e-10 s                 ; No                        ; Yes                       ;
; LED_R[3]      ; 2.5 V        ; 0 s                 ; 0 s                 ; 2.32 V                       ; 4.49e-09 V                   ; 2.38 V              ; -0.00552 V          ; 0.096 V                              ; 0.019 V                              ; 4.18e-10 s                  ; 3.59e-10 s                  ; No                         ; Yes                        ; 2.32 V                      ; 4.49e-09 V                  ; 2.38 V             ; -0.00552 V         ; 0.096 V                             ; 0.019 V                             ; 4.18e-10 s                 ; 3.59e-10 s                 ; No                        ; Yes                       ;
; LED_R[4]      ; 2.5 V        ; 0 s                 ; 0 s                 ; 2.32 V                       ; 4.49e-09 V                   ; 2.38 V              ; -0.00552 V          ; 0.096 V                              ; 0.019 V                              ; 4.18e-10 s                  ; 3.59e-10 s                  ; No                         ; Yes                        ; 2.32 V                      ; 4.49e-09 V                  ; 2.38 V             ; -0.00552 V         ; 0.096 V                             ; 0.019 V                             ; 4.18e-10 s                 ; 3.59e-10 s                 ; No                        ; Yes                       ;
; LED_R[5]      ; 2.5 V        ; 0 s                 ; 0 s                 ; 2.32 V                       ; 4.49e-09 V                   ; 2.38 V              ; -0.00552 V          ; 0.096 V                              ; 0.019 V                              ; 4.18e-10 s                  ; 3.59e-10 s                  ; No                         ; Yes                        ; 2.32 V                      ; 4.49e-09 V                  ; 2.38 V             ; -0.00552 V         ; 0.096 V                             ; 0.019 V                             ; 4.18e-10 s                 ; 3.59e-10 s                 ; No                        ; Yes                       ;
; LED_R[6]      ; 2.5 V        ; 0 s                 ; 0 s                 ; 2.32 V                       ; 4.49e-09 V                   ; 2.38 V              ; -0.00552 V          ; 0.096 V                              ; 0.019 V                              ; 4.18e-10 s                  ; 3.59e-10 s                  ; No                         ; Yes                        ; 2.32 V                      ; 4.49e-09 V                  ; 2.38 V             ; -0.00552 V         ; 0.096 V                             ; 0.019 V                             ; 4.18e-10 s                 ; 3.59e-10 s                 ; No                        ; Yes                       ;
; LED_R[7]      ; 2.5 V        ; 0 s                 ; 0 s                 ; 2.32 V                       ; 4.49e-09 V                   ; 2.38 V              ; -0.00552 V          ; 0.096 V                              ; 0.019 V                              ; 4.18e-10 s                  ; 3.59e-10 s                  ; No                         ; Yes                        ; 2.32 V                      ; 4.49e-09 V                  ; 2.38 V             ; -0.00552 V         ; 0.096 V                             ; 0.019 V                             ; 4.18e-10 s                 ; 3.59e-10 s                 ; No                        ; Yes                       ;
; LED_R[8]      ; 2.5 V        ; 0 s                 ; 0 s                 ; 2.32 V                       ; 4.49e-09 V                   ; 2.38 V              ; -0.00552 V          ; 0.096 V                              ; 0.019 V                              ; 4.18e-10 s                  ; 3.59e-10 s                  ; No                         ; Yes                        ; 2.32 V                      ; 4.49e-09 V                  ; 2.38 V             ; -0.00552 V         ; 0.096 V                             ; 0.019 V                             ; 4.18e-10 s                 ; 3.59e-10 s                 ; No                        ; Yes                       ;
; LED_R[9]      ; 2.5 V        ; 0 s                 ; 0 s                 ; 2.32 V                       ; 4.49e-09 V                   ; 2.33 V              ; -0.00467 V          ; 0.226 V                              ; 0.087 V                              ; 2.91e-09 s                  ; 2.74e-09 s                  ; Yes                        ; Yes                        ; 2.32 V                      ; 4.49e-09 V                  ; 2.33 V             ; -0.00467 V         ; 0.226 V                             ; 0.087 V                             ; 2.91e-09 s                 ; 2.74e-09 s                 ; Yes                       ; Yes                       ;
; UART_TX       ; 2.5 V        ; 0 s                 ; 0 s                 ; 2.32 V                       ; 4.49e-09 V                   ; 2.33 V              ; -0.00467 V          ; 0.226 V                              ; 0.087 V                              ; 2.91e-09 s                  ; 2.74e-09 s                  ; Yes                        ; Yes                        ; 2.32 V                      ; 4.49e-09 V                  ; 2.33 V             ; -0.00467 V         ; 0.226 V                             ; 0.087 V                             ; 2.91e-09 s                 ; 2.74e-09 s                 ; Yes                       ; Yes                       ;
; ~ALTERA_DCLK~ ; 2.5 V        ; 0 s                 ; 0 s                 ; 2.32 V                       ; 2.67e-09 V                   ; 2.38 V              ; -0.0485 V           ; 0.167 V                              ; 0.096 V                              ; 2.95e-10 s                  ; 2.73e-10 s                  ; Yes                        ; Yes                        ; 2.32 V                      ; 2.67e-09 V                  ; 2.38 V             ; -0.0485 V          ; 0.167 V                             ; 0.096 V                             ; 2.95e-10 s                 ; 2.73e-10 s                 ; Yes                       ; Yes                       ;
; ~ALTERA_nCEO~ ; 2.5 V        ; 0 s                 ; 0 s                 ; 2.32 V                       ; 4.18e-09 V                   ; 2.38 V              ; -0.00483 V          ; 0.152 V                              ; 0.012 V                              ; 4.81e-10 s                  ; 6.29e-10 s                  ; Yes                        ; Yes                        ; 2.32 V                      ; 4.18e-09 V                  ; 2.38 V             ; -0.00483 V         ; 0.152 V                             ; 0.012 V                             ; 4.81e-10 s                 ; 6.29e-10 s                 ; Yes                       ; Yes                       ;
+---------------+--------------+---------------------+---------------------+------------------------------+------------------------------+---------------------+---------------------+--------------------------------------+--------------------------------------+-----------------------------+-----------------------------+----------------------------+----------------------------+-----------------------------+-----------------------------+--------------------+--------------------+-------------------------------------+-------------------------------------+----------------------------+----------------------------+---------------------------+---------------------------+


+--------------------------------------------------------------------------------------------------------------------------------------------------------------------------------------------------------------------------------------------------------------------------------------------------------------------------------------------------------------------------------------------------------------------------------------------------------------------------------------------------------------------------------------------------------------------------------------------------------------------------------------------------------------------------------------------+
; Signal Integrity Metrics (Slow 1200mv 85c Model)                                                                                                                                                                                                                                                                                                                                                                                                                                                                                                                                                                                                                                           ;
+---------------+--------------+---------------------+---------------------+------------------------------+------------------------------+---------------------+---------------------+--------------------------------------+--------------------------------------+-----------------------------+-----------------------------+----------------------------+----------------------------+-----------------------------+-----------------------------+--------------------+--------------------+-------------------------------------+-------------------------------------+----------------------------+----------------------------+---------------------------+---------------------------+
; Pin           ; I/O Standard ; Board Delay on Rise ; Board Delay on Fall ; Steady State Voh at FPGA Pin ; Steady State Vol at FPGA Pin ; Voh Max at FPGA Pin ; Vol Min at FPGA Pin ; Ringback Voltage on Rise at FPGA Pin ; Ringback Voltage on Fall at FPGA Pin ; 10-90 Rise Time at FPGA Pin ; 90-10 Fall Time at FPGA Pin ; Monotonic Rise at FPGA Pin ; Monotonic Fall at FPGA Pin ; Steady State Voh at Far-end ; Steady State Vol at Far-end ; Voh Max at Far-end ; Vol Min at Far-end ; Ringback Voltage on Rise at Far-end ; Ringback Voltage on Fall at Far-end ; 10-90 Rise Time at Far-end ; 90-10 Fall Time at Far-end ; Monotonic Rise at Far-end ; Monotonic Fall at Far-end ;
+---------------+--------------+---------------------+---------------------+------------------------------+------------------------------+---------------------+---------------------+--------------------------------------+--------------------------------------+-----------------------------+-----------------------------+----------------------------+----------------------------+-----------------------------+-----------------------------+--------------------+--------------------+-------------------------------------+-------------------------------------+----------------------------+----------------------------+---------------------------+---------------------------+
; LED_seg[0]    ; 2.5 V        ; 0 s                 ; 0 s                 ; 2.32 V                       ; 6.92e-07 V                   ; 2.35 V              ; -0.00996 V          ; 0.121 V                              ; 0.03 V                               ; 4.64e-10 s                  ; 4.47e-10 s                  ; Yes                        ; Yes                        ; 2.32 V                      ; 6.92e-07 V                  ; 2.35 V             ; -0.00996 V         ; 0.121 V                             ; 0.03 V                              ; 4.64e-10 s                 ; 4.47e-10 s                 ; Yes                       ; Yes                       ;
; LED_seg[1]    ; 2.5 V        ; 0 s                 ; 0 s                 ; 2.32 V                       ; 6.92e-07 V                   ; 2.33 V              ; -0.00265 V          ; 0.133 V                              ; 0.056 V                              ; 3.55e-09 s                  ; 3.31e-09 s                  ; Yes                        ; Yes                        ; 2.32 V                      ; 6.92e-07 V                  ; 2.33 V             ; -0.00265 V         ; 0.133 V                             ; 0.056 V                             ; 3.55e-09 s                 ; 3.31e-09 s                 ; Yes                       ; Yes                       ;
; LED_seg[2]    ; 2.5 V        ; 0 s                 ; 0 s                 ; 2.32 V                       ; 6.92e-07 V                   ; 2.35 V              ; -0.00996 V          ; 0.121 V                              ; 0.03 V                               ; 4.64e-10 s                  ; 4.47e-10 s                  ; Yes                        ; Yes                        ; 2.32 V                      ; 6.92e-07 V                  ; 2.35 V             ; -0.00996 V         ; 0.121 V                             ; 0.03 V                              ; 4.64e-10 s                 ; 4.47e-10 s                 ; Yes                       ; Yes                       ;
; LED_seg[3]    ; 2.5 V        ; 0 s                 ; 0 s                 ; 2.32 V                       ; 4.67e-07 V                   ; 2.36 V              ; -0.00552 V          ; 0.11 V                               ; 0.007 V                              ; 4.54e-10 s                  ; 4.35e-10 s                  ; Yes                        ; Yes                        ; 2.32 V                      ; 4.67e-07 V                  ; 2.36 V             ; -0.00552 V         ; 0.11 V                              ; 0.007 V                             ; 4.54e-10 s                 ; 4.35e-10 s                 ; Yes                       ; Yes                       ;
; LED_seg[4]    ; 2.5 V        ; 0 s                 ; 0 s                 ; 2.32 V                       ; 4.67e-07 V                   ; 2.36 V              ; -0.00552 V          ; 0.11 V                               ; 0.007 V                              ; 4.54e-10 s                  ; 4.35e-10 s                  ; Yes                        ; Yes                        ; 2.32 V                      ; 4.67e-07 V                  ; 2.36 V             ; -0.00552 V         ; 0.11 V                              ; 0.007 V                             ; 4.54e-10 s                 ; 4.35e-10 s                 ; Yes                       ; Yes                       ;
; LED_seg[5]    ; 2.5 V        ; 0 s                 ; 0 s                 ; 2.32 V                       ; 4.67e-07 V                   ; 2.33 V              ; -0.00269 V          ; 0.13 V                               ; 0.055 V                              ; 3.54e-09 s                  ; 3.29e-09 s                  ; Yes                        ; Yes                        ; 2.32 V                      ; 4.67e-07 V                  ; 2.33 V             ; -0.00269 V         ; 0.13 V                              ; 0.055 V                             ; 3.54e-09 s                 ; 3.29e-09 s                 ; Yes                       ; Yes                       ;
; LED_seg[6]    ; 2.5 V        ; 0 s                 ; 0 s                 ; 2.32 V                       ; 4.67e-07 V                   ; 2.36 V              ; -0.00552 V          ; 0.11 V                               ; 0.007 V                              ; 4.54e-10 s                  ; 4.35e-10 s                  ; Yes                        ; Yes                        ; 2.32 V                      ; 4.67e-07 V                  ; 2.36 V             ; -0.00552 V         ; 0.11 V                              ; 0.007 V                             ; 4.54e-10 s                 ; 4.35e-10 s                 ; Yes                       ; Yes                       ;
; LED_R[0]      ; 2.5 V        ; 0 s                 ; 0 s                 ; 2.32 V                       ; 6.92e-07 V                   ; 2.35 V              ; -0.00996 V          ; 0.121 V                              ; 0.03 V                               ; 4.64e-10 s                  ; 4.47e-10 s                  ; Yes                        ; Yes                        ; 2.32 V                      ; 6.92e-07 V                  ; 2.35 V             ; -0.00996 V         ; 0.121 V                             ; 0.03 V                              ; 4.64e-10 s                 ; 4.47e-10 s                 ; Yes                       ; Yes                       ;
; LED_R[1]      ; 2.5 V        ; 0 s                 ; 0 s                 ; 2.32 V                       ; 6.92e-07 V                   ; 2.35 V              ; -0.00996 V          ; 0.121 V                              ; 0.03 V                               ; 4.64e-10 s                  ; 4.47e-10 s                  ; Yes                        ; Yes                        ; 2.32 V                      ; 6.92e-07 V                  ; 2.35 V             ; -0.00996 V         ; 0.121 V                             ; 0.03 V                              ; 4.64e-10 s                 ; 4.47e-10 s                 ; Yes                       ; Yes                       ;
; LED_R[2]      ; 2.5 V        ; 0 s                 ; 0 s                 ; 2.32 V                       ; 6.92e-07 V                   ; 2.35 V              ; -0.00996 V          ; 0.121 V                              ; 0.03 V                               ; 4.64e-10 s                  ; 4.47e-10 s                  ; Yes                        ; Yes                        ; 2.32 V                      ; 6.92e-07 V                  ; 2.35 V             ; -0.00996 V         ; 0.121 V                             ; 0.03 V                              ; 4.64e-10 s                 ; 4.47e-10 s                 ; Yes                       ; Yes                       ;
; LED_R[3]      ; 2.5 V        ; 0 s                 ; 0 s                 ; 2.32 V                       ; 6.92e-07 V                   ; 2.35 V              ; -0.00996 V          ; 0.121 V                              ; 0.03 V                               ; 4.64e-10 s                  ; 4.47e-10 s                  ; Yes                        ; Yes                        ; 2.32 V                      ; 6.92e-07 V                  ; 2.35 V             ; -0.00996 V         ; 0.121 V                             ; 0.03 V                              ; 4.64e-10 s                 ; 4.47e-10 s                 ; Yes                       ; Yes                       ;
; LED_R[4]      ; 2.5 V        ; 0 s                 ; 0 s                 ; 2.32 V                       ; 6.92e-07 V                   ; 2.35 V              ; -0.00996 V          ; 0.121 V                              ; 0.03 V                               ; 4.64e-10 s                  ; 4.47e-10 s                  ; Yes                        ; Yes                        ; 2.32 V                      ; 6.92e-07 V                  ; 2.35 V             ; -0.00996 V         ; 0.121 V                             ; 0.03 V                              ; 4.64e-10 s                 ; 4.47e-10 s                 ; Yes                       ; Yes                       ;
; LED_R[5]      ; 2.5 V        ; 0 s                 ; 0 s                 ; 2.32 V                       ; 6.92e-07 V                   ; 2.35 V              ; -0.00996 V          ; 0.121 V                              ; 0.03 V                               ; 4.64e-10 s                  ; 4.47e-10 s                  ; Yes                        ; Yes                        ; 2.32 V                      ; 6.92e-07 V                  ; 2.35 V             ; -0.00996 V         ; 0.121 V                             ; 0.03 V                              ; 4.64e-10 s                 ; 4.47e-10 s                 ; Yes                       ; Yes                       ;
; LED_R[6]      ; 2.5 V        ; 0 s                 ; 0 s                 ; 2.32 V                       ; 6.92e-07 V                   ; 2.35 V              ; -0.00996 V          ; 0.121 V                              ; 0.03 V                               ; 4.64e-10 s                  ; 4.47e-10 s                  ; Yes                        ; Yes                        ; 2.32 V                      ; 6.92e-07 V                  ; 2.35 V             ; -0.00996 V         ; 0.121 V                             ; 0.03 V                              ; 4.64e-10 s                 ; 4.47e-10 s                 ; Yes                       ; Yes                       ;
; LED_R[7]      ; 2.5 V        ; 0 s                 ; 0 s                 ; 2.32 V                       ; 6.92e-07 V                   ; 2.35 V              ; -0.00996 V          ; 0.121 V                              ; 0.03 V                               ; 4.64e-10 s                  ; 4.47e-10 s                  ; Yes                        ; Yes                        ; 2.32 V                      ; 6.92e-07 V                  ; 2.35 V             ; -0.00996 V         ; 0.121 V                             ; 0.03 V                              ; 4.64e-10 s                 ; 4.47e-10 s                 ; Yes                       ; Yes                       ;
; LED_R[8]      ; 2.5 V        ; 0 s                 ; 0 s                 ; 2.32 V                       ; 6.92e-07 V                   ; 2.35 V              ; -0.00996 V          ; 0.121 V                              ; 0.03 V                               ; 4.64e-10 s                  ; 4.47e-10 s                  ; Yes                        ; Yes                        ; 2.32 V                      ; 6.92e-07 V                  ; 2.35 V             ; -0.00996 V         ; 0.121 V                             ; 0.03 V                              ; 4.64e-10 s                 ; 4.47e-10 s                 ; Yes                       ; Yes                       ;
; LED_R[9]      ; 2.5 V        ; 0 s                 ; 0 s                 ; 2.32 V                       ; 6.92e-07 V                   ; 2.33 V              ; -0.00265 V          ; 0.133 V                              ; 0.056 V                              ; 3.55e-09 s                  ; 3.31e-09 s                  ; Yes                        ; Yes                        ; 2.32 V                      ; 6.92e-07 V                  ; 2.33 V             ; -0.00265 V         ; 0.133 V                             ; 0.056 V                             ; 3.55e-09 s                 ; 3.31e-09 s                 ; Yes                       ; Yes                       ;
; UART_TX       ; 2.5 V        ; 0 s                 ; 0 s                 ; 2.32 V                       ; 6.92e-07 V                   ; 2.33 V              ; -0.00265 V          ; 0.133 V                              ; 0.056 V                              ; 3.55e-09 s                  ; 3.31e-09 s                  ; Yes                        ; Yes                        ; 2.32 V                      ; 6.92e-07 V                  ; 2.33 V             ; -0.00265 V         ; 0.133 V                             ; 0.056 V                             ; 3.55e-09 s                 ; 3.31e-09 s                 ; Yes                       ; Yes                       ;
; ~ALTERA_DCLK~ ; 2.5 V        ; 0 s                 ; 0 s                 ; 2.32 V                       ; 3.75e-07 V                   ; 2.35 V              ; -0.0109 V           ; 0.084 V                              ; 0.027 V                              ; 4.31e-10 s                  ; 3.61e-10 s                  ; Yes                        ; Yes                        ; 2.32 V                      ; 3.75e-07 V                  ; 2.35 V             ; -0.0109 V          ; 0.084 V                             ; 0.027 V                             ; 4.31e-10 s                 ; 3.61e-10 s                 ; Yes                       ; Yes                       ;
; ~ALTERA_nCEO~ ; 2.5 V        ; 0 s                 ; 0 s                 ; 2.32 V                       ; 6.15e-07 V                   ; 2.35 V              ; -0.00712 V          ; 0.093 V                              ; 0.02 V                               ; 6.21e-10 s                  ; 7.9e-10 s                   ; Yes                        ; Yes                        ; 2.32 V                      ; 6.15e-07 V                  ; 2.35 V             ; -0.00712 V         ; 0.093 V                             ; 0.02 V                              ; 6.21e-10 s                 ; 7.9e-10 s                  ; Yes                       ; Yes                       ;
+---------------+--------------+---------------------+---------------------+------------------------------+------------------------------+---------------------+---------------------+--------------------------------------+--------------------------------------+-----------------------------+-----------------------------+----------------------------+----------------------------+-----------------------------+-----------------------------+--------------------+--------------------+-------------------------------------+-------------------------------------+----------------------------+----------------------------+---------------------------+---------------------------+


+--------------------------------------------------------------------------------------------------------------------------------------------------------------------------------------------------------------------------------------------------------------------------------------------------------------------------------------------------------------------------------------------------------------------------------------------------------------------------------------------------------------------------------------------------------------------------------------------------------------------------------------------------------------------------------------------+
; Signal Integrity Metrics (Fast 1200mv 0c Model)                                                                                                                                                                                                                                                                                                                                                                                                                                                                                                                                                                                                                                            ;
+---------------+--------------+---------------------+---------------------+------------------------------+------------------------------+---------------------+---------------------+--------------------------------------+--------------------------------------+-----------------------------+-----------------------------+----------------------------+----------------------------+-----------------------------+-----------------------------+--------------------+--------------------+-------------------------------------+-------------------------------------+----------------------------+----------------------------+---------------------------+---------------------------+
; Pin           ; I/O Standard ; Board Delay on Rise ; Board Delay on Fall ; Steady State Voh at FPGA Pin ; Steady State Vol at FPGA Pin ; Voh Max at FPGA Pin ; Vol Min at FPGA Pin ; Ringback Voltage on Rise at FPGA Pin ; Ringback Voltage on Fall at FPGA Pin ; 10-90 Rise Time at FPGA Pin ; 90-10 Fall Time at FPGA Pin ; Monotonic Rise at FPGA Pin ; Monotonic Fall at FPGA Pin ; Steady State Voh at Far-end ; Steady State Vol at Far-end ; Voh Max at Far-end ; Vol Min at Far-end ; Ringback Voltage on Rise at Far-end ; Ringback Voltage on Fall at Far-end ; 10-90 Rise Time at Far-end ; 90-10 Fall Time at Far-end ; Monotonic Rise at Far-end ; Monotonic Fall at Far-end ;
+---------------+--------------+---------------------+---------------------+------------------------------+------------------------------+---------------------+---------------------+--------------------------------------+--------------------------------------+-----------------------------+-----------------------------+----------------------------+----------------------------+-----------------------------+-----------------------------+--------------------+--------------------+-------------------------------------+-------------------------------------+----------------------------+----------------------------+---------------------------+---------------------------+
; LED_seg[0]    ; 2.5 V        ; 0 s                 ; 0 s                 ; 2.62 V                       ; 4.05e-08 V                   ; 2.72 V              ; -0.0349 V           ; 0.173 V                              ; 0.1 V                                ; 2.72e-10 s                  ; 2.69e-10 s                  ; Yes                        ; Yes                        ; 2.62 V                      ; 4.05e-08 V                  ; 2.72 V             ; -0.0349 V          ; 0.173 V                             ; 0.1 V                               ; 2.72e-10 s                 ; 2.69e-10 s                 ; Yes                       ; Yes                       ;
; LED_seg[1]    ; 2.5 V        ; 0 s                 ; 0 s                 ; 2.62 V                       ; 4.05e-08 V                   ; 2.64 V              ; -0.0113 V           ; 0.208 V                              ; 0.179 V                              ; 2.38e-09 s                  ; 2.23e-09 s                  ; No                         ; Yes                        ; 2.62 V                      ; 4.05e-08 V                  ; 2.64 V             ; -0.0113 V          ; 0.208 V                             ; 0.179 V                             ; 2.38e-09 s                 ; 2.23e-09 s                 ; No                        ; Yes                       ;
; LED_seg[2]    ; 2.5 V        ; 0 s                 ; 0 s                 ; 2.62 V                       ; 4.05e-08 V                   ; 2.72 V              ; -0.0349 V           ; 0.173 V                              ; 0.1 V                                ; 2.72e-10 s                  ; 2.69e-10 s                  ; Yes                        ; Yes                        ; 2.62 V                      ; 4.05e-08 V                  ; 2.72 V             ; -0.0349 V          ; 0.173 V                             ; 0.1 V                               ; 2.72e-10 s                 ; 2.69e-10 s                 ; Yes                       ; Yes                       ;
; LED_seg[3]    ; 2.5 V        ; 0 s                 ; 0 s                 ; 2.62 V                       ; 2.74e-08 V                   ; 2.73 V              ; -0.0384 V           ; 0.169 V                              ; 0.089 V                              ; 2.7e-10 s                   ; 2.62e-10 s                  ; Yes                        ; Yes                        ; 2.62 V                      ; 2.74e-08 V                  ; 2.73 V             ; -0.0384 V          ; 0.169 V                             ; 0.089 V                             ; 2.7e-10 s                  ; 2.62e-10 s                 ; Yes                       ; Yes                       ;
; LED_seg[4]    ; 2.5 V        ; 0 s                 ; 0 s                 ; 2.62 V                       ; 2.74e-08 V                   ; 2.73 V              ; -0.0384 V           ; 0.169 V                              ; 0.089 V                              ; 2.7e-10 s                   ; 2.62e-10 s                  ; Yes                        ; Yes                        ; 2.62 V                      ; 2.74e-08 V                  ; 2.73 V             ; -0.0384 V          ; 0.169 V                             ; 0.089 V                             ; 2.7e-10 s                  ; 2.62e-10 s                 ; Yes                       ; Yes                       ;
; LED_seg[5]    ; 2.5 V        ; 0 s                 ; 0 s                 ; 2.62 V                       ; 2.74e-08 V                   ; 2.64 V              ; -0.0117 V           ; 0.202 V                              ; 0.176 V                              ; 2.38e-09 s                  ; 2.22e-09 s                  ; No                         ; Yes                        ; 2.62 V                      ; 2.74e-08 V                  ; 2.64 V             ; -0.0117 V          ; 0.202 V                             ; 0.176 V                             ; 2.38e-09 s                 ; 2.22e-09 s                 ; No                        ; Yes                       ;
; LED_seg[6]    ; 2.5 V        ; 0 s                 ; 0 s                 ; 2.62 V                       ; 2.74e-08 V                   ; 2.73 V              ; -0.0384 V           ; 0.169 V                              ; 0.089 V                              ; 2.7e-10 s                   ; 2.62e-10 s                  ; Yes                        ; Yes                        ; 2.62 V                      ; 2.74e-08 V                  ; 2.73 V             ; -0.0384 V          ; 0.169 V                             ; 0.089 V                             ; 2.7e-10 s                  ; 2.62e-10 s                 ; Yes                       ; Yes                       ;
; LED_R[0]      ; 2.5 V        ; 0 s                 ; 0 s                 ; 2.62 V                       ; 4.05e-08 V                   ; 2.72 V              ; -0.0349 V           ; 0.173 V                              ; 0.1 V                                ; 2.72e-10 s                  ; 2.69e-10 s                  ; Yes                        ; Yes                        ; 2.62 V                      ; 4.05e-08 V                  ; 2.72 V             ; -0.0349 V          ; 0.173 V                             ; 0.1 V                               ; 2.72e-10 s                 ; 2.69e-10 s                 ; Yes                       ; Yes                       ;
; LED_R[1]      ; 2.5 V        ; 0 s                 ; 0 s                 ; 2.62 V                       ; 4.05e-08 V                   ; 2.72 V              ; -0.0349 V           ; 0.173 V                              ; 0.1 V                                ; 2.72e-10 s                  ; 2.69e-10 s                  ; Yes                        ; Yes                        ; 2.62 V                      ; 4.05e-08 V                  ; 2.72 V             ; -0.0349 V          ; 0.173 V                             ; 0.1 V                               ; 2.72e-10 s                 ; 2.69e-10 s                 ; Yes                       ; Yes                       ;
; LED_R[2]      ; 2.5 V        ; 0 s                 ; 0 s                 ; 2.62 V                       ; 4.05e-08 V                   ; 2.72 V              ; -0.0349 V           ; 0.173 V                              ; 0.1 V                                ; 2.72e-10 s                  ; 2.69e-10 s                  ; Yes                        ; Yes                        ; 2.62 V                      ; 4.05e-08 V                  ; 2.72 V             ; -0.0349 V          ; 0.173 V                             ; 0.1 V                               ; 2.72e-10 s                 ; 2.69e-10 s                 ; Yes                       ; Yes                       ;
; LED_R[3]      ; 2.5 V        ; 0 s                 ; 0 s                 ; 2.62 V                       ; 4.05e-08 V                   ; 2.72 V              ; -0.0349 V           ; 0.173 V                              ; 0.1 V                                ; 2.72e-10 s                  ; 2.69e-10 s                  ; Yes                        ; Yes                        ; 2.62 V                      ; 4.05e-08 V                  ; 2.72 V             ; -0.0349 V          ; 0.173 V                             ; 0.1 V                               ; 2.72e-10 s                 ; 2.69e-10 s                 ; Yes                       ; Yes                       ;
; LED_R[4]      ; 2.5 V        ; 0 s                 ; 0 s                 ; 2.62 V                       ; 4.05e-08 V                   ; 2.72 V              ; -0.0349 V           ; 0.173 V                              ; 0.1 V                                ; 2.72e-10 s                  ; 2.69e-10 s                  ; Yes                        ; Yes                        ; 2.62 V                      ; 4.05e-08 V                  ; 2.72 V             ; -0.0349 V          ; 0.173 V                             ; 0.1 V                               ; 2.72e-10 s                 ; 2.69e-10 s                 ; Yes                       ; Yes                       ;
; LED_R[5]      ; 2.5 V        ; 0 s                 ; 0 s                 ; 2.62 V                       ; 4.05e-08 V                   ; 2.72 V              ; -0.0349 V           ; 0.173 V                              ; 0.1 V                                ; 2.72e-10 s                  ; 2.69e-10 s                  ; Yes                        ; Yes                        ; 2.62 V                      ; 4.05e-08 V                  ; 2.72 V             ; -0.0349 V          ; 0.173 V                             ; 0.1 V                               ; 2.72e-10 s                 ; 2.69e-10 s                 ; Yes                       ; Yes                       ;
; LED_R[6]      ; 2.5 V        ; 0 s                 ; 0 s                 ; 2.62 V                       ; 4.05e-08 V                   ; 2.72 V              ; -0.0349 V           ; 0.173 V                              ; 0.1 V                                ; 2.72e-10 s                  ; 2.69e-10 s                  ; Yes                        ; Yes                        ; 2.62 V                      ; 4.05e-08 V                  ; 2.72 V             ; -0.0349 V          ; 0.173 V                             ; 0.1 V                               ; 2.72e-10 s                 ; 2.69e-10 s                 ; Yes                       ; Yes                       ;
; LED_R[7]      ; 2.5 V        ; 0 s                 ; 0 s                 ; 2.62 V                       ; 4.05e-08 V                   ; 2.72 V              ; -0.0349 V           ; 0.173 V                              ; 0.1 V                                ; 2.72e-10 s                  ; 2.69e-10 s                  ; Yes                        ; Yes                        ; 2.62 V                      ; 4.05e-08 V                  ; 2.72 V             ; -0.0349 V          ; 0.173 V                             ; 0.1 V                               ; 2.72e-10 s                 ; 2.69e-10 s                 ; Yes                       ; Yes                       ;
; LED_R[8]      ; 2.5 V        ; 0 s                 ; 0 s                 ; 2.62 V                       ; 4.05e-08 V                   ; 2.72 V              ; -0.0349 V           ; 0.173 V                              ; 0.1 V                                ; 2.72e-10 s                  ; 2.69e-10 s                  ; Yes                        ; Yes                        ; 2.62 V                      ; 4.05e-08 V                  ; 2.72 V             ; -0.0349 V          ; 0.173 V                             ; 0.1 V                               ; 2.72e-10 s                 ; 2.69e-10 s                 ; Yes                       ; Yes                       ;
; LED_R[9]      ; 2.5 V        ; 0 s                 ; 0 s                 ; 2.62 V                       ; 4.05e-08 V                   ; 2.64 V              ; -0.0113 V           ; 0.208 V                              ; 0.179 V                              ; 2.38e-09 s                  ; 2.23e-09 s                  ; No                         ; Yes                        ; 2.62 V                      ; 4.05e-08 V                  ; 2.64 V             ; -0.0113 V          ; 0.208 V                             ; 0.179 V                             ; 2.38e-09 s                 ; 2.23e-09 s                 ; No                        ; Yes                       ;
; UART_TX       ; 2.5 V        ; 0 s                 ; 0 s                 ; 2.62 V                       ; 4.05e-08 V                   ; 2.64 V              ; -0.0113 V           ; 0.208 V                              ; 0.179 V                              ; 2.38e-09 s                  ; 2.23e-09 s                  ; No                         ; Yes                        ; 2.62 V                      ; 4.05e-08 V                  ; 2.64 V             ; -0.0113 V          ; 0.208 V                             ; 0.179 V                             ; 2.38e-09 s                 ; 2.23e-09 s                 ; No                        ; Yes                       ;
; ~ALTERA_DCLK~ ; 2.5 V        ; 0 s                 ; 0 s                 ; 2.62 V                       ; 2.22e-08 V                   ; 2.74 V              ; -0.06 V             ; 0.158 V                              ; 0.08 V                               ; 2.68e-10 s                  ; 2.19e-10 s                  ; Yes                        ; Yes                        ; 2.62 V                      ; 2.22e-08 V                  ; 2.74 V             ; -0.06 V            ; 0.158 V                             ; 0.08 V                              ; 2.68e-10 s                 ; 2.19e-10 s                 ; Yes                       ; Yes                       ;
; ~ALTERA_nCEO~ ; 2.5 V        ; 0 s                 ; 0 s                 ; 2.62 V                       ; 3.54e-08 V                   ; 2.7 V               ; -0.00943 V          ; 0.276 V                              ; 0.035 V                              ; 3.19e-10 s                  ; 4.99e-10 s                  ; No                         ; Yes                        ; 2.62 V                      ; 3.54e-08 V                  ; 2.7 V              ; -0.00943 V         ; 0.276 V                             ; 0.035 V                             ; 3.19e-10 s                 ; 4.99e-10 s                 ; No                        ; Yes                       ;
+---------------+--------------+---------------------+---------------------+------------------------------+------------------------------+---------------------+---------------------+--------------------------------------+--------------------------------------+-----------------------------+-----------------------------+----------------------------+----------------------------+-----------------------------+-----------------------------+--------------------+--------------------+-------------------------------------+-------------------------------------+----------------------------+----------------------------+---------------------------+---------------------------+


+---------------------------------------------------------------------------------------------------------------------------------------------------+
; Setup Transfers                                                                                                                                   ;
+---------------------------------------------------+---------------------------------------------------+----------+----------+----------+----------+
; From Clock                                        ; To Clock                                          ; RR Paths ; FR Paths ; RF Paths ; FF Paths ;
+---------------------------------------------------+---------------------------------------------------+----------+----------+----------+----------+
; clk                                               ; clk                                               ; 203940   ; 0        ; 0        ; 0        ;
; u_pll|altpll_component|auto_generated|pll1|clk[0] ; clk                                               ; 18785726 ; 0        ; 0        ; 0        ;
; uartWrite:u5|clock                                ; clk                                               ; 32       ; 1        ; 0        ; 0        ;
; clk                                               ; u_pll|altpll_component|auto_generated|pll1|clk[0] ; 955      ; 0        ; 0        ; 0        ;
; clk                                               ; uartWrite:u5|clock                                ; 23       ; 0        ; 0        ; 0        ;
; uartWrite:u5|clock                                ; uartWrite:u5|clock                                ; 28       ; 0        ; 0        ; 0        ;
+---------------------------------------------------+---------------------------------------------------+----------+----------+----------+----------+
Entries labeled "false path" only account for clock-to-clock false paths and not path-based false paths. As a result, actual path counts may be lower than reported.


+---------------------------------------------------------------------------------------------------------------------------------------------------+
; Hold Transfers                                                                                                                                    ;
+---------------------------------------------------+---------------------------------------------------+----------+----------+----------+----------+
; From Clock                                        ; To Clock                                          ; RR Paths ; FR Paths ; RF Paths ; FF Paths ;
+---------------------------------------------------+---------------------------------------------------+----------+----------+----------+----------+
; clk                                               ; clk                                               ; 203940   ; 0        ; 0        ; 0        ;
; u_pll|altpll_component|auto_generated|pll1|clk[0] ; clk                                               ; 18785726 ; 0        ; 0        ; 0        ;
; uartWrite:u5|clock                                ; clk                                               ; 32       ; 1        ; 0        ; 0        ;
; clk                                               ; u_pll|altpll_component|auto_generated|pll1|clk[0] ; 955      ; 0        ; 0        ; 0        ;
; clk                                               ; uartWrite:u5|clock                                ; 23       ; 0        ; 0        ; 0        ;
; uartWrite:u5|clock                                ; uartWrite:u5|clock                                ; 28       ; 0        ; 0        ; 0        ;
+---------------------------------------------------+---------------------------------------------------+----------+----------+----------+----------+
Entries labeled "false path" only account for clock-to-clock false paths and not path-based false paths. As a result, actual path counts may be lower than reported.


---------------
; Report TCCS ;
---------------
No dedicated SERDES Transmitter circuitry present in device or used in design


---------------
; Report RSKM ;
---------------
No non-DPA dedicated SERDES Receiver circuitry present in device or used in design


+------------------------------------------------+
; Unconstrained Paths Summary                    ;
+---------------------------------+-------+------+
; Property                        ; Setup ; Hold ;
+---------------------------------+-------+------+
; Illegal Clocks                  ; 0     ; 0    ;
; Unconstrained Clocks            ; 0     ; 0    ;
; Unconstrained Input Ports       ; 2     ; 2    ;
; Unconstrained Input Port Paths  ; 854   ; 854  ;
; Unconstrained Output Ports      ; 18    ; 18   ;
; Unconstrained Output Port Paths ; 39    ; 39   ;
+---------------------------------+-------+------+


+---------------------------------------------------------------------------------------------------------------------------------+
; Clock Status Summary                                                                                                            ;
+---------------------------------------------------+---------------------------------------------------+-----------+-------------+
; Target                                            ; Clock                                             ; Type      ; Status      ;
+---------------------------------------------------+---------------------------------------------------+-----------+-------------+
; clk                                               ; clk                                               ; Base      ; Constrained ;
; u_pll|altpll_component|auto_generated|pll1|clk[0] ; u_pll|altpll_component|auto_generated|pll1|clk[0] ; Generated ; Constrained ;
; uartWrite:u5|clock                                ; uartWrite:u5|clock                                ; Base      ; Constrained ;
+---------------------------------------------------+---------------------------------------------------+-----------+-------------+


+---------------------------------------------------------------------------------------------------+
; Unconstrained Input Ports                                                                         ;
+------------+--------------------------------------------------------------------------------------+
; Input Port ; Comment                                                                              ;
+------------+--------------------------------------------------------------------------------------+
; UART_RX    ; No input delay, min/max delays, false-path exceptions, or max skew assignments found ;
; reset_n    ; No input delay, min/max delays, false-path exceptions, or max skew assignments found ;
+------------+--------------------------------------------------------------------------------------+


+-----------------------------------------------------------------------------------------------------+
; Unconstrained Output Ports                                                                          ;
+-------------+---------------------------------------------------------------------------------------+
; Output Port ; Comment                                                                               ;
+-------------+---------------------------------------------------------------------------------------+
; LED_R[0]    ; No output delay, min/max delays, false-path exceptions, or max skew assignments found ;
; LED_R[1]    ; No output delay, min/max delays, false-path exceptions, or max skew assignments found ;
; LED_R[2]    ; No output delay, min/max delays, false-path exceptions, or max skew assignments found ;
; LED_R[3]    ; No output delay, min/max delays, false-path exceptions, or max skew assignments found ;
; LED_R[4]    ; No output delay, min/max delays, false-path exceptions, or max skew assignments found ;
; LED_R[5]    ; No output delay, min/max delays, false-path exceptions, or max skew assignments found ;
; LED_R[6]    ; No output delay, min/max delays, false-path exceptions, or max skew assignments found ;
; LED_R[7]    ; No output delay, min/max delays, false-path exceptions, or max skew assignments found ;
; LED_R[8]    ; No output delay, min/max delays, false-path exceptions, or max skew assignments found ;
; LED_R[9]    ; No output delay, min/max delays, false-path exceptions, or max skew assignments found ;
; LED_seg[0]  ; No output delay, min/max delays, false-path exceptions, or max skew assignments found ;
; LED_seg[1]  ; No output delay, min/max delays, false-path exceptions, or max skew assignments found ;
; LED_seg[2]  ; No output delay, min/max delays, false-path exceptions, or max skew assignments found ;
; LED_seg[3]  ; No output delay, min/max delays, false-path exceptions, or max skew assignments found ;
; LED_seg[4]  ; No output delay, min/max delays, false-path exceptions, or max skew assignments found ;
; LED_seg[5]  ; No output delay, min/max delays, false-path exceptions, or max skew assignments found ;
; LED_seg[6]  ; No output delay, min/max delays, false-path exceptions, or max skew assignments found ;
; UART_TX     ; No output delay, min/max delays, false-path exceptions, or max skew assignments found ;
+-------------+---------------------------------------------------------------------------------------+


+---------------------------------------------------------------------------------------------------+
; Unconstrained Input Ports                                                                         ;
+------------+--------------------------------------------------------------------------------------+
; Input Port ; Comment                                                                              ;
+------------+--------------------------------------------------------------------------------------+
; UART_RX    ; No input delay, min/max delays, false-path exceptions, or max skew assignments found ;
; reset_n    ; No input delay, min/max delays, false-path exceptions, or max skew assignments found ;
+------------+--------------------------------------------------------------------------------------+


+-----------------------------------------------------------------------------------------------------+
; Unconstrained Output Ports                                                                          ;
+-------------+---------------------------------------------------------------------------------------+
; Output Port ; Comment                                                                               ;
+-------------+---------------------------------------------------------------------------------------+
; LED_R[0]    ; No output delay, min/max delays, false-path exceptions, or max skew assignments found ;
; LED_R[1]    ; No output delay, min/max delays, false-path exceptions, or max skew assignments found ;
; LED_R[2]    ; No output delay, min/max delays, false-path exceptions, or max skew assignments found ;
; LED_R[3]    ; No output delay, min/max delays, false-path exceptions, or max skew assignments found ;
; LED_R[4]    ; No output delay, min/max delays, false-path exceptions, or max skew assignments found ;
; LED_R[5]    ; No output delay, min/max delays, false-path exceptions, or max skew assignments found ;
; LED_R[6]    ; No output delay, min/max delays, false-path exceptions, or max skew assignments found ;
; LED_R[7]    ; No output delay, min/max delays, false-path exceptions, or max skew assignments found ;
; LED_R[8]    ; No output delay, min/max delays, false-path exceptions, or max skew assignments found ;
; LED_R[9]    ; No output delay, min/max delays, false-path exceptions, or max skew assignments found ;
; LED_seg[0]  ; No output delay, min/max delays, false-path exceptions, or max skew assignments found ;
; LED_seg[1]  ; No output delay, min/max delays, false-path exceptions, or max skew assignments found ;
; LED_seg[2]  ; No output delay, min/max delays, false-path exceptions, or max skew assignments found ;
; LED_seg[3]  ; No output delay, min/max delays, false-path exceptions, or max skew assignments found ;
; LED_seg[4]  ; No output delay, min/max delays, false-path exceptions, or max skew assignments found ;
; LED_seg[5]  ; No output delay, min/max delays, false-path exceptions, or max skew assignments found ;
; LED_seg[6]  ; No output delay, min/max delays, false-path exceptions, or max skew assignments found ;
; UART_TX     ; No output delay, min/max delays, false-path exceptions, or max skew assignments found ;
+-------------+---------------------------------------------------------------------------------------+


+------------------------------------+
; TimeQuest Timing Analyzer Messages ;
+------------------------------------+
Info: *******************************************************************
Info: Running Quartus Prime TimeQuest Timing Analyzer
    Info: Version 17.1.0 Build 590 10/25/2017 SJ Lite Edition
    Info: Processing started: Fri Sep 18 14:09:30 2026
Info: Command: quartus_sta top -c top
Info: qsta_default_script.tcl version: #3
Warning (18236): Number of processors has not been specified which may cause overloading on shared machines.  Set the global assignment NUM_PARALLEL_PROCESSORS in your QSF to an appropriate value for best performance.
Info (20030): Parallel compilation is enabled and will use 4 of the 4 processors detected
Info (21077): Low junction temperature is 0 degrees C
Info (21077): High junction temperature is 85 degrees C
Critical Warning (332012): Synopsys Design Constraints File file not found: 'top.sdc'. A Synopsys Design Constraints File is required by the TimeQuest Timing Analyzer to get proper timing constraints. Without it, the Compiler will not properly optimize the design.
Info (332142): No user constrained generated clocks found in the design. Calling "derive_pll_clocks -create_base_clocks"
Info (332110): Deriving PLL clocks
    Info (332110): create_clock -period 20.000 -waveform {0.000 10.000} -name clk clk
    Info (332110): create_generated_clock -source {u_pll|altpll_component|auto_generated|pll1|inclk[0]} -multiply_by 2 -duty_cycle 50.00 -name {u_pll|altpll_component|auto_generated|pll1|clk[0]} {u_pll|altpll_component|auto_generated|pll1|clk[0]}
Info (332142): No user constrained base clocks found in the design. Calling "derive_clocks -period 1.0"
Info (332105): Deriving Clocks
    Info (332105): create_clock -period 1.000 -name uartWrite:u5|clock uartWrite:u5|clock
Info (332143): No user constrained clock uncertainty found in the design. Calling "derive_clock_uncertainty"
Info (332123): Deriving Clock Uncertainty. Please refer to report_sdc in TimeQuest to see clock uncertainties.
Info: Found TIMEQUEST_REPORT_SCRIPT_INCLUDE_DEFAULT_ANALYSIS = ON
Info: Analyzing Slow 1200mV 85C Model
Critical Warning (332148): Timing requirements not met
    Info (11105): For recommendations on closing timing, run Report Timing Closure Recommendations in the TimeQuest Timing Analyzer.
Info (332146): Worst-case setup slack is -4.906
    Info (332119):     Slack       End Point TNS Clock 
    Info (332119): ========= =================== =====================
    Info (332119):    -4.906            -228.693 clk 
    Info (332119):    -1.382             -10.957 uartWrite:u5|clock 
    Info (332119):     1.733               0.000 u_pll|altpll_component|auto_generated|pll1|clk[0] 
Info (332146): Worst-case hold slack is 0.338
    Info (332119):     Slack       End Point TNS Clock 
    Info (332119): ========= =================== =====================
    Info (332119):     0.338               0.000 clk 
    Info (332119):     0.403               0.000 uartWrite:u5|clock 
    Info (332119):     2.860               0.000 u_pll|altpll_component|auto_generated|pll1|clk[0] 
Info (332140): No Recovery paths to report
Info (332140): No Removal paths to report
Info (332146): Worst-case minimum pulse width slack is -1.285
    Info (332119):     Slack       End Point TNS Clock 
    Info (332119): ========= =================== =====================
    Info (332119):    -1.285             -19.275 uartWrite:u5|clock 
    Info (332119):     4.750               0.000 u_pll|altpll_component|auto_generated|pll1|clk[0] 
    Info (332119):     9.630               0.000 clk 
Info (332114): Report Metastability: Found 129 synchronizer chains.
    Info (332114): The design MTBF is not calculated because there are no specified synchronizers in the design.
    Info (332114): Number of Synchronizer Chains Found: 129
    Info (332114): Shortest Synchronizer Chain: 2 Registers
    Info (332114): Fraction of Chains for which MTBFs Could Not be Calculated: 1.000
    Info (332114): Worst Case Available Settling Time: 4.142 ns
    Info (332114): 
Info: Analyzing Slow 1200mV 0C Model
Info (334003): Started post-fitting delay annotation
Info (334004): Delay annotation completed successfully
Info (332123): Deriving Clock Uncertainty. Please refer to report_sdc in TimeQuest to see clock uncertainties.
Critical Warning (332148): Timing requirements not met
    Info (11105): For recommendations on closing timing, run Report Timing Closure Recommendations in the TimeQuest Timing Analyzer.
Info (332146): Worst-case setup slack is -3.612
    Info (332119):     Slack       End Point TNS Clock 
    Info (332119): ========= =================== =====================
    Info (332119):    -3.612            -155.158 clk 
    Info (332119):    -1.143              -8.810 uartWrite:u5|clock 
    Info (332119):     2.471               0.000 u_pll|altpll_component|auto_generated|pll1|clk[0] 
Info (332146): Worst-case hold slack is 0.347
    Info (332119):     Slack       End Point TNS Clock 
    Info (332119): ========= =================== =====================
    Info (332119):     0.347               0.000 clk 
    Info (332119):     0.353               0.000 uartWrite:u5|clock 
    Info (332119):     2.524               0.000 u_pll|altpll_component|auto_generated|pll1|clk[0] 
Info (332140): No Recovery paths to report
Info (332140): No Removal paths to report
Info (332146): Worst-case minimum pulse width slack is -1.285
    Info (332119):     Slack       End Point TNS Clock 
    Info (332119): ========= =================== =====================
    Info (332119):    -1.285             -19.275 uartWrite:u5|clock 
    Info (332119):     4.753               0.000 u_pll|altpll_component|auto_generated|pll1|clk[0] 
    Info (332119):     9.648               0.000 clk 
Info (332114): Report Metastability: Found 129 synchronizer chains.
    Info (332114): The design MTBF is not calculated because there are no specified synchronizers in the design.
    Info (332114): Number of Synchronizer Chains Found: 129
    Info (332114): Shortest Synchronizer Chain: 2 Registers
    Info (332114): Fraction of Chains for which MTBFs Could Not be Calculated: 1.000
    Info (332114): Worst Case Available Settling Time: 4.772 ns
    Info (332114): 
Info: Analyzing Fast 1200mV 0C Model
Info (332123): Deriving Clock Uncertainty. Please refer to report_sdc in TimeQuest to see clock uncertainties.
Critical Warning (332148): Timing requirements not met
    Info (11105): For recommendations on closing timing, run Report Timing Closure Recommendations in the TimeQuest Timing Analyzer.
Info (332146): Worst-case setup slack is -0.643
    Info (332119):     Slack       End Point TNS Clock 
    Info (332119): ========= =================== =====================
    Info (332119):    -0.643              -9.049 clk 
    Info (332119):    -0.237              -0.237 uartWrite:u5|clock 
    Info (332119):     5.470               0.000 u_pll|altpll_component|auto_generated|pll1|clk[0] 
Info (332146): Worst-case hold slack is 0.136
    Info (332119):     Slack       End Point TNS Clock 
    Info (332119): ========= =================== =====================
    Info (332119):     0.136               0.000 clk 
    Info (332119):     0.182               0.000 uartWrite:u5|clock 
    Info (332119):     1.484               0.000 u_pll|altpll_component|auto_generated|pll1|clk[0] 
Info (332140): No Recovery paths to report
Info (332140): No Removal paths to report
Info (332146): Worst-case minimum pulse width slack is -1.000
    Info (332119):     Slack       End Point TNS Clock 
    Info (332119): ========= =================== =====================
    Info (332119):    -1.000             -15.000 uartWrite:u5|clock 
    Info (332119):     4.751               0.000 u_pll|altpll_component|auto_generated|pll1|clk[0] 
    Info (332119):     9.374               0.000 clk 
Info (332114): Report Metastability: Found 129 synchronizer chains.
    Info (332114): The design MTBF is not calculated because there are no specified synchronizers in the design.
    Info (332114): Number of Synchronizer Chains Found: 129
    Info (332114): Shortest Synchronizer Chain: 2 Registers
    Info (332114): Fraction of Chains for which MTBFs Could Not be Calculated: 1.000
    Info (332114): Worst Case Available Settling Time: 6.706 ns
    Info (332114): 
Info (332102): Design is not fully constrained for setup requirements
Info (332102): Design is not fully constrained for hold requirements
Info: Quartus Prime TimeQuest Timing Analyzer was successful. 0 errors, 5 warnings
    Info: Peak virtual memory: 4872 megabytes
    Info: Processing ended: Fri Sep 18 14:09:32 2026
    Info: Elapsed time: 00:00:02
    Info: Total CPU time (on all processors): 00:00:03


