TimeQuest Timing Analyzer report for top
Fri Sep 18 13:41:37 2026
Quartus Prime Version 17.1.0 Build 590 10/25/2017 SJ Lite Edition


---------------------
; Table of Contents ;
---------------------
  1. Legal Notice
  2. TimeQuest Timing Analyzer Summary
  3. Parallel Compilation
  4. Clocks
  5. Slow 1200mV 85C Model Fmax Summary
  6. Timing Closure Recommendations
  7. Slow 1200mV 85C Model Setup Summary
  8. Slow 1200mV 85C Model Hold Summary
  9. Slow 1200mV 85C Model Recovery Summary
 10. Slow 1200mV 85C Model Removal Summary
 11. Slow 1200mV 85C Model Minimum Pulse Width Summary
 12. Slow 1200mV 85C Model Setup: 'clk'
 13. Slow 1200mV 85C Model Setup: 'uartWrite:u5|clock'
 14. Slow 1200mV 85C Model Setup: 'u_pll|altpll_component|auto_generated|pll1|clk[0]'
 15. Slow 1200mV 85C Model Hold: 'clk'
 16. Slow 1200mV 85C Model Hold: 'uartWrite:u5|clock'
 17. Slow 1200mV 85C Model Hold: 'u_pll|altpll_component|auto_generated|pll1|clk[0]'
 18. Slow 1200mV 85C Model Metastability Summary
 19. Slow 1200mV 0C Model Fmax Summary
 20. Slow 1200mV 0C Model Setup Summary
 21. Slow 1200mV 0C Model Hold Summary
 22. Slow 1200mV 0C Model Recovery Summary
 23. Slow 1200mV 0C Model Removal Summary
 24. Slow 1200mV 0C Model Minimum Pulse Width Summary
 25. Slow 1200mV 0C Model Setup: 'clk'
 26. Slow 1200mV 0C Model Setup: 'uartWrite:u5|clock'
 27. Slow 1200mV 0C Model Setup: 'u_pll|altpll_component|auto_generated|pll1|clk[0]'
 28. Slow 1200mV 0C Model Hold: 'clk'
 29. Slow 1200mV 0C Model Hold: 'uartWrite:u5|clock'
 30. Slow 1200mV 0C Model Hold: 'u_pll|altpll_component|auto_generated|pll1|clk[0]'
 31. Slow 1200mV 0C Model Metastability Summary
 32. Fast 1200mV 0C Model Setup Summary
 33. Fast 1200mV 0C Model Hold Summary
 34. Fast 1200mV 0C Model Recovery Summary
 35. Fast 1200mV 0C Model Removal Summary
 36. Fast 1200mV 0C Model Minimum Pulse Width Summary
 37. Fast 1200mV 0C Model Setup: 'clk'
 38. Fast 1200mV 0C Model Setup: 'uartWrite:u5|clock'
 39. Fast 1200mV 0C Model Setup: 'u_pll|altpll_component|auto_generated|pll1|clk[0]'
 40. Fast 1200mV 0C Model Hold: 'clk'
 41. Fast 1200mV 0C Model Hold: 'uartWrite:u5|clock'
 42. Fast 1200mV 0C Model Hold: 'u_pll|altpll_component|auto_generated|pll1|clk[0]'
 43. Fast 1200mV 0C Model Metastability Summary
 44. Multicorner Timing Analysis Summary
 45. Board Trace Model Assignments
 46. Input Transition Times
 47. Signal Integrity Metrics (Slow 1200mv 0c Model)
 48. Signal Integrity Metrics (Slow 1200mv 85c Model)
 49. Signal Integrity Metrics (Fast 1200mv 0c Model)
 50. Setup Transfers
 51. Hold Transfers
 52. Report TCCS
 53. Report RSKM
 54. Unconstrained Paths Summary
 55. Clock Status Summary
 56. Unconstrained Input Ports
 57. Unconstrained Output Ports
 58. Unconstrained Input Ports
 59. Unconstrained Output Ports
 60. TimeQuest Timing Analyzer Messages



----------------
; Legal Notice ;
----------------
Copyright (C) 2017  Intel Corporation. All rights reserved.
Your use of Intel Corporation's design tools, logic functions 
and other software and tools, and its AMPP partner logic 
functions, and any output files from any of the foregoing 
(including device programming or simulation files), and any 
associated documentation or information are expressly subject 
to the terms and conditions of the Intel Program License 
Subscription Agreement, the Intel Quartus Prime License Agreement,
the Intel FPGA IP License Agreement, or other applicable license
agreement, including, without limitation, that your use is for
the sole purpose of programming logic devices manufactured by
Intel and sold by Intel or its authorized distributors.  Please
refer to the applicable agreement for further details.



+-----------------------------------------------------------------------------+
; TimeQuest Timing Analyzer Summary                                           ;
+-----------------------+-----------------------------------------------------+
; Quartus Prime Version ; Version 17.1.0 Build 590 10/25/2017 SJ Lite Edition ;
; Timing Analyzer       ; TimeQuest                                           ;
; Revision Name         ; top                                                 ;
; Device Family         ; Cyclone IV E                                        ;
; Device Name           ; EP4CE115F29C7                                       ;
; Timing Models         ; Final                                               ;
; Delay Model           ; Combined                                            ;
; Rise/Fall Delays      ; Enabled                                             ;
+-----------------------+-----------------------------------------------------+


+------------------------------------------+
; Parallel Compilation                     ;
+----------------------------+-------------+
; Processors                 ; Number      ;
+----------------------------+-------------+
; Number detected on machine ; 8           ;
; Maximum allowed            ; 4           ;
;                            ;             ;
; Average used               ; 1.21        ;
; Maximum used               ; 4           ;
;                            ;             ;
; Usage by Processor         ; % Time Used ;
;     Processor 1            ; 100.0%      ;
;     Processor 2            ;   8.6%      ;
;     Processor 3            ;   6.7%      ;
;     Processor 4            ;   5.5%      ;
+----------------------------+-------------+


+-------------------------------------------------------------------------------------------------------------------------------------------------------------------------------------------------------------------------------------------------------------------------------------------------------------------------+
; Clocks                                                                                                                                                                                                                                                                                                                  ;
+---------------------------------------------------+-----------+--------+------------+-------+--------+------------+-----------+-------------+-------+--------+-----------+------------+----------+--------+-----------------------------------------------------+-------------------------------------------------------+
; Clock Name                                        ; Type      ; Period ; Frequency  ; Rise  ; Fall   ; Duty Cycle ; Divide by ; Multiply by ; Phase ; Offset ; Edge List ; Edge Shift ; Inverted ; Master ; Source                                              ; Targets                                               ;
+---------------------------------------------------+-----------+--------+------------+-------+--------+------------+-----------+-------------+-------+--------+-----------+------------+----------+--------+-----------------------------------------------------+-------------------------------------------------------+
; clk                                               ; Base      ; 20.000 ; 50.0 MHz   ; 0.000 ; 10.000 ;            ;           ;             ;       ;        ;           ;            ;          ;        ;                                                     ; { clk }                                               ;
; u_pll|altpll_component|auto_generated|pll1|clk[0] ; Generated ; 10.000 ; 100.0 MHz  ; 0.000 ; 5.000  ; 50.00      ; 1         ; 2           ;       ;        ;           ;            ; false    ; clk    ; u_pll|altpll_component|auto_generated|pll1|inclk[0] ; { u_pll|altpll_component|auto_generated|pll1|clk[0] } ;
; uartWrite:u5|clock                                ; Base      ; 1.000  ; 1000.0 MHz ; 0.000 ; 0.500  ;            ;           ;             ;       ;        ;           ;            ;          ;        ;                                                     ; { uartWrite:u5|clock }                                ;
+---------------------------------------------------+-----------+--------+------------+-------+--------+------------+-----------+-------------+-------+--------+-----------+------------+----------+--------+-----------------------------------------------------+-------------------------------------------------------+


+----------------------------------------------------------------------------------------------------+
; Slow 1200mV 85C Model Fmax Summary                                                                 ;
+------------+-----------------+--------------------+------------------------------------------------+
; Fmax       ; Restricted Fmax ; Clock Name         ; Note                                           ;
+------------+-----------------+--------------------+------------------------------------------------+
; 74.45 MHz  ; 74.45 MHz       ; clk                ;                                                ;
; 438.98 MHz ; 437.64 MHz      ; uartWrite:u5|clock ; limit due to minimum period restriction (tmin) ;
+------------+-----------------+--------------------+------------------------------------------------+
This panel reports FMAX for every clock in the design, regardless of the user-specified clock periods.  FMAX is only computed for paths where the source and destination registers or ports are driven by the same clock.  Paths of different clocks, including generated clocks, are ignored.  For paths between a clock and its inversion, FMAX is computed as if the rising and falling edges are scaled along with FMAX, such that the duty cycle (in terms of a percentage) is maintained. Altera recommends that you always use clock constraints and other slack reports for sign-off analysis.


----------------------------------
; Timing Closure Recommendations ;
----------------------------------
HTML report is unavailable in plain text report export.


+----------------------------------------------------------------------------+
; Slow 1200mV 85C Model Setup Summary                                        ;
+---------------------------------------------------+--------+---------------+
; Clock                                             ; Slack  ; End Point TNS ;
+---------------------------------------------------+--------+---------------+
; clk                                               ; -5.408 ; -242.791      ;
; uartWrite:u5|clock                                ; -1.568 ; -11.760       ;
; u_pll|altpll_component|auto_generated|pll1|clk[0] ; 2.085  ; 0.000         ;
+---------------------------------------------------+--------+---------------+


+---------------------------------------------------------------------------+
; Slow 1200mV 85C Model Hold Summary                                        ;
+---------------------------------------------------+-------+---------------+
; Clock                                             ; Slack ; End Point TNS ;
+---------------------------------------------------+-------+---------------+
; clk                                               ; 0.376 ; 0.000         ;
; uartWrite:u5|clock                                ; 0.402 ; 0.000         ;
; u_pll|altpll_component|auto_generated|pll1|clk[0] ; 2.928 ; 0.000         ;
+---------------------------------------------------+-------+---------------+


------------------------------------------
; Slow 1200mV 85C Model Recovery Summary ;
------------------------------------------
No paths to report.


-----------------------------------------
; Slow 1200mV 85C Model Removal Summary ;
-----------------------------------------
No paths to report.


+----------------------------------------------------------------------------+
; Slow 1200mV 85C Model Minimum Pulse Width Summary                          ;
+---------------------------------------------------+--------+---------------+
; Clock                                             ; Slack  ; End Point TNS ;
+---------------------------------------------------+--------+---------------+
; uartWrite:u5|clock                                ; -1.285 ; -19.275       ;
; u_pll|altpll_component|auto_generated|pll1|clk[0] ; 4.750  ; 0.000         ;
; clk                                               ; 9.629  ; 0.000         ;
+---------------------------------------------------+--------+---------------+


+------------------------------------------------------------------------------------------------------------------------------------------------------------------------------------------------------------------------------------------------+
; Slow 1200mV 85C Model Setup: 'clk'                                                                                                                                                                                                             ;
+--------+------------------------------------------------------------------------------------------------------------------+---------+---------------------------------------------------+-------------+--------------+------------+------------+
; Slack  ; From Node                                                                                                        ; To Node ; Launch Clock                                      ; Latch Clock ; Relationship ; Clock Skew ; Data Delay ;
+--------+------------------------------------------------------------------------------------------------------------------+---------+---------------------------------------------------+-------------+--------------+------------+------------+
; -5.408 ; conv2_w:u_conv2w|altsyncram:altsyncram_component|altsyncram_2jk1:auto_generated|ram_block1a4~porta_address_reg0  ; acc[63] ; u_pll|altpll_component|auto_generated|pll1|clk[0] ; clk         ; 10.000       ; 2.679      ; 18.005     ;
; -5.399 ; conv2_w:u_conv2w|altsyncram:altsyncram_component|altsyncram_2jk1:auto_generated|ram_block1a8~porta_address_reg0  ; acc[63] ; u_pll|altpll_component|auto_generated|pll1|clk[0] ; clk         ; 10.000       ; 2.683      ; 18.000     ;
; -5.372 ; conv2_w:u_conv2w|altsyncram:altsyncram_component|altsyncram_2jk1:auto_generated|ram_block1a0~porta_address_reg0  ; acc[63] ; u_pll|altpll_component|auto_generated|pll1|clk[0] ; clk         ; 10.000       ; 2.700      ; 17.990     ;
; -5.291 ; conv2_w:u_conv2w|altsyncram:altsyncram_component|altsyncram_2jk1:auto_generated|ram_block1a2~porta_address_reg0  ; acc[63] ; u_pll|altpll_component|auto_generated|pll1|clk[0] ; clk         ; 10.000       ; 2.678      ; 17.887     ;
; -5.261 ; conv2_w:u_conv2w|altsyncram:altsyncram_component|altsyncram_2jk1:auto_generated|ram_block1a4~porta_address_reg0  ; acc[62] ; u_pll|altpll_component|auto_generated|pll1|clk[0] ; clk         ; 10.000       ; 2.686      ; 17.865     ;
; -5.252 ; conv2_w:u_conv2w|altsyncram:altsyncram_component|altsyncram_2jk1:auto_generated|ram_block1a8~porta_address_reg0  ; acc[62] ; u_pll|altpll_component|auto_generated|pll1|clk[0] ; clk         ; 10.000       ; 2.690      ; 17.860     ;
; -5.233 ; conv2_w:u_conv2w|altsyncram:altsyncram_component|altsyncram_2jk1:auto_generated|ram_block1a4~porta_address_reg0  ; acc[60] ; u_pll|altpll_component|auto_generated|pll1|clk[0] ; clk         ; 10.000       ; 2.686      ; 17.837     ;
; -5.225 ; conv2_w:u_conv2w|altsyncram:altsyncram_component|altsyncram_2jk1:auto_generated|ram_block1a0~porta_address_reg0  ; acc[62] ; u_pll|altpll_component|auto_generated|pll1|clk[0] ; clk         ; 10.000       ; 2.707      ; 17.850     ;
; -5.224 ; conv2_w:u_conv2w|altsyncram:altsyncram_component|altsyncram_2jk1:auto_generated|ram_block1a8~porta_address_reg0  ; acc[60] ; u_pll|altpll_component|auto_generated|pll1|clk[0] ; clk         ; 10.000       ; 2.690      ; 17.832     ;
; -5.197 ; conv2_w:u_conv2w|altsyncram:altsyncram_component|altsyncram_2jk1:auto_generated|ram_block1a0~porta_address_reg0  ; acc[60] ; u_pll|altpll_component|auto_generated|pll1|clk[0] ; clk         ; 10.000       ; 2.707      ; 17.822     ;
; -5.179 ; conv2_w:u_conv2w|altsyncram:altsyncram_component|altsyncram_2jk1:auto_generated|ram_block1a4~porta_address_reg0  ; acc[58] ; u_pll|altpll_component|auto_generated|pll1|clk[0] ; clk         ; 10.000       ; 2.679      ; 17.776     ;
; -5.170 ; conv2_w:u_conv2w|altsyncram:altsyncram_component|altsyncram_2jk1:auto_generated|ram_block1a8~porta_address_reg0  ; acc[58] ; u_pll|altpll_component|auto_generated|pll1|clk[0] ; clk         ; 10.000       ; 2.683      ; 17.771     ;
; -5.144 ; conv2_w:u_conv2w|altsyncram:altsyncram_component|altsyncram_2jk1:auto_generated|ram_block1a2~porta_address_reg0  ; acc[62] ; u_pll|altpll_component|auto_generated|pll1|clk[0] ; clk         ; 10.000       ; 2.685      ; 17.747     ;
; -5.143 ; conv2_w:u_conv2w|altsyncram:altsyncram_component|altsyncram_2jk1:auto_generated|ram_block1a0~porta_address_reg0  ; acc[58] ; u_pll|altpll_component|auto_generated|pll1|clk[0] ; clk         ; 10.000       ; 2.700      ; 17.761     ;
; -5.123 ; conv2_w:u_conv2w|altsyncram:altsyncram_component|altsyncram_2jk1:auto_generated|ram_block1a6~porta_address_reg0  ; acc[63] ; u_pll|altpll_component|auto_generated|pll1|clk[0] ; clk         ; 10.000       ; 2.676      ; 17.717     ;
; -5.122 ; conv2_w:u_conv2w|altsyncram:altsyncram_component|altsyncram_2jk1:auto_generated|ram_block1a4~porta_address_reg0  ; acc[61] ; u_pll|altpll_component|auto_generated|pll1|clk[0] ; clk         ; 10.000       ; 2.686      ; 17.726     ;
; -5.116 ; conv2_w:u_conv2w|altsyncram:altsyncram_component|altsyncram_2jk1:auto_generated|ram_block1a2~porta_address_reg0  ; acc[60] ; u_pll|altpll_component|auto_generated|pll1|clk[0] ; clk         ; 10.000       ; 2.685      ; 17.719     ;
; -5.113 ; conv2_w:u_conv2w|altsyncram:altsyncram_component|altsyncram_2jk1:auto_generated|ram_block1a8~porta_address_reg0  ; acc[61] ; u_pll|altpll_component|auto_generated|pll1|clk[0] ; clk         ; 10.000       ; 2.690      ; 17.721     ;
; -5.086 ; conv2_w:u_conv2w|altsyncram:altsyncram_component|altsyncram_2jk1:auto_generated|ram_block1a0~porta_address_reg0  ; acc[61] ; u_pll|altpll_component|auto_generated|pll1|clk[0] ; clk         ; 10.000       ; 2.707      ; 17.711     ;
; -5.085 ; pool1:u_pool1|altsyncram:altsyncram_component|altsyncram_a9g1:auto_generated|ram_block1a0~porta_we_reg           ; acc[63] ; u_pll|altpll_component|auto_generated|pll1|clk[0] ; clk         ; 10.000       ; 2.664      ; 17.667     ;
; -5.074 ; pool1:u_pool1|altsyncram:altsyncram_component|altsyncram_a9g1:auto_generated|ram_block1a26~porta_we_reg          ; acc[63] ; u_pll|altpll_component|auto_generated|pll1|clk[0] ; clk         ; 10.000       ; 2.661      ; 17.653     ;
; -5.062 ; conv2_w:u_conv2w|altsyncram:altsyncram_component|altsyncram_2jk1:auto_generated|ram_block1a2~porta_address_reg0  ; acc[58] ; u_pll|altpll_component|auto_generated|pll1|clk[0] ; clk         ; 10.000       ; 2.678      ; 17.658     ;
; -5.054 ; conv2_w:u_conv2w|altsyncram:altsyncram_component|altsyncram_2jk1:auto_generated|ram_block1a4~porta_address_reg0  ; acc[59] ; u_pll|altpll_component|auto_generated|pll1|clk[0] ; clk         ; 10.000       ; 2.686      ; 17.658     ;
; -5.045 ; conv2_w:u_conv2w|altsyncram:altsyncram_component|altsyncram_2jk1:auto_generated|ram_block1a10~porta_address_reg0 ; acc[63] ; u_pll|altpll_component|auto_generated|pll1|clk[0] ; clk         ; 10.000       ; 2.693      ; 17.656     ;
; -5.045 ; conv2_w:u_conv2w|altsyncram:altsyncram_component|altsyncram_2jk1:auto_generated|ram_block1a8~porta_address_reg0  ; acc[59] ; u_pll|altpll_component|auto_generated|pll1|clk[0] ; clk         ; 10.000       ; 2.690      ; 17.653     ;
; -5.039 ; conv2_w:u_conv2w|altsyncram:altsyncram_component|altsyncram_2jk1:auto_generated|ram_block1a12~porta_address_reg0 ; acc[63] ; u_pll|altpll_component|auto_generated|pll1|clk[0] ; clk         ; 10.000       ; 2.679      ; 17.636     ;
; -5.027 ; conv2_w:u_conv2w|altsyncram:altsyncram_component|altsyncram_2jk1:auto_generated|ram_block1a14~porta_address_reg0 ; acc[63] ; u_pll|altpll_component|auto_generated|pll1|clk[0] ; clk         ; 10.000       ; 2.696      ; 17.641     ;
; -5.018 ; conv2_w:u_conv2w|altsyncram:altsyncram_component|altsyncram_2jk1:auto_generated|ram_block1a0~porta_address_reg0  ; acc[59] ; u_pll|altpll_component|auto_generated|pll1|clk[0] ; clk         ; 10.000       ; 2.707      ; 17.643     ;
; -5.005 ; conv2_w:u_conv2w|altsyncram:altsyncram_component|altsyncram_2jk1:auto_generated|ram_block1a2~porta_address_reg0  ; acc[61] ; u_pll|altpll_component|auto_generated|pll1|clk[0] ; clk         ; 10.000       ; 2.685      ; 17.608     ;
; -4.986 ; fc_w:u_fc_w|altsyncram:altsyncram_component|altsyncram_bak1:auto_generated|ram_block1a0~porta_address_reg0       ; acc[61] ; u_pll|altpll_component|auto_generated|pll1|clk[0] ; clk         ; 10.000       ; 2.709      ; 17.613     ;
; -4.982 ; conv2_w:u_conv2w|altsyncram:altsyncram_component|altsyncram_2jk1:auto_generated|ram_block1a4~porta_address_reg0  ; acc[56] ; u_pll|altpll_component|auto_generated|pll1|clk[0] ; clk         ; 10.000       ; 2.679      ; 17.579     ;
; -4.976 ; conv2_w:u_conv2w|altsyncram:altsyncram_component|altsyncram_2jk1:auto_generated|ram_block1a6~porta_address_reg0  ; acc[62] ; u_pll|altpll_component|auto_generated|pll1|clk[0] ; clk         ; 10.000       ; 2.683      ; 17.577     ;
; -4.973 ; conv2_w:u_conv2w|altsyncram:altsyncram_component|altsyncram_2jk1:auto_generated|ram_block1a8~porta_address_reg0  ; acc[56] ; u_pll|altpll_component|auto_generated|pll1|clk[0] ; clk         ; 10.000       ; 2.683      ; 17.574     ;
; -4.951 ; conv2_w:u_conv2w|altsyncram:altsyncram_component|altsyncram_2jk1:auto_generated|ram_block1a4~porta_address_reg0  ; acc[54] ; u_pll|altpll_component|auto_generated|pll1|clk[0] ; clk         ; 10.000       ; 2.655      ; 17.524     ;
; -4.948 ; conv2_w:u_conv2w|altsyncram:altsyncram_component|altsyncram_2jk1:auto_generated|ram_block1a6~porta_address_reg0  ; acc[60] ; u_pll|altpll_component|auto_generated|pll1|clk[0] ; clk         ; 10.000       ; 2.683      ; 17.549     ;
; -4.946 ; conv2_w:u_conv2w|altsyncram:altsyncram_component|altsyncram_2jk1:auto_generated|ram_block1a0~porta_address_reg0  ; acc[56] ; u_pll|altpll_component|auto_generated|pll1|clk[0] ; clk         ; 10.000       ; 2.700      ; 17.564     ;
; -4.942 ; conv2_w:u_conv2w|altsyncram:altsyncram_component|altsyncram_2jk1:auto_generated|ram_block1a8~porta_address_reg0  ; acc[54] ; u_pll|altpll_component|auto_generated|pll1|clk[0] ; clk         ; 10.000       ; 2.659      ; 17.519     ;
; -4.939 ; fc_w:u_fc_w|altsyncram:altsyncram_component|altsyncram_bak1:auto_generated|ram_block1a9~porta_address_reg0       ; acc[61] ; u_pll|altpll_component|auto_generated|pll1|clk[0] ; clk         ; 10.000       ; 2.712      ; 17.569     ;
; -4.938 ; pool1:u_pool1|altsyncram:altsyncram_component|altsyncram_a9g1:auto_generated|ram_block1a0~porta_we_reg           ; acc[62] ; u_pll|altpll_component|auto_generated|pll1|clk[0] ; clk         ; 10.000       ; 2.671      ; 17.527     ;
; -4.937 ; conv2_w:u_conv2w|altsyncram:altsyncram_component|altsyncram_2jk1:auto_generated|ram_block1a2~porta_address_reg0  ; acc[59] ; u_pll|altpll_component|auto_generated|pll1|clk[0] ; clk         ; 10.000       ; 2.685      ; 17.540     ;
; -4.936 ; conv2_w:u_conv2w|altsyncram:altsyncram_component|altsyncram_2jk1:auto_generated|ram_block1a4~porta_address_reg0  ; acc[55] ; u_pll|altpll_component|auto_generated|pll1|clk[0] ; clk         ; 10.000       ; 2.649      ; 17.503     ;
; -4.927 ; pool1:u_pool1|altsyncram:altsyncram_component|altsyncram_a9g1:auto_generated|ram_block1a26~porta_we_reg          ; acc[62] ; u_pll|altpll_component|auto_generated|pll1|clk[0] ; clk         ; 10.000       ; 2.668      ; 17.513     ;
; -4.927 ; conv2_w:u_conv2w|altsyncram:altsyncram_component|altsyncram_2jk1:auto_generated|ram_block1a8~porta_address_reg0  ; acc[55] ; u_pll|altpll_component|auto_generated|pll1|clk[0] ; clk         ; 10.000       ; 2.653      ; 17.498     ;
; -4.925 ; fc_w:u_fc_w|altsyncram:altsyncram_component|altsyncram_bak1:auto_generated|ram_block1a5~porta_address_reg0       ; acc[61] ; u_pll|altpll_component|auto_generated|pll1|clk[0] ; clk         ; 10.000       ; 2.714      ; 17.557     ;
; -4.919 ; fc_w:u_fc_w|altsyncram:altsyncram_component|altsyncram_bak1:auto_generated|ram_block1a0~porta_address_reg0       ; acc[62] ; u_pll|altpll_component|auto_generated|pll1|clk[0] ; clk         ; 10.000       ; 2.709      ; 17.546     ;
; -4.915 ; conv2_w:u_conv2w|altsyncram:altsyncram_component|altsyncram_2jk1:auto_generated|ram_block1a0~porta_address_reg0  ; acc[54] ; u_pll|altpll_component|auto_generated|pll1|clk[0] ; clk         ; 10.000       ; 2.676      ; 17.509     ;
; -4.910 ; pool1:u_pool1|altsyncram:altsyncram_component|altsyncram_a9g1:auto_generated|ram_block1a0~porta_we_reg           ; acc[60] ; u_pll|altpll_component|auto_generated|pll1|clk[0] ; clk         ; 10.000       ; 2.671      ; 17.499     ;
; -4.906 ; fc_w:u_fc_w|altsyncram:altsyncram_component|altsyncram_bak1:auto_generated|ram_block1a3~porta_address_reg0       ; acc[61] ; u_pll|altpll_component|auto_generated|pll1|clk[0] ; clk         ; 10.000       ; 2.710      ; 17.534     ;
; -4.900 ; conv2_w:u_conv2w|altsyncram:altsyncram_component|altsyncram_2jk1:auto_generated|ram_block1a0~porta_address_reg0  ; acc[55] ; u_pll|altpll_component|auto_generated|pll1|clk[0] ; clk         ; 10.000       ; 2.670      ; 17.488     ;
; -4.899 ; pool1:u_pool1|altsyncram:altsyncram_component|altsyncram_a9g1:auto_generated|ram_block1a26~porta_we_reg          ; acc[60] ; u_pll|altpll_component|auto_generated|pll1|clk[0] ; clk         ; 10.000       ; 2.668      ; 17.485     ;
; -4.898 ; conv2_w:u_conv2w|altsyncram:altsyncram_component|altsyncram_2jk1:auto_generated|ram_block1a10~porta_address_reg0 ; acc[62] ; u_pll|altpll_component|auto_generated|pll1|clk[0] ; clk         ; 10.000       ; 2.700      ; 17.516     ;
; -4.894 ; conv2_w:u_conv2w|altsyncram:altsyncram_component|altsyncram_2jk1:auto_generated|ram_block1a6~porta_address_reg0  ; acc[58] ; u_pll|altpll_component|auto_generated|pll1|clk[0] ; clk         ; 10.000       ; 2.676      ; 17.488     ;
; -4.892 ; conv2_w:u_conv2w|altsyncram:altsyncram_component|altsyncram_2jk1:auto_generated|ram_block1a12~porta_address_reg0 ; acc[62] ; u_pll|altpll_component|auto_generated|pll1|clk[0] ; clk         ; 10.000       ; 2.686      ; 17.496     ;
; -4.891 ; fc_w:u_fc_w|altsyncram:altsyncram_component|altsyncram_bak1:auto_generated|ram_block1a13~porta_address_reg0      ; acc[61] ; u_pll|altpll_component|auto_generated|pll1|clk[0] ; clk         ; 10.000       ; 2.697      ; 17.506     ;
; -4.889 ; conv2_w:u_conv2w|altsyncram:altsyncram_component|altsyncram_2jk1:auto_generated|ram_block1a4~porta_address_reg0  ; acc[57] ; u_pll|altpll_component|auto_generated|pll1|clk[0] ; clk         ; 10.000       ; 2.679      ; 17.486     ;
; -4.882 ; pool2:u_pool2|altsyncram:altsyncram_component|altsyncram_h2i1:auto_generated|ram_block1a14~porta_we_reg          ; acc[61] ; u_pll|altpll_component|auto_generated|pll1|clk[0] ; clk         ; 10.000       ; 2.692      ; 17.492     ;
; -4.880 ; conv2_w:u_conv2w|altsyncram:altsyncram_component|altsyncram_2jk1:auto_generated|ram_block1a14~porta_address_reg0 ; acc[62] ; u_pll|altpll_component|auto_generated|pll1|clk[0] ; clk         ; 10.000       ; 2.703      ; 17.501     ;
; -4.880 ; conv2_w:u_conv2w|altsyncram:altsyncram_component|altsyncram_2jk1:auto_generated|ram_block1a8~porta_address_reg0  ; acc[57] ; u_pll|altpll_component|auto_generated|pll1|clk[0] ; clk         ; 10.000       ; 2.683      ; 17.481     ;
; -4.872 ; fc_w:u_fc_w|altsyncram:altsyncram_component|altsyncram_bak1:auto_generated|ram_block1a9~porta_address_reg0       ; acc[62] ; u_pll|altpll_component|auto_generated|pll1|clk[0] ; clk         ; 10.000       ; 2.712      ; 17.502     ;
; -4.870 ; conv2_w:u_conv2w|altsyncram:altsyncram_component|altsyncram_2jk1:auto_generated|ram_block1a10~porta_address_reg0 ; acc[60] ; u_pll|altpll_component|auto_generated|pll1|clk[0] ; clk         ; 10.000       ; 2.700      ; 17.488     ;
; -4.865 ; conv2_w:u_conv2w|altsyncram:altsyncram_component|altsyncram_2jk1:auto_generated|ram_block1a2~porta_address_reg0  ; acc[56] ; u_pll|altpll_component|auto_generated|pll1|clk[0] ; clk         ; 10.000       ; 2.678      ; 17.461     ;
; -4.864 ; conv2_w:u_conv2w|altsyncram:altsyncram_component|altsyncram_2jk1:auto_generated|ram_block1a12~porta_address_reg0 ; acc[60] ; u_pll|altpll_component|auto_generated|pll1|clk[0] ; clk         ; 10.000       ; 2.686      ; 17.468     ;
; -4.858 ; fc_w:u_fc_w|altsyncram:altsyncram_component|altsyncram_bak1:auto_generated|ram_block1a5~porta_address_reg0       ; acc[62] ; u_pll|altpll_component|auto_generated|pll1|clk[0] ; clk         ; 10.000       ; 2.714      ; 17.490     ;
; -4.856 ; pool1:u_pool1|altsyncram:altsyncram_component|altsyncram_a9g1:auto_generated|ram_block1a0~porta_we_reg           ; acc[58] ; u_pll|altpll_component|auto_generated|pll1|clk[0] ; clk         ; 10.000       ; 2.664      ; 17.438     ;
; -4.854 ; pool1:u_pool1|altsyncram:altsyncram_component|altsyncram_a9g1:auto_generated|ram_block1a10~porta_we_reg          ; acc[63] ; u_pll|altpll_component|auto_generated|pll1|clk[0] ; clk         ; 10.000       ; 2.662      ; 17.434     ;
; -4.853 ; pool2:u_pool2|altsyncram:altsyncram_component|altsyncram_h2i1:auto_generated|ram_block1a0~porta_we_reg           ; acc[61] ; u_pll|altpll_component|auto_generated|pll1|clk[0] ; clk         ; 10.000       ; 2.692      ; 17.463     ;
; -4.853 ; conv2_w:u_conv2w|altsyncram:altsyncram_component|altsyncram_2jk1:auto_generated|ram_block1a0~porta_address_reg0  ; acc[57] ; u_pll|altpll_component|auto_generated|pll1|clk[0] ; clk         ; 10.000       ; 2.700      ; 17.471     ;
; -4.852 ; conv2_w:u_conv2w|altsyncram:altsyncram_component|altsyncram_2jk1:auto_generated|ram_block1a14~porta_address_reg0 ; acc[60] ; u_pll|altpll_component|auto_generated|pll1|clk[0] ; clk         ; 10.000       ; 2.703      ; 17.473     ;
; -4.845 ; pool1:u_pool1|altsyncram:altsyncram_component|altsyncram_a9g1:auto_generated|ram_block1a26~porta_we_reg          ; acc[58] ; u_pll|altpll_component|auto_generated|pll1|clk[0] ; clk         ; 10.000       ; 2.661      ; 17.424     ;
; -4.839 ; fc_w:u_fc_w|altsyncram:altsyncram_component|altsyncram_bak1:auto_generated|ram_block1a3~porta_address_reg0       ; acc[62] ; u_pll|altpll_component|auto_generated|pll1|clk[0] ; clk         ; 10.000       ; 2.710      ; 17.467     ;
; -4.837 ; conv2_w:u_conv2w|altsyncram:altsyncram_component|altsyncram_2jk1:auto_generated|ram_block1a6~porta_address_reg0  ; acc[61] ; u_pll|altpll_component|auto_generated|pll1|clk[0] ; clk         ; 10.000       ; 2.683      ; 17.438     ;
; -4.835 ; fc_w:u_fc_w|altsyncram:altsyncram_component|altsyncram_bak1:auto_generated|ram_block1a1~porta_address_reg0       ; acc[61] ; u_pll|altpll_component|auto_generated|pll1|clk[0] ; clk         ; 10.000       ; 2.693      ; 17.446     ;
; -4.834 ; conv2_w:u_conv2w|altsyncram:altsyncram_component|altsyncram_2jk1:auto_generated|ram_block1a2~porta_address_reg0  ; acc[54] ; u_pll|altpll_component|auto_generated|pll1|clk[0] ; clk         ; 10.000       ; 2.654      ; 17.406     ;
; -4.824 ; fc_w:u_fc_w|altsyncram:altsyncram_component|altsyncram_bak1:auto_generated|ram_block1a13~porta_address_reg0      ; acc[62] ; u_pll|altpll_component|auto_generated|pll1|clk[0] ; clk         ; 10.000       ; 2.697      ; 17.439     ;
; -4.819 ; conv2_w:u_conv2w|altsyncram:altsyncram_component|altsyncram_2jk1:auto_generated|ram_block1a2~porta_address_reg0  ; acc[55] ; u_pll|altpll_component|auto_generated|pll1|clk[0] ; clk         ; 10.000       ; 2.648      ; 17.385     ;
; -4.816 ; conv2_w:u_conv2w|altsyncram:altsyncram_component|altsyncram_2jk1:auto_generated|ram_block1a10~porta_address_reg0 ; acc[58] ; u_pll|altpll_component|auto_generated|pll1|clk[0] ; clk         ; 10.000       ; 2.693      ; 17.427     ;
; -4.815 ; fc_w:u_fc_w|altsyncram:altsyncram_component|altsyncram_bak1:auto_generated|ram_block1a11~porta_address_reg0      ; acc[61] ; u_pll|altpll_component|auto_generated|pll1|clk[0] ; clk         ; 10.000       ; 2.696      ; 17.429     ;
; -4.815 ; pool2:u_pool2|altsyncram:altsyncram_component|altsyncram_h2i1:auto_generated|ram_block1a14~porta_we_reg          ; acc[62] ; u_pll|altpll_component|auto_generated|pll1|clk[0] ; clk         ; 10.000       ; 2.692      ; 17.425     ;
; -4.810 ; conv2_w:u_conv2w|altsyncram:altsyncram_component|altsyncram_2jk1:auto_generated|ram_block1a12~porta_address_reg0 ; acc[58] ; u_pll|altpll_component|auto_generated|pll1|clk[0] ; clk         ; 10.000       ; 2.679      ; 17.407     ;
; -4.805 ; conv2_w:u_conv2w|altsyncram:altsyncram_component|altsyncram_2jk1:auto_generated|ram_block1a4~porta_address_reg0  ; acc[52] ; u_pll|altpll_component|auto_generated|pll1|clk[0] ; clk         ; 10.000       ; 2.651      ; 17.374     ;
; -4.799 ; pool1:u_pool1|altsyncram:altsyncram_component|altsyncram_a9g1:auto_generated|ram_block1a0~porta_we_reg           ; acc[61] ; u_pll|altpll_component|auto_generated|pll1|clk[0] ; clk         ; 10.000       ; 2.671      ; 17.388     ;
; -4.798 ; conv2_w:u_conv2w|altsyncram:altsyncram_component|altsyncram_2jk1:auto_generated|ram_block1a14~porta_address_reg0 ; acc[58] ; u_pll|altpll_component|auto_generated|pll1|clk[0] ; clk         ; 10.000       ; 2.696      ; 17.412     ;
; -4.796 ; conv2_w:u_conv2w|altsyncram:altsyncram_component|altsyncram_2jk1:auto_generated|ram_block1a8~porta_address_reg0  ; acc[52] ; u_pll|altpll_component|auto_generated|pll1|clk[0] ; clk         ; 10.000       ; 2.655      ; 17.369     ;
; -4.791 ; fc_w:u_fc_w|altsyncram:altsyncram_component|altsyncram_bak1:auto_generated|ram_block1a0~porta_address_reg0       ; acc[60] ; u_pll|altpll_component|auto_generated|pll1|clk[0] ; clk         ; 10.000       ; 2.709      ; 17.418     ;
; -4.788 ; pool1:u_pool1|altsyncram:altsyncram_component|altsyncram_a9g1:auto_generated|ram_block1a26~porta_we_reg          ; acc[61] ; u_pll|altpll_component|auto_generated|pll1|clk[0] ; clk         ; 10.000       ; 2.668      ; 17.374     ;
; -4.786 ; pool2:u_pool2|altsyncram:altsyncram_component|altsyncram_h2i1:auto_generated|ram_block1a0~porta_we_reg           ; acc[62] ; u_pll|altpll_component|auto_generated|pll1|clk[0] ; clk         ; 10.000       ; 2.692      ; 17.396     ;
; -4.772 ; fc_w:u_fc_w|altsyncram:altsyncram_component|altsyncram_bak1:auto_generated|ram_block1a0~porta_address_reg0       ; acc[63] ; u_pll|altpll_component|auto_generated|pll1|clk[0] ; clk         ; 10.000       ; 2.702      ; 17.392     ;
; -4.772 ; conv2_w:u_conv2w|altsyncram:altsyncram_component|altsyncram_2jk1:auto_generated|ram_block1a2~porta_address_reg0  ; acc[57] ; u_pll|altpll_component|auto_generated|pll1|clk[0] ; clk         ; 10.000       ; 2.678      ; 17.368     ;
; -4.769 ; conv2_w:u_conv2w|altsyncram:altsyncram_component|altsyncram_2jk1:auto_generated|ram_block1a6~porta_address_reg0  ; acc[59] ; u_pll|altpll_component|auto_generated|pll1|clk[0] ; clk         ; 10.000       ; 2.683      ; 17.370     ;
; -4.769 ; conv2_w:u_conv2w|altsyncram:altsyncram_component|altsyncram_2jk1:auto_generated|ram_block1a0~porta_address_reg0  ; acc[52] ; u_pll|altpll_component|auto_generated|pll1|clk[0] ; clk         ; 10.000       ; 2.672      ; 17.359     ;
; -4.768 ; fc_w:u_fc_w|altsyncram:altsyncram_component|altsyncram_bak1:auto_generated|ram_block1a1~porta_address_reg0       ; acc[62] ; u_pll|altpll_component|auto_generated|pll1|clk[0] ; clk         ; 10.000       ; 2.693      ; 17.379     ;
; -4.759 ; conv2_w:u_conv2w|altsyncram:altsyncram_component|altsyncram_2jk1:auto_generated|ram_block1a10~porta_address_reg0 ; acc[61] ; u_pll|altpll_component|auto_generated|pll1|clk[0] ; clk         ; 10.000       ; 2.700      ; 17.377     ;
; -4.753 ; conv2_w:u_conv2w|altsyncram:altsyncram_component|altsyncram_2jk1:auto_generated|ram_block1a12~porta_address_reg0 ; acc[61] ; u_pll|altpll_component|auto_generated|pll1|clk[0] ; clk         ; 10.000       ; 2.686      ; 17.357     ;
; -4.752 ; pool1:u_pool1|altsyncram:altsyncram_component|altsyncram_a9g1:auto_generated|ram_block1a22~porta_we_reg          ; acc[63] ; u_pll|altpll_component|auto_generated|pll1|clk[0] ; clk         ; 10.000       ; 2.676      ; 17.346     ;
; -4.749 ; fc_w:u_fc_w|altsyncram:altsyncram_component|altsyncram_bak1:auto_generated|ram_block1a0~porta_address_reg0       ; acc[54] ; u_pll|altpll_component|auto_generated|pll1|clk[0] ; clk         ; 10.000       ; 2.678      ; 17.345     ;
; -4.748 ; fc_w:u_fc_w|altsyncram:altsyncram_component|altsyncram_bak1:auto_generated|ram_block1a11~porta_address_reg0      ; acc[62] ; u_pll|altpll_component|auto_generated|pll1|clk[0] ; clk         ; 10.000       ; 2.696      ; 17.362     ;
; -4.744 ; fc_w:u_fc_w|altsyncram:altsyncram_component|altsyncram_bak1:auto_generated|ram_block1a9~porta_address_reg0       ; acc[60] ; u_pll|altpll_component|auto_generated|pll1|clk[0] ; clk         ; 10.000       ; 2.712      ; 17.374     ;
; -4.741 ; conv2_w:u_conv2w|altsyncram:altsyncram_component|altsyncram_2jk1:auto_generated|ram_block1a14~porta_address_reg0 ; acc[61] ; u_pll|altpll_component|auto_generated|pll1|clk[0] ; clk         ; 10.000       ; 2.703      ; 17.362     ;
; -4.731 ; pool1:u_pool1|altsyncram:altsyncram_component|altsyncram_a9g1:auto_generated|ram_block1a0~porta_we_reg           ; acc[59] ; u_pll|altpll_component|auto_generated|pll1|clk[0] ; clk         ; 10.000       ; 2.671      ; 17.320     ;
; -4.730 ; fc_w:u_fc_w|altsyncram:altsyncram_component|altsyncram_bak1:auto_generated|ram_block1a5~porta_address_reg0       ; acc[60] ; u_pll|altpll_component|auto_generated|pll1|clk[0] ; clk         ; 10.000       ; 2.714      ; 17.362     ;
+--------+------------------------------------------------------------------------------------------------------------------+---------+---------------------------------------------------+-------------+--------------+------------+------------+


+---------------------------------------------------------------------------------------------------------------------------------------------------------+
; Slow 1200mV 85C Model Setup: 'uartWrite:u5|clock'                                                                                                       ;
+--------+------------------------------+------------------------------+--------------------+--------------------+--------------+------------+------------+
; Slack  ; From Node                    ; To Node                      ; Launch Clock       ; Latch Clock        ; Relationship ; Clock Skew ; Data Delay ;
+--------+------------------------------+------------------------------+--------------------+--------------------+--------------+------------+------------+
; -1.568 ; data_uart[2]                 ; uartWrite:u5|tx              ; clk                ; uartWrite:u5|clock ; 1.000        ; -0.380     ; 2.176      ;
; -1.513 ; data_uart[4]                 ; uartWrite:u5|tx              ; clk                ; uartWrite:u5|clock ; 1.000        ; -0.379     ; 2.122      ;
; -1.414 ; data_uart[6]                 ; uartWrite:u5|tx              ; clk                ; uartWrite:u5|clock ; 1.000        ; -0.379     ; 2.023      ;
; -1.278 ; uartWrite:u5|stt_tx.00000101 ; uartWrite:u5|tx              ; uartWrite:u5|clock ; uartWrite:u5|clock ; 1.000        ; -0.080     ; 2.196      ;
; -1.273 ; uartWrite:u5|stt_tx.00000100 ; uartWrite:u5|tx              ; uartWrite:u5|clock ; uartWrite:u5|clock ; 1.000        ; -0.080     ; 2.191      ;
; -1.241 ; uartWrite:u5|stt_tx.00001001 ; uartWrite:u5|tx              ; uartWrite:u5|clock ; uartWrite:u5|clock ; 1.000        ; -0.080     ; 2.159      ;
; -1.197 ; uartWrite:u5|tx              ; uartWrite:u5|tx              ; uartWrite:u5|clock ; uartWrite:u5|clock ; 1.000        ; -0.080     ; 2.115      ;
; -1.185 ; data_uart[3]                 ; uartWrite:u5|tx              ; clk                ; uartWrite:u5|clock ; 1.000        ; -0.379     ; 1.794      ;
; -1.173 ; data_uart[7]                 ; uartWrite:u5|tx              ; clk                ; uartWrite:u5|clock ; 1.000        ; -0.380     ; 1.781      ;
; -1.163 ; data_uart[1]                 ; uartWrite:u5|tx              ; clk                ; uartWrite:u5|clock ; 1.000        ; -0.380     ; 1.771      ;
; -1.161 ; run                          ; uartWrite:u5|tx              ; clk                ; uartWrite:u5|clock ; 1.000        ; -0.382     ; 1.767      ;
; -1.139 ; uartWrite:u5|stt_tx.00001000 ; uartWrite:u5|tx              ; uartWrite:u5|clock ; uartWrite:u5|clock ; 1.000        ; -0.080     ; 2.057      ;
; -1.093 ; uartWrite:u5|stt_tx.00001100 ; uartWrite:u5|tx              ; uartWrite:u5|clock ; uartWrite:u5|clock ; 1.000        ; -0.082     ; 2.009      ;
; -1.037 ; data_uart[5]                 ; uartWrite:u5|tx              ; clk                ; uartWrite:u5|clock ; 1.000        ; -0.379     ; 1.646      ;
; -0.986 ; run                          ; uartWrite:u5|fb              ; clk                ; uartWrite:u5|clock ; 1.000        ; -0.379     ; 1.595      ;
; -0.953 ; uartWrite:u5|stt_tx.00000110 ; uartWrite:u5|tx              ; uartWrite:u5|clock ; uartWrite:u5|clock ; 1.000        ; -0.080     ; 1.871      ;
; -0.931 ; data_uart[0]                 ; uartWrite:u5|tx              ; clk                ; uartWrite:u5|clock ; 1.000        ; -0.380     ; 1.539      ;
; -0.918 ; uartWrite:u5|stt_tx.00000011 ; uartWrite:u5|tx              ; uartWrite:u5|clock ; uartWrite:u5|clock ; 1.000        ; -0.080     ; 1.836      ;
; -0.818 ; run                          ; uartWrite:u5|stt_tx.00000000 ; clk                ; uartWrite:u5|clock ; 1.000        ; -0.382     ; 1.424      ;
; -0.787 ; uartWrite:u5|stt_tx.00000111 ; uartWrite:u5|tx              ; uartWrite:u5|clock ; uartWrite:u5|clock ; 1.000        ; -0.080     ; 1.705      ;
; -0.776 ; run                          ; uartWrite:u5|stt_tx.00001100 ; clk                ; uartWrite:u5|clock ; 1.000        ; -0.381     ; 1.383      ;
; -0.743 ; run                          ; uartWrite:u5|stt_tx.00001000 ; clk                ; uartWrite:u5|clock ; 1.000        ; -0.383     ; 1.348      ;
; -0.742 ; run                          ; uartWrite:u5|stt_tx.00000101 ; clk                ; uartWrite:u5|clock ; 1.000        ; -0.383     ; 1.347      ;
; -0.742 ; run                          ; uartWrite:u5|stt_tx.00000110 ; clk                ; uartWrite:u5|clock ; 1.000        ; -0.383     ; 1.347      ;
; -0.739 ; run                          ; uartWrite:u5|stt_tx.00000111 ; clk                ; uartWrite:u5|clock ; 1.000        ; -0.383     ; 1.344      ;
; -0.665 ; run                          ; uartWrite:u5|stt_tx.00000100 ; clk                ; uartWrite:u5|clock ; 1.000        ; -0.382     ; 1.271      ;
; -0.665 ; run                          ; uartWrite:u5|stt_tx.00001010 ; clk                ; uartWrite:u5|clock ; 1.000        ; -0.382     ; 1.271      ;
; -0.664 ; run                          ; uartWrite:u5|stt_tx.00000001 ; clk                ; uartWrite:u5|clock ; 1.000        ; -0.382     ; 1.270      ;
; -0.664 ; run                          ; uartWrite:u5|stt_tx.00001001 ; clk                ; uartWrite:u5|clock ; 1.000        ; -0.382     ; 1.270      ;
; -0.664 ; run                          ; uartWrite:u5|stt_tx.00001011 ; clk                ; uartWrite:u5|clock ; 1.000        ; -0.382     ; 1.270      ;
; -0.662 ; run                          ; uartWrite:u5|stt_tx.00000010 ; clk                ; uartWrite:u5|clock ; 1.000        ; -0.382     ; 1.268      ;
; -0.662 ; run                          ; uartWrite:u5|stt_tx.00000011 ; clk                ; uartWrite:u5|clock ; 1.000        ; -0.382     ; 1.268      ;
; -0.643 ; uartWrite:u5|stt_tx.00000010 ; uartWrite:u5|tx              ; uartWrite:u5|clock ; uartWrite:u5|clock ; 1.000        ; -0.080     ; 1.561      ;
; -0.589 ; uartWrite:u5|stt_tx.00001010 ; uartWrite:u5|tx              ; uartWrite:u5|clock ; uartWrite:u5|clock ; 1.000        ; -0.080     ; 1.507      ;
; -0.497 ; uartWrite:u5|stt_tx.00000000 ; uartWrite:u5|tx              ; uartWrite:u5|clock ; uartWrite:u5|clock ; 1.000        ; -0.080     ; 1.415      ;
; -0.334 ; uartWrite:u5|stt_tx.00000100 ; uartWrite:u5|stt_tx.00000101 ; uartWrite:u5|clock ; uartWrite:u5|clock ; 1.000        ; -0.081     ; 1.251      ;
; -0.326 ; uartWrite:u5|stt_tx.00001000 ; uartWrite:u5|stt_tx.00001001 ; uartWrite:u5|clock ; uartWrite:u5|clock ; 1.000        ; -0.080     ; 1.244      ;
; -0.277 ; uartWrite:u5|stt_tx.00001011 ; uartWrite:u5|fb              ; uartWrite:u5|clock ; uartWrite:u5|clock ; 1.000        ; -0.077     ; 1.198      ;
; -0.225 ; uartWrite:u5|stt_tx.00001011 ; uartWrite:u5|tx              ; uartWrite:u5|clock ; uartWrite:u5|clock ; 1.000        ; -0.080     ; 1.143      ;
; -0.206 ; uartWrite:u5|stt_tx.00000101 ; uartWrite:u5|stt_tx.00000110 ; uartWrite:u5|clock ; uartWrite:u5|clock ; 1.000        ; -0.081     ; 1.123      ;
; -0.201 ; uartWrite:u5|stt_tx.00000110 ; uartWrite:u5|stt_tx.00000111 ; uartWrite:u5|clock ; uartWrite:u5|clock ; 1.000        ; -0.081     ; 1.118      ;
; -0.200 ; uartWrite:u5|stt_tx.00000111 ; uartWrite:u5|stt_tx.00001000 ; uartWrite:u5|clock ; uartWrite:u5|clock ; 1.000        ; -0.081     ; 1.117      ;
; -0.169 ; uartWrite:u5|stt_tx.00001010 ; uartWrite:u5|stt_tx.00001011 ; uartWrite:u5|clock ; uartWrite:u5|clock ; 1.000        ; -0.080     ; 1.087      ;
; -0.163 ; uartWrite:u5|stt_tx.00000010 ; uartWrite:u5|stt_tx.00000011 ; uartWrite:u5|clock ; uartWrite:u5|clock ; 1.000        ; -0.080     ; 1.081      ;
; -0.159 ; uartWrite:u5|stt_tx.00001001 ; uartWrite:u5|stt_tx.00001010 ; uartWrite:u5|clock ; uartWrite:u5|clock ; 1.000        ; -0.080     ; 1.077      ;
; -0.157 ; uartWrite:u5|stt_tx.00000011 ; uartWrite:u5|stt_tx.00000100 ; uartWrite:u5|clock ; uartWrite:u5|clock ; 1.000        ; -0.080     ; 1.075      ;
; -0.104 ; uartWrite:u5|stt_tx.00001011 ; uartWrite:u5|stt_tx.00001100 ; uartWrite:u5|clock ; uartWrite:u5|clock ; 1.000        ; -0.079     ; 1.023      ;
; -0.034 ; uartWrite:u5|stt_tx.00000001 ; uartWrite:u5|stt_tx.00000010 ; uartWrite:u5|clock ; uartWrite:u5|clock ; 1.000        ; -0.080     ; 0.952      ;
; -0.007 ; uartWrite:u5|stt_tx.00000000 ; uartWrite:u5|stt_tx.00000001 ; uartWrite:u5|clock ; uartWrite:u5|clock ; 1.000        ; -0.080     ; 0.925      ;
; 0.183  ; uartWrite:u5|stt_tx.00001100 ; uartWrite:u5|stt_tx.00001100 ; uartWrite:u5|clock ; uartWrite:u5|clock ; 1.000        ; -0.081     ; 0.734      ;
; 0.184  ; uartWrite:u5|fb              ; uartWrite:u5|fb              ; uartWrite:u5|clock ; uartWrite:u5|clock ; 1.000        ; -0.080     ; 0.734      ;
+--------+------------------------------+------------------------------+--------------------+--------------------+--------------+------------+------------+


+----------------------------------------------------------------------------------------------------------------------------------------------------------------------------------------------------------------------------------------------------------------+
; Slow 1200mV 85C Model Setup: 'u_pll|altpll_component|auto_generated|pll1|clk[0]'                                                                                                                                                                               ;
+-------+--------------------+-----------------------------------------------------------------------------------------------------------------------+--------------+---------------------------------------------------+--------------+------------+------------+
; Slack ; From Node          ; To Node                                                                                                               ; Launch Clock ; Latch Clock                                       ; Relationship ; Clock Skew ; Data Delay ;
+-------+--------------------+-----------------------------------------------------------------------------------------------------------------------+--------------+---------------------------------------------------+--------------+------------+------------+
; 2.085 ; addr_img_conv1[11] ; img_conv1:u_img_conv1|altsyncram:altsyncram_component|altsyncram_i5i1:auto_generated|ram_block1a25~porta_address_reg0 ; clk          ; u_pll|altpll_component|auto_generated|pll1|clk[0] ; 10.000       ; -2.881     ; 5.022      ;
; 2.412 ; addr_img_conv1[11] ; img_conv1:u_img_conv1|altsyncram:altsyncram_component|altsyncram_i5i1:auto_generated|ram_block1a9~porta_address_reg0  ; clk          ; u_pll|altpll_component|auto_generated|pll1|clk[0] ; 10.000       ; -2.875     ; 4.701      ;
; 2.436 ; addr_img_conv1[11] ; img_conv1:u_img_conv1|altsyncram:altsyncram_component|altsyncram_i5i1:auto_generated|ram_block1a15~porta_address_reg0 ; clk          ; u_pll|altpll_component|auto_generated|pll1|clk[0] ; 10.000       ; -2.877     ; 4.675      ;
; 2.442 ; addr_img_conv1[11] ; img_conv1:u_img_conv1|altsyncram:altsyncram_component|altsyncram_i5i1:auto_generated|ram_block1a18~porta_address_reg0 ; clk          ; u_pll|altpll_component|auto_generated|pll1|clk[0] ; 10.000       ; -2.872     ; 4.674      ;
; 2.459 ; addr_img_conv1[11] ; img_conv1:u_img_conv1|altsyncram:altsyncram_component|altsyncram_i5i1:auto_generated|ram_block1a19~porta_address_reg0 ; clk          ; u_pll|altpll_component|auto_generated|pll1|clk[0] ; 10.000       ; -2.873     ; 4.656      ;
; 2.722 ; addr_img_conv1[4]  ; img_conv1:u_img_conv1|altsyncram:altsyncram_component|altsyncram_i5i1:auto_generated|ram_block1a10~porta_address_reg0 ; clk          ; u_pll|altpll_component|auto_generated|pll1|clk[0] ; 10.000       ; -2.858     ; 4.408      ;
; 2.724 ; addr_img_conv1[4]  ; img_conv1:u_img_conv1|altsyncram:altsyncram_component|altsyncram_i5i1:auto_generated|ram_block1a7~porta_address_reg0  ; clk          ; u_pll|altpll_component|auto_generated|pll1|clk[0] ; 10.000       ; -2.857     ; 4.407      ;
; 2.740 ; addr_img_conv1[5]  ; img_conv1:u_img_conv1|altsyncram:altsyncram_component|altsyncram_i5i1:auto_generated|ram_block1a2~porta_address_reg0  ; clk          ; u_pll|altpll_component|auto_generated|pll1|clk[0] ; 10.000       ; -2.870     ; 4.378      ;
; 2.756 ; addr_img_conv1[5]  ; img_conv1:u_img_conv1|altsyncram:altsyncram_component|altsyncram_i5i1:auto_generated|ram_block1a7~porta_address_reg0  ; clk          ; u_pll|altpll_component|auto_generated|pll1|clk[0] ; 10.000       ; -2.857     ; 4.375      ;
; 2.758 ; addr_img_conv1[4]  ; img_conv1:u_img_conv1|altsyncram:altsyncram_component|altsyncram_i5i1:auto_generated|ram_block1a4~porta_address_reg0  ; clk          ; u_pll|altpll_component|auto_generated|pll1|clk[0] ; 10.000       ; -2.859     ; 4.371      ;
; 2.763 ; addr_img_conv1[11] ; img_conv1:u_img_conv1|altsyncram:altsyncram_component|altsyncram_i5i1:auto_generated|ram_block1a4~porta_address_reg0  ; clk          ; u_pll|altpll_component|auto_generated|pll1|clk[0] ; 10.000       ; -2.871     ; 4.354      ;
; 2.764 ; addr_img_conv1[2]  ; img_conv1:u_img_conv1|altsyncram:altsyncram_component|altsyncram_i5i1:auto_generated|ram_block1a10~porta_address_reg0 ; clk          ; u_pll|altpll_component|auto_generated|pll1|clk[0] ; 10.000       ; -2.858     ; 4.366      ;
; 2.770 ; addr_img_conv1[2]  ; img_conv1:u_img_conv1|altsyncram:altsyncram_component|altsyncram_i5i1:auto_generated|ram_block1a4~porta_address_reg0  ; clk          ; u_pll|altpll_component|auto_generated|pll1|clk[0] ; 10.000       ; -2.859     ; 4.359      ;
; 2.787 ; addr_img_conv1[11] ; img_conv1:u_img_conv1|altsyncram:altsyncram_component|altsyncram_i5i1:auto_generated|ram_block1a24~porta_address_reg0 ; clk          ; u_pll|altpll_component|auto_generated|pll1|clk[0] ; 10.000       ; -2.872     ; 4.329      ;
; 2.788 ; addr_img_conv1[5]  ; img_conv1:u_img_conv1|altsyncram:altsyncram_component|altsyncram_i5i1:auto_generated|ram_block1a10~porta_address_reg0 ; clk          ; u_pll|altpll_component|auto_generated|pll1|clk[0] ; 10.000       ; -2.858     ; 4.342      ;
; 2.790 ; addr_img_conv1[2]  ; img_conv1:u_img_conv1|altsyncram:altsyncram_component|altsyncram_i5i1:auto_generated|ram_block1a7~porta_address_reg0  ; clk          ; u_pll|altpll_component|auto_generated|pll1|clk[0] ; 10.000       ; -2.857     ; 4.341      ;
; 2.810 ; addr_img_conv1[11] ; img_conv1:u_img_conv1|altsyncram:altsyncram_component|altsyncram_i5i1:auto_generated|ram_block1a10~porta_address_reg0 ; clk          ; u_pll|altpll_component|auto_generated|pll1|clk[0] ; 10.000       ; -2.870     ; 4.308      ;
; 2.847 ; wren_img_conv1     ; img_conv1:u_img_conv1|altsyncram:altsyncram_component|altsyncram_i5i1:auto_generated|ram_block1a12~porta_we_reg       ; clk          ; u_pll|altpll_component|auto_generated|pll1|clk[0] ; 10.000       ; -2.850     ; 4.291      ;
; 2.875 ; wren_img_conv1     ; img_conv1:u_img_conv1|altsyncram:altsyncram_component|altsyncram_i5i1:auto_generated|ram_block1a13~porta_we_reg       ; clk          ; u_pll|altpll_component|auto_generated|pll1|clk[0] ; 10.000       ; -2.852     ; 4.261      ;
; 2.898 ; wren_img_conv1     ; img_conv1:u_img_conv1|altsyncram:altsyncram_component|altsyncram_i5i1:auto_generated|ram_block1a28~porta_we_reg       ; clk          ; u_pll|altpll_component|auto_generated|pll1|clk[0] ; 10.000       ; -2.856     ; 4.234      ;
; 3.039 ; wren_img_conv1     ; img_conv1:u_img_conv1|altsyncram:altsyncram_component|altsyncram_i5i1:auto_generated|ram_block1a27~porta_we_reg       ; clk          ; u_pll|altpll_component|auto_generated|pll1|clk[0] ; 10.000       ; -2.871     ; 4.078      ;
; 3.047 ; addr_img_conv1[9]  ; img_conv1:u_img_conv1|altsyncram:altsyncram_component|altsyncram_i5i1:auto_generated|ram_block1a18~porta_address_reg0 ; clk          ; u_pll|altpll_component|auto_generated|pll1|clk[0] ; 10.000       ; -2.860     ; 4.081      ;
; 3.052 ; addr_img_conv1[9]  ; img_conv1:u_img_conv1|altsyncram:altsyncram_component|altsyncram_i5i1:auto_generated|ram_block1a9~porta_address_reg0  ; clk          ; u_pll|altpll_component|auto_generated|pll1|clk[0] ; 10.000       ; -2.863     ; 4.073      ;
; 3.064 ; addr_img_conv1[4]  ; img_conv1:u_img_conv1|altsyncram:altsyncram_component|altsyncram_i5i1:auto_generated|ram_block1a19~porta_address_reg0 ; clk          ; u_pll|altpll_component|auto_generated|pll1|clk[0] ; 10.000       ; -2.861     ; 4.063      ;
; 3.079 ; addr_img_conv1[9]  ; img_conv1:u_img_conv1|altsyncram:altsyncram_component|altsyncram_i5i1:auto_generated|ram_block1a19~porta_address_reg0 ; clk          ; u_pll|altpll_component|auto_generated|pll1|clk[0] ; 10.000       ; -2.861     ; 4.048      ;
; 3.093 ; addr_img_conv1[2]  ; img_conv1:u_img_conv1|altsyncram:altsyncram_component|altsyncram_i5i1:auto_generated|ram_block1a24~porta_address_reg0 ; clk          ; u_pll|altpll_component|auto_generated|pll1|clk[0] ; 10.000       ; -2.860     ; 4.035      ;
; 3.098 ; addr_img_conv1[2]  ; img_conv1:u_img_conv1|altsyncram:altsyncram_component|altsyncram_i5i1:auto_generated|ram_block1a18~porta_address_reg0 ; clk          ; u_pll|altpll_component|auto_generated|pll1|clk[0] ; 10.000       ; -2.860     ; 4.030      ;
; 3.099 ; addr_img_conv1[4]  ; img_conv1:u_img_conv1|altsyncram:altsyncram_component|altsyncram_i5i1:auto_generated|ram_block1a9~porta_address_reg0  ; clk          ; u_pll|altpll_component|auto_generated|pll1|clk[0] ; 10.000       ; -2.863     ; 4.026      ;
; 3.107 ; addr_img_conv1[2]  ; img_conv1:u_img_conv1|altsyncram:altsyncram_component|altsyncram_i5i1:auto_generated|ram_block1a19~porta_address_reg0 ; clk          ; u_pll|altpll_component|auto_generated|pll1|clk[0] ; 10.000       ; -2.861     ; 4.020      ;
; 3.113 ; addr_img_conv1[11] ; img_conv1:u_img_conv1|altsyncram:altsyncram_component|altsyncram_i5i1:auto_generated|ram_block1a7~porta_address_reg0  ; clk          ; u_pll|altpll_component|auto_generated|pll1|clk[0] ; 10.000       ; -2.869     ; 4.006      ;
; 3.121 ; addr_img_conv1[2]  ; img_conv1:u_img_conv1|altsyncram:altsyncram_component|altsyncram_i5i1:auto_generated|ram_block1a9~porta_address_reg0  ; clk          ; u_pll|altpll_component|auto_generated|pll1|clk[0] ; 10.000       ; -2.863     ; 4.004      ;
; 3.125 ; addr_img_conv1[5]  ; img_conv1:u_img_conv1|altsyncram:altsyncram_component|altsyncram_i5i1:auto_generated|ram_block1a4~porta_address_reg0  ; clk          ; u_pll|altpll_component|auto_generated|pll1|clk[0] ; 10.000       ; -2.859     ; 4.004      ;
; 3.131 ; wren_img_conv1     ; img_conv1:u_img_conv1|altsyncram:altsyncram_component|altsyncram_i5i1:auto_generated|ram_block1a24~porta_we_reg       ; clk          ; u_pll|altpll_component|auto_generated|pll1|clk[0] ; 10.000       ; -2.875     ; 3.982      ;
; 3.135 ; wren_img_conv1     ; img_conv1:u_img_conv1|altsyncram:altsyncram_component|altsyncram_i5i1:auto_generated|ram_block1a18~porta_we_reg       ; clk          ; u_pll|altpll_component|auto_generated|pll1|clk[0] ; 10.000       ; -2.875     ; 3.978      ;
; 3.136 ; addr_img_conv1[11] ; img_conv1:u_img_conv1|altsyncram:altsyncram_component|altsyncram_i5i1:auto_generated|ram_block1a2~porta_address_reg0  ; clk          ; u_pll|altpll_component|auto_generated|pll1|clk[0] ; 10.000       ; -2.882     ; 3.970      ;
; 3.137 ; wren_img_conv1     ; img_conv1:u_img_conv1|altsyncram:altsyncram_component|altsyncram_i5i1:auto_generated|ram_block1a4~porta_we_reg        ; clk          ; u_pll|altpll_component|auto_generated|pll1|clk[0] ; 10.000       ; -2.874     ; 3.977      ;
; 3.137 ; addr_img_conv1[4]  ; img_conv1:u_img_conv1|altsyncram:altsyncram_component|altsyncram_i5i1:auto_generated|ram_block1a17~porta_address_reg0 ; clk          ; u_pll|altpll_component|auto_generated|pll1|clk[0] ; 10.000       ; -2.878     ; 3.973      ;
; 3.141 ; wren_img_conv1     ; img_conv1:u_img_conv1|altsyncram:altsyncram_component|altsyncram_i5i1:auto_generated|ram_block1a19~porta_we_reg       ; clk          ; u_pll|altpll_component|auto_generated|pll1|clk[0] ; 10.000       ; -2.876     ; 3.971      ;
; 3.145 ; wren_img_conv1     ; img_conv1:u_img_conv1|altsyncram:altsyncram_component|altsyncram_i5i1:auto_generated|ram_block1a10~porta_we_reg       ; clk          ; u_pll|altpll_component|auto_generated|pll1|clk[0] ; 10.000       ; -2.873     ; 3.970      ;
; 3.151 ; addr_img_conv1[5]  ; img_conv1:u_img_conv1|altsyncram:altsyncram_component|altsyncram_i5i1:auto_generated|ram_block1a24~porta_address_reg0 ; clk          ; u_pll|altpll_component|auto_generated|pll1|clk[0] ; 10.000       ; -2.860     ; 3.977      ;
; 3.159 ; wren_img_conv1     ; img_conv1:u_img_conv1|altsyncram:altsyncram_component|altsyncram_i5i1:auto_generated|ram_block1a7~porta_we_reg        ; clk          ; u_pll|altpll_component|auto_generated|pll1|clk[0] ; 10.000       ; -2.872     ; 3.957      ;
; 3.173 ; wren_img_conv1     ; img_conv1:u_img_conv1|altsyncram:altsyncram_component|altsyncram_i5i1:auto_generated|ram_block1a25~porta_we_reg       ; clk          ; u_pll|altpll_component|auto_generated|pll1|clk[0] ; 10.000       ; -2.884     ; 3.931      ;
; 3.183 ; wren_img_conv1     ; img_conv1:u_img_conv1|altsyncram:altsyncram_component|altsyncram_i5i1:auto_generated|ram_block1a14~porta_we_reg       ; clk          ; u_pll|altpll_component|auto_generated|pll1|clk[0] ; 10.000       ; -2.859     ; 3.946      ;
; 3.207 ; wren_img_conv1     ; img_conv1:u_img_conv1|altsyncram:altsyncram_component|altsyncram_i5i1:auto_generated|ram_block1a26~porta_we_reg       ; clk          ; u_pll|altpll_component|auto_generated|pll1|clk[0] ; 10.000       ; -2.854     ; 3.927      ;
; 3.213 ; wren_img_conv1     ; img_conv1:u_img_conv1|altsyncram:altsyncram_component|altsyncram_i5i1:auto_generated|ram_block1a22~porta_we_reg       ; clk          ; u_pll|altpll_component|auto_generated|pll1|clk[0] ; 10.000       ; -2.862     ; 3.913      ;
; 3.256 ; addr_img_conv1[7]  ; img_conv1:u_img_conv1|altsyncram:altsyncram_component|altsyncram_i5i1:auto_generated|ram_block1a15~porta_address_reg0 ; clk          ; u_pll|altpll_component|auto_generated|pll1|clk[0] ; 10.000       ; -2.865     ; 3.867      ;
; 3.271 ; addr_img_conv1[7]  ; img_conv1:u_img_conv1|altsyncram:altsyncram_component|altsyncram_i5i1:auto_generated|ram_block1a24~porta_address_reg0 ; clk          ; u_pll|altpll_component|auto_generated|pll1|clk[0] ; 10.000       ; -2.860     ; 3.857      ;
; 3.281 ; addr_img_conv1[7]  ; img_conv1:u_img_conv1|altsyncram:altsyncram_component|altsyncram_i5i1:auto_generated|ram_block1a25~porta_address_reg0 ; clk          ; u_pll|altpll_component|auto_generated|pll1|clk[0] ; 10.000       ; -2.869     ; 3.838      ;
; 3.293 ; addr_img_conv1[7]  ; img_conv1:u_img_conv1|altsyncram:altsyncram_component|altsyncram_i5i1:auto_generated|ram_block1a4~porta_address_reg0  ; clk          ; u_pll|altpll_component|auto_generated|pll1|clk[0] ; 10.000       ; -2.859     ; 3.836      ;
; 3.293 ; addr_img_conv1[7]  ; img_conv1:u_img_conv1|altsyncram:altsyncram_component|altsyncram_i5i1:auto_generated|ram_block1a10~porta_address_reg0 ; clk          ; u_pll|altpll_component|auto_generated|pll1|clk[0] ; 10.000       ; -2.858     ; 3.837      ;
; 3.295 ; addr_img_conv1[7]  ; img_conv1:u_img_conv1|altsyncram:altsyncram_component|altsyncram_i5i1:auto_generated|ram_block1a2~porta_address_reg0  ; clk          ; u_pll|altpll_component|auto_generated|pll1|clk[0] ; 10.000       ; -2.870     ; 3.823      ;
; 3.305 ; addr_img_conv1[7]  ; img_conv1:u_img_conv1|altsyncram:altsyncram_component|altsyncram_i5i1:auto_generated|ram_block1a9~porta_address_reg0  ; clk          ; u_pll|altpll_component|auto_generated|pll1|clk[0] ; 10.000       ; -2.863     ; 3.820      ;
; 3.311 ; addr_img_conv1[7]  ; img_conv1:u_img_conv1|altsyncram:altsyncram_component|altsyncram_i5i1:auto_generated|ram_block1a18~porta_address_reg0 ; clk          ; u_pll|altpll_component|auto_generated|pll1|clk[0] ; 10.000       ; -2.860     ; 3.817      ;
; 3.325 ; addr_img_conv1[7]  ; img_conv1:u_img_conv1|altsyncram:altsyncram_component|altsyncram_i5i1:auto_generated|ram_block1a1~porta_address_reg0  ; clk          ; u_pll|altpll_component|auto_generated|pll1|clk[0] ; 10.000       ; -2.841     ; 3.822      ;
; 3.342 ; addr_img_conv1[9]  ; img_conv1:u_img_conv1|altsyncram:altsyncram_component|altsyncram_i5i1:auto_generated|ram_block1a7~porta_address_reg0  ; clk          ; u_pll|altpll_component|auto_generated|pll1|clk[0] ; 10.000       ; -2.857     ; 3.789      ;
; 3.345 ; addr_img_conv1[4]  ; img_conv1:u_img_conv1|altsyncram:altsyncram_component|altsyncram_i5i1:auto_generated|ram_block1a2~porta_address_reg0  ; clk          ; u_pll|altpll_component|auto_generated|pll1|clk[0] ; 10.000       ; -2.870     ; 3.773      ;
; 3.358 ; addr_img_conv1[9]  ; img_conv1:u_img_conv1|altsyncram:altsyncram_component|altsyncram_i5i1:auto_generated|ram_block1a25~porta_address_reg0 ; clk          ; u_pll|altpll_component|auto_generated|pll1|clk[0] ; 10.000       ; -2.869     ; 3.761      ;
; 3.406 ; addr_img_conv1[7]  ; img_conv1:u_img_conv1|altsyncram:altsyncram_component|altsyncram_i5i1:auto_generated|ram_block1a19~porta_address_reg0 ; clk          ; u_pll|altpll_component|auto_generated|pll1|clk[0] ; 10.000       ; -2.861     ; 3.721      ;
; 3.406 ; addr_img_conv1[4]  ; img_conv1:u_img_conv1|altsyncram:altsyncram_component|altsyncram_i5i1:auto_generated|ram_block1a25~porta_address_reg0 ; clk          ; u_pll|altpll_component|auto_generated|pll1|clk[0] ; 10.000       ; -2.869     ; 3.713      ;
; 3.452 ; addr_img_conv1[2]  ; img_conv1:u_img_conv1|altsyncram:altsyncram_component|altsyncram_i5i1:auto_generated|ram_block1a25~porta_address_reg0 ; clk          ; u_pll|altpll_component|auto_generated|pll1|clk[0] ; 10.000       ; -2.869     ; 3.667      ;
; 3.465 ; wren_img_conv1     ; img_conv1:u_img_conv1|altsyncram:altsyncram_component|altsyncram_i5i1:auto_generated|ram_block1a15~porta_we_reg       ; clk          ; u_pll|altpll_component|auto_generated|pll1|clk[0] ; 10.000       ; -2.880     ; 3.643      ;
; 3.468 ; wren_img_conv1     ; img_conv1:u_img_conv1|altsyncram:altsyncram_component|altsyncram_i5i1:auto_generated|ram_block1a9~porta_we_reg        ; clk          ; u_pll|altpll_component|auto_generated|pll1|clk[0] ; 10.000       ; -2.878     ; 3.642      ;
; 3.480 ; wren_img_conv1     ; img_conv1:u_img_conv1|altsyncram:altsyncram_component|altsyncram_i5i1:auto_generated|ram_block1a2~porta_we_reg        ; clk          ; u_pll|altpll_component|auto_generated|pll1|clk[0] ; 10.000       ; -2.885     ; 3.623      ;
; 3.480 ; addr_img_conv1[5]  ; img_conv1:u_img_conv1|altsyncram:altsyncram_component|altsyncram_i5i1:auto_generated|ram_block1a18~porta_address_reg0 ; clk          ; u_pll|altpll_component|auto_generated|pll1|clk[0] ; 10.000       ; -2.860     ; 3.648      ;
; 3.482 ; addr_img_conv1[5]  ; img_conv1:u_img_conv1|altsyncram:altsyncram_component|altsyncram_i5i1:auto_generated|ram_block1a9~porta_address_reg0  ; clk          ; u_pll|altpll_component|auto_generated|pll1|clk[0] ; 10.000       ; -2.863     ; 3.643      ;
; 3.503 ; addr_img_conv1[5]  ; img_conv1:u_img_conv1|altsyncram:altsyncram_component|altsyncram_i5i1:auto_generated|ram_block1a25~porta_address_reg0 ; clk          ; u_pll|altpll_component|auto_generated|pll1|clk[0] ; 10.000       ; -2.869     ; 3.616      ;
; 3.516 ; addr_img_conv1[9]  ; img_conv1:u_img_conv1|altsyncram:altsyncram_component|altsyncram_i5i1:auto_generated|ram_block1a4~porta_address_reg0  ; clk          ; u_pll|altpll_component|auto_generated|pll1|clk[0] ; 10.000       ; -2.859     ; 3.613      ;
; 3.526 ; addr_img_conv1[5]  ; img_conv1:u_img_conv1|altsyncram:altsyncram_component|altsyncram_i5i1:auto_generated|ram_block1a19~porta_address_reg0 ; clk          ; u_pll|altpll_component|auto_generated|pll1|clk[0] ; 10.000       ; -2.861     ; 3.601      ;
; 3.554 ; addr_img_conv1[6]  ; img_conv1:u_img_conv1|altsyncram:altsyncram_component|altsyncram_i5i1:auto_generated|ram_block1a17~porta_address_reg0 ; clk          ; u_pll|altpll_component|auto_generated|pll1|clk[0] ; 10.000       ; -2.890     ; 3.544      ;
; 3.575 ; addr_img_conv1[8]  ; img_conv1:u_img_conv1|altsyncram:altsyncram_component|altsyncram_i5i1:auto_generated|ram_block1a17~porta_address_reg0 ; clk          ; u_pll|altpll_component|auto_generated|pll1|clk[0] ; 10.000       ; -2.890     ; 3.523      ;
; 3.588 ; addr_img_conv1[0]  ; img_conv1:u_img_conv1|altsyncram:altsyncram_component|altsyncram_i5i1:auto_generated|ram_block1a7~porta_address_reg0  ; clk          ; u_pll|altpll_component|auto_generated|pll1|clk[0] ; 10.000       ; -2.857     ; 3.543      ;
; 3.599 ; addr_img_conv1[0]  ; img_conv1:u_img_conv1|altsyncram:altsyncram_component|altsyncram_i5i1:auto_generated|ram_block1a2~porta_address_reg0  ; clk          ; u_pll|altpll_component|auto_generated|pll1|clk[0] ; 10.000       ; -2.870     ; 3.519      ;
; 3.625 ; addr_img_conv1[9]  ; img_conv1:u_img_conv1|altsyncram:altsyncram_component|altsyncram_i5i1:auto_generated|ram_block1a10~porta_address_reg0 ; clk          ; u_pll|altpll_component|auto_generated|pll1|clk[0] ; 10.000       ; -2.858     ; 3.505      ;
; 3.626 ; addr_img_conv1[7]  ; img_conv1:u_img_conv1|altsyncram:altsyncram_component|altsyncram_i5i1:auto_generated|ram_block1a7~porta_address_reg0  ; clk          ; u_pll|altpll_component|auto_generated|pll1|clk[0] ; 10.000       ; -2.857     ; 3.505      ;
; 3.637 ; wren_img_conv1     ; img_conv1:u_img_conv1|altsyncram:altsyncram_component|altsyncram_i5i1:auto_generated|ram_block1a31~porta_we_reg       ; clk          ; u_pll|altpll_component|auto_generated|pll1|clk[0] ; 10.000       ; -2.866     ; 3.485      ;
; 3.641 ; addr_img_conv1[1]  ; img_conv1:u_img_conv1|altsyncram:altsyncram_component|altsyncram_i5i1:auto_generated|ram_block1a17~porta_address_reg0 ; clk          ; u_pll|altpll_component|auto_generated|pll1|clk[0] ; 10.000       ; -2.878     ; 3.469      ;
; 3.647 ; addr_img_conv1[7]  ; img_conv1:u_img_conv1|altsyncram:altsyncram_component|altsyncram_i5i1:auto_generated|ram_block1a21~porta_address_reg0 ; clk          ; u_pll|altpll_component|auto_generated|pll1|clk[0] ; 10.000       ; -2.855     ; 3.486      ;
; 3.656 ; addr_fcw[3]        ; fc_w:u_fc_w|altsyncram:altsyncram_component|altsyncram_bak1:auto_generated|ram_block1a9~porta_address_reg0            ; clk          ; u_pll|altpll_component|auto_generated|pll1|clk[0] ; 10.000       ; -2.860     ; 3.472      ;
; 3.661 ; addr_fcw[3]        ; fc_w:u_fc_w|altsyncram:altsyncram_component|altsyncram_bak1:auto_generated|ram_block1a3~porta_address_reg0            ; clk          ; u_pll|altpll_component|auto_generated|pll1|clk[0] ; 10.000       ; -2.858     ; 3.469      ;
; 3.666 ; addr_img_conv1[7]  ; img_conv1:u_img_conv1|altsyncram:altsyncram_component|altsyncram_i5i1:auto_generated|ram_block1a6~porta_address_reg0  ; clk          ; u_pll|altpll_component|auto_generated|pll1|clk[0] ; 10.000       ; -2.854     ; 3.468      ;
; 3.673 ; addr_img_conv1[7]  ; img_conv1:u_img_conv1|altsyncram:altsyncram_component|altsyncram_i5i1:auto_generated|ram_block1a23~porta_address_reg0 ; clk          ; u_pll|altpll_component|auto_generated|pll1|clk[0] ; 10.000       ; -2.845     ; 3.470      ;
; 3.682 ; addr_img_conv1[7]  ; img_conv1:u_img_conv1|altsyncram:altsyncram_component|altsyncram_i5i1:auto_generated|ram_block1a17~porta_address_reg0 ; clk          ; u_pll|altpll_component|auto_generated|pll1|clk[0] ; 10.000       ; -2.878     ; 3.428      ;
; 3.691 ; addr_fcw[3]        ; fc_w:u_fc_w|altsyncram:altsyncram_component|altsyncram_bak1:auto_generated|ram_block1a7~porta_address_reg0            ; clk          ; u_pll|altpll_component|auto_generated|pll1|clk[0] ; 10.000       ; -2.856     ; 3.441      ;
; 3.694 ; addr_fcw[3]        ; fc_w:u_fc_w|altsyncram:altsyncram_component|altsyncram_bak1:auto_generated|ram_block1a5~porta_address_reg0            ; clk          ; u_pll|altpll_component|auto_generated|pll1|clk[0] ; 10.000       ; -2.862     ; 3.432      ;
; 3.699 ; addr_img_conv1[4]  ; img_conv1:u_img_conv1|altsyncram:altsyncram_component|altsyncram_i5i1:auto_generated|ram_block1a24~porta_address_reg0 ; clk          ; u_pll|altpll_component|auto_generated|pll1|clk[0] ; 10.000       ; -2.860     ; 3.429      ;
; 3.700 ; addr_img_conv1[4]  ; img_conv1:u_img_conv1|altsyncram:altsyncram_component|altsyncram_i5i1:auto_generated|ram_block1a18~porta_address_reg0 ; clk          ; u_pll|altpll_component|auto_generated|pll1|clk[0] ; 10.000       ; -2.860     ; 3.428      ;
; 3.701 ; addr_img_conv1[3]  ; img_conv1:u_img_conv1|altsyncram:altsyncram_component|altsyncram_i5i1:auto_generated|ram_block1a21~porta_address_reg0 ; clk          ; u_pll|altpll_component|auto_generated|pll1|clk[0] ; 10.000       ; -2.855     ; 3.432      ;
; 3.702 ; addr_img_conv1[9]  ; img_conv1:u_img_conv1|altsyncram:altsyncram_component|altsyncram_i5i1:auto_generated|ram_block1a24~porta_address_reg0 ; clk          ; u_pll|altpll_component|auto_generated|pll1|clk[0] ; 10.000       ; -2.860     ; 3.426      ;
; 3.709 ; addr_img_conv1[2]  ; img_conv1:u_img_conv1|altsyncram:altsyncram_component|altsyncram_i5i1:auto_generated|ram_block1a15~porta_address_reg0 ; clk          ; u_pll|altpll_component|auto_generated|pll1|clk[0] ; 10.000       ; -2.865     ; 3.414      ;
; 3.731 ; addr_img_conv1[8]  ; img_conv1:u_img_conv1|altsyncram:altsyncram_component|altsyncram_i5i1:auto_generated|ram_block1a25~porta_address_reg0 ; clk          ; u_pll|altpll_component|auto_generated|pll1|clk[0] ; 10.000       ; -2.881     ; 3.376      ;
; 3.743 ; addr_img_conv1[3]  ; img_conv1:u_img_conv1|altsyncram:altsyncram_component|altsyncram_i5i1:auto_generated|ram_block1a1~porta_address_reg0  ; clk          ; u_pll|altpll_component|auto_generated|pll1|clk[0] ; 10.000       ; -2.841     ; 3.404      ;
; 3.751 ; addr_img_conv1[3]  ; img_conv1:u_img_conv1|altsyncram:altsyncram_component|altsyncram_i5i1:auto_generated|ram_block1a10~porta_address_reg0 ; clk          ; u_pll|altpll_component|auto_generated|pll1|clk[0] ; 10.000       ; -2.858     ; 3.379      ;
; 3.757 ; addr_img_conv1[3]  ; img_conv1:u_img_conv1|altsyncram:altsyncram_component|altsyncram_i5i1:auto_generated|ram_block1a2~porta_address_reg0  ; clk          ; u_pll|altpll_component|auto_generated|pll1|clk[0] ; 10.000       ; -2.870     ; 3.361      ;
; 3.772 ; addr_img_conv1[6]  ; img_conv1:u_img_conv1|altsyncram:altsyncram_component|altsyncram_i5i1:auto_generated|ram_block1a21~porta_address_reg0 ; clk          ; u_pll|altpll_component|auto_generated|pll1|clk[0] ; 10.000       ; -2.867     ; 3.349      ;
; 3.773 ; addr_img_conv1[4]  ; img_conv1:u_img_conv1|altsyncram:altsyncram_component|altsyncram_i5i1:auto_generated|ram_block1a15~porta_address_reg0 ; clk          ; u_pll|altpll_component|auto_generated|pll1|clk[0] ; 10.000       ; -2.865     ; 3.350      ;
; 3.774 ; addr_img_conv1[3]  ; img_conv1:u_img_conv1|altsyncram:altsyncram_component|altsyncram_i5i1:auto_generated|ram_block1a7~porta_address_reg0  ; clk          ; u_pll|altpll_component|auto_generated|pll1|clk[0] ; 10.000       ; -2.857     ; 3.357      ;
; 3.797 ; addr_img_conv1[11] ; img_conv1:u_img_conv1|altsyncram:altsyncram_component|altsyncram_i5i1:auto_generated|ram_block1a17~porta_address_reg0 ; clk          ; u_pll|altpll_component|auto_generated|pll1|clk[0] ; 10.000       ; -2.890     ; 3.301      ;
; 3.804 ; addr_img_conv1[4]  ; img_conv1:u_img_conv1|altsyncram:altsyncram_component|altsyncram_i5i1:auto_generated|ram_block1a20~porta_address_reg0 ; clk          ; u_pll|altpll_component|auto_generated|pll1|clk[0] ; 10.000       ; -2.865     ; 3.319      ;
; 3.810 ; addr_img_conv1[3]  ; img_conv1:u_img_conv1|altsyncram:altsyncram_component|altsyncram_i5i1:auto_generated|ram_block1a18~porta_address_reg0 ; clk          ; u_pll|altpll_component|auto_generated|pll1|clk[0] ; 10.000       ; -2.860     ; 3.318      ;
; 3.811 ; addr_img_conv1[3]  ; img_conv1:u_img_conv1|altsyncram:altsyncram_component|altsyncram_i5i1:auto_generated|ram_block1a19~porta_address_reg0 ; clk          ; u_pll|altpll_component|auto_generated|pll1|clk[0] ; 10.000       ; -2.861     ; 3.316      ;
+-------+--------------------+-----------------------------------------------------------------------------------------------------------------------+--------------+---------------------------------------------------+--------------+------------+------------+


+-------------------------------------------------------------------------------------------------------------------------------------------------------------------------------------------------------------------------------+
; Slow 1200mV 85C Model Hold: 'clk'                                                                                                                                                                                             ;
+-------+-----------------------------+-------------------------------------------------------------------------------------------------------------------+--------------+-------------+--------------+------------+------------+
; Slack ; From Node                   ; To Node                                                                                                           ; Launch Clock ; Latch Clock ; Relationship ; Clock Skew ; Data Delay ;
+-------+-----------------------------+-------------------------------------------------------------------------------------------------------------------+--------------+-------------+--------------+------------+------------+
; 0.376 ; data_w_uart_img[1]          ; ram_uart:u_ram_uart|altsyncram:altsyncram_component|altsyncram_off2:auto_generated|ram_block1a0~porta_datain_reg0 ; clk          ; clk         ; 0.000        ; 0.453      ; 1.051      ;
; 0.401 ; col[4]                      ; col[4]                                                                                                            ; clk          ; clk         ; 0.000        ; 0.082      ; 0.669      ;
; 0.401 ; col[1]                      ; col[1]                                                                                                            ; clk          ; clk         ; 0.000        ; 0.082      ; 0.669      ;
; 0.401 ; col[2]                      ; col[2]                                                                                                            ; clk          ; clk         ; 0.000        ; 0.082      ; 0.669      ;
; 0.401 ; col[0]                      ; col[0]                                                                                                            ; clk          ; clk         ; 0.000        ; 0.082      ; 0.669      ;
; 0.401 ; col[3]                      ; col[3]                                                                                                            ; clk          ; clk         ; 0.000        ; 0.082      ; 0.669      ;
; 0.401 ; row[3]                      ; row[3]                                                                                                            ; clk          ; clk         ; 0.000        ; 0.082      ; 0.669      ;
; 0.401 ; row[4]                      ; row[4]                                                                                                            ; clk          ; clk         ; 0.000        ; 0.082      ; 0.669      ;
; 0.401 ; row[2]                      ; row[2]                                                                                                            ; clk          ; clk         ; 0.000        ; 0.082      ; 0.669      ;
; 0.401 ; stt.00100                   ; stt.00100                                                                                                         ; clk          ; clk         ; 0.000        ; 0.082      ; 0.669      ;
; 0.401 ; cls[3]                      ; cls[3]                                                                                                            ; clk          ; clk         ; 0.000        ; 0.082      ; 0.669      ;
; 0.401 ; cls[1]                      ; cls[1]                                                                                                            ; clk          ; clk         ; 0.000        ; 0.082      ; 0.669      ;
; 0.401 ; cls[0]                      ; cls[0]                                                                                                            ; clk          ; clk         ; 0.000        ; 0.082      ; 0.669      ;
; 0.401 ; cls[2]                      ; cls[2]                                                                                                            ; clk          ; clk         ; 0.000        ; 0.082      ; 0.669      ;
; 0.401 ; i[8]                        ; i[8]                                                                                                              ; clk          ; clk         ; 0.000        ; 0.082      ; 0.669      ;
; 0.401 ; i[5]                        ; i[5]                                                                                                              ; clk          ; clk         ; 0.000        ; 0.082      ; 0.669      ;
; 0.401 ; i[6]                        ; i[6]                                                                                                              ; clk          ; clk         ; 0.000        ; 0.082      ; 0.669      ;
; 0.401 ; i[7]                        ; i[7]                                                                                                              ; clk          ; clk         ; 0.000        ; 0.082      ; 0.669      ;
; 0.401 ; i[4]                        ; i[4]                                                                                                              ; clk          ; clk         ; 0.000        ; 0.082      ; 0.669      ;
; 0.402 ; addr_img_conv2[4]           ; addr_img_conv2[4]                                                                                                 ; clk          ; clk         ; 0.000        ; 0.081      ; 0.669      ;
; 0.402 ; addr_img_conv2[7]           ; addr_img_conv2[7]                                                                                                 ; clk          ; clk         ; 0.000        ; 0.081      ; 0.669      ;
; 0.402 ; ch[1]                       ; ch[1]                                                                                                             ; clk          ; clk         ; 0.000        ; 0.081      ; 0.669      ;
; 0.402 ; ch[2]                       ; ch[2]                                                                                                             ; clk          ; clk         ; 0.000        ; 0.081      ; 0.669      ;
; 0.402 ; ch[3]                       ; ch[3]                                                                                                             ; clk          ; clk         ; 0.000        ; 0.081      ; 0.669      ;
; 0.402 ; state.S_CONV2               ; state.S_CONV2                                                                                                     ; clk          ; clk         ; 0.000        ; 0.081      ; 0.669      ;
; 0.402 ; wren_pool1                  ; wren_pool1                                                                                                        ; clk          ; clk         ; 0.000        ; 0.081      ; 0.669      ;
; 0.402 ; wren_pool2                  ; wren_pool2                                                                                                        ; clk          ; clk         ; 0.000        ; 0.081      ; 0.669      ;
; 0.402 ; wren_img_conv2              ; wren_img_conv2                                                                                                    ; clk          ; clk         ; 0.000        ; 0.081      ; 0.669      ;
; 0.402 ; wren_img_conv1              ; wren_img_conv1                                                                                                    ; clk          ; clk         ; 0.000        ; 0.081      ; 0.669      ;
; 0.402 ; stt.00110                   ; stt.00110                                                                                                         ; clk          ; clk         ; 0.000        ; 0.081      ; 0.669      ;
; 0.402 ; best_digit[3]               ; best_digit[3]                                                                                                     ; clk          ; clk         ; 0.000        ; 0.081      ; 0.669      ;
; 0.402 ; best_digit[2]               ; best_digit[2]                                                                                                     ; clk          ; clk         ; 0.000        ; 0.081      ; 0.669      ;
; 0.402 ; best_digit[1]               ; best_digit[1]                                                                                                     ; clk          ; clk         ; 0.000        ; 0.081      ; 0.669      ;
; 0.402 ; best_digit[0]               ; best_digit[0]                                                                                                     ; clk          ; clk         ; 0.000        ; 0.081      ; 0.669      ;
; 0.402 ; state.S_UART                ; state.S_UART                                                                                                      ; clk          ; clk         ; 0.000        ; 0.081      ; 0.669      ;
; 0.402 ; state.S_DONE                ; state.S_DONE                                                                                                      ; clk          ; clk         ; 0.000        ; 0.081      ; 0.669      ;
; 0.402 ; state.S_ARGMAX              ; state.S_ARGMAX                                                                                                    ; clk          ; clk         ; 0.000        ; 0.081      ; 0.669      ;
; 0.402 ; stt_uart.00010              ; stt_uart.00010                                                                                                    ; clk          ; clk         ; 0.000        ; 0.081      ; 0.669      ;
; 0.402 ; stt_uart.00000              ; stt_uart.00000                                                                                                    ; clk          ; clk         ; 0.000        ; 0.081      ; 0.669      ;
; 0.402 ; stt_uart.00101              ; stt_uart.00101                                                                                                    ; clk          ; clk         ; 0.000        ; 0.081      ; 0.669      ;
; 0.402 ; state.S_IDLE                ; state.S_IDLE                                                                                                      ; clk          ; clk         ; 0.000        ; 0.081      ; 0.669      ;
; 0.402 ; kh[1]                       ; kh[1]                                                                                                             ; clk          ; clk         ; 0.000        ; 0.081      ; 0.669      ;
; 0.402 ; kh[0]                       ; kh[0]                                                                                                             ; clk          ; clk         ; 0.000        ; 0.081      ; 0.669      ;
; 0.402 ; kw[1]                       ; kw[1]                                                                                                             ; clk          ; clk         ; 0.000        ; 0.081      ; 0.669      ;
; 0.402 ; ic[2]                       ; ic[2]                                                                                                             ; clk          ; clk         ; 0.000        ; 0.081      ; 0.669      ;
; 0.402 ; ic[1]                       ; ic[1]                                                                                                             ; clk          ; clk         ; 0.000        ; 0.081      ; 0.669      ;
; 0.403 ; addr_fcw[0]                 ; addr_fcw[0]                                                                                                       ; clk          ; clk         ; 0.000        ; 0.080      ; 0.669      ;
; 0.403 ; uartRead:read1|rx_shift[0]  ; uartRead:read1|rx_shift[0]                                                                                        ; clk          ; clk         ; 0.000        ; 0.080      ; 0.669      ;
; 0.403 ; uartRead:read1|rx_shift[1]  ; uartRead:read1|rx_shift[1]                                                                                        ; clk          ; clk         ; 0.000        ; 0.080      ; 0.669      ;
; 0.403 ; uartRead:read1|rx_shift[2]  ; uartRead:read1|rx_shift[2]                                                                                        ; clk          ; clk         ; 0.000        ; 0.080      ; 0.669      ;
; 0.403 ; uartRead:read1|rx_shift[3]  ; uartRead:read1|rx_shift[3]                                                                                        ; clk          ; clk         ; 0.000        ; 0.080      ; 0.669      ;
; 0.403 ; uartRead:read1|rx_shift[4]  ; uartRead:read1|rx_shift[4]                                                                                        ; clk          ; clk         ; 0.000        ; 0.080      ; 0.669      ;
; 0.403 ; uartRead:read1|rx_shift[5]  ; uartRead:read1|rx_shift[5]                                                                                        ; clk          ; clk         ; 0.000        ; 0.080      ; 0.669      ;
; 0.403 ; uartRead:read1|rx_shift[6]  ; uartRead:read1|rx_shift[6]                                                                                        ; clk          ; clk         ; 0.000        ; 0.080      ; 0.669      ;
; 0.403 ; uartRead:read1|rx_shift[7]  ; uartRead:read1|rx_shift[7]                                                                                        ; clk          ; clk         ; 0.000        ; 0.080      ; 0.669      ;
; 0.403 ; addr_uart_img[0]            ; addr_uart_img[0]                                                                                                  ; clk          ; clk         ; 0.000        ; 0.080      ; 0.669      ;
; 0.403 ; uartRead:read1|bit_index[2] ; uartRead:read1|bit_index[2]                                                                                       ; clk          ; clk         ; 0.000        ; 0.080      ; 0.669      ;
; 0.404 ; uartRead:read1|state.STOP   ; uartRead:read1|state.STOP                                                                                         ; clk          ; clk         ; 0.000        ; 0.079      ; 0.669      ;
; 0.404 ; uartRead:read1|state.START  ; uartRead:read1|state.START                                                                                        ; clk          ; clk         ; 0.000        ; 0.079      ; 0.669      ;
; 0.404 ; uartRead:read1|state.DATA   ; uartRead:read1|state.DATA                                                                                         ; clk          ; clk         ; 0.000        ; 0.079      ; 0.669      ;
; 0.404 ; uartRead:read1|bit_index[0] ; uartRead:read1|bit_index[0]                                                                                       ; clk          ; clk         ; 0.000        ; 0.079      ; 0.669      ;
; 0.404 ; uartRead:read1|bit_index[1] ; uartRead:read1|bit_index[1]                                                                                       ; clk          ; clk         ; 0.000        ; 0.079      ; 0.669      ;
; 0.407 ; state.S_POOL2               ; state.S_POOL2                                                                                                     ; clk          ; clk         ; 0.000        ; 0.081      ; 0.674      ;
; 0.407 ; ch[0]                       ; ch[0]                                                                                                             ; clk          ; clk         ; 0.000        ; 0.081      ; 0.674      ;
; 0.407 ; state.S_POOL1               ; state.S_POOL1                                                                                                     ; clk          ; clk         ; 0.000        ; 0.081      ; 0.674      ;
; 0.407 ; kw[0]                       ; kw[0]                                                                                                             ; clk          ; clk         ; 0.000        ; 0.081      ; 0.674      ;
; 0.407 ; ic[0]                       ; ic[0]                                                                                                             ; clk          ; clk         ; 0.000        ; 0.081      ; 0.674      ;
; 0.429 ; uartRead:read1|rx_shift[7]  ; uartRead:read1|data[7]                                                                                            ; clk          ; clk         ; 0.000        ; 0.080      ; 0.695      ;
; 0.430 ; uartRead:read1|rx_shift[0]  ; uartRead:read1|data[0]                                                                                            ; clk          ; clk         ; 0.000        ; 0.080      ; 0.696      ;
; 0.430 ; uartRead:read1|rx_shift[3]  ; uartRead:read1|data[3]                                                                                            ; clk          ; clk         ; 0.000        ; 0.080      ; 0.696      ;
; 0.430 ; uartRead:read1|rx_shift[5]  ; uartRead:read1|data[5]                                                                                            ; clk          ; clk         ; 0.000        ; 0.080      ; 0.696      ;
; 0.430 ; uartRead:read1|rx_shift[6]  ; uartRead:read1|data[6]                                                                                            ; clk          ; clk         ; 0.000        ; 0.080      ; 0.696      ;
; 0.431 ; uartRead:read1|rx_shift[4]  ; uartRead:read1|data[4]                                                                                            ; clk          ; clk         ; 0.000        ; 0.080      ; 0.697      ;
; 0.432 ; uartRead:read1|rx_shift[1]  ; uartRead:read1|data[1]                                                                                            ; clk          ; clk         ; 0.000        ; 0.080      ; 0.698      ;
; 0.443 ; uartRead:read1|clk_count[8] ; uartRead:read1|clk_count[8]                                                                                       ; clk          ; clk         ; 0.000        ; 0.079      ; 0.708      ;
; 0.451 ; max_val[23]                 ; data_w_pool1[23]                                                                                                  ; clk          ; clk         ; 0.000        ; 0.081      ; 0.718      ;
; 0.451 ; ic[1]                       ; ic[2]                                                                                                             ; clk          ; clk         ; 0.000        ; 0.081      ; 0.718      ;
; 0.452 ; max_val[28]                 ; data_w_pool1[28]                                                                                                  ; clk          ; clk         ; 0.000        ; 0.081      ; 0.719      ;
; 0.452 ; max_val[9]                  ; data_w_pool1[9]                                                                                                   ; clk          ; clk         ; 0.000        ; 0.081      ; 0.719      ;
; 0.454 ; kh[1]                       ; kh[2]                                                                                                             ; clk          ; clk         ; 0.000        ; 0.081      ; 0.721      ;
; 0.457 ; stt_uart.00110              ; stt_uart.00001                                                                                                    ; clk          ; clk         ; 0.000        ; 0.081      ; 0.724      ;
; 0.471 ; uartRead:read1|state.DATA   ; uartRead:read1|bit_index[0]                                                                                       ; clk          ; clk         ; 0.000        ; 0.079      ; 0.736      ;
; 0.475 ; kw[0]                       ; kw[2]                                                                                                             ; clk          ; clk         ; 0.000        ; 0.081      ; 0.742      ;
; 0.552 ; score_rtl_0_bypass[11]      ; best_score[2]                                                                                                     ; clk          ; clk         ; 0.000        ; 0.081      ; 0.819      ;
; 0.552 ; score_rtl_0_bypass[12]      ; best_score[3]                                                                                                     ; clk          ; clk         ; 0.000        ; 0.081      ; 0.819      ;
; 0.553 ; score_rtl_0_bypass[17]      ; best_score[8]                                                                                                     ; clk          ; clk         ; 0.000        ; 0.081      ; 0.820      ;
; 0.553 ; score_rtl_0_bypass[32]      ; best_score[23]                                                                                                    ; clk          ; clk         ; 0.000        ; 0.081      ; 0.820      ;
; 0.554 ; score_rtl_0_bypass[16]      ; best_score[7]                                                                                                     ; clk          ; clk         ; 0.000        ; 0.081      ; 0.821      ;
; 0.554 ; score_rtl_0_bypass[28]      ; best_score[19]                                                                                                    ; clk          ; clk         ; 0.000        ; 0.081      ; 0.821      ;
; 0.554 ; score_rtl_0_bypass[34]      ; best_score[25]                                                                                                    ; clk          ; clk         ; 0.000        ; 0.081      ; 0.821      ;
; 0.554 ; score_rtl_0_bypass[37]      ; best_score[28]                                                                                                    ; clk          ; clk         ; 0.000        ; 0.081      ; 0.821      ;
; 0.588 ; kw[1]                       ; kw[2]                                                                                                             ; clk          ; clk         ; 0.000        ; 0.081      ; 0.855      ;
; 0.592 ; uartRead:read1|data[7]      ; data_w_uart_img[7]                                                                                                ; clk          ; clk         ; 0.000        ; 0.082      ; 0.860      ;
; 0.594 ; uartRead:read1|data[2]      ; data_w_uart_img[2]                                                                                                ; clk          ; clk         ; 0.000        ; 0.082      ; 0.862      ;
; 0.603 ; uartRead:read1|rx_shift[2]  ; uartRead:read1|data[2]                                                                                            ; clk          ; clk         ; 0.000        ; 0.080      ; 0.869      ;
; 0.603 ; state.S_DONE                ; state.S_CONV1                                                                                                     ; clk          ; clk         ; 0.000        ; 0.081      ; 0.870      ;
; 0.606 ; best_digit[2]               ; digit[2]                                                                                                          ; clk          ; clk         ; 0.000        ; 0.081      ; 0.873      ;
; 0.607 ; best_digit[0]               ; digit[0]                                                                                                          ; clk          ; clk         ; 0.000        ; 0.081      ; 0.874      ;
; 0.609 ; best_digit[1]               ; digit[1]                                                                                                          ; clk          ; clk         ; 0.000        ; 0.081      ; 0.876      ;
; 0.609 ; data_w_uart_img[0]          ; ram_uart:u_ram_uart|altsyncram:altsyncram_component|altsyncram_off2:auto_generated|ram_block1a0~porta_datain_reg0 ; clk          ; clk         ; 0.000        ; 0.460      ; 1.291      ;
+-------+-----------------------------+-------------------------------------------------------------------------------------------------------------------+--------------+-------------+--------------+------------+------------+


+--------------------------------------------------------------------------------------------------------------------------------------------------------+
; Slow 1200mV 85C Model Hold: 'uartWrite:u5|clock'                                                                                                       ;
+-------+------------------------------+------------------------------+--------------------+--------------------+--------------+------------+------------+
; Slack ; From Node                    ; To Node                      ; Launch Clock       ; Latch Clock        ; Relationship ; Clock Skew ; Data Delay ;
+-------+------------------------------+------------------------------+--------------------+--------------------+--------------+------------+------------+
; 0.402 ; uartWrite:u5|stt_tx.00001100 ; uartWrite:u5|stt_tx.00001100 ; uartWrite:u5|clock ; uartWrite:u5|clock ; 0.000        ; 0.081      ; 0.669      ;
; 0.403 ; uartWrite:u5|fb              ; uartWrite:u5|fb              ; uartWrite:u5|clock ; uartWrite:u5|clock ; 0.000        ; 0.080      ; 0.669      ;
; 0.554 ; uartWrite:u5|stt_tx.00000001 ; uartWrite:u5|stt_tx.00000010 ; uartWrite:u5|clock ; uartWrite:u5|clock ; 0.000        ; 0.080      ; 0.820      ;
; 0.554 ; uartWrite:u5|stt_tx.00000000 ; uartWrite:u5|stt_tx.00000001 ; uartWrite:u5|clock ; uartWrite:u5|clock ; 0.000        ; 0.080      ; 0.820      ;
; 0.643 ; uartWrite:u5|stt_tx.00000010 ; uartWrite:u5|stt_tx.00000011 ; uartWrite:u5|clock ; uartWrite:u5|clock ; 0.000        ; 0.080      ; 0.909      ;
; 0.648 ; uartWrite:u5|stt_tx.00001001 ; uartWrite:u5|stt_tx.00001010 ; uartWrite:u5|clock ; uartWrite:u5|clock ; 0.000        ; 0.080      ; 0.914      ;
; 0.648 ; uartWrite:u5|stt_tx.00000011 ; uartWrite:u5|stt_tx.00000100 ; uartWrite:u5|clock ; uartWrite:u5|clock ; 0.000        ; 0.080      ; 0.914      ;
; 0.661 ; uartWrite:u5|stt_tx.00001010 ; uartWrite:u5|stt_tx.00001011 ; uartWrite:u5|clock ; uartWrite:u5|clock ; 0.000        ; 0.080      ; 0.927      ;
; 0.673 ; uartWrite:u5|stt_tx.00001011 ; uartWrite:u5|stt_tx.00001100 ; uartWrite:u5|clock ; uartWrite:u5|clock ; 0.000        ; 0.082      ; 0.941      ;
; 0.738 ; uartWrite:u5|stt_tx.00000101 ; uartWrite:u5|stt_tx.00000110 ; uartWrite:u5|clock ; uartWrite:u5|clock ; 0.000        ; 0.081      ; 1.005      ;
; 0.742 ; uartWrite:u5|stt_tx.00000111 ; uartWrite:u5|stt_tx.00001000 ; uartWrite:u5|clock ; uartWrite:u5|clock ; 0.000        ; 0.081      ; 1.009      ;
; 0.744 ; uartWrite:u5|stt_tx.00000110 ; uartWrite:u5|stt_tx.00000111 ; uartWrite:u5|clock ; uartWrite:u5|clock ; 0.000        ; 0.081      ; 1.011      ;
; 0.778 ; uartWrite:u5|stt_tx.00001011 ; uartWrite:u5|tx              ; uartWrite:u5|clock ; uartWrite:u5|clock ; 0.000        ; 0.080      ; 1.044      ;
; 0.826 ; uartWrite:u5|stt_tx.00001000 ; uartWrite:u5|stt_tx.00001001 ; uartWrite:u5|clock ; uartWrite:u5|clock ; 0.000        ; 0.081      ; 1.093      ;
; 0.859 ; uartWrite:u5|stt_tx.00000100 ; uartWrite:u5|stt_tx.00000101 ; uartWrite:u5|clock ; uartWrite:u5|clock ; 0.000        ; 0.080      ; 1.125      ;
; 0.867 ; uartWrite:u5|stt_tx.00001011 ; uartWrite:u5|fb              ; uartWrite:u5|clock ; uartWrite:u5|clock ; 0.000        ; 0.083      ; 1.136      ;
; 1.026 ; uartWrite:u5|stt_tx.00000000 ; uartWrite:u5|tx              ; uartWrite:u5|clock ; uartWrite:u5|clock ; 0.000        ; 0.080      ; 1.292      ;
; 1.102 ; run                          ; uartWrite:u5|stt_tx.00000010 ; clk                ; uartWrite:u5|clock ; 0.000        ; -0.138     ; 1.180      ;
; 1.102 ; run                          ; uartWrite:u5|stt_tx.00000011 ; clk                ; uartWrite:u5|clock ; 0.000        ; -0.138     ; 1.180      ;
; 1.103 ; run                          ; uartWrite:u5|stt_tx.00000001 ; clk                ; uartWrite:u5|clock ; 0.000        ; -0.138     ; 1.181      ;
; 1.103 ; run                          ; uartWrite:u5|stt_tx.00001001 ; clk                ; uartWrite:u5|clock ; 0.000        ; -0.138     ; 1.181      ;
; 1.104 ; run                          ; uartWrite:u5|stt_tx.00000100 ; clk                ; uartWrite:u5|clock ; 0.000        ; -0.138     ; 1.182      ;
; 1.104 ; run                          ; uartWrite:u5|stt_tx.00001010 ; clk                ; uartWrite:u5|clock ; 0.000        ; -0.138     ; 1.182      ;
; 1.104 ; run                          ; uartWrite:u5|stt_tx.00001011 ; clk                ; uartWrite:u5|clock ; 0.000        ; -0.138     ; 1.182      ;
; 1.107 ; uartWrite:u5|stt_tx.00000010 ; uartWrite:u5|tx              ; uartWrite:u5|clock ; uartWrite:u5|clock ; 0.000        ; 0.080      ; 1.373      ;
; 1.114 ; run                          ; uartWrite:u5|stt_tx.00001100 ; clk                ; uartWrite:u5|clock ; 0.000        ; -0.136     ; 1.194      ;
; 1.164 ; uartWrite:u5|stt_tx.00001010 ; uartWrite:u5|tx              ; uartWrite:u5|clock ; uartWrite:u5|clock ; 0.000        ; 0.080      ; 1.430      ;
; 1.177 ; run                          ; uartWrite:u5|stt_tx.00000111 ; clk                ; uartWrite:u5|clock ; 0.000        ; -0.138     ; 1.255      ;
; 1.179 ; run                          ; uartWrite:u5|stt_tx.00000101 ; clk                ; uartWrite:u5|clock ; 0.000        ; -0.138     ; 1.257      ;
; 1.180 ; run                          ; uartWrite:u5|stt_tx.00000110 ; clk                ; uartWrite:u5|clock ; 0.000        ; -0.138     ; 1.258      ;
; 1.181 ; run                          ; uartWrite:u5|stt_tx.00001000 ; clk                ; uartWrite:u5|clock ; 0.000        ; -0.138     ; 1.259      ;
; 1.269 ; run                          ; uartWrite:u5|stt_tx.00000000 ; clk                ; uartWrite:u5|clock ; 0.000        ; -0.138     ; 1.347      ;
; 1.289 ; data_uart[0]                 ; uartWrite:u5|tx              ; clk                ; uartWrite:u5|clock ; 0.000        ; -0.136     ; 1.369      ;
; 1.322 ; uartWrite:u5|stt_tx.00000111 ; uartWrite:u5|tx              ; uartWrite:u5|clock ; uartWrite:u5|clock ; 0.000        ; 0.081      ; 1.589      ;
; 1.327 ; run                          ; uartWrite:u5|fb              ; clk                ; uartWrite:u5|clock ; 0.000        ; -0.135     ; 1.408      ;
; 1.400 ; uartWrite:u5|stt_tx.00000011 ; uartWrite:u5|tx              ; uartWrite:u5|clock ; uartWrite:u5|clock ; 0.000        ; 0.080      ; 1.666      ;
; 1.455 ; uartWrite:u5|stt_tx.00000110 ; uartWrite:u5|tx              ; uartWrite:u5|clock ; uartWrite:u5|clock ; 0.000        ; 0.081      ; 1.722      ;
; 1.456 ; data_uart[5]                 ; uartWrite:u5|tx              ; clk                ; uartWrite:u5|clock ; 0.000        ; -0.136     ; 1.536      ;
; 1.530 ; uartWrite:u5|stt_tx.00001000 ; uartWrite:u5|tx              ; uartWrite:u5|clock ; uartWrite:u5|clock ; 0.000        ; 0.081      ; 1.797      ;
; 1.561 ; data_uart[1]                 ; uartWrite:u5|tx              ; clk                ; uartWrite:u5|clock ; 0.000        ; -0.136     ; 1.641      ;
; 1.563 ; data_uart[7]                 ; uartWrite:u5|tx              ; clk                ; uartWrite:u5|clock ; 0.000        ; -0.136     ; 1.643      ;
; 1.565 ; run                          ; uartWrite:u5|tx              ; clk                ; uartWrite:u5|clock ; 0.000        ; -0.138     ; 1.643      ;
; 1.586 ; uartWrite:u5|stt_tx.00001100 ; uartWrite:u5|tx              ; uartWrite:u5|clock ; uartWrite:u5|clock ; 0.000        ; 0.079      ; 1.851      ;
; 1.601 ; data_uart[3]                 ; uartWrite:u5|tx              ; clk                ; uartWrite:u5|clock ; 0.000        ; -0.136     ; 1.681      ;
; 1.616 ; uartWrite:u5|stt_tx.00001001 ; uartWrite:u5|tx              ; uartWrite:u5|clock ; uartWrite:u5|clock ; 0.000        ; 0.080      ; 1.882      ;
; 1.625 ; uartWrite:u5|stt_tx.00000100 ; uartWrite:u5|tx              ; uartWrite:u5|clock ; uartWrite:u5|clock ; 0.000        ; 0.080      ; 1.891      ;
; 1.681 ; uartWrite:u5|stt_tx.00000101 ; uartWrite:u5|tx              ; uartWrite:u5|clock ; uartWrite:u5|clock ; 0.000        ; 0.081      ; 1.948      ;
; 1.693 ; uartWrite:u5|tx              ; uartWrite:u5|tx              ; uartWrite:u5|clock ; uartWrite:u5|clock ; 0.000        ; 0.080      ; 1.959      ;
; 1.694 ; data_uart[6]                 ; uartWrite:u5|tx              ; clk                ; uartWrite:u5|clock ; 0.000        ; -0.136     ; 1.774      ;
; 1.788 ; data_uart[2]                 ; uartWrite:u5|tx              ; clk                ; uartWrite:u5|clock ; 0.000        ; -0.136     ; 1.868      ;
; 1.829 ; data_uart[4]                 ; uartWrite:u5|tx              ; clk                ; uartWrite:u5|clock ; 0.000        ; -0.136     ; 1.909      ;
+-------+------------------------------+------------------------------+--------------------+--------------------+--------------+------------+------------+


+------------------------------------------------------------------------------------------------------------------------------------------------------------------------------------------------------------------------------------------------------------------+
; Slow 1200mV 85C Model Hold: 'u_pll|altpll_component|auto_generated|pll1|clk[0]'                                                                                                                                                                                  ;
+-------+----------------------+-----------------------------------------------------------------------------------------------------------------------+--------------+---------------------------------------------------+--------------+------------+------------+
; Slack ; From Node            ; To Node                                                                                                               ; Launch Clock ; Latch Clock                                       ; Relationship ; Clock Skew ; Data Delay ;
+-------+----------------------+-----------------------------------------------------------------------------------------------------------------------+--------------+---------------------------------------------------+--------------+------------+------------+
; 2.928 ; addr_conv2w[0]       ; conv2_w:u_conv2w|altsyncram:altsyncram_component|altsyncram_2jk1:auto_generated|ram_block1a6~porta_address_reg0       ; clk          ; u_pll|altpll_component|auto_generated|pll1|clk[0] ; 0.000        ; -2.242     ; 1.008      ;
; 2.930 ; data_w_img_conv2[13] ; img_conv2:u_img_conv2|altsyncram:altsyncram_component|altsyncram_45i1:auto_generated|ram_block1a6~porta_datain_reg0   ; clk          ; u_pll|altpll_component|auto_generated|pll1|clk[0] ; 0.000        ; -2.244     ; 1.008      ;
; 2.931 ; addr_conv1w[6]       ; conv1:conv1_w|altsyncram:altsyncram_component|altsyncram_ejk1:auto_generated|ram_block1a0~porta_address_reg0          ; clk          ; u_pll|altpll_component|auto_generated|pll1|clk[0] ; 0.000        ; -2.244     ; 1.009      ;
; 2.932 ; addr_fcw[11]         ; fc_w:u_fc_w|altsyncram:altsyncram_component|altsyncram_bak1:auto_generated|ram_block1a1~porta_address_reg0            ; clk          ; u_pll|altpll_component|auto_generated|pll1|clk[0] ; 0.000        ; -2.248     ; 1.006      ;
; 2.932 ; data_w_img_conv2[12] ; img_conv2:u_img_conv2|altsyncram:altsyncram_component|altsyncram_45i1:auto_generated|ram_block1a6~porta_datain_reg0   ; clk          ; u_pll|altpll_component|auto_generated|pll1|clk[0] ; 0.000        ; -2.244     ; 1.010      ;
; 2.937 ; data_w_img_conv2[9]  ; img_conv2:u_img_conv2|altsyncram:altsyncram_component|altsyncram_45i1:auto_generated|ram_block1a6~porta_datain_reg0   ; clk          ; u_pll|altpll_component|auto_generated|pll1|clk[0] ; 0.000        ; -2.244     ; 1.015      ;
; 2.938 ; addr_conv2w[6]       ; conv2_w:u_conv2w|altsyncram:altsyncram_component|altsyncram_2jk1:auto_generated|ram_block1a6~porta_address_reg0       ; clk          ; u_pll|altpll_component|auto_generated|pll1|clk[0] ; 0.000        ; -2.242     ; 1.018      ;
; 2.939 ; addr_fcw[2]          ; fc_w:u_fc_w|altsyncram:altsyncram_component|altsyncram_bak1:auto_generated|ram_block1a1~porta_address_reg0            ; clk          ; u_pll|altpll_component|auto_generated|pll1|clk[0] ; 0.000        ; -2.248     ; 1.013      ;
; 2.939 ; data_w_img_conv1[1]  ; img_conv1:u_img_conv1|altsyncram:altsyncram_component|altsyncram_i5i1:auto_generated|ram_block1a1~porta_datain_reg0   ; clk          ; u_pll|altpll_component|auto_generated|pll1|clk[0] ; 0.000        ; -2.241     ; 1.020      ;
; 2.946 ; data_w_img_conv2[7]  ; img_conv2:u_img_conv2|altsyncram:altsyncram_component|altsyncram_45i1:auto_generated|ram_block1a6~porta_datain_reg0   ; clk          ; u_pll|altpll_component|auto_generated|pll1|clk[0] ; 0.000        ; -2.243     ; 1.025      ;
; 2.948 ; addr_conv1w[3]       ; conv1:conv1_w|altsyncram:altsyncram_component|altsyncram_ejk1:auto_generated|ram_block1a0~porta_address_reg0          ; clk          ; u_pll|altpll_component|auto_generated|pll1|clk[0] ; 0.000        ; -2.244     ; 1.026      ;
; 2.948 ; addr_conv2w[2]       ; conv2_w:u_conv2w|altsyncram:altsyncram_component|altsyncram_2jk1:auto_generated|ram_block1a6~porta_address_reg0       ; clk          ; u_pll|altpll_component|auto_generated|pll1|clk[0] ; 0.000        ; -2.242     ; 1.028      ;
; 2.949 ; addr_conv2w[4]       ; conv2_w:u_conv2w|altsyncram:altsyncram_component|altsyncram_2jk1:auto_generated|ram_block1a6~porta_address_reg0       ; clk          ; u_pll|altpll_component|auto_generated|pll1|clk[0] ; 0.000        ; -2.242     ; 1.029      ;
; 2.952 ; data_w_img_conv2[14] ; img_conv2:u_img_conv2|altsyncram:altsyncram_component|altsyncram_45i1:auto_generated|ram_block1a6~porta_datain_reg0   ; clk          ; u_pll|altpll_component|auto_generated|pll1|clk[0] ; 0.000        ; -2.244     ; 1.030      ;
; 2.953 ; addr_conv2w[9]       ; conv2_w:u_conv2w|altsyncram:altsyncram_component|altsyncram_2jk1:auto_generated|ram_block1a6~porta_address_reg0       ; clk          ; u_pll|altpll_component|auto_generated|pll1|clk[0] ; 0.000        ; -2.243     ; 1.032      ;
; 2.955 ; addr_pool1[8]        ; pool1:u_pool1|altsyncram:altsyncram_component|altsyncram_a9g1:auto_generated|ram_block1a22~porta_address_reg0         ; clk          ; u_pll|altpll_component|auto_generated|pll1|clk[0] ; 0.000        ; -2.253     ; 1.024      ;
; 2.956 ; addr_fcw[10]         ; fc_w:u_fc_w|altsyncram:altsyncram_component|altsyncram_bak1:auto_generated|ram_block1a11~porta_address_reg0           ; clk          ; u_pll|altpll_component|auto_generated|pll1|clk[0] ; 0.000        ; -2.251     ; 1.027      ;
; 2.956 ; addr_conv1w[1]       ; conv1:conv1_w|altsyncram:altsyncram_component|altsyncram_ejk1:auto_generated|ram_block1a0~porta_address_reg0          ; clk          ; u_pll|altpll_component|auto_generated|pll1|clk[0] ; 0.000        ; -2.244     ; 1.034      ;
; 2.957 ; addr_fcw[0]          ; fc_w:u_fc_w|altsyncram:altsyncram_component|altsyncram_bak1:auto_generated|ram_block1a1~porta_address_reg0            ; clk          ; u_pll|altpll_component|auto_generated|pll1|clk[0] ; 0.000        ; -2.248     ; 1.031      ;
; 2.962 ; addr_fcw[9]          ; fc_w:u_fc_w|altsyncram:altsyncram_component|altsyncram_bak1:auto_generated|ram_block1a11~porta_address_reg0           ; clk          ; u_pll|altpll_component|auto_generated|pll1|clk[0] ; 0.000        ; -2.251     ; 1.033      ;
; 2.963 ; data_w_img_conv2[10] ; img_conv2:u_img_conv2|altsyncram:altsyncram_component|altsyncram_45i1:auto_generated|ram_block1a6~porta_datain_reg0   ; clk          ; u_pll|altpll_component|auto_generated|pll1|clk[0] ; 0.000        ; -2.244     ; 1.041      ;
; 2.968 ; addr_fcw[10]         ; fc_w:u_fc_w|altsyncram:altsyncram_component|altsyncram_bak1:auto_generated|ram_block1a13~porta_address_reg0           ; clk          ; u_pll|altpll_component|auto_generated|pll1|clk[0] ; 0.000        ; -2.252     ; 1.038      ;
; 2.971 ; addr_pool1[10]       ; pool1:u_pool1|altsyncram:altsyncram_component|altsyncram_a9g1:auto_generated|ram_block1a22~porta_address_reg0         ; clk          ; u_pll|altpll_component|auto_generated|pll1|clk[0] ; 0.000        ; -2.253     ; 1.040      ;
; 2.972 ; addr_fcw[1]          ; fc_w:u_fc_w|altsyncram:altsyncram_component|altsyncram_bak1:auto_generated|ram_block1a1~porta_address_reg0            ; clk          ; u_pll|altpll_component|auto_generated|pll1|clk[0] ; 0.000        ; -2.248     ; 1.046      ;
; 2.975 ; addr_fcw[9]          ; fc_w:u_fc_w|altsyncram:altsyncram_component|altsyncram_bak1:auto_generated|ram_block1a13~porta_address_reg0           ; clk          ; u_pll|altpll_component|auto_generated|pll1|clk[0] ; 0.000        ; -2.252     ; 1.045      ;
; 2.975 ; addr_conv1w[8]       ; conv1:conv1_w|altsyncram:altsyncram_component|altsyncram_ejk1:auto_generated|ram_block1a0~porta_address_reg0          ; clk          ; u_pll|altpll_component|auto_generated|pll1|clk[0] ; 0.000        ; -2.244     ; 1.053      ;
; 2.975 ; addr_conv2w[9]       ; conv2_w:u_conv2w|altsyncram:altsyncram_component|altsyncram_2jk1:auto_generated|ram_block1a4~porta_address_reg0       ; clk          ; u_pll|altpll_component|auto_generated|pll1|clk[0] ; 0.000        ; -2.246     ; 1.051      ;
; 2.976 ; addr_pool1[3]        ; pool1:u_pool1|altsyncram:altsyncram_component|altsyncram_a9g1:auto_generated|ram_block1a14~porta_address_reg0         ; clk          ; u_pll|altpll_component|auto_generated|pll1|clk[0] ; 0.000        ; -2.253     ; 1.045      ;
; 2.977 ; addr_pool1[7]        ; pool1:u_pool1|altsyncram:altsyncram_component|altsyncram_a9g1:auto_generated|ram_block1a26~porta_address_reg0         ; clk          ; u_pll|altpll_component|auto_generated|pll1|clk[0] ; 0.000        ; -2.238     ; 1.061      ;
; 2.979 ; addr_conv2w[6]       ; conv2_w:u_conv2w|altsyncram:altsyncram_component|altsyncram_2jk1:auto_generated|ram_block1a8~porta_address_reg0       ; clk          ; u_pll|altpll_component|auto_generated|pll1|clk[0] ; 0.000        ; -2.249     ; 1.052      ;
; 2.980 ; data_w_img_conv2[11] ; img_conv2:u_img_conv2|altsyncram:altsyncram_component|altsyncram_45i1:auto_generated|ram_block1a6~porta_datain_reg0   ; clk          ; u_pll|altpll_component|auto_generated|pll1|clk[0] ; 0.000        ; -2.244     ; 1.058      ;
; 2.982 ; addr_conv2w[4]       ; conv2_w:u_conv2w|altsyncram:altsyncram_component|altsyncram_2jk1:auto_generated|ram_block1a8~porta_address_reg0       ; clk          ; u_pll|altpll_component|auto_generated|pll1|clk[0] ; 0.000        ; -2.249     ; 1.055      ;
; 2.984 ; data_w_pool2[10]     ; pool2:u_pool2|altsyncram:altsyncram_component|altsyncram_h2i1:auto_generated|ram_block1a0~porta_datain_reg0           ; clk          ; u_pll|altpll_component|auto_generated|pll1|clk[0] ; 0.000        ; -2.250     ; 1.056      ;
; 2.985 ; addr_conv1w[2]       ; conv1:conv1_w|altsyncram:altsyncram_component|altsyncram_ejk1:auto_generated|ram_block1a0~porta_address_reg0          ; clk          ; u_pll|altpll_component|auto_generated|pll1|clk[0] ; 0.000        ; -2.244     ; 1.063      ;
; 2.985 ; addr_conv1w[5]       ; conv1:conv1_w|altsyncram:altsyncram_component|altsyncram_ejk1:auto_generated|ram_block1a0~porta_address_reg0          ; clk          ; u_pll|altpll_component|auto_generated|pll1|clk[0] ; 0.000        ; -2.244     ; 1.063      ;
; 2.985 ; addr_conv2w[11]      ; conv2_w:u_conv2w|altsyncram:altsyncram_component|altsyncram_2jk1:auto_generated|ram_block1a6~porta_address_reg0       ; clk          ; u_pll|altpll_component|auto_generated|pll1|clk[0] ; 0.000        ; -2.243     ; 1.064      ;
; 2.987 ; addr_fcw[8]          ; fc_w:u_fc_w|altsyncram:altsyncram_component|altsyncram_bak1:auto_generated|ram_block1a11~porta_address_reg0           ; clk          ; u_pll|altpll_component|auto_generated|pll1|clk[0] ; 0.000        ; -2.251     ; 1.058      ;
; 2.989 ; addr_pool1[7]        ; pool1:u_pool1|altsyncram:altsyncram_component|altsyncram_a9g1:auto_generated|ram_block1a10~porta_address_reg0         ; clk          ; u_pll|altpll_component|auto_generated|pll1|clk[0] ; 0.000        ; -2.239     ; 1.072      ;
; 2.991 ; addr_pool1[3]        ; pool1:u_pool1|altsyncram:altsyncram_component|altsyncram_a9g1:auto_generated|ram_block1a26~porta_address_reg0         ; clk          ; u_pll|altpll_component|auto_generated|pll1|clk[0] ; 0.000        ; -2.238     ; 1.075      ;
; 2.992 ; addr_pool1[10]       ; pool1:u_pool1|altsyncram:altsyncram_component|altsyncram_a9g1:auto_generated|ram_block1a14~porta_address_reg0         ; clk          ; u_pll|altpll_component|auto_generated|pll1|clk[0] ; 0.000        ; -2.253     ; 1.061      ;
; 2.995 ; addr_pool1[4]        ; pool1:u_pool1|altsyncram:altsyncram_component|altsyncram_a9g1:auto_generated|ram_block1a0~porta_address_reg0          ; clk          ; u_pll|altpll_component|auto_generated|pll1|clk[0] ; 0.000        ; -2.241     ; 1.076      ;
; 2.997 ; addr_pool1[7]        ; pool1:u_pool1|altsyncram:altsyncram_component|altsyncram_a9g1:auto_generated|ram_block1a0~porta_address_reg0          ; clk          ; u_pll|altpll_component|auto_generated|pll1|clk[0] ; 0.000        ; -2.241     ; 1.078      ;
; 2.997 ; addr_conv2w[4]       ; conv2_w:u_conv2w|altsyncram:altsyncram_component|altsyncram_2jk1:auto_generated|ram_block1a4~porta_address_reg0       ; clk          ; u_pll|altpll_component|auto_generated|pll1|clk[0] ; 0.000        ; -2.245     ; 1.074      ;
; 2.998 ; data_w_pool2[27]     ; pool2:u_pool2|altsyncram:altsyncram_component|altsyncram_h2i1:auto_generated|ram_block1a14~porta_datain_reg0          ; clk          ; u_pll|altpll_component|auto_generated|pll1|clk[0] ; 0.000        ; -2.251     ; 1.069      ;
; 3.000 ; data_w_pool2[9]      ; pool2:u_pool2|altsyncram:altsyncram_component|altsyncram_h2i1:auto_generated|ram_block1a0~porta_datain_reg0           ; clk          ; u_pll|altpll_component|auto_generated|pll1|clk[0] ; 0.000        ; -2.250     ; 1.072      ;
; 3.000 ; addr_conv2w[6]       ; conv2_w:u_conv2w|altsyncram:altsyncram_component|altsyncram_2jk1:auto_generated|ram_block1a4~porta_address_reg0       ; clk          ; u_pll|altpll_component|auto_generated|pll1|clk[0] ; 0.000        ; -2.245     ; 1.077      ;
; 3.001 ; addr_pool1[4]        ; pool1:u_pool1|altsyncram:altsyncram_component|altsyncram_a9g1:auto_generated|ram_block1a14~porta_address_reg0         ; clk          ; u_pll|altpll_component|auto_generated|pll1|clk[0] ; 0.000        ; -2.253     ; 1.070      ;
; 3.004 ; data_w_pool2[24]     ; pool2:u_pool2|altsyncram:altsyncram_component|altsyncram_h2i1:auto_generated|ram_block1a14~porta_datain_reg0          ; clk          ; u_pll|altpll_component|auto_generated|pll1|clk[0] ; 0.000        ; -2.250     ; 1.076      ;
; 3.004 ; addr_pool1[10]       ; pool1:u_pool1|altsyncram:altsyncram_component|altsyncram_a9g1:auto_generated|ram_block1a26~porta_address_reg0         ; clk          ; u_pll|altpll_component|auto_generated|pll1|clk[0] ; 0.000        ; -2.238     ; 1.088      ;
; 3.005 ; addr_fcw[8]          ; fc_w:u_fc_w|altsyncram:altsyncram_component|altsyncram_bak1:auto_generated|ram_block1a13~porta_address_reg0           ; clk          ; u_pll|altpll_component|auto_generated|pll1|clk[0] ; 0.000        ; -2.252     ; 1.075      ;
; 3.005 ; addr_pool1[8]        ; pool1:u_pool1|altsyncram:altsyncram_component|altsyncram_a9g1:auto_generated|ram_block1a10~porta_address_reg0         ; clk          ; u_pll|altpll_component|auto_generated|pll1|clk[0] ; 0.000        ; -2.239     ; 1.088      ;
; 3.006 ; addr_pool1[4]        ; pool1:u_pool1|altsyncram:altsyncram_component|altsyncram_a9g1:auto_generated|ram_block1a26~porta_address_reg0         ; clk          ; u_pll|altpll_component|auto_generated|pll1|clk[0] ; 0.000        ; -2.238     ; 1.090      ;
; 3.007 ; data_w_pool2[5]      ; pool2:u_pool2|altsyncram:altsyncram_component|altsyncram_h2i1:auto_generated|ram_block1a0~porta_datain_reg0           ; clk          ; u_pll|altpll_component|auto_generated|pll1|clk[0] ; 0.000        ; -2.250     ; 1.079      ;
; 3.008 ; addr_fcw[4]          ; fc_w:u_fc_w|altsyncram:altsyncram_component|altsyncram_bak1:auto_generated|ram_block1a13~porta_address_reg0           ; clk          ; u_pll|altpll_component|auto_generated|pll1|clk[0] ; 0.000        ; -2.252     ; 1.078      ;
; 3.010 ; data_w_pool2[25]     ; pool2:u_pool2|altsyncram:altsyncram_component|altsyncram_h2i1:auto_generated|ram_block1a14~porta_datain_reg0          ; clk          ; u_pll|altpll_component|auto_generated|pll1|clk[0] ; 0.000        ; -2.250     ; 1.082      ;
; 3.011 ; data_w_pool2[26]     ; pool2:u_pool2|altsyncram:altsyncram_component|altsyncram_h2i1:auto_generated|ram_block1a14~porta_datain_reg0          ; clk          ; u_pll|altpll_component|auto_generated|pll1|clk[0] ; 0.000        ; -2.251     ; 1.082      ;
; 3.011 ; addr_pool1[8]        ; pool1:u_pool1|altsyncram:altsyncram_component|altsyncram_a9g1:auto_generated|ram_block1a14~porta_address_reg0         ; clk          ; u_pll|altpll_component|auto_generated|pll1|clk[0] ; 0.000        ; -2.253     ; 1.080      ;
; 3.011 ; addr_pool1[3]        ; pool1:u_pool1|altsyncram:altsyncram_component|altsyncram_a9g1:auto_generated|ram_block1a0~porta_address_reg0          ; clk          ; u_pll|altpll_component|auto_generated|pll1|clk[0] ; 0.000        ; -2.241     ; 1.092      ;
; 3.016 ; addr_pool1[10]       ; pool1:u_pool1|altsyncram:altsyncram_component|altsyncram_a9g1:auto_generated|ram_block1a10~porta_address_reg0         ; clk          ; u_pll|altpll_component|auto_generated|pll1|clk[0] ; 0.000        ; -2.239     ; 1.099      ;
; 3.018 ; addr_pool1[4]        ; pool1:u_pool1|altsyncram:altsyncram_component|altsyncram_a9g1:auto_generated|ram_block1a10~porta_address_reg0         ; clk          ; u_pll|altpll_component|auto_generated|pll1|clk[0] ; 0.000        ; -2.239     ; 1.101      ;
; 3.021 ; addr_fcw[4]          ; fc_w:u_fc_w|altsyncram:altsyncram_component|altsyncram_bak1:auto_generated|ram_block1a1~porta_address_reg0            ; clk          ; u_pll|altpll_component|auto_generated|pll1|clk[0] ; 0.000        ; -2.248     ; 1.095      ;
; 3.023 ; addr_pool1[8]        ; pool1:u_pool1|altsyncram:altsyncram_component|altsyncram_a9g1:auto_generated|ram_block1a26~porta_address_reg0         ; clk          ; u_pll|altpll_component|auto_generated|pll1|clk[0] ; 0.000        ; -2.238     ; 1.107      ;
; 3.023 ; addr_pool1[10]       ; pool1:u_pool1|altsyncram:altsyncram_component|altsyncram_a9g1:auto_generated|ram_block1a0~porta_address_reg0          ; clk          ; u_pll|altpll_component|auto_generated|pll1|clk[0] ; 0.000        ; -2.241     ; 1.104      ;
; 3.026 ; addr_fcw[4]          ; fc_w:u_fc_w|altsyncram:altsyncram_component|altsyncram_bak1:auto_generated|ram_block1a11~porta_address_reg0           ; clk          ; u_pll|altpll_component|auto_generated|pll1|clk[0] ; 0.000        ; -2.251     ; 1.097      ;
; 3.032 ; data_w_pool2[8]      ; pool2:u_pool2|altsyncram:altsyncram_component|altsyncram_h2i1:auto_generated|ram_block1a0~porta_datain_reg0           ; clk          ; u_pll|altpll_component|auto_generated|pll1|clk[0] ; 0.000        ; -2.250     ; 1.104      ;
; 3.033 ; addr_pool1[3]        ; pool1:u_pool1|altsyncram:altsyncram_component|altsyncram_a9g1:auto_generated|ram_block1a10~porta_address_reg0         ; clk          ; u_pll|altpll_component|auto_generated|pll1|clk[0] ; 0.000        ; -2.239     ; 1.116      ;
; 3.043 ; addr_pool1[8]        ; pool1:u_pool1|altsyncram:altsyncram_component|altsyncram_a9g1:auto_generated|ram_block1a0~porta_address_reg0          ; clk          ; u_pll|altpll_component|auto_generated|pll1|clk[0] ; 0.000        ; -2.241     ; 1.124      ;
; 3.064 ; addr_conv2w[11]      ; conv2_w:u_conv2w|altsyncram:altsyncram_component|altsyncram_2jk1:auto_generated|ram_block1a4~porta_address_reg0       ; clk          ; u_pll|altpll_component|auto_generated|pll1|clk[0] ; 0.000        ; -2.246     ; 1.140      ;
; 3.133 ; data_w_img_conv2[29] ; img_conv2:u_img_conv2|altsyncram:altsyncram_component|altsyncram_45i1:auto_generated|ram_block1a0~porta_datain_reg0   ; clk          ; u_pll|altpll_component|auto_generated|pll1|clk[0] ; 0.000        ; -2.245     ; 1.210      ;
; 3.136 ; data_w_img_conv2[30] ; img_conv2:u_img_conv2|altsyncram:altsyncram_component|altsyncram_45i1:auto_generated|ram_block1a0~porta_datain_reg0   ; clk          ; u_pll|altpll_component|auto_generated|pll1|clk[0] ; 0.000        ; -2.245     ; 1.213      ;
; 3.138 ; data_w_img_conv2[27] ; img_conv2:u_img_conv2|altsyncram:altsyncram_component|altsyncram_45i1:auto_generated|ram_block1a0~porta_datain_reg0   ; clk          ; u_pll|altpll_component|auto_generated|pll1|clk[0] ; 0.000        ; -2.245     ; 1.215      ;
; 3.161 ; data_w_img_conv2[28] ; img_conv2:u_img_conv2|altsyncram:altsyncram_component|altsyncram_45i1:auto_generated|ram_block1a0~porta_datain_reg0   ; clk          ; u_pll|altpll_component|auto_generated|pll1|clk[0] ; 0.000        ; -2.245     ; 1.238      ;
; 3.164 ; data_w_img_conv2[24] ; img_conv2:u_img_conv2|altsyncram:altsyncram_component|altsyncram_45i1:auto_generated|ram_block1a0~porta_datain_reg0   ; clk          ; u_pll|altpll_component|auto_generated|pll1|clk[0] ; 0.000        ; -2.245     ; 1.241      ;
; 3.171 ; data_w_img_conv2[26] ; img_conv2:u_img_conv2|altsyncram:altsyncram_component|altsyncram_45i1:auto_generated|ram_block1a0~porta_datain_reg0   ; clk          ; u_pll|altpll_component|auto_generated|pll1|clk[0] ; 0.000        ; -2.245     ; 1.248      ;
; 3.173 ; addr_pool2[6]        ; pool2:u_pool2|altsyncram:altsyncram_component|altsyncram_h2i1:auto_generated|ram_block1a14~porta_address_reg0         ; clk          ; u_pll|altpll_component|auto_generated|pll1|clk[0] ; 0.000        ; -2.272     ; 1.223      ;
; 3.173 ; addr_pool2[6]        ; pool2:u_pool2|altsyncram:altsyncram_component|altsyncram_h2i1:auto_generated|ram_block1a0~porta_address_reg0          ; clk          ; u_pll|altpll_component|auto_generated|pll1|clk[0] ; 0.000        ; -2.272     ; 1.223      ;
; 3.185 ; data_w_img_conv2[0]  ; img_conv2:u_img_conv2|altsyncram:altsyncram_component|altsyncram_45i1:auto_generated|ram_block1a0~porta_datain_reg0   ; clk          ; u_pll|altpll_component|auto_generated|pll1|clk[0] ; 0.000        ; -2.245     ; 1.262      ;
; 3.188 ; addr_pool2[5]        ; pool2:u_pool2|altsyncram:altsyncram_component|altsyncram_h2i1:auto_generated|ram_block1a14~porta_address_reg0         ; clk          ; u_pll|altpll_component|auto_generated|pll1|clk[0] ; 0.000        ; -2.252     ; 1.258      ;
; 3.188 ; addr_pool2[5]        ; pool2:u_pool2|altsyncram:altsyncram_component|altsyncram_h2i1:auto_generated|ram_block1a0~porta_address_reg0          ; clk          ; u_pll|altpll_component|auto_generated|pll1|clk[0] ; 0.000        ; -2.252     ; 1.258      ;
; 3.203 ; data_w_img_conv2[31] ; img_conv2:u_img_conv2|altsyncram:altsyncram_component|altsyncram_45i1:auto_generated|ram_block1a0~porta_datain_reg0   ; clk          ; u_pll|altpll_component|auto_generated|pll1|clk[0] ; 0.000        ; -2.245     ; 1.280      ;
; 3.209 ; addr_img[1]          ; ram_uart:u_ram_uart|altsyncram:altsyncram_component|altsyncram_off2:auto_generated|ram_block1a3~portb_address_reg0    ; clk          ; u_pll|altpll_component|auto_generated|pll1|clk[0] ; 0.000        ; -2.324     ; 1.207      ;
; 3.213 ; data_w_img_conv2[5]  ; img_conv2:u_img_conv2|altsyncram:altsyncram_component|altsyncram_45i1:auto_generated|ram_block1a1~porta_datain_reg0   ; clk          ; u_pll|altpll_component|auto_generated|pll1|clk[0] ; 0.000        ; -2.244     ; 1.291      ;
; 3.221 ; data_w_img_conv2[18] ; img_conv2:u_img_conv2|altsyncram:altsyncram_component|altsyncram_45i1:auto_generated|ram_block1a15~porta_datain_reg0  ; clk          ; u_pll|altpll_component|auto_generated|pll1|clk[0] ; 0.000        ; -2.243     ; 1.300      ;
; 3.222 ; addr_img_conv2[3]    ; img_conv2:u_img_conv2|altsyncram:altsyncram_component|altsyncram_45i1:auto_generated|ram_block1a1~porta_address_reg0  ; clk          ; u_pll|altpll_component|auto_generated|pll1|clk[0] ; 0.000        ; -2.251     ; 1.293      ;
; 3.223 ; data_w_img_conv2[6]  ; img_conv2:u_img_conv2|altsyncram:altsyncram_component|altsyncram_45i1:auto_generated|ram_block1a6~porta_datain_reg0   ; clk          ; u_pll|altpll_component|auto_generated|pll1|clk[0] ; 0.000        ; -2.243     ; 1.302      ;
; 3.224 ; data_w_img_conv2[1]  ; img_conv2:u_img_conv2|altsyncram:altsyncram_component|altsyncram_45i1:auto_generated|ram_block1a1~porta_datain_reg0   ; clk          ; u_pll|altpll_component|auto_generated|pll1|clk[0] ; 0.000        ; -2.244     ; 1.302      ;
; 3.225 ; addr_img[0]          ; ram_uart:u_ram_uart|altsyncram:altsyncram_component|altsyncram_off2:auto_generated|ram_block1a3~portb_address_reg0    ; clk          ; u_pll|altpll_component|auto_generated|pll1|clk[0] ; 0.000        ; -2.324     ; 1.223      ;
; 3.227 ; data_w_img_conv2[16] ; img_conv2:u_img_conv2|altsyncram:altsyncram_component|altsyncram_45i1:auto_generated|ram_block1a15~porta_datain_reg0  ; clk          ; u_pll|altpll_component|auto_generated|pll1|clk[0] ; 0.000        ; -2.245     ; 1.304      ;
; 3.230 ; addr_fcw[6]          ; fc_w:u_fc_w|altsyncram:altsyncram_component|altsyncram_bak1:auto_generated|ram_block1a13~porta_address_reg0           ; clk          ; u_pll|altpll_component|auto_generated|pll1|clk[0] ; 0.000        ; -2.252     ; 1.300      ;
; 3.233 ; addr_pool1[6]        ; pool1:u_pool1|altsyncram:altsyncram_component|altsyncram_a9g1:auto_generated|ram_block1a10~porta_address_reg0         ; clk          ; u_pll|altpll_component|auto_generated|pll1|clk[0] ; 0.000        ; -2.239     ; 1.316      ;
; 3.233 ; addr_pool1[6]        ; pool1:u_pool1|altsyncram:altsyncram_component|altsyncram_a9g1:auto_generated|ram_block1a14~porta_address_reg0         ; clk          ; u_pll|altpll_component|auto_generated|pll1|clk[0] ; 0.000        ; -2.253     ; 1.302      ;
; 3.235 ; data_w_img_conv2[15] ; img_conv2:u_img_conv2|altsyncram:altsyncram_component|altsyncram_45i1:auto_generated|ram_block1a15~porta_datain_reg0  ; clk          ; u_pll|altpll_component|auto_generated|pll1|clk[0] ; 0.000        ; -2.245     ; 1.312      ;
; 3.237 ; data_w_pool2[22]     ; pool2:u_pool2|altsyncram:altsyncram_component|altsyncram_h2i1:auto_generated|ram_block1a14~porta_datain_reg0          ; clk          ; u_pll|altpll_component|auto_generated|pll1|clk[0] ; 0.000        ; -2.248     ; 1.311      ;
; 3.240 ; data_w_img_conv2[17] ; img_conv2:u_img_conv2|altsyncram:altsyncram_component|altsyncram_45i1:auto_generated|ram_block1a15~porta_datain_reg0  ; clk          ; u_pll|altpll_component|auto_generated|pll1|clk[0] ; 0.000        ; -2.243     ; 1.319      ;
; 3.240 ; addr_img_conv1[6]    ; img_conv1:u_img_conv1|altsyncram:altsyncram_component|altsyncram_i5i1:auto_generated|ram_block1a16~porta_address_reg0 ; clk          ; u_pll|altpll_component|auto_generated|pll1|clk[0] ; 0.000        ; -2.250     ; 1.312      ;
; 3.241 ; data_w_img_conv2[23] ; img_conv2:u_img_conv2|altsyncram:altsyncram_component|altsyncram_45i1:auto_generated|ram_block1a15~porta_datain_reg0  ; clk          ; u_pll|altpll_component|auto_generated|pll1|clk[0] ; 0.000        ; -2.243     ; 1.320      ;
; 3.241 ; data_w_img_conv2[4]  ; img_conv2:u_img_conv2|altsyncram:altsyncram_component|altsyncram_45i1:auto_generated|ram_block1a1~porta_datain_reg0   ; clk          ; u_pll|altpll_component|auto_generated|pll1|clk[0] ; 0.000        ; -2.244     ; 1.319      ;
; 3.243 ; addr_pool2[0]        ; pool2:u_pool2|altsyncram:altsyncram_component|altsyncram_h2i1:auto_generated|ram_block1a14~porta_address_reg0         ; clk          ; u_pll|altpll_component|auto_generated|pll1|clk[0] ; 0.000        ; -2.251     ; 1.314      ;
; 3.243 ; data_w_img_conv2[22] ; img_conv2:u_img_conv2|altsyncram:altsyncram_component|altsyncram_45i1:auto_generated|ram_block1a15~porta_datain_reg0  ; clk          ; u_pll|altpll_component|auto_generated|pll1|clk[0] ; 0.000        ; -2.243     ; 1.322      ;
; 3.245 ; data_w_pool2[30]     ; pool2:u_pool2|altsyncram:altsyncram_component|altsyncram_h2i1:auto_generated|ram_block1a14~porta_datain_reg0          ; clk          ; u_pll|altpll_component|auto_generated|pll1|clk[0] ; 0.000        ; -2.248     ; 1.319      ;
+-------+----------------------+-----------------------------------------------------------------------------------------------------------------------+--------------+---------------------------------------------------+--------------+------------+------------+


-----------------------------------------------
; Slow 1200mV 85C Model Metastability Summary ;
-----------------------------------------------
The design MTBF is not calculated because there are no specified synchronizers in the design.
Number of Synchronizer Chains Found: 129
Shortest Synchronizer Chain: 2 Registers
Fraction of Chains for which MTBFs Could Not be Calculated: 1.000
Worst Case Available Settling Time: 4.202 ns




+---------------------------------------------------------------------------------------------------+
; Slow 1200mV 0C Model Fmax Summary                                                                 ;
+-----------+-----------------+--------------------+------------------------------------------------+
; Fmax      ; Restricted Fmax ; Clock Name         ; Note                                           ;
+-----------+-----------------+--------------------+------------------------------------------------+
; 81.79 MHz ; 81.79 MHz       ; clk                ;                                                ;
; 487.8 MHz ; 437.64 MHz      ; uartWrite:u5|clock ; limit due to minimum period restriction (tmin) ;
+-----------+-----------------+--------------------+------------------------------------------------+
This panel reports FMAX for every clock in the design, regardless of the user-specified clock periods.  FMAX is only computed for paths where the source and destination registers or ports are driven by the same clock.  Paths of different clocks, including generated clocks, are ignored.  For paths between a clock and its inversion, FMAX is computed as if the rising and falling edges are scaled along with FMAX, such that the duty cycle (in terms of a percentage) is maintained. Altera recommends that you always use clock constraints and other slack reports for sign-off analysis.


+----------------------------------------------------------------------------+
; Slow 1200mV 0C Model Setup Summary                                         ;
+---------------------------------------------------+--------+---------------+
; Clock                                             ; Slack  ; End Point TNS ;
+---------------------------------------------------+--------+---------------+
; clk                                               ; -4.157 ; -167.380      ;
; uartWrite:u5|clock                                ; -1.350 ; -9.756        ;
; u_pll|altpll_component|auto_generated|pll1|clk[0] ; 2.729  ; 0.000         ;
+---------------------------------------------------+--------+---------------+


+---------------------------------------------------------------------------+
; Slow 1200mV 0C Model Hold Summary                                         ;
+---------------------------------------------------+-------+---------------+
; Clock                                             ; Slack ; End Point TNS ;
+---------------------------------------------------+-------+---------------+
; clk                                               ; 0.352 ; 0.000         ;
; uartWrite:u5|clock                                ; 0.354 ; 0.000         ;
; u_pll|altpll_component|auto_generated|pll1|clk[0] ; 2.591 ; 0.000         ;
+---------------------------------------------------+-------+---------------+


-----------------------------------------
; Slow 1200mV 0C Model Recovery Summary ;
-----------------------------------------
No paths to report.


----------------------------------------
; Slow 1200mV 0C Model Removal Summary ;
----------------------------------------
No paths to report.


+----------------------------------------------------------------------------+
; Slow 1200mV 0C Model Minimum Pulse Width Summary                           ;
+---------------------------------------------------+--------+---------------+
; Clock                                             ; Slack  ; End Point TNS ;
+---------------------------------------------------+--------+---------------+
; uartWrite:u5|clock                                ; -1.285 ; -19.275       ;
; u_pll|altpll_component|auto_generated|pll1|clk[0] ; 4.752  ; 0.000         ;
; clk                                               ; 9.647  ; 0.000         ;
+---------------------------------------------------+--------+---------------+


+------------------------------------------------------------------------------------------------------------------------------------------------------------------------------------------------------------------------------------------------+
; Slow 1200mV 0C Model Setup: 'clk'                                                                                                                                                                                                              ;
+--------+------------------------------------------------------------------------------------------------------------------+---------+---------------------------------------------------+-------------+--------------+------------+------------+
; Slack  ; From Node                                                                                                        ; To Node ; Launch Clock                                      ; Latch Clock ; Relationship ; Clock Skew ; Data Delay ;
+--------+------------------------------------------------------------------------------------------------------------------+---------+---------------------------------------------------+-------------+--------------+------------+------------+
; -4.157 ; conv2_w:u_conv2w|altsyncram:altsyncram_component|altsyncram_2jk1:auto_generated|ram_block1a4~porta_address_reg0  ; acc[63] ; u_pll|altpll_component|auto_generated|pll1|clk[0] ; clk         ; 10.000       ; 2.347      ; 16.423     ;
; -4.145 ; conv2_w:u_conv2w|altsyncram:altsyncram_component|altsyncram_2jk1:auto_generated|ram_block1a8~porta_address_reg0  ; acc[63] ; u_pll|altpll_component|auto_generated|pll1|clk[0] ; clk         ; 10.000       ; 2.350      ; 16.414     ;
; -4.142 ; conv2_w:u_conv2w|altsyncram:altsyncram_component|altsyncram_2jk1:auto_generated|ram_block1a0~porta_address_reg0  ; acc[63] ; u_pll|altpll_component|auto_generated|pll1|clk[0] ; clk         ; 10.000       ; 2.368      ; 16.429     ;
; -4.060 ; conv2_w:u_conv2w|altsyncram:altsyncram_component|altsyncram_2jk1:auto_generated|ram_block1a2~porta_address_reg0  ; acc[63] ; u_pll|altpll_component|auto_generated|pll1|clk[0] ; clk         ; 10.000       ; 2.348      ; 16.327     ;
; -3.976 ; conv2_w:u_conv2w|altsyncram:altsyncram_component|altsyncram_2jk1:auto_generated|ram_block1a4~porta_address_reg0  ; acc[62] ; u_pll|altpll_component|auto_generated|pll1|clk[0] ; clk         ; 10.000       ; 2.353      ; 16.248     ;
; -3.964 ; conv2_w:u_conv2w|altsyncram:altsyncram_component|altsyncram_2jk1:auto_generated|ram_block1a8~porta_address_reg0  ; acc[62] ; u_pll|altpll_component|auto_generated|pll1|clk[0] ; clk         ; 10.000       ; 2.356      ; 16.239     ;
; -3.961 ; conv2_w:u_conv2w|altsyncram:altsyncram_component|altsyncram_2jk1:auto_generated|ram_block1a0~porta_address_reg0  ; acc[62] ; u_pll|altpll_component|auto_generated|pll1|clk[0] ; clk         ; 10.000       ; 2.374      ; 16.254     ;
; -3.953 ; conv2_w:u_conv2w|altsyncram:altsyncram_component|altsyncram_2jk1:auto_generated|ram_block1a4~porta_address_reg0  ; acc[60] ; u_pll|altpll_component|auto_generated|pll1|clk[0] ; clk         ; 10.000       ; 2.353      ; 16.225     ;
; -3.941 ; conv2_w:u_conv2w|altsyncram:altsyncram_component|altsyncram_2jk1:auto_generated|ram_block1a8~porta_address_reg0  ; acc[60] ; u_pll|altpll_component|auto_generated|pll1|clk[0] ; clk         ; 10.000       ; 2.356      ; 16.216     ;
; -3.938 ; conv2_w:u_conv2w|altsyncram:altsyncram_component|altsyncram_2jk1:auto_generated|ram_block1a0~porta_address_reg0  ; acc[60] ; u_pll|altpll_component|auto_generated|pll1|clk[0] ; clk         ; 10.000       ; 2.374      ; 16.231     ;
; -3.912 ; conv2_w:u_conv2w|altsyncram:altsyncram_component|altsyncram_2jk1:auto_generated|ram_block1a4~porta_address_reg0  ; acc[61] ; u_pll|altpll_component|auto_generated|pll1|clk[0] ; clk         ; 10.000       ; 2.353      ; 16.184     ;
; -3.900 ; conv2_w:u_conv2w|altsyncram:altsyncram_component|altsyncram_2jk1:auto_generated|ram_block1a8~porta_address_reg0  ; acc[61] ; u_pll|altpll_component|auto_generated|pll1|clk[0] ; clk         ; 10.000       ; 2.356      ; 16.175     ;
; -3.897 ; conv2_w:u_conv2w|altsyncram:altsyncram_component|altsyncram_2jk1:auto_generated|ram_block1a0~porta_address_reg0  ; acc[61] ; u_pll|altpll_component|auto_generated|pll1|clk[0] ; clk         ; 10.000       ; 2.374      ; 16.190     ;
; -3.893 ; conv2_w:u_conv2w|altsyncram:altsyncram_component|altsyncram_2jk1:auto_generated|ram_block1a4~porta_address_reg0  ; acc[58] ; u_pll|altpll_component|auto_generated|pll1|clk[0] ; clk         ; 10.000       ; 2.347      ; 16.159     ;
; -3.891 ; conv2_w:u_conv2w|altsyncram:altsyncram_component|altsyncram_2jk1:auto_generated|ram_block1a6~porta_address_reg0  ; acc[63] ; u_pll|altpll_component|auto_generated|pll1|clk[0] ; clk         ; 10.000       ; 2.345      ; 16.155     ;
; -3.881 ; conv2_w:u_conv2w|altsyncram:altsyncram_component|altsyncram_2jk1:auto_generated|ram_block1a8~porta_address_reg0  ; acc[58] ; u_pll|altpll_component|auto_generated|pll1|clk[0] ; clk         ; 10.000       ; 2.350      ; 16.150     ;
; -3.879 ; conv2_w:u_conv2w|altsyncram:altsyncram_component|altsyncram_2jk1:auto_generated|ram_block1a2~porta_address_reg0  ; acc[62] ; u_pll|altpll_component|auto_generated|pll1|clk[0] ; clk         ; 10.000       ; 2.354      ; 16.152     ;
; -3.878 ; conv2_w:u_conv2w|altsyncram:altsyncram_component|altsyncram_2jk1:auto_generated|ram_block1a0~porta_address_reg0  ; acc[58] ; u_pll|altpll_component|auto_generated|pll1|clk[0] ; clk         ; 10.000       ; 2.368      ; 16.165     ;
; -3.857 ; conv2_w:u_conv2w|altsyncram:altsyncram_component|altsyncram_2jk1:auto_generated|ram_block1a4~porta_address_reg0  ; acc[59] ; u_pll|altpll_component|auto_generated|pll1|clk[0] ; clk         ; 10.000       ; 2.353      ; 16.129     ;
; -3.856 ; conv2_w:u_conv2w|altsyncram:altsyncram_component|altsyncram_2jk1:auto_generated|ram_block1a2~porta_address_reg0  ; acc[60] ; u_pll|altpll_component|auto_generated|pll1|clk[0] ; clk         ; 10.000       ; 2.354      ; 16.129     ;
; -3.854 ; pool1:u_pool1|altsyncram:altsyncram_component|altsyncram_a9g1:auto_generated|ram_block1a0~porta_we_reg           ; acc[63] ; u_pll|altpll_component|auto_generated|pll1|clk[0] ; clk         ; 10.000       ; 2.332      ; 16.105     ;
; -3.846 ; pool1:u_pool1|altsyncram:altsyncram_component|altsyncram_a9g1:auto_generated|ram_block1a26~porta_we_reg          ; acc[63] ; u_pll|altpll_component|auto_generated|pll1|clk[0] ; clk         ; 10.000       ; 2.331      ; 16.096     ;
; -3.845 ; conv2_w:u_conv2w|altsyncram:altsyncram_component|altsyncram_2jk1:auto_generated|ram_block1a8~porta_address_reg0  ; acc[59] ; u_pll|altpll_component|auto_generated|pll1|clk[0] ; clk         ; 10.000       ; 2.356      ; 16.120     ;
; -3.842 ; conv2_w:u_conv2w|altsyncram:altsyncram_component|altsyncram_2jk1:auto_generated|ram_block1a0~porta_address_reg0  ; acc[59] ; u_pll|altpll_component|auto_generated|pll1|clk[0] ; clk         ; 10.000       ; 2.374      ; 16.135     ;
; -3.831 ; conv2_w:u_conv2w|altsyncram:altsyncram_component|altsyncram_2jk1:auto_generated|ram_block1a10~porta_address_reg0 ; acc[63] ; u_pll|altpll_component|auto_generated|pll1|clk[0] ; clk         ; 10.000       ; 2.362      ; 16.112     ;
; -3.827 ; conv2_w:u_conv2w|altsyncram:altsyncram_component|altsyncram_2jk1:auto_generated|ram_block1a12~porta_address_reg0 ; acc[63] ; u_pll|altpll_component|auto_generated|pll1|clk[0] ; clk         ; 10.000       ; 2.349      ; 16.095     ;
; -3.818 ; conv2_w:u_conv2w|altsyncram:altsyncram_component|altsyncram_2jk1:auto_generated|ram_block1a14~porta_address_reg0 ; acc[63] ; u_pll|altpll_component|auto_generated|pll1|clk[0] ; clk         ; 10.000       ; 2.364      ; 16.101     ;
; -3.815 ; conv2_w:u_conv2w|altsyncram:altsyncram_component|altsyncram_2jk1:auto_generated|ram_block1a2~porta_address_reg0  ; acc[61] ; u_pll|altpll_component|auto_generated|pll1|clk[0] ; clk         ; 10.000       ; 2.354      ; 16.088     ;
; -3.796 ; conv2_w:u_conv2w|altsyncram:altsyncram_component|altsyncram_2jk1:auto_generated|ram_block1a2~porta_address_reg0  ; acc[58] ; u_pll|altpll_component|auto_generated|pll1|clk[0] ; clk         ; 10.000       ; 2.348      ; 16.063     ;
; -3.760 ; conv2_w:u_conv2w|altsyncram:altsyncram_component|altsyncram_2jk1:auto_generated|ram_block1a2~porta_address_reg0  ; acc[59] ; u_pll|altpll_component|auto_generated|pll1|clk[0] ; clk         ; 10.000       ; 2.354      ; 16.033     ;
; -3.744 ; conv2_w:u_conv2w|altsyncram:altsyncram_component|altsyncram_2jk1:auto_generated|ram_block1a4~porta_address_reg0  ; acc[55] ; u_pll|altpll_component|auto_generated|pll1|clk[0] ; clk         ; 10.000       ; 2.317      ; 15.980     ;
; -3.732 ; conv2_w:u_conv2w|altsyncram:altsyncram_component|altsyncram_2jk1:auto_generated|ram_block1a8~porta_address_reg0  ; acc[55] ; u_pll|altpll_component|auto_generated|pll1|clk[0] ; clk         ; 10.000       ; 2.320      ; 15.971     ;
; -3.729 ; conv2_w:u_conv2w|altsyncram:altsyncram_component|altsyncram_2jk1:auto_generated|ram_block1a0~porta_address_reg0  ; acc[55] ; u_pll|altpll_component|auto_generated|pll1|clk[0] ; clk         ; 10.000       ; 2.338      ; 15.986     ;
; -3.725 ; conv2_w:u_conv2w|altsyncram:altsyncram_component|altsyncram_2jk1:auto_generated|ram_block1a4~porta_address_reg0  ; acc[56] ; u_pll|altpll_component|auto_generated|pll1|clk[0] ; clk         ; 10.000       ; 2.347      ; 15.991     ;
; -3.713 ; conv2_w:u_conv2w|altsyncram:altsyncram_component|altsyncram_2jk1:auto_generated|ram_block1a8~porta_address_reg0  ; acc[56] ; u_pll|altpll_component|auto_generated|pll1|clk[0] ; clk         ; 10.000       ; 2.350      ; 15.982     ;
; -3.710 ; conv2_w:u_conv2w|altsyncram:altsyncram_component|altsyncram_2jk1:auto_generated|ram_block1a6~porta_address_reg0  ; acc[62] ; u_pll|altpll_component|auto_generated|pll1|clk[0] ; clk         ; 10.000       ; 2.351      ; 15.980     ;
; -3.710 ; conv2_w:u_conv2w|altsyncram:altsyncram_component|altsyncram_2jk1:auto_generated|ram_block1a0~porta_address_reg0  ; acc[56] ; u_pll|altpll_component|auto_generated|pll1|clk[0] ; clk         ; 10.000       ; 2.368      ; 15.997     ;
; -3.694 ; conv2_w:u_conv2w|altsyncram:altsyncram_component|altsyncram_2jk1:auto_generated|ram_block1a4~porta_address_reg0  ; acc[54] ; u_pll|altpll_component|auto_generated|pll1|clk[0] ; clk         ; 10.000       ; 2.324      ; 15.937     ;
; -3.687 ; conv2_w:u_conv2w|altsyncram:altsyncram_component|altsyncram_2jk1:auto_generated|ram_block1a6~porta_address_reg0  ; acc[60] ; u_pll|altpll_component|auto_generated|pll1|clk[0] ; clk         ; 10.000       ; 2.351      ; 15.957     ;
; -3.682 ; conv2_w:u_conv2w|altsyncram:altsyncram_component|altsyncram_2jk1:auto_generated|ram_block1a8~porta_address_reg0  ; acc[54] ; u_pll|altpll_component|auto_generated|pll1|clk[0] ; clk         ; 10.000       ; 2.327      ; 15.928     ;
; -3.679 ; conv2_w:u_conv2w|altsyncram:altsyncram_component|altsyncram_2jk1:auto_generated|ram_block1a0~porta_address_reg0  ; acc[54] ; u_pll|altpll_component|auto_generated|pll1|clk[0] ; clk         ; 10.000       ; 2.345      ; 15.943     ;
; -3.673 ; pool1:u_pool1|altsyncram:altsyncram_component|altsyncram_a9g1:auto_generated|ram_block1a0~porta_we_reg           ; acc[62] ; u_pll|altpll_component|auto_generated|pll1|clk[0] ; clk         ; 10.000       ; 2.338      ; 15.930     ;
; -3.665 ; pool1:u_pool1|altsyncram:altsyncram_component|altsyncram_a9g1:auto_generated|ram_block1a26~porta_we_reg          ; acc[62] ; u_pll|altpll_component|auto_generated|pll1|clk[0] ; clk         ; 10.000       ; 2.337      ; 15.921     ;
; -3.663 ; conv2_w:u_conv2w|altsyncram:altsyncram_component|altsyncram_2jk1:auto_generated|ram_block1a4~porta_address_reg0  ; acc[57] ; u_pll|altpll_component|auto_generated|pll1|clk[0] ; clk         ; 10.000       ; 2.347      ; 15.929     ;
; -3.651 ; conv2_w:u_conv2w|altsyncram:altsyncram_component|altsyncram_2jk1:auto_generated|ram_block1a8~porta_address_reg0  ; acc[57] ; u_pll|altpll_component|auto_generated|pll1|clk[0] ; clk         ; 10.000       ; 2.350      ; 15.920     ;
; -3.650 ; conv2_w:u_conv2w|altsyncram:altsyncram_component|altsyncram_2jk1:auto_generated|ram_block1a10~porta_address_reg0 ; acc[62] ; u_pll|altpll_component|auto_generated|pll1|clk[0] ; clk         ; 10.000       ; 2.368      ; 15.937     ;
; -3.650 ; pool1:u_pool1|altsyncram:altsyncram_component|altsyncram_a9g1:auto_generated|ram_block1a0~porta_we_reg           ; acc[60] ; u_pll|altpll_component|auto_generated|pll1|clk[0] ; clk         ; 10.000       ; 2.338      ; 15.907     ;
; -3.648 ; conv2_w:u_conv2w|altsyncram:altsyncram_component|altsyncram_2jk1:auto_generated|ram_block1a0~porta_address_reg0  ; acc[57] ; u_pll|altpll_component|auto_generated|pll1|clk[0] ; clk         ; 10.000       ; 2.368      ; 15.935     ;
; -3.647 ; conv2_w:u_conv2w|altsyncram:altsyncram_component|altsyncram_2jk1:auto_generated|ram_block1a2~porta_address_reg0  ; acc[55] ; u_pll|altpll_component|auto_generated|pll1|clk[0] ; clk         ; 10.000       ; 2.318      ; 15.884     ;
; -3.646 ; conv2_w:u_conv2w|altsyncram:altsyncram_component|altsyncram_2jk1:auto_generated|ram_block1a12~porta_address_reg0 ; acc[62] ; u_pll|altpll_component|auto_generated|pll1|clk[0] ; clk         ; 10.000       ; 2.355      ; 15.920     ;
; -3.646 ; conv2_w:u_conv2w|altsyncram:altsyncram_component|altsyncram_2jk1:auto_generated|ram_block1a6~porta_address_reg0  ; acc[61] ; u_pll|altpll_component|auto_generated|pll1|clk[0] ; clk         ; 10.000       ; 2.351      ; 15.916     ;
; -3.642 ; pool1:u_pool1|altsyncram:altsyncram_component|altsyncram_a9g1:auto_generated|ram_block1a26~porta_we_reg          ; acc[60] ; u_pll|altpll_component|auto_generated|pll1|clk[0] ; clk         ; 10.000       ; 2.337      ; 15.898     ;
; -3.637 ; conv2_w:u_conv2w|altsyncram:altsyncram_component|altsyncram_2jk1:auto_generated|ram_block1a14~porta_address_reg0 ; acc[62] ; u_pll|altpll_component|auto_generated|pll1|clk[0] ; clk         ; 10.000       ; 2.370      ; 15.926     ;
; -3.635 ; fc_w:u_fc_w|altsyncram:altsyncram_component|altsyncram_bak1:auto_generated|ram_block1a0~porta_address_reg0       ; acc[61] ; u_pll|altpll_component|auto_generated|pll1|clk[0] ; clk         ; 10.000       ; 2.378      ; 15.932     ;
; -3.628 ; conv2_w:u_conv2w|altsyncram:altsyncram_component|altsyncram_2jk1:auto_generated|ram_block1a2~porta_address_reg0  ; acc[56] ; u_pll|altpll_component|auto_generated|pll1|clk[0] ; clk         ; 10.000       ; 2.348      ; 15.895     ;
; -3.627 ; conv2_w:u_conv2w|altsyncram:altsyncram_component|altsyncram_2jk1:auto_generated|ram_block1a10~porta_address_reg0 ; acc[60] ; u_pll|altpll_component|auto_generated|pll1|clk[0] ; clk         ; 10.000       ; 2.368      ; 15.914     ;
; -3.627 ; conv2_w:u_conv2w|altsyncram:altsyncram_component|altsyncram_2jk1:auto_generated|ram_block1a6~porta_address_reg0  ; acc[58] ; u_pll|altpll_component|auto_generated|pll1|clk[0] ; clk         ; 10.000       ; 2.345      ; 15.891     ;
; -3.623 ; conv2_w:u_conv2w|altsyncram:altsyncram_component|altsyncram_2jk1:auto_generated|ram_block1a12~porta_address_reg0 ; acc[60] ; u_pll|altpll_component|auto_generated|pll1|clk[0] ; clk         ; 10.000       ; 2.355      ; 15.897     ;
; -3.614 ; conv2_w:u_conv2w|altsyncram:altsyncram_component|altsyncram_2jk1:auto_generated|ram_block1a14~porta_address_reg0 ; acc[60] ; u_pll|altpll_component|auto_generated|pll1|clk[0] ; clk         ; 10.000       ; 2.370      ; 15.903     ;
; -3.609 ; pool1:u_pool1|altsyncram:altsyncram_component|altsyncram_a9g1:auto_generated|ram_block1a0~porta_we_reg           ; acc[61] ; u_pll|altpll_component|auto_generated|pll1|clk[0] ; clk         ; 10.000       ; 2.338      ; 15.866     ;
; -3.608 ; pool1:u_pool1|altsyncram:altsyncram_component|altsyncram_a9g1:auto_generated|ram_block1a10~porta_we_reg          ; acc[63] ; u_pll|altpll_component|auto_generated|pll1|clk[0] ; clk         ; 10.000       ; 2.331      ; 15.858     ;
; -3.601 ; pool1:u_pool1|altsyncram:altsyncram_component|altsyncram_a9g1:auto_generated|ram_block1a26~porta_we_reg          ; acc[61] ; u_pll|altpll_component|auto_generated|pll1|clk[0] ; clk         ; 10.000       ; 2.337      ; 15.857     ;
; -3.599 ; fc_w:u_fc_w|altsyncram:altsyncram_component|altsyncram_bak1:auto_generated|ram_block1a9~porta_address_reg0       ; acc[61] ; u_pll|altpll_component|auto_generated|pll1|clk[0] ; clk         ; 10.000       ; 2.380      ; 15.898     ;
; -3.597 ; conv2_w:u_conv2w|altsyncram:altsyncram_component|altsyncram_2jk1:auto_generated|ram_block1a2~porta_address_reg0  ; acc[54] ; u_pll|altpll_component|auto_generated|pll1|clk[0] ; clk         ; 10.000       ; 2.325      ; 15.841     ;
; -3.591 ; conv2_w:u_conv2w|altsyncram:altsyncram_component|altsyncram_2jk1:auto_generated|ram_block1a6~porta_address_reg0  ; acc[59] ; u_pll|altpll_component|auto_generated|pll1|clk[0] ; clk         ; 10.000       ; 2.351      ; 15.861     ;
; -3.590 ; pool1:u_pool1|altsyncram:altsyncram_component|altsyncram_a9g1:auto_generated|ram_block1a0~porta_we_reg           ; acc[58] ; u_pll|altpll_component|auto_generated|pll1|clk[0] ; clk         ; 10.000       ; 2.332      ; 15.841     ;
; -3.587 ; fc_w:u_fc_w|altsyncram:altsyncram_component|altsyncram_bak1:auto_generated|ram_block1a5~porta_address_reg0       ; acc[61] ; u_pll|altpll_component|auto_generated|pll1|clk[0] ; clk         ; 10.000       ; 2.381      ; 15.887     ;
; -3.586 ; conv2_w:u_conv2w|altsyncram:altsyncram_component|altsyncram_2jk1:auto_generated|ram_block1a10~porta_address_reg0 ; acc[61] ; u_pll|altpll_component|auto_generated|pll1|clk[0] ; clk         ; 10.000       ; 2.368      ; 15.873     ;
; -3.582 ; conv2_w:u_conv2w|altsyncram:altsyncram_component|altsyncram_2jk1:auto_generated|ram_block1a12~porta_address_reg0 ; acc[61] ; u_pll|altpll_component|auto_generated|pll1|clk[0] ; clk         ; 10.000       ; 2.355      ; 15.856     ;
; -3.582 ; pool1:u_pool1|altsyncram:altsyncram_component|altsyncram_a9g1:auto_generated|ram_block1a26~porta_we_reg          ; acc[58] ; u_pll|altpll_component|auto_generated|pll1|clk[0] ; clk         ; 10.000       ; 2.331      ; 15.832     ;
; -3.576 ; pool2:u_pool2|altsyncram:altsyncram_component|altsyncram_h2i1:auto_generated|ram_block1a14~porta_we_reg          ; acc[61] ; u_pll|altpll_component|auto_generated|pll1|clk[0] ; clk         ; 10.000       ; 2.359      ; 15.854     ;
; -3.573 ; fc_w:u_fc_w|altsyncram:altsyncram_component|altsyncram_bak1:auto_generated|ram_block1a0~porta_address_reg0       ; acc[62] ; u_pll|altpll_component|auto_generated|pll1|clk[0] ; clk         ; 10.000       ; 2.378      ; 15.870     ;
; -3.573 ; conv2_w:u_conv2w|altsyncram:altsyncram_component|altsyncram_2jk1:auto_generated|ram_block1a14~porta_address_reg0 ; acc[61] ; u_pll|altpll_component|auto_generated|pll1|clk[0] ; clk         ; 10.000       ; 2.370      ; 15.862     ;
; -3.573 ; fc_w:u_fc_w|altsyncram:altsyncram_component|altsyncram_bak1:auto_generated|ram_block1a13~porta_address_reg0      ; acc[61] ; u_pll|altpll_component|auto_generated|pll1|clk[0] ; clk         ; 10.000       ; 2.363      ; 15.855     ;
; -3.567 ; conv2_w:u_conv2w|altsyncram:altsyncram_component|altsyncram_2jk1:auto_generated|ram_block1a10~porta_address_reg0 ; acc[58] ; u_pll|altpll_component|auto_generated|pll1|clk[0] ; clk         ; 10.000       ; 2.362      ; 15.848     ;
; -3.566 ; conv2_w:u_conv2w|altsyncram:altsyncram_component|altsyncram_2jk1:auto_generated|ram_block1a2~porta_address_reg0  ; acc[57] ; u_pll|altpll_component|auto_generated|pll1|clk[0] ; clk         ; 10.000       ; 2.348      ; 15.833     ;
; -3.565 ; fc_w:u_fc_w|altsyncram:altsyncram_component|altsyncram_bak1:auto_generated|ram_block1a3~porta_address_reg0       ; acc[61] ; u_pll|altpll_component|auto_generated|pll1|clk[0] ; clk         ; 10.000       ; 2.379      ; 15.863     ;
; -3.563 ; conv2_w:u_conv2w|altsyncram:altsyncram_component|altsyncram_2jk1:auto_generated|ram_block1a12~porta_address_reg0 ; acc[58] ; u_pll|altpll_component|auto_generated|pll1|clk[0] ; clk         ; 10.000       ; 2.349      ; 15.831     ;
; -3.560 ; conv2_w:u_conv2w|altsyncram:altsyncram_component|altsyncram_2jk1:auto_generated|ram_block1a4~porta_address_reg0  ; acc[52] ; u_pll|altpll_component|auto_generated|pll1|clk[0] ; clk         ; 10.000       ; 2.319      ; 15.798     ;
; -3.554 ; conv2_w:u_conv2w|altsyncram:altsyncram_component|altsyncram_2jk1:auto_generated|ram_block1a14~porta_address_reg0 ; acc[58] ; u_pll|altpll_component|auto_generated|pll1|clk[0] ; clk         ; 10.000       ; 2.364      ; 15.837     ;
; -3.554 ; pool1:u_pool1|altsyncram:altsyncram_component|altsyncram_a9g1:auto_generated|ram_block1a0~porta_we_reg           ; acc[59] ; u_pll|altpll_component|auto_generated|pll1|clk[0] ; clk         ; 10.000       ; 2.338      ; 15.811     ;
; -3.548 ; conv2_w:u_conv2w|altsyncram:altsyncram_component|altsyncram_2jk1:auto_generated|ram_block1a8~porta_address_reg0  ; acc[52] ; u_pll|altpll_component|auto_generated|pll1|clk[0] ; clk         ; 10.000       ; 2.322      ; 15.789     ;
; -3.547 ; pool1:u_pool1|altsyncram:altsyncram_component|altsyncram_a9g1:auto_generated|ram_block1a22~porta_we_reg          ; acc[63] ; u_pll|altpll_component|auto_generated|pll1|clk[0] ; clk         ; 10.000       ; 2.344      ; 15.810     ;
; -3.546 ; pool1:u_pool1|altsyncram:altsyncram_component|altsyncram_a9g1:auto_generated|ram_block1a26~porta_we_reg          ; acc[59] ; u_pll|altpll_component|auto_generated|pll1|clk[0] ; clk         ; 10.000       ; 2.337      ; 15.802     ;
; -3.545 ; conv2_w:u_conv2w|altsyncram:altsyncram_component|altsyncram_2jk1:auto_generated|ram_block1a0~porta_address_reg0  ; acc[52] ; u_pll|altpll_component|auto_generated|pll1|clk[0] ; clk         ; 10.000       ; 2.340      ; 15.804     ;
; -3.537 ; fc_w:u_fc_w|altsyncram:altsyncram_component|altsyncram_bak1:auto_generated|ram_block1a9~porta_address_reg0       ; acc[62] ; u_pll|altpll_component|auto_generated|pll1|clk[0] ; clk         ; 10.000       ; 2.380      ; 15.836     ;
; -3.532 ; pool2:u_pool2|altsyncram:altsyncram_component|altsyncram_h2i1:auto_generated|ram_block1a0~porta_we_reg           ; acc[61] ; u_pll|altpll_component|auto_generated|pll1|clk[0] ; clk         ; 10.000       ; 2.359      ; 15.810     ;
; -3.531 ; conv2_w:u_conv2w|altsyncram:altsyncram_component|altsyncram_2jk1:auto_generated|ram_block1a10~porta_address_reg0 ; acc[59] ; u_pll|altpll_component|auto_generated|pll1|clk[0] ; clk         ; 10.000       ; 2.368      ; 15.818     ;
; -3.527 ; conv2_w:u_conv2w|altsyncram:altsyncram_component|altsyncram_2jk1:auto_generated|ram_block1a12~porta_address_reg0 ; acc[59] ; u_pll|altpll_component|auto_generated|pll1|clk[0] ; clk         ; 10.000       ; 2.355      ; 15.801     ;
; -3.525 ; fc_w:u_fc_w|altsyncram:altsyncram_component|altsyncram_bak1:auto_generated|ram_block1a5~porta_address_reg0       ; acc[62] ; u_pll|altpll_component|auto_generated|pll1|clk[0] ; clk         ; 10.000       ; 2.381      ; 15.825     ;
; -3.518 ; conv2_w:u_conv2w|altsyncram:altsyncram_component|altsyncram_2jk1:auto_generated|ram_block1a14~porta_address_reg0 ; acc[59] ; u_pll|altpll_component|auto_generated|pll1|clk[0] ; clk         ; 10.000       ; 2.370      ; 15.807     ;
; -3.515 ; fc_w:u_fc_w|altsyncram:altsyncram_component|altsyncram_bak1:auto_generated|ram_block1a1~porta_address_reg0       ; acc[61] ; u_pll|altpll_component|auto_generated|pll1|clk[0] ; clk         ; 10.000       ; 2.361      ; 15.795     ;
; -3.514 ; pool2:u_pool2|altsyncram:altsyncram_component|altsyncram_h2i1:auto_generated|ram_block1a14~porta_we_reg          ; acc[62] ; u_pll|altpll_component|auto_generated|pll1|clk[0] ; clk         ; 10.000       ; 2.359      ; 15.792     ;
; -3.511 ; fc_w:u_fc_w|altsyncram:altsyncram_component|altsyncram_bak1:auto_generated|ram_block1a13~porta_address_reg0      ; acc[62] ; u_pll|altpll_component|auto_generated|pll1|clk[0] ; clk         ; 10.000       ; 2.363      ; 15.793     ;
; -3.506 ; fc_w:u_fc_w|altsyncram:altsyncram_component|altsyncram_bak1:auto_generated|ram_block1a11~porta_address_reg0      ; acc[61] ; u_pll|altpll_component|auto_generated|pll1|clk[0] ; clk         ; 10.000       ; 2.362      ; 15.787     ;
; -3.503 ; fc_w:u_fc_w|altsyncram:altsyncram_component|altsyncram_bak1:auto_generated|ram_block1a3~porta_address_reg0       ; acc[62] ; u_pll|altpll_component|auto_generated|pll1|clk[0] ; clk         ; 10.000       ; 2.379      ; 15.801     ;
; -3.491 ; conv2_w:u_conv2w|altsyncram:altsyncram_component|altsyncram_2jk1:auto_generated|ram_block1a4~porta_address_reg0  ; acc[53] ; u_pll|altpll_component|auto_generated|pll1|clk[0] ; clk         ; 10.000       ; 2.348      ; 15.758     ;
; -3.491 ; pool1:u_pool1|altsyncram:altsyncram_component|altsyncram_a9g1:auto_generated|ram_block1a6~porta_we_reg           ; acc[63] ; u_pll|altpll_component|auto_generated|pll1|clk[0] ; clk         ; 10.000       ; 2.349      ; 15.759     ;
; -3.481 ; pool1:u_pool1|altsyncram:altsyncram_component|altsyncram_a9g1:auto_generated|ram_block1a18~porta_we_reg          ; acc[63] ; u_pll|altpll_component|auto_generated|pll1|clk[0] ; clk         ; 10.000       ; 2.361      ; 15.761     ;
; -3.479 ; conv2_w:u_conv2w|altsyncram:altsyncram_component|altsyncram_2jk1:auto_generated|ram_block1a8~porta_address_reg0  ; acc[53] ; u_pll|altpll_component|auto_generated|pll1|clk[0] ; clk         ; 10.000       ; 2.351      ; 15.749     ;
+--------+------------------------------------------------------------------------------------------------------------------+---------+---------------------------------------------------+-------------+--------------+------------+------------+


+---------------------------------------------------------------------------------------------------------------------------------------------------------+
; Slow 1200mV 0C Model Setup: 'uartWrite:u5|clock'                                                                                                        ;
+--------+------------------------------+------------------------------+--------------------+--------------------+--------------+------------+------------+
; Slack  ; From Node                    ; To Node                      ; Launch Clock       ; Latch Clock        ; Relationship ; Clock Skew ; Data Delay ;
+--------+------------------------------+------------------------------+--------------------+--------------------+--------------+------------+------------+
; -1.350 ; data_uart[2]                 ; uartWrite:u5|tx              ; clk                ; uartWrite:u5|clock ; 1.000        ; -0.378     ; 1.961      ;
; -1.295 ; data_uart[4]                 ; uartWrite:u5|tx              ; clk                ; uartWrite:u5|clock ; 1.000        ; -0.377     ; 1.907      ;
; -1.204 ; data_uart[6]                 ; uartWrite:u5|tx              ; clk                ; uartWrite:u5|clock ; 1.000        ; -0.377     ; 1.816      ;
; -1.050 ; uartWrite:u5|stt_tx.00000100 ; uartWrite:u5|tx              ; uartWrite:u5|clock ; uartWrite:u5|clock ; 1.000        ; -0.073     ; 1.976      ;
; -1.049 ; uartWrite:u5|stt_tx.00000101 ; uartWrite:u5|tx              ; uartWrite:u5|clock ; uartWrite:u5|clock ; 1.000        ; -0.072     ; 1.976      ;
; -1.027 ; data_uart[3]                 ; uartWrite:u5|tx              ; clk                ; uartWrite:u5|clock ; 1.000        ; -0.377     ; 1.639      ;
; -1.017 ; uartWrite:u5|stt_tx.00001001 ; uartWrite:u5|tx              ; uartWrite:u5|clock ; uartWrite:u5|clock ; 1.000        ; -0.073     ; 1.943      ;
; -0.990 ; uartWrite:u5|tx              ; uartWrite:u5|tx              ; uartWrite:u5|clock ; uartWrite:u5|clock ; 1.000        ; -0.073     ; 1.916      ;
; -0.988 ; data_uart[7]                 ; uartWrite:u5|tx              ; clk                ; uartWrite:u5|clock ; 1.000        ; -0.378     ; 1.599      ;
; -0.982 ; run                          ; uartWrite:u5|tx              ; clk                ; uartWrite:u5|clock ; 1.000        ; -0.380     ; 1.591      ;
; -0.981 ; data_uart[1]                 ; uartWrite:u5|tx              ; clk                ; uartWrite:u5|clock ; 1.000        ; -0.378     ; 1.592      ;
; -0.919 ; uartWrite:u5|stt_tx.00001000 ; uartWrite:u5|tx              ; uartWrite:u5|clock ; uartWrite:u5|clock ; 1.000        ; -0.072     ; 1.846      ;
; -0.898 ; data_uart[5]                 ; uartWrite:u5|tx              ; clk                ; uartWrite:u5|clock ; 1.000        ; -0.377     ; 1.510      ;
; -0.880 ; uartWrite:u5|stt_tx.00001100 ; uartWrite:u5|tx              ; uartWrite:u5|clock ; uartWrite:u5|clock ; 1.000        ; -0.074     ; 1.805      ;
; -0.842 ; run                          ; uartWrite:u5|fb              ; clk                ; uartWrite:u5|clock ; 1.000        ; -0.377     ; 1.454      ;
; -0.782 ; data_uart[0]                 ; uartWrite:u5|tx              ; clk                ; uartWrite:u5|clock ; 1.000        ; -0.378     ; 1.393      ;
; -0.758 ; uartWrite:u5|stt_tx.00000110 ; uartWrite:u5|tx              ; uartWrite:u5|clock ; uartWrite:u5|clock ; 1.000        ; -0.072     ; 1.685      ;
; -0.731 ; uartWrite:u5|stt_tx.00000011 ; uartWrite:u5|tx              ; uartWrite:u5|clock ; uartWrite:u5|clock ; 1.000        ; -0.073     ; 1.657      ;
; -0.681 ; run                          ; uartWrite:u5|stt_tx.00000000 ; clk                ; uartWrite:u5|clock ; 1.000        ; -0.380     ; 1.290      ;
; -0.657 ; run                          ; uartWrite:u5|stt_tx.00001100 ; clk                ; uartWrite:u5|clock ; 1.000        ; -0.378     ; 1.268      ;
; -0.615 ; uartWrite:u5|stt_tx.00000111 ; uartWrite:u5|tx              ; uartWrite:u5|clock ; uartWrite:u5|clock ; 1.000        ; -0.072     ; 1.542      ;
; -0.609 ; run                          ; uartWrite:u5|stt_tx.00001000 ; clk                ; uartWrite:u5|clock ; 1.000        ; -0.380     ; 1.218      ;
; -0.608 ; run                          ; uartWrite:u5|stt_tx.00000110 ; clk                ; uartWrite:u5|clock ; 1.000        ; -0.380     ; 1.217      ;
; -0.607 ; run                          ; uartWrite:u5|stt_tx.00000101 ; clk                ; uartWrite:u5|clock ; 1.000        ; -0.380     ; 1.216      ;
; -0.605 ; run                          ; uartWrite:u5|stt_tx.00000111 ; clk                ; uartWrite:u5|clock ; 1.000        ; -0.380     ; 1.214      ;
; -0.544 ; run                          ; uartWrite:u5|stt_tx.00001010 ; clk                ; uartWrite:u5|clock ; 1.000        ; -0.380     ; 1.153      ;
; -0.543 ; run                          ; uartWrite:u5|stt_tx.00000100 ; clk                ; uartWrite:u5|clock ; 1.000        ; -0.380     ; 1.152      ;
; -0.543 ; run                          ; uartWrite:u5|stt_tx.00001001 ; clk                ; uartWrite:u5|clock ; 1.000        ; -0.380     ; 1.152      ;
; -0.543 ; run                          ; uartWrite:u5|stt_tx.00001011 ; clk                ; uartWrite:u5|clock ; 1.000        ; -0.380     ; 1.152      ;
; -0.542 ; run                          ; uartWrite:u5|stt_tx.00000001 ; clk                ; uartWrite:u5|clock ; 1.000        ; -0.380     ; 1.151      ;
; -0.541 ; run                          ; uartWrite:u5|stt_tx.00000010 ; clk                ; uartWrite:u5|clock ; 1.000        ; -0.380     ; 1.150      ;
; -0.541 ; run                          ; uartWrite:u5|stt_tx.00000011 ; clk                ; uartWrite:u5|clock ; 1.000        ; -0.380     ; 1.150      ;
; -0.488 ; uartWrite:u5|stt_tx.00000010 ; uartWrite:u5|tx              ; uartWrite:u5|clock ; uartWrite:u5|clock ; 1.000        ; -0.073     ; 1.414      ;
; -0.478 ; uartWrite:u5|stt_tx.00001010 ; uartWrite:u5|tx              ; uartWrite:u5|clock ; uartWrite:u5|clock ; 1.000        ; -0.073     ; 1.404      ;
; -0.360 ; uartWrite:u5|stt_tx.00000000 ; uartWrite:u5|tx              ; uartWrite:u5|clock ; uartWrite:u5|clock ; 1.000        ; -0.073     ; 1.286      ;
; -0.192 ; uartWrite:u5|stt_tx.00000100 ; uartWrite:u5|stt_tx.00000101 ; uartWrite:u5|clock ; uartWrite:u5|clock ; 1.000        ; -0.073     ; 1.118      ;
; -0.186 ; uartWrite:u5|stt_tx.00001011 ; uartWrite:u5|fb              ; uartWrite:u5|clock ; uartWrite:u5|clock ; 1.000        ; -0.070     ; 1.115      ;
; -0.183 ; uartWrite:u5|stt_tx.00001000 ; uartWrite:u5|stt_tx.00001001 ; uartWrite:u5|clock ; uartWrite:u5|clock ; 1.000        ; -0.072     ; 1.110      ;
; -0.105 ; uartWrite:u5|stt_tx.00001011 ; uartWrite:u5|tx              ; uartWrite:u5|clock ; uartWrite:u5|clock ; 1.000        ; -0.073     ; 1.031      ;
; -0.082 ; uartWrite:u5|stt_tx.00000101 ; uartWrite:u5|stt_tx.00000110 ; uartWrite:u5|clock ; uartWrite:u5|clock ; 1.000        ; -0.072     ; 1.009      ;
; -0.076 ; uartWrite:u5|stt_tx.00000111 ; uartWrite:u5|stt_tx.00001000 ; uartWrite:u5|clock ; uartWrite:u5|clock ; 1.000        ; -0.072     ; 1.003      ;
; -0.076 ; uartWrite:u5|stt_tx.00000110 ; uartWrite:u5|stt_tx.00000111 ; uartWrite:u5|clock ; uartWrite:u5|clock ; 1.000        ; -0.072     ; 1.003      ;
; -0.049 ; uartWrite:u5|stt_tx.00001010 ; uartWrite:u5|stt_tx.00001011 ; uartWrite:u5|clock ; uartWrite:u5|clock ; 1.000        ; -0.073     ; 0.975      ;
; -0.043 ; uartWrite:u5|stt_tx.00000010 ; uartWrite:u5|stt_tx.00000011 ; uartWrite:u5|clock ; uartWrite:u5|clock ; 1.000        ; -0.073     ; 0.969      ;
; -0.039 ; uartWrite:u5|stt_tx.00001001 ; uartWrite:u5|stt_tx.00001010 ; uartWrite:u5|clock ; uartWrite:u5|clock ; 1.000        ; -0.073     ; 0.965      ;
; -0.038 ; uartWrite:u5|stt_tx.00000011 ; uartWrite:u5|stt_tx.00000100 ; uartWrite:u5|clock ; uartWrite:u5|clock ; 1.000        ; -0.073     ; 0.964      ;
; 0.013  ; uartWrite:u5|stt_tx.00001011 ; uartWrite:u5|stt_tx.00001100 ; uartWrite:u5|clock ; uartWrite:u5|clock ; 1.000        ; -0.071     ; 0.915      ;
; 0.067  ; uartWrite:u5|stt_tx.00000001 ; uartWrite:u5|stt_tx.00000010 ; uartWrite:u5|clock ; uartWrite:u5|clock ; 1.000        ; -0.073     ; 0.859      ;
; 0.082  ; uartWrite:u5|stt_tx.00000000 ; uartWrite:u5|stt_tx.00000001 ; uartWrite:u5|clock ; uartWrite:u5|clock ; 1.000        ; -0.073     ; 0.844      ;
; 0.268  ; uartWrite:u5|fb              ; uartWrite:u5|fb              ; uartWrite:u5|clock ; uartWrite:u5|clock ; 1.000        ; -0.072     ; 0.659      ;
; 0.268  ; uartWrite:u5|stt_tx.00001100 ; uartWrite:u5|stt_tx.00001100 ; uartWrite:u5|clock ; uartWrite:u5|clock ; 1.000        ; -0.072     ; 0.659      ;
+--------+------------------------------+------------------------------+--------------------+--------------------+--------------+------------+------------+


+----------------------------------------------------------------------------------------------------------------------------------------------------------------------------------------------------------------------------------------------------------------+
; Slow 1200mV 0C Model Setup: 'u_pll|altpll_component|auto_generated|pll1|clk[0]'                                                                                                                                                                                ;
+-------+--------------------+-----------------------------------------------------------------------------------------------------------------------+--------------+---------------------------------------------------+--------------+------------+------------+
; Slack ; From Node          ; To Node                                                                                                               ; Launch Clock ; Latch Clock                                       ; Relationship ; Clock Skew ; Data Delay ;
+-------+--------------------+-----------------------------------------------------------------------------------------------------------------------+--------------+---------------------------------------------------+--------------+------------+------------+
; 2.729 ; addr_img_conv1[11] ; img_conv1:u_img_conv1|altsyncram:altsyncram_component|altsyncram_i5i1:auto_generated|ram_block1a25~porta_address_reg0 ; clk          ; u_pll|altpll_component|auto_generated|pll1|clk[0] ; 10.000       ; -2.522     ; 4.729      ;
; 3.034 ; addr_img_conv1[11] ; img_conv1:u_img_conv1|altsyncram:altsyncram_component|altsyncram_i5i1:auto_generated|ram_block1a9~porta_address_reg0  ; clk          ; u_pll|altpll_component|auto_generated|pll1|clk[0] ; 10.000       ; -2.517     ; 4.429      ;
; 3.058 ; addr_img_conv1[11] ; img_conv1:u_img_conv1|altsyncram:altsyncram_component|altsyncram_i5i1:auto_generated|ram_block1a15~porta_address_reg0 ; clk          ; u_pll|altpll_component|auto_generated|pll1|clk[0] ; 10.000       ; -2.520     ; 4.402      ;
; 3.062 ; addr_img_conv1[11] ; img_conv1:u_img_conv1|altsyncram:altsyncram_component|altsyncram_i5i1:auto_generated|ram_block1a18~porta_address_reg0 ; clk          ; u_pll|altpll_component|auto_generated|pll1|clk[0] ; 10.000       ; -2.513     ; 4.405      ;
; 3.082 ; addr_img_conv1[11] ; img_conv1:u_img_conv1|altsyncram:altsyncram_component|altsyncram_i5i1:auto_generated|ram_block1a19~porta_address_reg0 ; clk          ; u_pll|altpll_component|auto_generated|pll1|clk[0] ; 10.000       ; -2.515     ; 4.383      ;
; 3.348 ; addr_img_conv1[5]  ; img_conv1:u_img_conv1|altsyncram:altsyncram_component|altsyncram_i5i1:auto_generated|ram_block1a2~porta_address_reg0  ; clk          ; u_pll|altpll_component|auto_generated|pll1|clk[0] ; 10.000       ; -2.512     ; 4.120      ;
; 3.364 ; addr_img_conv1[11] ; img_conv1:u_img_conv1|altsyncram:altsyncram_component|altsyncram_i5i1:auto_generated|ram_block1a4~porta_address_reg0  ; clk          ; u_pll|altpll_component|auto_generated|pll1|clk[0] ; 10.000       ; -2.511     ; 4.105      ;
; 3.366 ; addr_img_conv1[5]  ; img_conv1:u_img_conv1|altsyncram:altsyncram_component|altsyncram_i5i1:auto_generated|ram_block1a7~porta_address_reg0  ; clk          ; u_pll|altpll_component|auto_generated|pll1|clk[0] ; 10.000       ; -2.498     ; 4.116      ;
; 3.370 ; addr_img_conv1[2]  ; img_conv1:u_img_conv1|altsyncram:altsyncram_component|altsyncram_i5i1:auto_generated|ram_block1a10~porta_address_reg0 ; clk          ; u_pll|altpll_component|auto_generated|pll1|clk[0] ; 10.000       ; -2.498     ; 4.112      ;
; 3.375 ; addr_img_conv1[2]  ; img_conv1:u_img_conv1|altsyncram:altsyncram_component|altsyncram_i5i1:auto_generated|ram_block1a4~porta_address_reg0  ; clk          ; u_pll|altpll_component|auto_generated|pll1|clk[0] ; 10.000       ; -2.499     ; 4.106      ;
; 3.389 ; addr_img_conv1[11] ; img_conv1:u_img_conv1|altsyncram:altsyncram_component|altsyncram_i5i1:auto_generated|ram_block1a24~porta_address_reg0 ; clk          ; u_pll|altpll_component|auto_generated|pll1|clk[0] ; 10.000       ; -2.512     ; 4.079      ;
; 3.393 ; addr_img_conv1[4]  ; img_conv1:u_img_conv1|altsyncram:altsyncram_component|altsyncram_i5i1:auto_generated|ram_block1a7~porta_address_reg0  ; clk          ; u_pll|altpll_component|auto_generated|pll1|clk[0] ; 10.000       ; -2.498     ; 4.089      ;
; 3.393 ; addr_img_conv1[4]  ; img_conv1:u_img_conv1|altsyncram:altsyncram_component|altsyncram_i5i1:auto_generated|ram_block1a10~porta_address_reg0 ; clk          ; u_pll|altpll_component|auto_generated|pll1|clk[0] ; 10.000       ; -2.498     ; 4.089      ;
; 3.394 ; addr_img_conv1[2]  ; img_conv1:u_img_conv1|altsyncram:altsyncram_component|altsyncram_i5i1:auto_generated|ram_block1a7~porta_address_reg0  ; clk          ; u_pll|altpll_component|auto_generated|pll1|clk[0] ; 10.000       ; -2.498     ; 4.088      ;
; 3.398 ; addr_img_conv1[5]  ; img_conv1:u_img_conv1|altsyncram:altsyncram_component|altsyncram_i5i1:auto_generated|ram_block1a10~porta_address_reg0 ; clk          ; u_pll|altpll_component|auto_generated|pll1|clk[0] ; 10.000       ; -2.498     ; 4.084      ;
; 3.412 ; addr_img_conv1[11] ; img_conv1:u_img_conv1|altsyncram:altsyncram_component|altsyncram_i5i1:auto_generated|ram_block1a10~porta_address_reg0 ; clk          ; u_pll|altpll_component|auto_generated|pll1|clk[0] ; 10.000       ; -2.510     ; 4.058      ;
; 3.424 ; addr_img_conv1[4]  ; img_conv1:u_img_conv1|altsyncram:altsyncram_component|altsyncram_i5i1:auto_generated|ram_block1a4~porta_address_reg0  ; clk          ; u_pll|altpll_component|auto_generated|pll1|clk[0] ; 10.000       ; -2.499     ; 4.057      ;
; 3.511 ; wren_img_conv1     ; img_conv1:u_img_conv1|altsyncram:altsyncram_component|altsyncram_i5i1:auto_generated|ram_block1a12~porta_we_reg       ; clk          ; u_pll|altpll_component|auto_generated|pll1|clk[0] ; 10.000       ; -2.490     ; 3.979      ;
; 3.537 ; wren_img_conv1     ; img_conv1:u_img_conv1|altsyncram:altsyncram_component|altsyncram_i5i1:auto_generated|ram_block1a13~porta_we_reg       ; clk          ; u_pll|altpll_component|auto_generated|pll1|clk[0] ; 10.000       ; -2.492     ; 3.951      ;
; 3.560 ; wren_img_conv1     ; img_conv1:u_img_conv1|altsyncram:altsyncram_component|altsyncram_i5i1:auto_generated|ram_block1a28~porta_we_reg       ; clk          ; u_pll|altpll_component|auto_generated|pll1|clk[0] ; 10.000       ; -2.497     ; 3.923      ;
; 3.637 ; addr_img_conv1[9]  ; img_conv1:u_img_conv1|altsyncram:altsyncram_component|altsyncram_i5i1:auto_generated|ram_block1a18~porta_address_reg0 ; clk          ; u_pll|altpll_component|auto_generated|pll1|clk[0] ; 10.000       ; -2.501     ; 3.842      ;
; 3.640 ; addr_img_conv1[9]  ; img_conv1:u_img_conv1|altsyncram:altsyncram_component|altsyncram_i5i1:auto_generated|ram_block1a9~porta_address_reg0  ; clk          ; u_pll|altpll_component|auto_generated|pll1|clk[0] ; 10.000       ; -2.505     ; 3.835      ;
; 3.668 ; addr_img_conv1[9]  ; img_conv1:u_img_conv1|altsyncram:altsyncram_component|altsyncram_i5i1:auto_generated|ram_block1a19~porta_address_reg0 ; clk          ; u_pll|altpll_component|auto_generated|pll1|clk[0] ; 10.000       ; -2.503     ; 3.809      ;
; 3.676 ; addr_img_conv1[2]  ; img_conv1:u_img_conv1|altsyncram:altsyncram_component|altsyncram_i5i1:auto_generated|ram_block1a24~porta_address_reg0 ; clk          ; u_pll|altpll_component|auto_generated|pll1|clk[0] ; 10.000       ; -2.500     ; 3.804      ;
; 3.677 ; addr_img_conv1[2]  ; img_conv1:u_img_conv1|altsyncram:altsyncram_component|altsyncram_i5i1:auto_generated|ram_block1a18~porta_address_reg0 ; clk          ; u_pll|altpll_component|auto_generated|pll1|clk[0] ; 10.000       ; -2.501     ; 3.802      ;
; 3.687 ; wren_img_conv1     ; img_conv1:u_img_conv1|altsyncram:altsyncram_component|altsyncram_i5i1:auto_generated|ram_block1a27~porta_we_reg       ; clk          ; u_pll|altpll_component|auto_generated|pll1|clk[0] ; 10.000       ; -2.510     ; 3.783      ;
; 3.689 ; addr_img_conv1[2]  ; img_conv1:u_img_conv1|altsyncram:altsyncram_component|altsyncram_i5i1:auto_generated|ram_block1a19~porta_address_reg0 ; clk          ; u_pll|altpll_component|auto_generated|pll1|clk[0] ; 10.000       ; -2.503     ; 3.788      ;
; 3.689 ; addr_img_conv1[11] ; img_conv1:u_img_conv1|altsyncram:altsyncram_component|altsyncram_i5i1:auto_generated|ram_block1a7~porta_address_reg0  ; clk          ; u_pll|altpll_component|auto_generated|pll1|clk[0] ; 10.000       ; -2.510     ; 3.781      ;
; 3.702 ; addr_img_conv1[2]  ; img_conv1:u_img_conv1|altsyncram:altsyncram_component|altsyncram_i5i1:auto_generated|ram_block1a9~porta_address_reg0  ; clk          ; u_pll|altpll_component|auto_generated|pll1|clk[0] ; 10.000       ; -2.505     ; 3.773      ;
; 3.708 ; addr_img_conv1[5]  ; img_conv1:u_img_conv1|altsyncram:altsyncram_component|altsyncram_i5i1:auto_generated|ram_block1a4~porta_address_reg0  ; clk          ; u_pll|altpll_component|auto_generated|pll1|clk[0] ; 10.000       ; -2.499     ; 3.773      ;
; 3.712 ; addr_img_conv1[11] ; img_conv1:u_img_conv1|altsyncram:altsyncram_component|altsyncram_i5i1:auto_generated|ram_block1a2~porta_address_reg0  ; clk          ; u_pll|altpll_component|auto_generated|pll1|clk[0] ; 10.000       ; -2.524     ; 3.744      ;
; 3.715 ; addr_img_conv1[4]  ; img_conv1:u_img_conv1|altsyncram:altsyncram_component|altsyncram_i5i1:auto_generated|ram_block1a19~porta_address_reg0 ; clk          ; u_pll|altpll_component|auto_generated|pll1|clk[0] ; 10.000       ; -2.503     ; 3.762      ;
; 3.733 ; addr_img_conv1[5]  ; img_conv1:u_img_conv1|altsyncram:altsyncram_component|altsyncram_i5i1:auto_generated|ram_block1a24~porta_address_reg0 ; clk          ; u_pll|altpll_component|auto_generated|pll1|clk[0] ; 10.000       ; -2.500     ; 3.747      ;
; 3.745 ; addr_img_conv1[4]  ; img_conv1:u_img_conv1|altsyncram:altsyncram_component|altsyncram_i5i1:auto_generated|ram_block1a9~porta_address_reg0  ; clk          ; u_pll|altpll_component|auto_generated|pll1|clk[0] ; 10.000       ; -2.505     ; 3.730      ;
; 3.780 ; addr_img_conv1[4]  ; img_conv1:u_img_conv1|altsyncram:altsyncram_component|altsyncram_i5i1:auto_generated|ram_block1a17~porta_address_reg0 ; clk          ; u_pll|altpll_component|auto_generated|pll1|clk[0] ; 10.000       ; -2.517     ; 3.683      ;
; 3.811 ; wren_img_conv1     ; img_conv1:u_img_conv1|altsyncram:altsyncram_component|altsyncram_i5i1:auto_generated|ram_block1a18~porta_we_reg       ; clk          ; u_pll|altpll_component|auto_generated|pll1|clk[0] ; 10.000       ; -2.516     ; 3.653      ;
; 3.815 ; wren_img_conv1     ; img_conv1:u_img_conv1|altsyncram:altsyncram_component|altsyncram_i5i1:auto_generated|ram_block1a19~porta_we_reg       ; clk          ; u_pll|altpll_component|auto_generated|pll1|clk[0] ; 10.000       ; -2.518     ; 3.647      ;
; 3.821 ; wren_img_conv1     ; img_conv1:u_img_conv1|altsyncram:altsyncram_component|altsyncram_i5i1:auto_generated|ram_block1a24~porta_we_reg       ; clk          ; u_pll|altpll_component|auto_generated|pll1|clk[0] ; 10.000       ; -2.515     ; 3.644      ;
; 3.823 ; wren_img_conv1     ; img_conv1:u_img_conv1|altsyncram:altsyncram_component|altsyncram_i5i1:auto_generated|ram_block1a14~porta_we_reg       ; clk          ; u_pll|altpll_component|auto_generated|pll1|clk[0] ; 10.000       ; -2.500     ; 3.657      ;
; 3.830 ; wren_img_conv1     ; img_conv1:u_img_conv1|altsyncram:altsyncram_component|altsyncram_i5i1:auto_generated|ram_block1a4~porta_we_reg        ; clk          ; u_pll|altpll_component|auto_generated|pll1|clk[0] ; 10.000       ; -2.514     ; 3.636      ;
; 3.837 ; wren_img_conv1     ; img_conv1:u_img_conv1|altsyncram:altsyncram_component|altsyncram_i5i1:auto_generated|ram_block1a10~porta_we_reg       ; clk          ; u_pll|altpll_component|auto_generated|pll1|clk[0] ; 10.000       ; -2.513     ; 3.630      ;
; 3.845 ; wren_img_conv1     ; img_conv1:u_img_conv1|altsyncram:altsyncram_component|altsyncram_i5i1:auto_generated|ram_block1a26~porta_we_reg       ; clk          ; u_pll|altpll_component|auto_generated|pll1|clk[0] ; 10.000       ; -2.495     ; 3.640      ;
; 3.849 ; wren_img_conv1     ; img_conv1:u_img_conv1|altsyncram:altsyncram_component|altsyncram_i5i1:auto_generated|ram_block1a7~porta_we_reg        ; clk          ; u_pll|altpll_component|auto_generated|pll1|clk[0] ; 10.000       ; -2.513     ; 3.618      ;
; 3.852 ; wren_img_conv1     ; img_conv1:u_img_conv1|altsyncram:altsyncram_component|altsyncram_i5i1:auto_generated|ram_block1a22~porta_we_reg       ; clk          ; u_pll|altpll_component|auto_generated|pll1|clk[0] ; 10.000       ; -2.503     ; 3.625      ;
; 3.857 ; wren_img_conv1     ; img_conv1:u_img_conv1|altsyncram:altsyncram_component|altsyncram_i5i1:auto_generated|ram_block1a25~porta_we_reg       ; clk          ; u_pll|altpll_component|auto_generated|pll1|clk[0] ; 10.000       ; -2.525     ; 3.598      ;
; 3.924 ; addr_img_conv1[9]  ; img_conv1:u_img_conv1|altsyncram:altsyncram_component|altsyncram_i5i1:auto_generated|ram_block1a25~porta_address_reg0 ; clk          ; u_pll|altpll_component|auto_generated|pll1|clk[0] ; 10.000       ; -2.510     ; 3.546      ;
; 3.980 ; addr_img_conv1[7]  ; img_conv1:u_img_conv1|altsyncram:altsyncram_component|altsyncram_i5i1:auto_generated|ram_block1a15~porta_address_reg0 ; clk          ; u_pll|altpll_component|auto_generated|pll1|clk[0] ; 10.000       ; -2.508     ; 3.492      ;
; 3.981 ; addr_img_conv1[4]  ; img_conv1:u_img_conv1|altsyncram:altsyncram_component|altsyncram_i5i1:auto_generated|ram_block1a2~porta_address_reg0  ; clk          ; u_pll|altpll_component|auto_generated|pll1|clk[0] ; 10.000       ; -2.512     ; 3.487      ;
; 3.997 ; addr_img_conv1[7]  ; img_conv1:u_img_conv1|altsyncram:altsyncram_component|altsyncram_i5i1:auto_generated|ram_block1a24~porta_address_reg0 ; clk          ; u_pll|altpll_component|auto_generated|pll1|clk[0] ; 10.000       ; -2.500     ; 3.483      ;
; 4.002 ; addr_img_conv1[7]  ; img_conv1:u_img_conv1|altsyncram:altsyncram_component|altsyncram_i5i1:auto_generated|ram_block1a25~porta_address_reg0 ; clk          ; u_pll|altpll_component|auto_generated|pll1|clk[0] ; 10.000       ; -2.510     ; 3.468      ;
; 4.009 ; addr_img_conv1[2]  ; img_conv1:u_img_conv1|altsyncram:altsyncram_component|altsyncram_i5i1:auto_generated|ram_block1a25~porta_address_reg0 ; clk          ; u_pll|altpll_component|auto_generated|pll1|clk[0] ; 10.000       ; -2.510     ; 3.461      ;
; 4.015 ; addr_img_conv1[7]  ; img_conv1:u_img_conv1|altsyncram:altsyncram_component|altsyncram_i5i1:auto_generated|ram_block1a4~porta_address_reg0  ; clk          ; u_pll|altpll_component|auto_generated|pll1|clk[0] ; 10.000       ; -2.499     ; 3.466      ;
; 4.015 ; addr_img_conv1[7]  ; img_conv1:u_img_conv1|altsyncram:altsyncram_component|altsyncram_i5i1:auto_generated|ram_block1a10~porta_address_reg0 ; clk          ; u_pll|altpll_component|auto_generated|pll1|clk[0] ; 10.000       ; -2.498     ; 3.467      ;
; 4.016 ; addr_img_conv1[7]  ; img_conv1:u_img_conv1|altsyncram:altsyncram_component|altsyncram_i5i1:auto_generated|ram_block1a2~porta_address_reg0  ; clk          ; u_pll|altpll_component|auto_generated|pll1|clk[0] ; 10.000       ; -2.512     ; 3.452      ;
; 4.026 ; addr_img_conv1[7]  ; img_conv1:u_img_conv1|altsyncram:altsyncram_component|altsyncram_i5i1:auto_generated|ram_block1a9~porta_address_reg0  ; clk          ; u_pll|altpll_component|auto_generated|pll1|clk[0] ; 10.000       ; -2.505     ; 3.449      ;
; 4.030 ; addr_img_conv1[5]  ; img_conv1:u_img_conv1|altsyncram:altsyncram_component|altsyncram_i5i1:auto_generated|ram_block1a18~porta_address_reg0 ; clk          ; u_pll|altpll_component|auto_generated|pll1|clk[0] ; 10.000       ; -2.501     ; 3.449      ;
; 4.033 ; addr_img_conv1[7]  ; img_conv1:u_img_conv1|altsyncram:altsyncram_component|altsyncram_i5i1:auto_generated|ram_block1a18~porta_address_reg0 ; clk          ; u_pll|altpll_component|auto_generated|pll1|clk[0] ; 10.000       ; -2.501     ; 3.446      ;
; 4.033 ; addr_img_conv1[4]  ; img_conv1:u_img_conv1|altsyncram:altsyncram_component|altsyncram_i5i1:auto_generated|ram_block1a25~porta_address_reg0 ; clk          ; u_pll|altpll_component|auto_generated|pll1|clk[0] ; 10.000       ; -2.510     ; 3.437      ;
; 4.033 ; addr_img_conv1[5]  ; img_conv1:u_img_conv1|altsyncram:altsyncram_component|altsyncram_i5i1:auto_generated|ram_block1a9~porta_address_reg0  ; clk          ; u_pll|altpll_component|auto_generated|pll1|clk[0] ; 10.000       ; -2.505     ; 3.442      ;
; 4.042 ; addr_img_conv1[9]  ; img_conv1:u_img_conv1|altsyncram:altsyncram_component|altsyncram_i5i1:auto_generated|ram_block1a7~porta_address_reg0  ; clk          ; u_pll|altpll_component|auto_generated|pll1|clk[0] ; 10.000       ; -2.498     ; 3.440      ;
; 4.048 ; addr_img_conv1[7]  ; img_conv1:u_img_conv1|altsyncram:altsyncram_component|altsyncram_i5i1:auto_generated|ram_block1a1~porta_address_reg0  ; clk          ; u_pll|altpll_component|auto_generated|pll1|clk[0] ; 10.000       ; -2.481     ; 3.451      ;
; 4.051 ; addr_img_conv1[5]  ; img_conv1:u_img_conv1|altsyncram:altsyncram_component|altsyncram_i5i1:auto_generated|ram_block1a25~porta_address_reg0 ; clk          ; u_pll|altpll_component|auto_generated|pll1|clk[0] ; 10.000       ; -2.510     ; 3.419      ;
; 4.074 ; addr_img_conv1[5]  ; img_conv1:u_img_conv1|altsyncram:altsyncram_component|altsyncram_i5i1:auto_generated|ram_block1a19~porta_address_reg0 ; clk          ; u_pll|altpll_component|auto_generated|pll1|clk[0] ; 10.000       ; -2.503     ; 3.403      ;
; 4.116 ; addr_img_conv1[7]  ; img_conv1:u_img_conv1|altsyncram:altsyncram_component|altsyncram_i5i1:auto_generated|ram_block1a19~porta_address_reg0 ; clk          ; u_pll|altpll_component|auto_generated|pll1|clk[0] ; 10.000       ; -2.503     ; 3.361      ;
; 4.118 ; addr_img_conv1[8]  ; img_conv1:u_img_conv1|altsyncram:altsyncram_component|altsyncram_i5i1:auto_generated|ram_block1a17~porta_address_reg0 ; clk          ; u_pll|altpll_component|auto_generated|pll1|clk[0] ; 10.000       ; -2.529     ; 3.333      ;
; 4.126 ; wren_img_conv1     ; img_conv1:u_img_conv1|altsyncram:altsyncram_component|altsyncram_i5i1:auto_generated|ram_block1a15~porta_we_reg       ; clk          ; u_pll|altpll_component|auto_generated|pll1|clk[0] ; 10.000       ; -2.523     ; 3.331      ;
; 4.140 ; wren_img_conv1     ; img_conv1:u_img_conv1|altsyncram:altsyncram_component|altsyncram_i5i1:auto_generated|ram_block1a9~porta_we_reg        ; clk          ; u_pll|altpll_component|auto_generated|pll1|clk[0] ; 10.000       ; -2.520     ; 3.320      ;
; 4.153 ; wren_img_conv1     ; img_conv1:u_img_conv1|altsyncram:altsyncram_component|altsyncram_i5i1:auto_generated|ram_block1a2~porta_we_reg        ; clk          ; u_pll|altpll_component|auto_generated|pll1|clk[0] ; 10.000       ; -2.527     ; 3.300      ;
; 4.201 ; addr_img_conv1[6]  ; img_conv1:u_img_conv1|altsyncram:altsyncram_component|altsyncram_i5i1:auto_generated|ram_block1a17~porta_address_reg0 ; clk          ; u_pll|altpll_component|auto_generated|pll1|clk[0] ; 10.000       ; -2.529     ; 3.250      ;
; 4.219 ; addr_fcw[3]        ; fc_w:u_fc_w|altsyncram:altsyncram_component|altsyncram_bak1:auto_generated|ram_block1a9~porta_address_reg0            ; clk          ; u_pll|altpll_component|auto_generated|pll1|clk[0] ; 10.000       ; -2.501     ; 3.260      ;
; 4.223 ; addr_img_conv1[9]  ; img_conv1:u_img_conv1|altsyncram:altsyncram_component|altsyncram_i5i1:auto_generated|ram_block1a4~porta_address_reg0  ; clk          ; u_pll|altpll_component|auto_generated|pll1|clk[0] ; 10.000       ; -2.499     ; 3.258      ;
; 4.226 ; addr_fcw[3]        ; fc_w:u_fc_w|altsyncram:altsyncram_component|altsyncram_bak1:auto_generated|ram_block1a3~porta_address_reg0            ; clk          ; u_pll|altpll_component|auto_generated|pll1|clk[0] ; 10.000       ; -2.500     ; 3.254      ;
; 4.240 ; wren_img_conv1     ; img_conv1:u_img_conv1|altsyncram:altsyncram_component|altsyncram_i5i1:auto_generated|ram_block1a31~porta_we_reg       ; clk          ; u_pll|altpll_component|auto_generated|pll1|clk[0] ; 10.000       ; -2.506     ; 3.234      ;
; 4.242 ; addr_img_conv1[7]  ; img_conv1:u_img_conv1|altsyncram:altsyncram_component|altsyncram_i5i1:auto_generated|ram_block1a23~porta_address_reg0 ; clk          ; u_pll|altpll_component|auto_generated|pll1|clk[0] ; 10.000       ; -2.486     ; 3.252      ;
; 4.248 ; addr_img_conv1[2]  ; img_conv1:u_img_conv1|altsyncram:altsyncram_component|altsyncram_i5i1:auto_generated|ram_block1a15~porta_address_reg0 ; clk          ; u_pll|altpll_component|auto_generated|pll1|clk[0] ; 10.000       ; -2.508     ; 3.224      ;
; 4.251 ; addr_fcw[3]        ; fc_w:u_fc_w|altsyncram:altsyncram_component|altsyncram_bak1:auto_generated|ram_block1a7~porta_address_reg0            ; clk          ; u_pll|altpll_component|auto_generated|pll1|clk[0] ; 10.000       ; -2.499     ; 3.230      ;
; 4.251 ; addr_img_conv1[9]  ; img_conv1:u_img_conv1|altsyncram:altsyncram_component|altsyncram_i5i1:auto_generated|ram_block1a24~porta_address_reg0 ; clk          ; u_pll|altpll_component|auto_generated|pll1|clk[0] ; 10.000       ; -2.500     ; 3.229      ;
; 4.256 ; addr_fcw[3]        ; fc_w:u_fc_w|altsyncram:altsyncram_component|altsyncram_bak1:auto_generated|ram_block1a5~porta_address_reg0            ; clk          ; u_pll|altpll_component|auto_generated|pll1|clk[0] ; 10.000       ; -2.503     ; 3.221      ;
; 4.268 ; addr_img_conv1[8]  ; img_conv1:u_img_conv1|altsyncram:altsyncram_component|altsyncram_i5i1:auto_generated|ram_block1a25~porta_address_reg0 ; clk          ; u_pll|altpll_component|auto_generated|pll1|clk[0] ; 10.000       ; -2.522     ; 3.190      ;
; 4.284 ; addr_img_conv1[0]  ; img_conv1:u_img_conv1|altsyncram:altsyncram_component|altsyncram_i5i1:auto_generated|ram_block1a7~porta_address_reg0  ; clk          ; u_pll|altpll_component|auto_generated|pll1|clk[0] ; 10.000       ; -2.498     ; 3.198      ;
; 4.290 ; addr_img_conv1[0]  ; img_conv1:u_img_conv1|altsyncram:altsyncram_component|altsyncram_i5i1:auto_generated|ram_block1a2~porta_address_reg0  ; clk          ; u_pll|altpll_component|auto_generated|pll1|clk[0] ; 10.000       ; -2.512     ; 3.178      ;
; 4.313 ; addr_img_conv1[9]  ; img_conv1:u_img_conv1|altsyncram:altsyncram_component|altsyncram_i5i1:auto_generated|ram_block1a10~porta_address_reg0 ; clk          ; u_pll|altpll_component|auto_generated|pll1|clk[0] ; 10.000       ; -2.498     ; 3.169      ;
; 4.314 ; addr_img_conv1[7]  ; img_conv1:u_img_conv1|altsyncram:altsyncram_component|altsyncram_i5i1:auto_generated|ram_block1a7~porta_address_reg0  ; clk          ; u_pll|altpll_component|auto_generated|pll1|clk[0] ; 10.000       ; -2.498     ; 3.168      ;
; 4.317 ; addr_img_conv1[4]  ; img_conv1:u_img_conv1|altsyncram:altsyncram_component|altsyncram_i5i1:auto_generated|ram_block1a18~porta_address_reg0 ; clk          ; u_pll|altpll_component|auto_generated|pll1|clk[0] ; 10.000       ; -2.501     ; 3.162      ;
; 4.317 ; addr_img_conv1[4]  ; img_conv1:u_img_conv1|altsyncram:altsyncram_component|altsyncram_i5i1:auto_generated|ram_block1a24~porta_address_reg0 ; clk          ; u_pll|altpll_component|auto_generated|pll1|clk[0] ; 10.000       ; -2.500     ; 3.163      ;
; 4.326 ; addr_img_conv1[1]  ; img_conv1:u_img_conv1|altsyncram:altsyncram_component|altsyncram_i5i1:auto_generated|ram_block1a17~porta_address_reg0 ; clk          ; u_pll|altpll_component|auto_generated|pll1|clk[0] ; 10.000       ; -2.517     ; 3.137      ;
; 4.330 ; addr_img_conv1[11] ; img_conv1:u_img_conv1|altsyncram:altsyncram_component|altsyncram_i5i1:auto_generated|ram_block1a17~porta_address_reg0 ; clk          ; u_pll|altpll_component|auto_generated|pll1|clk[0] ; 10.000       ; -2.529     ; 3.121      ;
; 4.338 ; addr_img_conv1[7]  ; img_conv1:u_img_conv1|altsyncram:altsyncram_component|altsyncram_i5i1:auto_generated|ram_block1a21~porta_address_reg0 ; clk          ; u_pll|altpll_component|auto_generated|pll1|clk[0] ; 10.000       ; -2.495     ; 3.147      ;
; 4.354 ; addr_img_conv1[7]  ; img_conv1:u_img_conv1|altsyncram:altsyncram_component|altsyncram_i5i1:auto_generated|ram_block1a6~porta_address_reg0  ; clk          ; u_pll|altpll_component|auto_generated|pll1|clk[0] ; 10.000       ; -2.494     ; 3.132      ;
; 4.361 ; addr_img_conv1[6]  ; img_conv1:u_img_conv1|altsyncram:altsyncram_component|altsyncram_i5i1:auto_generated|ram_block1a21~porta_address_reg0 ; clk          ; u_pll|altpll_component|auto_generated|pll1|clk[0] ; 10.000       ; -2.507     ; 3.112      ;
; 4.362 ; addr_img_conv1[7]  ; img_conv1:u_img_conv1|altsyncram:altsyncram_component|altsyncram_i5i1:auto_generated|ram_block1a17~porta_address_reg0 ; clk          ; u_pll|altpll_component|auto_generated|pll1|clk[0] ; 10.000       ; -2.517     ; 3.101      ;
; 4.363 ; addr_img_conv1[5]  ; img_conv1:u_img_conv1|altsyncram:altsyncram_component|altsyncram_i5i1:auto_generated|ram_block1a15~porta_address_reg0 ; clk          ; u_pll|altpll_component|auto_generated|pll1|clk[0] ; 10.000       ; -2.508     ; 3.109      ;
; 4.365 ; addr_img_conv1[4]  ; img_conv1:u_img_conv1|altsyncram:altsyncram_component|altsyncram_i5i1:auto_generated|ram_block1a15~porta_address_reg0 ; clk          ; u_pll|altpll_component|auto_generated|pll1|clk[0] ; 10.000       ; -2.508     ; 3.107      ;
; 4.367 ; addr_img_conv1[4]  ; img_conv1:u_img_conv1|altsyncram:altsyncram_component|altsyncram_i5i1:auto_generated|ram_block1a20~porta_address_reg0 ; clk          ; u_pll|altpll_component|auto_generated|pll1|clk[0] ; 10.000       ; -2.504     ; 3.109      ;
; 4.376 ; addr_img_conv1[11] ; img_conv1:u_img_conv1|altsyncram:altsyncram_component|altsyncram_i5i1:auto_generated|ram_block1a1~porta_address_reg0  ; clk          ; u_pll|altpll_component|auto_generated|pll1|clk[0] ; 10.000       ; -2.493     ; 3.111      ;
; 4.378 ; addr_img_conv1[4]  ; img_conv1:u_img_conv1|altsyncram:altsyncram_component|altsyncram_i5i1:auto_generated|ram_block1a3~porta_address_reg0  ; clk          ; u_pll|altpll_component|auto_generated|pll1|clk[0] ; 10.000       ; -2.493     ; 3.109      ;
; 4.383 ; addr_img_conv1[3]  ; img_conv1:u_img_conv1|altsyncram:altsyncram_component|altsyncram_i5i1:auto_generated|ram_block1a21~porta_address_reg0 ; clk          ; u_pll|altpll_component|auto_generated|pll1|clk[0] ; 10.000       ; -2.495     ; 3.102      ;
; 4.404 ; addr_img_conv1[11] ; img_conv1:u_img_conv1|altsyncram:altsyncram_component|altsyncram_i5i1:auto_generated|ram_block1a6~porta_address_reg0  ; clk          ; u_pll|altpll_component|auto_generated|pll1|clk[0] ; 10.000       ; -2.506     ; 3.070      ;
; 4.420 ; addr_img_conv1[3]  ; img_conv1:u_img_conv1|altsyncram:altsyncram_component|altsyncram_i5i1:auto_generated|ram_block1a1~porta_address_reg0  ; clk          ; u_pll|altpll_component|auto_generated|pll1|clk[0] ; 10.000       ; -2.481     ; 3.079      ;
; 4.421 ; addr_img_conv1[3]  ; img_conv1:u_img_conv1|altsyncram:altsyncram_component|altsyncram_i5i1:auto_generated|ram_block1a10~porta_address_reg0 ; clk          ; u_pll|altpll_component|auto_generated|pll1|clk[0] ; 10.000       ; -2.498     ; 3.061      ;
+-------+--------------------+-----------------------------------------------------------------------------------------------------------------------+--------------+---------------------------------------------------+--------------+------------+------------+


+-------------------------------------------------------------------------------------------------------------------------------------------------------------------------------------------------------------------------------+
; Slow 1200mV 0C Model Hold: 'clk'                                                                                                                                                                                              ;
+-------+-----------------------------+-------------------------------------------------------------------------------------------------------------------+--------------+-------------+--------------+------------+------------+
; Slack ; From Node                   ; To Node                                                                                                           ; Launch Clock ; Latch Clock ; Relationship ; Clock Skew ; Data Delay ;
+-------+-----------------------------+-------------------------------------------------------------------------------------------------------------------+--------------+-------------+--------------+------------+------------+
; 0.352 ; stt.00100                   ; stt.00100                                                                                                         ; clk          ; clk         ; 0.000        ; 0.074      ; 0.597      ;
; 0.353 ; addr_img_conv2[4]           ; addr_img_conv2[4]                                                                                                 ; clk          ; clk         ; 0.000        ; 0.073      ; 0.597      ;
; 0.353 ; addr_img_conv2[7]           ; addr_img_conv2[7]                                                                                                 ; clk          ; clk         ; 0.000        ; 0.073      ; 0.597      ;
; 0.353 ; ch[1]                       ; ch[1]                                                                                                             ; clk          ; clk         ; 0.000        ; 0.073      ; 0.597      ;
; 0.353 ; ch[2]                       ; ch[2]                                                                                                             ; clk          ; clk         ; 0.000        ; 0.073      ; 0.597      ;
; 0.353 ; ch[3]                       ; ch[3]                                                                                                             ; clk          ; clk         ; 0.000        ; 0.073      ; 0.597      ;
; 0.353 ; state.S_CONV2               ; state.S_CONV2                                                                                                     ; clk          ; clk         ; 0.000        ; 0.073      ; 0.597      ;
; 0.353 ; wren_pool1                  ; wren_pool1                                                                                                        ; clk          ; clk         ; 0.000        ; 0.073      ; 0.597      ;
; 0.353 ; wren_pool2                  ; wren_pool2                                                                                                        ; clk          ; clk         ; 0.000        ; 0.073      ; 0.597      ;
; 0.353 ; wren_img_conv2              ; wren_img_conv2                                                                                                    ; clk          ; clk         ; 0.000        ; 0.073      ; 0.597      ;
; 0.353 ; wren_img_conv1              ; wren_img_conv1                                                                                                    ; clk          ; clk         ; 0.000        ; 0.073      ; 0.597      ;
; 0.353 ; col[4]                      ; col[4]                                                                                                            ; clk          ; clk         ; 0.000        ; 0.073      ; 0.597      ;
; 0.353 ; col[1]                      ; col[1]                                                                                                            ; clk          ; clk         ; 0.000        ; 0.073      ; 0.597      ;
; 0.353 ; col[2]                      ; col[2]                                                                                                            ; clk          ; clk         ; 0.000        ; 0.073      ; 0.597      ;
; 0.353 ; col[0]                      ; col[0]                                                                                                            ; clk          ; clk         ; 0.000        ; 0.073      ; 0.597      ;
; 0.353 ; col[3]                      ; col[3]                                                                                                            ; clk          ; clk         ; 0.000        ; 0.073      ; 0.597      ;
; 0.353 ; row[3]                      ; row[3]                                                                                                            ; clk          ; clk         ; 0.000        ; 0.073      ; 0.597      ;
; 0.353 ; row[4]                      ; row[4]                                                                                                            ; clk          ; clk         ; 0.000        ; 0.073      ; 0.597      ;
; 0.353 ; row[2]                      ; row[2]                                                                                                            ; clk          ; clk         ; 0.000        ; 0.073      ; 0.597      ;
; 0.353 ; stt.00110                   ; stt.00110                                                                                                         ; clk          ; clk         ; 0.000        ; 0.073      ; 0.597      ;
; 0.353 ; state.S_UART                ; state.S_UART                                                                                                      ; clk          ; clk         ; 0.000        ; 0.073      ; 0.597      ;
; 0.353 ; state.S_DONE                ; state.S_DONE                                                                                                      ; clk          ; clk         ; 0.000        ; 0.073      ; 0.597      ;
; 0.353 ; state.S_ARGMAX              ; state.S_ARGMAX                                                                                                    ; clk          ; clk         ; 0.000        ; 0.073      ; 0.597      ;
; 0.353 ; state.S_IDLE                ; state.S_IDLE                                                                                                      ; clk          ; clk         ; 0.000        ; 0.073      ; 0.597      ;
; 0.353 ; cls[3]                      ; cls[3]                                                                                                            ; clk          ; clk         ; 0.000        ; 0.073      ; 0.597      ;
; 0.353 ; cls[1]                      ; cls[1]                                                                                                            ; clk          ; clk         ; 0.000        ; 0.073      ; 0.597      ;
; 0.353 ; cls[0]                      ; cls[0]                                                                                                            ; clk          ; clk         ; 0.000        ; 0.073      ; 0.597      ;
; 0.353 ; cls[2]                      ; cls[2]                                                                                                            ; clk          ; clk         ; 0.000        ; 0.073      ; 0.597      ;
; 0.353 ; i[8]                        ; i[8]                                                                                                              ; clk          ; clk         ; 0.000        ; 0.073      ; 0.597      ;
; 0.353 ; i[5]                        ; i[5]                                                                                                              ; clk          ; clk         ; 0.000        ; 0.073      ; 0.597      ;
; 0.353 ; i[6]                        ; i[6]                                                                                                              ; clk          ; clk         ; 0.000        ; 0.073      ; 0.597      ;
; 0.353 ; i[7]                        ; i[7]                                                                                                              ; clk          ; clk         ; 0.000        ; 0.073      ; 0.597      ;
; 0.353 ; i[4]                        ; i[4]                                                                                                              ; clk          ; clk         ; 0.000        ; 0.073      ; 0.597      ;
; 0.354 ; addr_fcw[0]                 ; addr_fcw[0]                                                                                                       ; clk          ; clk         ; 0.000        ; 0.072      ; 0.597      ;
; 0.354 ; best_digit[3]               ; best_digit[3]                                                                                                     ; clk          ; clk         ; 0.000        ; 0.072      ; 0.597      ;
; 0.354 ; best_digit[2]               ; best_digit[2]                                                                                                     ; clk          ; clk         ; 0.000        ; 0.072      ; 0.597      ;
; 0.354 ; best_digit[1]               ; best_digit[1]                                                                                                     ; clk          ; clk         ; 0.000        ; 0.072      ; 0.597      ;
; 0.354 ; best_digit[0]               ; best_digit[0]                                                                                                     ; clk          ; clk         ; 0.000        ; 0.072      ; 0.597      ;
; 0.354 ; stt_uart.00010              ; stt_uart.00010                                                                                                    ; clk          ; clk         ; 0.000        ; 0.072      ; 0.597      ;
; 0.354 ; stt_uart.00000              ; stt_uart.00000                                                                                                    ; clk          ; clk         ; 0.000        ; 0.072      ; 0.597      ;
; 0.354 ; stt_uart.00101              ; stt_uart.00101                                                                                                    ; clk          ; clk         ; 0.000        ; 0.072      ; 0.597      ;
; 0.354 ; kh[1]                       ; kh[1]                                                                                                             ; clk          ; clk         ; 0.000        ; 0.072      ; 0.597      ;
; 0.354 ; kh[0]                       ; kh[0]                                                                                                             ; clk          ; clk         ; 0.000        ; 0.072      ; 0.597      ;
; 0.354 ; kw[1]                       ; kw[1]                                                                                                             ; clk          ; clk         ; 0.000        ; 0.072      ; 0.597      ;
; 0.354 ; ic[2]                       ; ic[2]                                                                                                             ; clk          ; clk         ; 0.000        ; 0.072      ; 0.597      ;
; 0.354 ; ic[1]                       ; ic[1]                                                                                                             ; clk          ; clk         ; 0.000        ; 0.072      ; 0.597      ;
; 0.355 ; uartRead:read1|rx_shift[0]  ; uartRead:read1|rx_shift[0]                                                                                        ; clk          ; clk         ; 0.000        ; 0.071      ; 0.597      ;
; 0.355 ; uartRead:read1|rx_shift[1]  ; uartRead:read1|rx_shift[1]                                                                                        ; clk          ; clk         ; 0.000        ; 0.071      ; 0.597      ;
; 0.355 ; uartRead:read1|rx_shift[2]  ; uartRead:read1|rx_shift[2]                                                                                        ; clk          ; clk         ; 0.000        ; 0.071      ; 0.597      ;
; 0.355 ; uartRead:read1|rx_shift[3]  ; uartRead:read1|rx_shift[3]                                                                                        ; clk          ; clk         ; 0.000        ; 0.071      ; 0.597      ;
; 0.355 ; uartRead:read1|rx_shift[4]  ; uartRead:read1|rx_shift[4]                                                                                        ; clk          ; clk         ; 0.000        ; 0.071      ; 0.597      ;
; 0.355 ; uartRead:read1|rx_shift[5]  ; uartRead:read1|rx_shift[5]                                                                                        ; clk          ; clk         ; 0.000        ; 0.071      ; 0.597      ;
; 0.355 ; uartRead:read1|rx_shift[6]  ; uartRead:read1|rx_shift[6]                                                                                        ; clk          ; clk         ; 0.000        ; 0.071      ; 0.597      ;
; 0.355 ; uartRead:read1|rx_shift[7]  ; uartRead:read1|rx_shift[7]                                                                                        ; clk          ; clk         ; 0.000        ; 0.071      ; 0.597      ;
; 0.355 ; addr_uart_img[0]            ; addr_uart_img[0]                                                                                                  ; clk          ; clk         ; 0.000        ; 0.071      ; 0.597      ;
; 0.355 ; uartRead:read1|state.STOP   ; uartRead:read1|state.STOP                                                                                         ; clk          ; clk         ; 0.000        ; 0.071      ; 0.597      ;
; 0.355 ; uartRead:read1|state.START  ; uartRead:read1|state.START                                                                                        ; clk          ; clk         ; 0.000        ; 0.071      ; 0.597      ;
; 0.355 ; uartRead:read1|state.DATA   ; uartRead:read1|state.DATA                                                                                         ; clk          ; clk         ; 0.000        ; 0.071      ; 0.597      ;
; 0.355 ; uartRead:read1|bit_index[0] ; uartRead:read1|bit_index[0]                                                                                       ; clk          ; clk         ; 0.000        ; 0.071      ; 0.597      ;
; 0.355 ; uartRead:read1|bit_index[1] ; uartRead:read1|bit_index[1]                                                                                       ; clk          ; clk         ; 0.000        ; 0.071      ; 0.597      ;
; 0.355 ; uartRead:read1|bit_index[2] ; uartRead:read1|bit_index[2]                                                                                       ; clk          ; clk         ; 0.000        ; 0.071      ; 0.597      ;
; 0.364 ; state.S_POOL2               ; state.S_POOL2                                                                                                     ; clk          ; clk         ; 0.000        ; 0.073      ; 0.608      ;
; 0.364 ; ch[0]                       ; ch[0]                                                                                                             ; clk          ; clk         ; 0.000        ; 0.073      ; 0.608      ;
; 0.364 ; state.S_POOL1               ; state.S_POOL1                                                                                                     ; clk          ; clk         ; 0.000        ; 0.073      ; 0.608      ;
; 0.365 ; kw[0]                       ; kw[0]                                                                                                             ; clk          ; clk         ; 0.000        ; 0.072      ; 0.608      ;
; 0.365 ; ic[0]                       ; ic[0]                                                                                                             ; clk          ; clk         ; 0.000        ; 0.072      ; 0.608      ;
; 0.379 ; data_w_uart_img[1]          ; ram_uart:u_ram_uart|altsyncram:altsyncram_component|altsyncram_off2:auto_generated|ram_block1a0~porta_datain_reg0 ; clk          ; clk         ; 0.000        ; 0.406      ; 0.986      ;
; 0.397 ; uartRead:read1|rx_shift[0]  ; uartRead:read1|data[0]                                                                                            ; clk          ; clk         ; 0.000        ; 0.071      ; 0.639      ;
; 0.397 ; uartRead:read1|rx_shift[3]  ; uartRead:read1|data[3]                                                                                            ; clk          ; clk         ; 0.000        ; 0.071      ; 0.639      ;
; 0.397 ; uartRead:read1|rx_shift[6]  ; uartRead:read1|data[6]                                                                                            ; clk          ; clk         ; 0.000        ; 0.071      ; 0.639      ;
; 0.397 ; uartRead:read1|rx_shift[7]  ; uartRead:read1|data[7]                                                                                            ; clk          ; clk         ; 0.000        ; 0.071      ; 0.639      ;
; 0.398 ; uartRead:read1|rx_shift[4]  ; uartRead:read1|data[4]                                                                                            ; clk          ; clk         ; 0.000        ; 0.071      ; 0.640      ;
; 0.398 ; uartRead:read1|rx_shift[5]  ; uartRead:read1|data[5]                                                                                            ; clk          ; clk         ; 0.000        ; 0.071      ; 0.640      ;
; 0.399 ; uartRead:read1|rx_shift[1]  ; uartRead:read1|data[1]                                                                                            ; clk          ; clk         ; 0.000        ; 0.071      ; 0.641      ;
; 0.401 ; uartRead:read1|clk_count[8] ; uartRead:read1|clk_count[8]                                                                                       ; clk          ; clk         ; 0.000        ; 0.070      ; 0.642      ;
; 0.410 ; ic[1]                       ; ic[2]                                                                                                             ; clk          ; clk         ; 0.000        ; 0.072      ; 0.653      ;
; 0.416 ; max_val[23]                 ; data_w_pool1[23]                                                                                                  ; clk          ; clk         ; 0.000        ; 0.072      ; 0.659      ;
; 0.418 ; max_val[28]                 ; data_w_pool1[28]                                                                                                  ; clk          ; clk         ; 0.000        ; 0.072      ; 0.661      ;
; 0.418 ; max_val[9]                  ; data_w_pool1[9]                                                                                                   ; clk          ; clk         ; 0.000        ; 0.072      ; 0.661      ;
; 0.419 ; kh[1]                       ; kh[2]                                                                                                             ; clk          ; clk         ; 0.000        ; 0.072      ; 0.662      ;
; 0.422 ; stt_uart.00110              ; stt_uart.00001                                                                                                    ; clk          ; clk         ; 0.000        ; 0.072      ; 0.665      ;
; 0.425 ; uartRead:read1|state.DATA   ; uartRead:read1|bit_index[0]                                                                                       ; clk          ; clk         ; 0.000        ; 0.071      ; 0.667      ;
; 0.438 ; kw[0]                       ; kw[2]                                                                                                             ; clk          ; clk         ; 0.000        ; 0.072      ; 0.681      ;
; 0.507 ; score_rtl_0_bypass[11]      ; best_score[2]                                                                                                     ; clk          ; clk         ; 0.000        ; 0.072      ; 0.750      ;
; 0.507 ; score_rtl_0_bypass[12]      ; best_score[3]                                                                                                     ; clk          ; clk         ; 0.000        ; 0.072      ; 0.750      ;
; 0.507 ; score_rtl_0_bypass[17]      ; best_score[8]                                                                                                     ; clk          ; clk         ; 0.000        ; 0.073      ; 0.751      ;
; 0.507 ; score_rtl_0_bypass[28]      ; best_score[19]                                                                                                    ; clk          ; clk         ; 0.000        ; 0.073      ; 0.751      ;
; 0.507 ; score_rtl_0_bypass[34]      ; best_score[25]                                                                                                    ; clk          ; clk         ; 0.000        ; 0.073      ; 0.751      ;
; 0.508 ; score_rtl_0_bypass[32]      ; best_score[23]                                                                                                    ; clk          ; clk         ; 0.000        ; 0.072      ; 0.751      ;
; 0.508 ; score_rtl_0_bypass[37]      ; best_score[28]                                                                                                    ; clk          ; clk         ; 0.000        ; 0.073      ; 0.752      ;
; 0.509 ; score_rtl_0_bypass[16]      ; best_score[7]                                                                                                     ; clk          ; clk         ; 0.000        ; 0.072      ; 0.752      ;
; 0.539 ; kw[1]                       ; kw[2]                                                                                                             ; clk          ; clk         ; 0.000        ; 0.072      ; 0.782      ;
; 0.546 ; state.S_DONE                ; state.S_CONV1                                                                                                     ; clk          ; clk         ; 0.000        ; 0.073      ; 0.790      ;
; 0.549 ; uartRead:read1|data[2]      ; data_w_uart_img[2]                                                                                                ; clk          ; clk         ; 0.000        ; 0.073      ; 0.793      ;
; 0.549 ; uartRead:read1|data[7]      ; data_w_uart_img[7]                                                                                                ; clk          ; clk         ; 0.000        ; 0.073      ; 0.793      ;
; 0.552 ; uartRead:read1|rx_shift[2]  ; uartRead:read1|data[2]                                                                                            ; clk          ; clk         ; 0.000        ; 0.071      ; 0.794      ;
; 0.554 ; best_digit[2]               ; digit[2]                                                                                                          ; clk          ; clk         ; 0.000        ; 0.072      ; 0.797      ;
; 0.555 ; best_digit[0]               ; digit[0]                                                                                                          ; clk          ; clk         ; 0.000        ; 0.072      ; 0.798      ;
; 0.557 ; best_digit[1]               ; digit[1]                                                                                                          ; clk          ; clk         ; 0.000        ; 0.072      ; 0.800      ;
; 0.558 ; best_digit[3]               ; digit[3]                                                                                                          ; clk          ; clk         ; 0.000        ; 0.072      ; 0.801      ;
+-------+-----------------------------+-------------------------------------------------------------------------------------------------------------------+--------------+-------------+--------------+------------+------------+


+--------------------------------------------------------------------------------------------------------------------------------------------------------+
; Slow 1200mV 0C Model Hold: 'uartWrite:u5|clock'                                                                                                        ;
+-------+------------------------------+------------------------------+--------------------+--------------------+--------------+------------+------------+
; Slack ; From Node                    ; To Node                      ; Launch Clock       ; Latch Clock        ; Relationship ; Clock Skew ; Data Delay ;
+-------+------------------------------+------------------------------+--------------------+--------------------+--------------+------------+------------+
; 0.354 ; uartWrite:u5|stt_tx.00001100 ; uartWrite:u5|stt_tx.00001100 ; uartWrite:u5|clock ; uartWrite:u5|clock ; 0.000        ; 0.072      ; 0.597      ;
; 0.354 ; uartWrite:u5|fb              ; uartWrite:u5|fb              ; uartWrite:u5|clock ; uartWrite:u5|clock ; 0.000        ; 0.072      ; 0.597      ;
; 0.500 ; uartWrite:u5|stt_tx.00000000 ; uartWrite:u5|stt_tx.00000001 ; uartWrite:u5|clock ; uartWrite:u5|clock ; 0.000        ; 0.073      ; 0.744      ;
; 0.506 ; uartWrite:u5|stt_tx.00000001 ; uartWrite:u5|stt_tx.00000010 ; uartWrite:u5|clock ; uartWrite:u5|clock ; 0.000        ; 0.073      ; 0.750      ;
; 0.587 ; uartWrite:u5|stt_tx.00000010 ; uartWrite:u5|stt_tx.00000011 ; uartWrite:u5|clock ; uartWrite:u5|clock ; 0.000        ; 0.073      ; 0.831      ;
; 0.592 ; uartWrite:u5|stt_tx.00001001 ; uartWrite:u5|stt_tx.00001010 ; uartWrite:u5|clock ; uartWrite:u5|clock ; 0.000        ; 0.073      ; 0.836      ;
; 0.592 ; uartWrite:u5|stt_tx.00000011 ; uartWrite:u5|stt_tx.00000100 ; uartWrite:u5|clock ; uartWrite:u5|clock ; 0.000        ; 0.073      ; 0.836      ;
; 0.604 ; uartWrite:u5|stt_tx.00001010 ; uartWrite:u5|stt_tx.00001011 ; uartWrite:u5|clock ; uartWrite:u5|clock ; 0.000        ; 0.073      ; 0.848      ;
; 0.619 ; uartWrite:u5|stt_tx.00001011 ; uartWrite:u5|stt_tx.00001100 ; uartWrite:u5|clock ; uartWrite:u5|clock ; 0.000        ; 0.074      ; 0.864      ;
; 0.689 ; uartWrite:u5|stt_tx.00000101 ; uartWrite:u5|stt_tx.00000110 ; uartWrite:u5|clock ; uartWrite:u5|clock ; 0.000        ; 0.072      ; 0.932      ;
; 0.691 ; uartWrite:u5|stt_tx.00000111 ; uartWrite:u5|stt_tx.00001000 ; uartWrite:u5|clock ; uartWrite:u5|clock ; 0.000        ; 0.072      ; 0.934      ;
; 0.693 ; uartWrite:u5|stt_tx.00000110 ; uartWrite:u5|stt_tx.00000111 ; uartWrite:u5|clock ; uartWrite:u5|clock ; 0.000        ; 0.072      ; 0.936      ;
; 0.708 ; uartWrite:u5|stt_tx.00001011 ; uartWrite:u5|tx              ; uartWrite:u5|clock ; uartWrite:u5|clock ; 0.000        ; 0.073      ; 0.952      ;
; 0.766 ; uartWrite:u5|stt_tx.00001000 ; uartWrite:u5|stt_tx.00001001 ; uartWrite:u5|clock ; uartWrite:u5|clock ; 0.000        ; 0.073      ; 1.010      ;
; 0.771 ; uartWrite:u5|stt_tx.00001011 ; uartWrite:u5|fb              ; uartWrite:u5|clock ; uartWrite:u5|clock ; 0.000        ; 0.075      ; 1.017      ;
; 0.791 ; uartWrite:u5|stt_tx.00000100 ; uartWrite:u5|stt_tx.00000101 ; uartWrite:u5|clock ; uartWrite:u5|clock ; 0.000        ; 0.072      ; 1.034      ;
; 0.934 ; uartWrite:u5|stt_tx.00000000 ; uartWrite:u5|tx              ; uartWrite:u5|clock ; uartWrite:u5|clock ; 0.000        ; 0.073      ; 1.178      ;
; 1.007 ; uartWrite:u5|stt_tx.00000010 ; uartWrite:u5|tx              ; uartWrite:u5|clock ; uartWrite:u5|clock ; 0.000        ; 0.073      ; 1.251      ;
; 1.034 ; uartWrite:u5|stt_tx.00001010 ; uartWrite:u5|tx              ; uartWrite:u5|clock ; uartWrite:u5|clock ; 0.000        ; 0.073      ; 1.278      ;
; 1.035 ; run                          ; uartWrite:u5|stt_tx.00000011 ; clk                ; uartWrite:u5|clock ; 0.000        ; -0.161     ; 1.075      ;
; 1.036 ; run                          ; uartWrite:u5|stt_tx.00000010 ; clk                ; uartWrite:u5|clock ; 0.000        ; -0.161     ; 1.076      ;
; 1.037 ; run                          ; uartWrite:u5|stt_tx.00000001 ; clk                ; uartWrite:u5|clock ; 0.000        ; -0.161     ; 1.077      ;
; 1.038 ; run                          ; uartWrite:u5|stt_tx.00000100 ; clk                ; uartWrite:u5|clock ; 0.000        ; -0.161     ; 1.078      ;
; 1.038 ; run                          ; uartWrite:u5|stt_tx.00001001 ; clk                ; uartWrite:u5|clock ; 0.000        ; -0.161     ; 1.078      ;
; 1.038 ; run                          ; uartWrite:u5|stt_tx.00001011 ; clk                ; uartWrite:u5|clock ; 0.000        ; -0.161     ; 1.078      ;
; 1.039 ; run                          ; uartWrite:u5|stt_tx.00001010 ; clk                ; uartWrite:u5|clock ; 0.000        ; -0.161     ; 1.079      ;
; 1.076 ; run                          ; uartWrite:u5|stt_tx.00001100 ; clk                ; uartWrite:u5|clock ; 0.000        ; -0.160     ; 1.117      ;
; 1.102 ; run                          ; uartWrite:u5|stt_tx.00000111 ; clk                ; uartWrite:u5|clock ; 0.000        ; -0.162     ; 1.141      ;
; 1.105 ; run                          ; uartWrite:u5|stt_tx.00000101 ; clk                ; uartWrite:u5|clock ; 0.000        ; -0.162     ; 1.144      ;
; 1.105 ; run                          ; uartWrite:u5|stt_tx.00000110 ; clk                ; uartWrite:u5|clock ; 0.000        ; -0.162     ; 1.144      ;
; 1.106 ; run                          ; uartWrite:u5|stt_tx.00001000 ; clk                ; uartWrite:u5|clock ; 0.000        ; -0.162     ; 1.145      ;
; 1.203 ; run                          ; uartWrite:u5|stt_tx.00000000 ; clk                ; uartWrite:u5|clock ; 0.000        ; -0.161     ; 1.243      ;
; 1.206 ; data_uart[0]                 ; uartWrite:u5|tx              ; clk                ; uartWrite:u5|clock ; 0.000        ; -0.159     ; 1.248      ;
; 1.220 ; uartWrite:u5|stt_tx.00000111 ; uartWrite:u5|tx              ; uartWrite:u5|clock ; uartWrite:u5|clock ; 0.000        ; 0.073      ; 1.464      ;
; 1.280 ; run                          ; uartWrite:u5|fb              ; clk                ; uartWrite:u5|clock ; 0.000        ; -0.159     ; 1.322      ;
; 1.281 ; uartWrite:u5|stt_tx.00000011 ; uartWrite:u5|tx              ; uartWrite:u5|clock ; uartWrite:u5|clock ; 0.000        ; 0.073      ; 1.525      ;
; 1.332 ; data_uart[5]                 ; uartWrite:u5|tx              ; clk                ; uartWrite:u5|clock ; 0.000        ; -0.159     ; 1.374      ;
; 1.348 ; uartWrite:u5|stt_tx.00000110 ; uartWrite:u5|tx              ; uartWrite:u5|clock ; uartWrite:u5|clock ; 0.000        ; 0.073      ; 1.592      ;
; 1.413 ; uartWrite:u5|stt_tx.00001000 ; uartWrite:u5|tx              ; uartWrite:u5|clock ; uartWrite:u5|clock ; 0.000        ; 0.073      ; 1.657      ;
; 1.452 ; data_uart[1]                 ; uartWrite:u5|tx              ; clk                ; uartWrite:u5|clock ; 0.000        ; -0.159     ; 1.494      ;
; 1.453 ; data_uart[7]                 ; uartWrite:u5|tx              ; clk                ; uartWrite:u5|clock ; 0.000        ; -0.159     ; 1.495      ;
; 1.462 ; uartWrite:u5|stt_tx.00001100 ; uartWrite:u5|tx              ; uartWrite:u5|clock ; uartWrite:u5|clock ; 0.000        ; 0.071      ; 1.704      ;
; 1.475 ; run                          ; uartWrite:u5|tx              ; clk                ; uartWrite:u5|clock ; 0.000        ; -0.161     ; 1.515      ;
; 1.475 ; uartWrite:u5|stt_tx.00001001 ; uartWrite:u5|tx              ; uartWrite:u5|clock ; uartWrite:u5|clock ; 0.000        ; 0.073      ; 1.719      ;
; 1.479 ; data_uart[3]                 ; uartWrite:u5|tx              ; clk                ; uartWrite:u5|clock ; 0.000        ; -0.159     ; 1.521      ;
; 1.485 ; uartWrite:u5|stt_tx.00000100 ; uartWrite:u5|tx              ; uartWrite:u5|clock ; uartWrite:u5|clock ; 0.000        ; 0.073      ; 1.729      ;
; 1.535 ; uartWrite:u5|tx              ; uartWrite:u5|tx              ; uartWrite:u5|clock ; uartWrite:u5|clock ; 0.000        ; 0.073      ; 1.779      ;
; 1.555 ; uartWrite:u5|stt_tx.00000101 ; uartWrite:u5|tx              ; uartWrite:u5|clock ; uartWrite:u5|clock ; 0.000        ; 0.073      ; 1.799      ;
; 1.595 ; data_uart[6]                 ; uartWrite:u5|tx              ; clk                ; uartWrite:u5|clock ; 0.000        ; -0.159     ; 1.637      ;
; 1.665 ; data_uart[2]                 ; uartWrite:u5|tx              ; clk                ; uartWrite:u5|clock ; 0.000        ; -0.159     ; 1.707      ;
; 1.719 ; data_uart[4]                 ; uartWrite:u5|tx              ; clk                ; uartWrite:u5|clock ; 0.000        ; -0.159     ; 1.761      ;
+-------+------------------------------+------------------------------+--------------------+--------------------+--------------+------------+------------+


+------------------------------------------------------------------------------------------------------------------------------------------------------------------------------------------------------------------------------------------------------------------+
; Slow 1200mV 0C Model Hold: 'u_pll|altpll_component|auto_generated|pll1|clk[0]'                                                                                                                                                                                   ;
+-------+----------------------+-----------------------------------------------------------------------------------------------------------------------+--------------+---------------------------------------------------+--------------+------------+------------+
; Slack ; From Node            ; To Node                                                                                                               ; Launch Clock ; Latch Clock                                       ; Relationship ; Clock Skew ; Data Delay ;
+-------+----------------------+-----------------------------------------------------------------------------------------------------------------------+--------------+---------------------------------------------------+--------------+------------+------------+
; 2.591 ; addr_conv1w[6]       ; conv1:conv1_w|altsyncram:altsyncram_component|altsyncram_ejk1:auto_generated|ram_block1a0~porta_address_reg0          ; clk          ; u_pll|altpll_component|auto_generated|pll1|clk[0] ; 0.000        ; -1.947     ; 0.945      ;
; 2.592 ; addr_conv2w[0]       ; conv2_w:u_conv2w|altsyncram:altsyncram_component|altsyncram_2jk1:auto_generated|ram_block1a6~porta_address_reg0       ; clk          ; u_pll|altpll_component|auto_generated|pll1|clk[0] ; 0.000        ; -1.945     ; 0.948      ;
; 2.595 ; addr_fcw[11]         ; fc_w:u_fc_w|altsyncram:altsyncram_component|altsyncram_bak1:auto_generated|ram_block1a1~porta_address_reg0            ; clk          ; u_pll|altpll_component|auto_generated|pll1|clk[0] ; 0.000        ; -1.951     ; 0.945      ;
; 2.595 ; data_w_img_conv2[13] ; img_conv2:u_img_conv2|altsyncram:altsyncram_component|altsyncram_45i1:auto_generated|ram_block1a6~porta_datain_reg0   ; clk          ; u_pll|altpll_component|auto_generated|pll1|clk[0] ; 0.000        ; -1.948     ; 0.948      ;
; 2.598 ; data_w_img_conv2[12] ; img_conv2:u_img_conv2|altsyncram:altsyncram_component|altsyncram_45i1:auto_generated|ram_block1a6~porta_datain_reg0   ; clk          ; u_pll|altpll_component|auto_generated|pll1|clk[0] ; 0.000        ; -1.948     ; 0.951      ;
; 2.599 ; addr_conv2w[6]       ; conv2_w:u_conv2w|altsyncram:altsyncram_component|altsyncram_2jk1:auto_generated|ram_block1a6~porta_address_reg0       ; clk          ; u_pll|altpll_component|auto_generated|pll1|clk[0] ; 0.000        ; -1.945     ; 0.955      ;
; 2.601 ; addr_fcw[2]          ; fc_w:u_fc_w|altsyncram:altsyncram_component|altsyncram_bak1:auto_generated|ram_block1a1~porta_address_reg0            ; clk          ; u_pll|altpll_component|auto_generated|pll1|clk[0] ; 0.000        ; -1.951     ; 0.951      ;
; 2.602 ; data_w_img_conv2[9]  ; img_conv2:u_img_conv2|altsyncram:altsyncram_component|altsyncram_45i1:auto_generated|ram_block1a6~porta_datain_reg0   ; clk          ; u_pll|altpll_component|auto_generated|pll1|clk[0] ; 0.000        ; -1.948     ; 0.955      ;
; 2.604 ; data_w_img_conv1[1]  ; img_conv1:u_img_conv1|altsyncram:altsyncram_component|altsyncram_i5i1:auto_generated|ram_block1a1~porta_datain_reg0   ; clk          ; u_pll|altpll_component|auto_generated|pll1|clk[0] ; 0.000        ; -1.945     ; 0.960      ;
; 2.605 ; addr_conv1w[3]       ; conv1:conv1_w|altsyncram:altsyncram_component|altsyncram_ejk1:auto_generated|ram_block1a0~porta_address_reg0          ; clk          ; u_pll|altpll_component|auto_generated|pll1|clk[0] ; 0.000        ; -1.947     ; 0.959      ;
; 2.605 ; addr_conv2w[9]       ; conv2_w:u_conv2w|altsyncram:altsyncram_component|altsyncram_2jk1:auto_generated|ram_block1a6~porta_address_reg0       ; clk          ; u_pll|altpll_component|auto_generated|pll1|clk[0] ; 0.000        ; -1.946     ; 0.960      ;
; 2.606 ; addr_fcw[10]         ; fc_w:u_fc_w|altsyncram:altsyncram_component|altsyncram_bak1:auto_generated|ram_block1a11~porta_address_reg0           ; clk          ; u_pll|altpll_component|auto_generated|pll1|clk[0] ; 0.000        ; -1.952     ; 0.955      ;
; 2.607 ; data_w_img_conv2[7]  ; img_conv2:u_img_conv2|altsyncram:altsyncram_component|altsyncram_45i1:auto_generated|ram_block1a6~porta_datain_reg0   ; clk          ; u_pll|altpll_component|auto_generated|pll1|clk[0] ; 0.000        ; -1.946     ; 0.962      ;
; 2.609 ; addr_conv1w[1]       ; conv1:conv1_w|altsyncram:altsyncram_component|altsyncram_ejk1:auto_generated|ram_block1a0~porta_address_reg0          ; clk          ; u_pll|altpll_component|auto_generated|pll1|clk[0] ; 0.000        ; -1.947     ; 0.963      ;
; 2.611 ; data_w_img_conv2[14] ; img_conv2:u_img_conv2|altsyncram:altsyncram_component|altsyncram_45i1:auto_generated|ram_block1a6~porta_datain_reg0   ; clk          ; u_pll|altpll_component|auto_generated|pll1|clk[0] ; 0.000        ; -1.948     ; 0.964      ;
; 2.611 ; addr_conv2w[2]       ; conv2_w:u_conv2w|altsyncram:altsyncram_component|altsyncram_2jk1:auto_generated|ram_block1a6~porta_address_reg0       ; clk          ; u_pll|altpll_component|auto_generated|pll1|clk[0] ; 0.000        ; -1.945     ; 0.967      ;
; 2.611 ; addr_conv2w[4]       ; conv2_w:u_conv2w|altsyncram:altsyncram_component|altsyncram_2jk1:auto_generated|ram_block1a6~porta_address_reg0       ; clk          ; u_pll|altpll_component|auto_generated|pll1|clk[0] ; 0.000        ; -1.945     ; 0.967      ;
; 2.612 ; addr_fcw[9]          ; fc_w:u_fc_w|altsyncram:altsyncram_component|altsyncram_bak1:auto_generated|ram_block1a11~porta_address_reg0           ; clk          ; u_pll|altpll_component|auto_generated|pll1|clk[0] ; 0.000        ; -1.952     ; 0.961      ;
; 2.617 ; addr_pool1[8]        ; pool1:u_pool1|altsyncram:altsyncram_component|altsyncram_a9g1:auto_generated|ram_block1a22~porta_address_reg0         ; clk          ; u_pll|altpll_component|auto_generated|pll1|clk[0] ; 0.000        ; -1.956     ; 0.962      ;
; 2.618 ; addr_fcw[10]         ; fc_w:u_fc_w|altsyncram:altsyncram_component|altsyncram_bak1:auto_generated|ram_block1a13~porta_address_reg0           ; clk          ; u_pll|altpll_component|auto_generated|pll1|clk[0] ; 0.000        ; -1.953     ; 0.966      ;
; 2.619 ; addr_fcw[0]          ; fc_w:u_fc_w|altsyncram:altsyncram_component|altsyncram_bak1:auto_generated|ram_block1a1~porta_address_reg0            ; clk          ; u_pll|altpll_component|auto_generated|pll1|clk[0] ; 0.000        ; -1.951     ; 0.969      ;
; 2.626 ; addr_fcw[9]          ; fc_w:u_fc_w|altsyncram:altsyncram_component|altsyncram_bak1:auto_generated|ram_block1a13~porta_address_reg0           ; clk          ; u_pll|altpll_component|auto_generated|pll1|clk[0] ; 0.000        ; -1.953     ; 0.974      ;
; 2.626 ; addr_pool1[3]        ; pool1:u_pool1|altsyncram:altsyncram_component|altsyncram_a9g1:auto_generated|ram_block1a14~porta_address_reg0         ; clk          ; u_pll|altpll_component|auto_generated|pll1|clk[0] ; 0.000        ; -1.956     ; 0.971      ;
; 2.626 ; addr_conv2w[9]       ; conv2_w:u_conv2w|altsyncram:altsyncram_component|altsyncram_2jk1:auto_generated|ram_block1a4~porta_address_reg0       ; clk          ; u_pll|altpll_component|auto_generated|pll1|clk[0] ; 0.000        ; -1.948     ; 0.979      ;
; 2.627 ; data_w_img_conv2[10] ; img_conv2:u_img_conv2|altsyncram:altsyncram_component|altsyncram_45i1:auto_generated|ram_block1a6~porta_datain_reg0   ; clk          ; u_pll|altpll_component|auto_generated|pll1|clk[0] ; 0.000        ; -1.948     ; 0.980      ;
; 2.628 ; addr_pool1[10]       ; pool1:u_pool1|altsyncram:altsyncram_component|altsyncram_a9g1:auto_generated|ram_block1a22~porta_address_reg0         ; clk          ; u_pll|altpll_component|auto_generated|pll1|clk[0] ; 0.000        ; -1.956     ; 0.973      ;
; 2.628 ; addr_pool1[7]        ; pool1:u_pool1|altsyncram:altsyncram_component|altsyncram_a9g1:auto_generated|ram_block1a26~porta_address_reg0         ; clk          ; u_pll|altpll_component|auto_generated|pll1|clk[0] ; 0.000        ; -1.943     ; 0.986      ;
; 2.629 ; addr_conv2w[6]       ; conv2_w:u_conv2w|altsyncram:altsyncram_component|altsyncram_2jk1:auto_generated|ram_block1a8~porta_address_reg0       ; clk          ; u_pll|altpll_component|auto_generated|pll1|clk[0] ; 0.000        ; -1.950     ; 0.980      ;
; 2.631 ; addr_fcw[1]          ; fc_w:u_fc_w|altsyncram:altsyncram_component|altsyncram_bak1:auto_generated|ram_block1a1~porta_address_reg0            ; clk          ; u_pll|altpll_component|auto_generated|pll1|clk[0] ; 0.000        ; -1.951     ; 0.981      ;
; 2.631 ; addr_conv2w[4]       ; conv2_w:u_conv2w|altsyncram:altsyncram_component|altsyncram_2jk1:auto_generated|ram_block1a8~porta_address_reg0       ; clk          ; u_pll|altpll_component|auto_generated|pll1|clk[0] ; 0.000        ; -1.950     ; 0.982      ;
; 2.634 ; addr_conv2w[11]      ; conv2_w:u_conv2w|altsyncram:altsyncram_component|altsyncram_2jk1:auto_generated|ram_block1a6~porta_address_reg0       ; clk          ; u_pll|altpll_component|auto_generated|pll1|clk[0] ; 0.000        ; -1.946     ; 0.989      ;
; 2.635 ; addr_conv1w[8]       ; conv1:conv1_w|altsyncram:altsyncram_component|altsyncram_ejk1:auto_generated|ram_block1a0~porta_address_reg0          ; clk          ; u_pll|altpll_component|auto_generated|pll1|clk[0] ; 0.000        ; -1.947     ; 0.989      ;
; 2.636 ; addr_fcw[8]          ; fc_w:u_fc_w|altsyncram:altsyncram_component|altsyncram_bak1:auto_generated|ram_block1a11~porta_address_reg0           ; clk          ; u_pll|altpll_component|auto_generated|pll1|clk[0] ; 0.000        ; -1.952     ; 0.985      ;
; 2.638 ; data_w_img_conv2[11] ; img_conv2:u_img_conv2|altsyncram:altsyncram_component|altsyncram_45i1:auto_generated|ram_block1a6~porta_datain_reg0   ; clk          ; u_pll|altpll_component|auto_generated|pll1|clk[0] ; 0.000        ; -1.948     ; 0.991      ;
; 2.639 ; addr_pool1[10]       ; pool1:u_pool1|altsyncram:altsyncram_component|altsyncram_a9g1:auto_generated|ram_block1a14~porta_address_reg0         ; clk          ; u_pll|altpll_component|auto_generated|pll1|clk[0] ; 0.000        ; -1.956     ; 0.984      ;
; 2.640 ; data_w_pool2[10]     ; pool2:u_pool2|altsyncram:altsyncram_component|altsyncram_h2i1:auto_generated|ram_block1a0~porta_datain_reg0           ; clk          ; u_pll|altpll_component|auto_generated|pll1|clk[0] ; 0.000        ; -1.953     ; 0.988      ;
; 2.640 ; addr_pool1[7]        ; pool1:u_pool1|altsyncram:altsyncram_component|altsyncram_a9g1:auto_generated|ram_block1a10~porta_address_reg0         ; clk          ; u_pll|altpll_component|auto_generated|pll1|clk[0] ; 0.000        ; -1.943     ; 0.998      ;
; 2.640 ; addr_conv1w[2]       ; conv1:conv1_w|altsyncram:altsyncram_component|altsyncram_ejk1:auto_generated|ram_block1a0~porta_address_reg0          ; clk          ; u_pll|altpll_component|auto_generated|pll1|clk[0] ; 0.000        ; -1.947     ; 0.994      ;
; 2.641 ; addr_conv1w[5]       ; conv1:conv1_w|altsyncram:altsyncram_component|altsyncram_ejk1:auto_generated|ram_block1a0~porta_address_reg0          ; clk          ; u_pll|altpll_component|auto_generated|pll1|clk[0] ; 0.000        ; -1.947     ; 0.995      ;
; 2.642 ; addr_pool1[3]        ; pool1:u_pool1|altsyncram:altsyncram_component|altsyncram_a9g1:auto_generated|ram_block1a26~porta_address_reg0         ; clk          ; u_pll|altpll_component|auto_generated|pll1|clk[0] ; 0.000        ; -1.943     ; 1.000      ;
; 2.645 ; addr_pool1[4]        ; pool1:u_pool1|altsyncram:altsyncram_component|altsyncram_a9g1:auto_generated|ram_block1a0~porta_address_reg0          ; clk          ; u_pll|altpll_component|auto_generated|pll1|clk[0] ; 0.000        ; -1.944     ; 1.002      ;
; 2.647 ; addr_pool1[7]        ; pool1:u_pool1|altsyncram:altsyncram_component|altsyncram_a9g1:auto_generated|ram_block1a0~porta_address_reg0          ; clk          ; u_pll|altpll_component|auto_generated|pll1|clk[0] ; 0.000        ; -1.944     ; 1.004      ;
; 2.647 ; addr_conv2w[4]       ; conv2_w:u_conv2w|altsyncram:altsyncram_component|altsyncram_2jk1:auto_generated|ram_block1a4~porta_address_reg0       ; clk          ; u_pll|altpll_component|auto_generated|pll1|clk[0] ; 0.000        ; -1.947     ; 1.001      ;
; 2.652 ; addr_pool1[10]       ; pool1:u_pool1|altsyncram:altsyncram_component|altsyncram_a9g1:auto_generated|ram_block1a26~porta_address_reg0         ; clk          ; u_pll|altpll_component|auto_generated|pll1|clk[0] ; 0.000        ; -1.943     ; 1.010      ;
; 2.652 ; addr_conv2w[6]       ; conv2_w:u_conv2w|altsyncram:altsyncram_component|altsyncram_2jk1:auto_generated|ram_block1a4~porta_address_reg0       ; clk          ; u_pll|altpll_component|auto_generated|pll1|clk[0] ; 0.000        ; -1.947     ; 1.006      ;
; 2.653 ; addr_pool1[4]        ; pool1:u_pool1|altsyncram:altsyncram_component|altsyncram_a9g1:auto_generated|ram_block1a14~porta_address_reg0         ; clk          ; u_pll|altpll_component|auto_generated|pll1|clk[0] ; 0.000        ; -1.956     ; 0.998      ;
; 2.654 ; data_w_pool2[27]     ; pool2:u_pool2|altsyncram:altsyncram_component|altsyncram_h2i1:auto_generated|ram_block1a14~porta_datain_reg0          ; clk          ; u_pll|altpll_component|auto_generated|pll1|clk[0] ; 0.000        ; -1.954     ; 1.001      ;
; 2.654 ; addr_pool1[8]        ; pool1:u_pool1|altsyncram:altsyncram_component|altsyncram_a9g1:auto_generated|ram_block1a10~porta_address_reg0         ; clk          ; u_pll|altpll_component|auto_generated|pll1|clk[0] ; 0.000        ; -1.943     ; 1.012      ;
; 2.656 ; addr_fcw[4]          ; fc_w:u_fc_w|altsyncram:altsyncram_component|altsyncram_bak1:auto_generated|ram_block1a13~porta_address_reg0           ; clk          ; u_pll|altpll_component|auto_generated|pll1|clk[0] ; 0.000        ; -1.953     ; 1.004      ;
; 2.656 ; addr_fcw[8]          ; fc_w:u_fc_w|altsyncram:altsyncram_component|altsyncram_bak1:auto_generated|ram_block1a13~porta_address_reg0           ; clk          ; u_pll|altpll_component|auto_generated|pll1|clk[0] ; 0.000        ; -1.953     ; 1.004      ;
; 2.656 ; data_w_pool2[9]      ; pool2:u_pool2|altsyncram:altsyncram_component|altsyncram_h2i1:auto_generated|ram_block1a0~porta_datain_reg0           ; clk          ; u_pll|altpll_component|auto_generated|pll1|clk[0] ; 0.000        ; -1.953     ; 1.004      ;
; 2.659 ; addr_pool1[4]        ; pool1:u_pool1|altsyncram:altsyncram_component|altsyncram_a9g1:auto_generated|ram_block1a26~porta_address_reg0         ; clk          ; u_pll|altpll_component|auto_generated|pll1|clk[0] ; 0.000        ; -1.943     ; 1.017      ;
; 2.660 ; data_w_pool2[24]     ; pool2:u_pool2|altsyncram:altsyncram_component|altsyncram_h2i1:auto_generated|ram_block1a14~porta_datain_reg0          ; clk          ; u_pll|altpll_component|auto_generated|pll1|clk[0] ; 0.000        ; -1.953     ; 1.008      ;
; 2.660 ; addr_pool1[3]        ; pool1:u_pool1|altsyncram:altsyncram_component|altsyncram_a9g1:auto_generated|ram_block1a0~porta_address_reg0          ; clk          ; u_pll|altpll_component|auto_generated|pll1|clk[0] ; 0.000        ; -1.944     ; 1.017      ;
; 2.661 ; addr_pool1[8]        ; pool1:u_pool1|altsyncram:altsyncram_component|altsyncram_a9g1:auto_generated|ram_block1a14~porta_address_reg0         ; clk          ; u_pll|altpll_component|auto_generated|pll1|clk[0] ; 0.000        ; -1.956     ; 1.006      ;
; 2.663 ; data_w_pool2[5]      ; pool2:u_pool2|altsyncram:altsyncram_component|altsyncram_h2i1:auto_generated|ram_block1a0~porta_datain_reg0           ; clk          ; u_pll|altpll_component|auto_generated|pll1|clk[0] ; 0.000        ; -1.953     ; 1.011      ;
; 2.663 ; addr_pool1[10]       ; pool1:u_pool1|altsyncram:altsyncram_component|altsyncram_a9g1:auto_generated|ram_block1a10~porta_address_reg0         ; clk          ; u_pll|altpll_component|auto_generated|pll1|clk[0] ; 0.000        ; -1.943     ; 1.021      ;
; 2.664 ; data_w_pool2[25]     ; pool2:u_pool2|altsyncram:altsyncram_component|altsyncram_h2i1:auto_generated|ram_block1a14~porta_datain_reg0          ; clk          ; u_pll|altpll_component|auto_generated|pll1|clk[0] ; 0.000        ; -1.953     ; 1.012      ;
; 2.664 ; data_w_pool2[26]     ; pool2:u_pool2|altsyncram:altsyncram_component|altsyncram_h2i1:auto_generated|ram_block1a14~porta_datain_reg0          ; clk          ; u_pll|altpll_component|auto_generated|pll1|clk[0] ; 0.000        ; -1.954     ; 1.011      ;
; 2.670 ; addr_pool1[4]        ; pool1:u_pool1|altsyncram:altsyncram_component|altsyncram_a9g1:auto_generated|ram_block1a10~porta_address_reg0         ; clk          ; u_pll|altpll_component|auto_generated|pll1|clk[0] ; 0.000        ; -1.943     ; 1.028      ;
; 2.670 ; addr_pool1[10]       ; pool1:u_pool1|altsyncram:altsyncram_component|altsyncram_a9g1:auto_generated|ram_block1a0~porta_address_reg0          ; clk          ; u_pll|altpll_component|auto_generated|pll1|clk[0] ; 0.000        ; -1.944     ; 1.027      ;
; 2.674 ; addr_pool1[8]        ; pool1:u_pool1|altsyncram:altsyncram_component|altsyncram_a9g1:auto_generated|ram_block1a26~porta_address_reg0         ; clk          ; u_pll|altpll_component|auto_generated|pll1|clk[0] ; 0.000        ; -1.943     ; 1.032      ;
; 2.678 ; addr_fcw[4]          ; fc_w:u_fc_w|altsyncram:altsyncram_component|altsyncram_bak1:auto_generated|ram_block1a11~porta_address_reg0           ; clk          ; u_pll|altpll_component|auto_generated|pll1|clk[0] ; 0.000        ; -1.952     ; 1.027      ;
; 2.679 ; addr_fcw[4]          ; fc_w:u_fc_w|altsyncram:altsyncram_component|altsyncram_bak1:auto_generated|ram_block1a1~porta_address_reg0            ; clk          ; u_pll|altpll_component|auto_generated|pll1|clk[0] ; 0.000        ; -1.951     ; 1.029      ;
; 2.684 ; addr_pool1[3]        ; pool1:u_pool1|altsyncram:altsyncram_component|altsyncram_a9g1:auto_generated|ram_block1a10~porta_address_reg0         ; clk          ; u_pll|altpll_component|auto_generated|pll1|clk[0] ; 0.000        ; -1.943     ; 1.042      ;
; 2.686 ; data_w_pool2[8]      ; pool2:u_pool2|altsyncram:altsyncram_component|altsyncram_h2i1:auto_generated|ram_block1a0~porta_datain_reg0           ; clk          ; u_pll|altpll_component|auto_generated|pll1|clk[0] ; 0.000        ; -1.953     ; 1.034      ;
; 2.692 ; addr_pool1[8]        ; pool1:u_pool1|altsyncram:altsyncram_component|altsyncram_a9g1:auto_generated|ram_block1a0~porta_address_reg0          ; clk          ; u_pll|altpll_component|auto_generated|pll1|clk[0] ; 0.000        ; -1.944     ; 1.049      ;
; 2.712 ; addr_conv2w[11]      ; conv2_w:u_conv2w|altsyncram:altsyncram_component|altsyncram_2jk1:auto_generated|ram_block1a4~porta_address_reg0       ; clk          ; u_pll|altpll_component|auto_generated|pll1|clk[0] ; 0.000        ; -1.948     ; 1.065      ;
; 2.763 ; data_w_img_conv2[29] ; img_conv2:u_img_conv2|altsyncram:altsyncram_component|altsyncram_45i1:auto_generated|ram_block1a0~porta_datain_reg0   ; clk          ; u_pll|altpll_component|auto_generated|pll1|clk[0] ; 0.000        ; -1.948     ; 1.116      ;
; 2.764 ; data_w_img_conv2[30] ; img_conv2:u_img_conv2|altsyncram:altsyncram_component|altsyncram_45i1:auto_generated|ram_block1a0~porta_datain_reg0   ; clk          ; u_pll|altpll_component|auto_generated|pll1|clk[0] ; 0.000        ; -1.948     ; 1.117      ;
; 2.768 ; data_w_img_conv2[27] ; img_conv2:u_img_conv2|altsyncram:altsyncram_component|altsyncram_45i1:auto_generated|ram_block1a0~porta_datain_reg0   ; clk          ; u_pll|altpll_component|auto_generated|pll1|clk[0] ; 0.000        ; -1.948     ; 1.121      ;
; 2.786 ; data_w_img_conv2[28] ; img_conv2:u_img_conv2|altsyncram:altsyncram_component|altsyncram_45i1:auto_generated|ram_block1a0~porta_datain_reg0   ; clk          ; u_pll|altpll_component|auto_generated|pll1|clk[0] ; 0.000        ; -1.948     ; 1.139      ;
; 2.788 ; data_w_img_conv2[24] ; img_conv2:u_img_conv2|altsyncram:altsyncram_component|altsyncram_45i1:auto_generated|ram_block1a0~porta_datain_reg0   ; clk          ; u_pll|altpll_component|auto_generated|pll1|clk[0] ; 0.000        ; -1.948     ; 1.141      ;
; 2.791 ; data_w_img_conv2[26] ; img_conv2:u_img_conv2|altsyncram:altsyncram_component|altsyncram_45i1:auto_generated|ram_block1a0~porta_datain_reg0   ; clk          ; u_pll|altpll_component|auto_generated|pll1|clk[0] ; 0.000        ; -1.948     ; 1.144      ;
; 2.804 ; data_w_img_conv2[0]  ; img_conv2:u_img_conv2|altsyncram:altsyncram_component|altsyncram_45i1:auto_generated|ram_block1a0~porta_datain_reg0   ; clk          ; u_pll|altpll_component|auto_generated|pll1|clk[0] ; 0.000        ; -1.948     ; 1.157      ;
; 2.804 ; addr_pool2[6]        ; pool2:u_pool2|altsyncram:altsyncram_component|altsyncram_h2i1:auto_generated|ram_block1a14~porta_address_reg0         ; clk          ; u_pll|altpll_component|auto_generated|pll1|clk[0] ; 0.000        ; -1.974     ; 1.131      ;
; 2.804 ; addr_pool2[6]        ; pool2:u_pool2|altsyncram:altsyncram_component|altsyncram_h2i1:auto_generated|ram_block1a0~porta_address_reg0          ; clk          ; u_pll|altpll_component|auto_generated|pll1|clk[0] ; 0.000        ; -1.974     ; 1.131      ;
; 2.817 ; addr_pool2[5]        ; pool2:u_pool2|altsyncram:altsyncram_component|altsyncram_h2i1:auto_generated|ram_block1a14~porta_address_reg0         ; clk          ; u_pll|altpll_component|auto_generated|pll1|clk[0] ; 0.000        ; -1.954     ; 1.164      ;
; 2.817 ; addr_pool2[5]        ; pool2:u_pool2|altsyncram:altsyncram_component|altsyncram_h2i1:auto_generated|ram_block1a0~porta_address_reg0          ; clk          ; u_pll|altpll_component|auto_generated|pll1|clk[0] ; 0.000        ; -1.954     ; 1.164      ;
; 2.817 ; data_w_img_conv2[31] ; img_conv2:u_img_conv2|altsyncram:altsyncram_component|altsyncram_45i1:auto_generated|ram_block1a0~porta_datain_reg0   ; clk          ; u_pll|altpll_component|auto_generated|pll1|clk[0] ; 0.000        ; -1.948     ; 1.170      ;
; 2.827 ; addr_img[1]          ; ram_uart:u_ram_uart|altsyncram:altsyncram_component|altsyncram_off2:auto_generated|ram_block1a3~portb_address_reg0    ; clk          ; u_pll|altpll_component|auto_generated|pll1|clk[0] ; 0.000        ; -2.024     ; 1.104      ;
; 2.843 ; addr_img[0]          ; ram_uart:u_ram_uart|altsyncram:altsyncram_component|altsyncram_off2:auto_generated|ram_block1a3~portb_address_reg0    ; clk          ; u_pll|altpll_component|auto_generated|pll1|clk[0] ; 0.000        ; -2.024     ; 1.120      ;
; 2.844 ; data_w_img_conv2[6]  ; img_conv2:u_img_conv2|altsyncram:altsyncram_component|altsyncram_45i1:auto_generated|ram_block1a6~porta_datain_reg0   ; clk          ; u_pll|altpll_component|auto_generated|pll1|clk[0] ; 0.000        ; -1.946     ; 1.199      ;
; 2.846 ; addr_img_conv2[3]    ; img_conv2:u_img_conv2|altsyncram:altsyncram_component|altsyncram_45i1:auto_generated|ram_block1a1~porta_address_reg0  ; clk          ; u_pll|altpll_component|auto_generated|pll1|clk[0] ; 0.000        ; -1.953     ; 1.194      ;
; 2.850 ; data_w_img_conv2[5]  ; img_conv2:u_img_conv2|altsyncram:altsyncram_component|altsyncram_45i1:auto_generated|ram_block1a1~porta_datain_reg0   ; clk          ; u_pll|altpll_component|auto_generated|pll1|clk[0] ; 0.000        ; -1.946     ; 1.205      ;
; 2.856 ; data_w_img_conv2[18] ; img_conv2:u_img_conv2|altsyncram:altsyncram_component|altsyncram_45i1:auto_generated|ram_block1a15~porta_datain_reg0  ; clk          ; u_pll|altpll_component|auto_generated|pll1|clk[0] ; 0.000        ; -1.947     ; 1.210      ;
; 2.857 ; data_w_img_conv2[1]  ; img_conv2:u_img_conv2|altsyncram:altsyncram_component|altsyncram_45i1:auto_generated|ram_block1a1~porta_datain_reg0   ; clk          ; u_pll|altpll_component|auto_generated|pll1|clk[0] ; 0.000        ; -1.946     ; 1.212      ;
; 2.858 ; data_w_pool2[22]     ; pool2:u_pool2|altsyncram:altsyncram_component|altsyncram_h2i1:auto_generated|ram_block1a14~porta_datain_reg0          ; clk          ; u_pll|altpll_component|auto_generated|pll1|clk[0] ; 0.000        ; -1.952     ; 1.207      ;
; 2.861 ; addr_fcw[6]          ; fc_w:u_fc_w|altsyncram:altsyncram_component|altsyncram_bak1:auto_generated|ram_block1a13~porta_address_reg0           ; clk          ; u_pll|altpll_component|auto_generated|pll1|clk[0] ; 0.000        ; -1.953     ; 1.209      ;
; 2.861 ; addr_pool1[6]        ; pool1:u_pool1|altsyncram:altsyncram_component|altsyncram_a9g1:auto_generated|ram_block1a14~porta_address_reg0         ; clk          ; u_pll|altpll_component|auto_generated|pll1|clk[0] ; 0.000        ; -1.956     ; 1.206      ;
; 2.865 ; data_w_img_conv2[16] ; img_conv2:u_img_conv2|altsyncram:altsyncram_component|altsyncram_45i1:auto_generated|ram_block1a15~porta_datain_reg0  ; clk          ; u_pll|altpll_component|auto_generated|pll1|clk[0] ; 0.000        ; -1.950     ; 1.216      ;
; 2.865 ; addr_pool1[6]        ; pool1:u_pool1|altsyncram:altsyncram_component|altsyncram_a9g1:auto_generated|ram_block1a10~porta_address_reg0         ; clk          ; u_pll|altpll_component|auto_generated|pll1|clk[0] ; 0.000        ; -1.943     ; 1.223      ;
; 2.868 ; data_w_pool2[30]     ; pool2:u_pool2|altsyncram:altsyncram_component|altsyncram_h2i1:auto_generated|ram_block1a14~porta_datain_reg0          ; clk          ; u_pll|altpll_component|auto_generated|pll1|clk[0] ; 0.000        ; -1.952     ; 1.217      ;
; 2.871 ; data_w_img_conv2[4]  ; img_conv2:u_img_conv2|altsyncram:altsyncram_component|altsyncram_45i1:auto_generated|ram_block1a1~porta_datain_reg0   ; clk          ; u_pll|altpll_component|auto_generated|pll1|clk[0] ; 0.000        ; -1.946     ; 1.226      ;
; 2.872 ; data_w_pool2[15]     ; pool2:u_pool2|altsyncram:altsyncram_component|altsyncram_h2i1:auto_generated|ram_block1a14~porta_datain_reg0          ; clk          ; u_pll|altpll_component|auto_generated|pll1|clk[0] ; 0.000        ; -1.952     ; 1.221      ;
; 2.873 ; addr_fcw[5]          ; fc_w:u_fc_w|altsyncram:altsyncram_component|altsyncram_bak1:auto_generated|ram_block1a13~porta_address_reg0           ; clk          ; u_pll|altpll_component|auto_generated|pll1|clk[0] ; 0.000        ; -1.953     ; 1.221      ;
; 2.873 ; data_w_img_conv2[15] ; img_conv2:u_img_conv2|altsyncram:altsyncram_component|altsyncram_45i1:auto_generated|ram_block1a15~porta_datain_reg0  ; clk          ; u_pll|altpll_component|auto_generated|pll1|clk[0] ; 0.000        ; -1.950     ; 1.224      ;
; 2.874 ; data_w_img_conv2[23] ; img_conv2:u_img_conv2|altsyncram:altsyncram_component|altsyncram_45i1:auto_generated|ram_block1a15~porta_datain_reg0  ; clk          ; u_pll|altpll_component|auto_generated|pll1|clk[0] ; 0.000        ; -1.947     ; 1.228      ;
; 2.874 ; addr_img_conv1[6]    ; img_conv1:u_img_conv1|altsyncram:altsyncram_component|altsyncram_i5i1:auto_generated|ram_block1a16~porta_address_reg0 ; clk          ; u_pll|altpll_component|auto_generated|pll1|clk[0] ; 0.000        ; -1.953     ; 1.222      ;
; 2.876 ; data_w_img_conv2[22] ; img_conv2:u_img_conv2|altsyncram:altsyncram_component|altsyncram_45i1:auto_generated|ram_block1a15~porta_datain_reg0  ; clk          ; u_pll|altpll_component|auto_generated|pll1|clk[0] ; 0.000        ; -1.947     ; 1.230      ;
+-------+----------------------+-----------------------------------------------------------------------------------------------------------------------+--------------+---------------------------------------------------+--------------+------------+------------+


----------------------------------------------
; Slow 1200mV 0C Model Metastability Summary ;
----------------------------------------------
The design MTBF is not calculated because there are no specified synchronizers in the design.
Number of Synchronizer Chains Found: 129
Shortest Synchronizer Chain: 2 Registers
Fraction of Chains for which MTBFs Could Not be Calculated: 1.000
Worst Case Available Settling Time: 4.763 ns




+----------------------------------------------------------------------------+
; Fast 1200mV 0C Model Setup Summary                                         ;
+---------------------------------------------------+--------+---------------+
; Clock                                             ; Slack  ; End Point TNS ;
+---------------------------------------------------+--------+---------------+
; clk                                               ; -0.429 ; -4.873        ;
; uartWrite:u5|clock                                ; -0.281 ; -0.281        ;
; u_pll|altpll_component|auto_generated|pll1|clk[0] ; 5.556  ; 0.000         ;
+---------------------------------------------------+--------+---------------+


+---------------------------------------------------------------------------+
; Fast 1200mV 0C Model Hold Summary                                         ;
+---------------------------------------------------+-------+---------------+
; Clock                                             ; Slack ; End Point TNS ;
+---------------------------------------------------+-------+---------------+
; clk                                               ; 0.145 ; 0.000         ;
; uartWrite:u5|clock                                ; 0.180 ; 0.000         ;
; u_pll|altpll_component|auto_generated|pll1|clk[0] ; 1.523 ; 0.000         ;
+---------------------------------------------------+-------+---------------+


-----------------------------------------
; Fast 1200mV 0C Model Recovery Summary ;
-----------------------------------------
No paths to report.


----------------------------------------
; Fast 1200mV 0C Model Removal Summary ;
----------------------------------------
No paths to report.


+----------------------------------------------------------------------------+
; Fast 1200mV 0C Model Minimum Pulse Width Summary                           ;
+---------------------------------------------------+--------+---------------+
; Clock                                             ; Slack  ; End Point TNS ;
+---------------------------------------------------+--------+---------------+
; uartWrite:u5|clock                                ; -1.000 ; -15.000       ;
; u_pll|altpll_component|auto_generated|pll1|clk[0] ; 4.751  ; 0.000         ;
; clk                                               ; 9.372  ; 0.000         ;
+---------------------------------------------------+--------+---------------+


+-----------------------------------------------------------------------------------------------------------------------------------------------------------------------------------------------------------------------------------------------------------+
; Fast 1200mV 0C Model Setup: 'clk'                                                                                                                                                                                                                         ;
+--------+------------------------------------------------------------------------------------------------------------------+--------------------+---------------------------------------------------+-------------+--------------+------------+------------+
; Slack  ; From Node                                                                                                        ; To Node            ; Launch Clock                                      ; Latch Clock ; Relationship ; Clock Skew ; Data Delay ;
+--------+------------------------------------------------------------------------------------------------------------------+--------------------+---------------------------------------------------+-------------+--------------+------------+------------+
; -0.429 ; uartWrite:u5|clock                                                                                               ; uartWrite:u5|clock ; uartWrite:u5|clock                                ; clk         ; 0.500        ; 1.591      ; 2.602      ;
; -0.332 ; uartWrite:u5|fb                                                                                                  ; addr_img[6]        ; uartWrite:u5|clock                                ; clk         ; 1.000        ; 0.271      ; 1.580      ;
; -0.300 ; uartWrite:u5|fb                                                                                                  ; addr_img[9]        ; uartWrite:u5|clock                                ; clk         ; 1.000        ; 0.271      ; 1.548      ;
; -0.276 ; uartWrite:u5|fb                                                                                                  ; addr_img[8]        ; uartWrite:u5|clock                                ; clk         ; 1.000        ; 0.271      ; 1.524      ;
; -0.268 ; uartWrite:u5|fb                                                                                                  ; data_uart[1]       ; uartWrite:u5|clock                                ; clk         ; 1.000        ; 0.087      ; 1.332      ;
; -0.268 ; uartWrite:u5|fb                                                                                                  ; data_uart[2]       ; uartWrite:u5|clock                                ; clk         ; 1.000        ; 0.087      ; 1.332      ;
; -0.268 ; uartWrite:u5|fb                                                                                                  ; data_uart[7]       ; uartWrite:u5|clock                                ; clk         ; 1.000        ; 0.087      ; 1.332      ;
; -0.268 ; uartWrite:u5|fb                                                                                                  ; data_uart[0]       ; uartWrite:u5|clock                                ; clk         ; 1.000        ; 0.087      ; 1.332      ;
; -0.253 ; uartWrite:u5|fb                                                                                                  ; addr_img[3]        ; uartWrite:u5|clock                                ; clk         ; 1.000        ; 0.271      ; 1.501      ;
; -0.250 ; uartWrite:u5|fb                                                                                                  ; data_uart[5]       ; uartWrite:u5|clock                                ; clk         ; 1.000        ; 0.085      ; 1.312      ;
; -0.250 ; uartWrite:u5|fb                                                                                                  ; data_uart[6]       ; uartWrite:u5|clock                                ; clk         ; 1.000        ; 0.085      ; 1.312      ;
; -0.250 ; uartWrite:u5|fb                                                                                                  ; data_uart[3]       ; uartWrite:u5|clock                                ; clk         ; 1.000        ; 0.085      ; 1.312      ;
; -0.250 ; uartWrite:u5|fb                                                                                                  ; data_uart[4]       ; uartWrite:u5|clock                                ; clk         ; 1.000        ; 0.085      ; 1.312      ;
; -0.229 ; uartWrite:u5|fb                                                                                                  ; addr_img[7]        ; uartWrite:u5|clock                                ; clk         ; 1.000        ; 0.271      ; 1.477      ;
; -0.219 ; uartWrite:u5|fb                                                                                                  ; addr_img[2]        ; uartWrite:u5|clock                                ; clk         ; 1.000        ; 0.271      ; 1.467      ;
; -0.165 ; uartWrite:u5|fb                                                                                                  ; addr_img[5]        ; uartWrite:u5|clock                                ; clk         ; 1.000        ; 0.271      ; 1.413      ;
; -0.131 ; uartWrite:u5|fb                                                                                                  ; run                ; uartWrite:u5|clock                                ; clk         ; 1.000        ; 0.089      ; 1.197      ;
; -0.128 ; uartWrite:u5|fb                                                                                                  ; stt_uart.00100     ; uartWrite:u5|clock                                ; clk         ; 1.000        ; 0.096      ; 1.201      ;
; -0.117 ; uartWrite:u5|fb                                                                                                  ; addr_img[4]        ; uartWrite:u5|clock                                ; clk         ; 1.000        ; 0.271      ; 1.365      ;
; -0.092 ; uartWrite:u5|fb                                                                                                  ; addr_img[1]        ; uartWrite:u5|clock                                ; clk         ; 1.000        ; 0.096      ; 1.165      ;
; -0.083 ; uartWrite:u5|fb                                                                                                  ; stt_uart.00101     ; uartWrite:u5|clock                                ; clk         ; 1.000        ; 0.096      ; 1.156      ;
; -0.047 ; uartWrite:u5|fb                                                                                                  ; stt_uart.00011     ; uartWrite:u5|clock                                ; clk         ; 1.000        ; 0.089      ; 1.113      ;
; 0.116  ; uartWrite:u5|fb                                                                                                  ; addr_img[0]        ; uartWrite:u5|clock                                ; clk         ; 1.000        ; 0.096      ; 0.957      ;
; 0.231  ; uartWrite:u5|clock                                                                                               ; uartWrite:u5|clock ; uartWrite:u5|clock                                ; clk         ; 1.000        ; 1.591      ; 2.442      ;
; 0.235  ; uartWrite:u5|fb                                                                                                  ; stt_uart.00010     ; uartWrite:u5|clock                                ; clk         ; 1.000        ; 0.089      ; 0.831      ;
; 0.243  ; uartWrite:u5|fb                                                                                                  ; stt_uart.00110     ; uartWrite:u5|clock                                ; clk         ; 1.000        ; 0.089      ; 0.823      ;
; 2.700  ; conv2_w:u_conv2w|altsyncram:altsyncram_component|altsyncram_2jk1:auto_generated|ram_block1a8~porta_address_reg0  ; acc[63]            ; u_pll|altpll_component|auto_generated|pll1|clk[0] ; clk         ; 10.000       ; 1.461      ; 8.668      ;
; 2.716  ; conv2_w:u_conv2w|altsyncram:altsyncram_component|altsyncram_2jk1:auto_generated|ram_block1a0~porta_address_reg0  ; acc[63]            ; u_pll|altpll_component|auto_generated|pll1|clk[0] ; clk         ; 10.000       ; 1.480      ; 8.671      ;
; 2.717  ; conv2_w:u_conv2w|altsyncram:altsyncram_component|altsyncram_2jk1:auto_generated|ram_block1a4~porta_address_reg0  ; acc[63]            ; u_pll|altpll_component|auto_generated|pll1|clk[0] ; clk         ; 10.000       ; 1.458      ; 8.648      ;
; 2.784  ; conv2_w:u_conv2w|altsyncram:altsyncram_component|altsyncram_2jk1:auto_generated|ram_block1a2~porta_address_reg0  ; acc[63]            ; u_pll|altpll_component|auto_generated|pll1|clk[0] ; clk         ; 10.000       ; 1.464      ; 8.587      ;
; 2.819  ; conv2_w:u_conv2w|altsyncram:altsyncram_component|altsyncram_2jk1:auto_generated|ram_block1a8~porta_address_reg0  ; acc[62]            ; u_pll|altpll_component|auto_generated|pll1|clk[0] ; clk         ; 10.000       ; 1.465      ; 8.553      ;
; 2.829  ; conv2_w:u_conv2w|altsyncram:altsyncram_component|altsyncram_2jk1:auto_generated|ram_block1a8~porta_address_reg0  ; acc[58]            ; u_pll|altpll_component|auto_generated|pll1|clk[0] ; clk         ; 10.000       ; 1.461      ; 8.539      ;
; 2.832  ; conv2_w:u_conv2w|altsyncram:altsyncram_component|altsyncram_2jk1:auto_generated|ram_block1a8~porta_address_reg0  ; acc[60]            ; u_pll|altpll_component|auto_generated|pll1|clk[0] ; clk         ; 10.000       ; 1.465      ; 8.540      ;
; 2.835  ; conv2_w:u_conv2w|altsyncram:altsyncram_component|altsyncram_2jk1:auto_generated|ram_block1a0~porta_address_reg0  ; acc[62]            ; u_pll|altpll_component|auto_generated|pll1|clk[0] ; clk         ; 10.000       ; 1.484      ; 8.556      ;
; 2.836  ; conv2_w:u_conv2w|altsyncram:altsyncram_component|altsyncram_2jk1:auto_generated|ram_block1a4~porta_address_reg0  ; acc[62]            ; u_pll|altpll_component|auto_generated|pll1|clk[0] ; clk         ; 10.000       ; 1.462      ; 8.533      ;
; 2.845  ; conv2_w:u_conv2w|altsyncram:altsyncram_component|altsyncram_2jk1:auto_generated|ram_block1a0~porta_address_reg0  ; acc[58]            ; u_pll|altpll_component|auto_generated|pll1|clk[0] ; clk         ; 10.000       ; 1.480      ; 8.542      ;
; 2.846  ; conv2_w:u_conv2w|altsyncram:altsyncram_component|altsyncram_2jk1:auto_generated|ram_block1a4~porta_address_reg0  ; acc[58]            ; u_pll|altpll_component|auto_generated|pll1|clk[0] ; clk         ; 10.000       ; 1.458      ; 8.519      ;
; 2.848  ; conv2_w:u_conv2w|altsyncram:altsyncram_component|altsyncram_2jk1:auto_generated|ram_block1a0~porta_address_reg0  ; acc[60]            ; u_pll|altpll_component|auto_generated|pll1|clk[0] ; clk         ; 10.000       ; 1.484      ; 8.543      ;
; 2.849  ; conv2_w:u_conv2w|altsyncram:altsyncram_component|altsyncram_2jk1:auto_generated|ram_block1a6~porta_address_reg0  ; acc[63]            ; u_pll|altpll_component|auto_generated|pll1|clk[0] ; clk         ; 10.000       ; 1.456      ; 8.514      ;
; 2.849  ; conv2_w:u_conv2w|altsyncram:altsyncram_component|altsyncram_2jk1:auto_generated|ram_block1a4~porta_address_reg0  ; acc[60]            ; u_pll|altpll_component|auto_generated|pll1|clk[0] ; clk         ; 10.000       ; 1.462      ; 8.520      ;
; 2.871  ; pool1:u_pool1|altsyncram:altsyncram_component|altsyncram_a9g1:auto_generated|ram_block1a0~porta_we_reg           ; acc[63]            ; u_pll|altpll_component|auto_generated|pll1|clk[0] ; clk         ; 10.000       ; 1.446      ; 8.482      ;
; 2.871  ; pool1:u_pool1|altsyncram:altsyncram_component|altsyncram_a9g1:auto_generated|ram_block1a10~porta_we_reg          ; acc[63]            ; u_pll|altpll_component|auto_generated|pll1|clk[0] ; clk         ; 10.000       ; 1.446      ; 8.482      ;
; 2.876  ; conv2_w:u_conv2w|altsyncram:altsyncram_component|altsyncram_2jk1:auto_generated|ram_block1a8~porta_address_reg0  ; acc[61]            ; u_pll|altpll_component|auto_generated|pll1|clk[0] ; clk         ; 10.000       ; 1.465      ; 8.496      ;
; 2.886  ; pool1:u_pool1|altsyncram:altsyncram_component|altsyncram_a9g1:auto_generated|ram_block1a26~porta_we_reg          ; acc[63]            ; u_pll|altpll_component|auto_generated|pll1|clk[0] ; clk         ; 10.000       ; 1.446      ; 8.467      ;
; 2.892  ; conv2_w:u_conv2w|altsyncram:altsyncram_component|altsyncram_2jk1:auto_generated|ram_block1a0~porta_address_reg0  ; acc[61]            ; u_pll|altpll_component|auto_generated|pll1|clk[0] ; clk         ; 10.000       ; 1.484      ; 8.499      ;
; 2.893  ; conv2_w:u_conv2w|altsyncram:altsyncram_component|altsyncram_2jk1:auto_generated|ram_block1a4~porta_address_reg0  ; acc[61]            ; u_pll|altpll_component|auto_generated|pll1|clk[0] ; clk         ; 10.000       ; 1.462      ; 8.476      ;
; 2.903  ; conv2_w:u_conv2w|altsyncram:altsyncram_component|altsyncram_2jk1:auto_generated|ram_block1a2~porta_address_reg0  ; acc[62]            ; u_pll|altpll_component|auto_generated|pll1|clk[0] ; clk         ; 10.000       ; 1.468      ; 8.472      ;
; 2.905  ; conv2_w:u_conv2w|altsyncram:altsyncram_component|altsyncram_2jk1:auto_generated|ram_block1a8~porta_address_reg0  ; acc[59]            ; u_pll|altpll_component|auto_generated|pll1|clk[0] ; clk         ; 10.000       ; 1.465      ; 8.467      ;
; 2.905  ; conv2_w:u_conv2w|altsyncram:altsyncram_component|altsyncram_2jk1:auto_generated|ram_block1a12~porta_address_reg0 ; acc[63]            ; u_pll|altpll_component|auto_generated|pll1|clk[0] ; clk         ; 10.000       ; 1.465      ; 8.467      ;
; 2.913  ; conv2_w:u_conv2w|altsyncram:altsyncram_component|altsyncram_2jk1:auto_generated|ram_block1a2~porta_address_reg0  ; acc[58]            ; u_pll|altpll_component|auto_generated|pll1|clk[0] ; clk         ; 10.000       ; 1.464      ; 8.458      ;
; 2.915  ; conv2_w:u_conv2w|altsyncram:altsyncram_component|altsyncram_2jk1:auto_generated|ram_block1a8~porta_address_reg0  ; acc[56]            ; u_pll|altpll_component|auto_generated|pll1|clk[0] ; clk         ; 10.000       ; 1.461      ; 8.453      ;
; 2.915  ; conv2_w:u_conv2w|altsyncram:altsyncram_component|altsyncram_2jk1:auto_generated|ram_block1a10~porta_address_reg0 ; acc[63]            ; u_pll|altpll_component|auto_generated|pll1|clk[0] ; clk         ; 10.000       ; 1.475      ; 8.467      ;
; 2.916  ; conv2_w:u_conv2w|altsyncram:altsyncram_component|altsyncram_2jk1:auto_generated|ram_block1a2~porta_address_reg0  ; acc[60]            ; u_pll|altpll_component|auto_generated|pll1|clk[0] ; clk         ; 10.000       ; 1.468      ; 8.459      ;
; 2.918  ; conv2_w:u_conv2w|altsyncram:altsyncram_component|altsyncram_2jk1:auto_generated|ram_block1a14~porta_address_reg0 ; acc[63]            ; u_pll|altpll_component|auto_generated|pll1|clk[0] ; clk         ; 10.000       ; 1.477      ; 8.466      ;
; 2.921  ; conv2_w:u_conv2w|altsyncram:altsyncram_component|altsyncram_2jk1:auto_generated|ram_block1a8~porta_address_reg0  ; acc[55]            ; u_pll|altpll_component|auto_generated|pll1|clk[0] ; clk         ; 10.000       ; 1.449      ; 8.435      ;
; 2.921  ; conv2_w:u_conv2w|altsyncram:altsyncram_component|altsyncram_2jk1:auto_generated|ram_block1a0~porta_address_reg0  ; acc[59]            ; u_pll|altpll_component|auto_generated|pll1|clk[0] ; clk         ; 10.000       ; 1.484      ; 8.470      ;
; 2.922  ; conv2_w:u_conv2w|altsyncram:altsyncram_component|altsyncram_2jk1:auto_generated|ram_block1a4~porta_address_reg0  ; acc[59]            ; u_pll|altpll_component|auto_generated|pll1|clk[0] ; clk         ; 10.000       ; 1.462      ; 8.447      ;
; 2.931  ; conv2_w:u_conv2w|altsyncram:altsyncram_component|altsyncram_2jk1:auto_generated|ram_block1a0~porta_address_reg0  ; acc[56]            ; u_pll|altpll_component|auto_generated|pll1|clk[0] ; clk         ; 10.000       ; 1.480      ; 8.456      ;
; 2.932  ; conv2_w:u_conv2w|altsyncram:altsyncram_component|altsyncram_2jk1:auto_generated|ram_block1a8~porta_address_reg0  ; acc[54]            ; u_pll|altpll_component|auto_generated|pll1|clk[0] ; clk         ; 10.000       ; 1.454      ; 8.429      ;
; 2.932  ; conv2_w:u_conv2w|altsyncram:altsyncram_component|altsyncram_2jk1:auto_generated|ram_block1a4~porta_address_reg0  ; acc[56]            ; u_pll|altpll_component|auto_generated|pll1|clk[0] ; clk         ; 10.000       ; 1.458      ; 8.433      ;
; 2.937  ; conv2_w:u_conv2w|altsyncram:altsyncram_component|altsyncram_2jk1:auto_generated|ram_block1a0~porta_address_reg0  ; acc[55]            ; u_pll|altpll_component|auto_generated|pll1|clk[0] ; clk         ; 10.000       ; 1.468      ; 8.438      ;
; 2.938  ; conv2_w:u_conv2w|altsyncram:altsyncram_component|altsyncram_2jk1:auto_generated|ram_block1a4~porta_address_reg0  ; acc[55]            ; u_pll|altpll_component|auto_generated|pll1|clk[0] ; clk         ; 10.000       ; 1.446      ; 8.415      ;
; 2.948  ; conv2_w:u_conv2w|altsyncram:altsyncram_component|altsyncram_2jk1:auto_generated|ram_block1a0~porta_address_reg0  ; acc[54]            ; u_pll|altpll_component|auto_generated|pll1|clk[0] ; clk         ; 10.000       ; 1.473      ; 8.432      ;
; 2.949  ; conv2_w:u_conv2w|altsyncram:altsyncram_component|altsyncram_2jk1:auto_generated|ram_block1a4~porta_address_reg0  ; acc[54]            ; u_pll|altpll_component|auto_generated|pll1|clk[0] ; clk         ; 10.000       ; 1.451      ; 8.409      ;
; 2.960  ; conv2_w:u_conv2w|altsyncram:altsyncram_component|altsyncram_2jk1:auto_generated|ram_block1a2~porta_address_reg0  ; acc[61]            ; u_pll|altpll_component|auto_generated|pll1|clk[0] ; clk         ; 10.000       ; 1.468      ; 8.415      ;
; 2.966  ; pool1:u_pool1|altsyncram:altsyncram_component|altsyncram_a9g1:auto_generated|ram_block1a6~porta_we_reg           ; acc[63]            ; u_pll|altpll_component|auto_generated|pll1|clk[0] ; clk         ; 10.000       ; 1.465      ; 8.406      ;
; 2.968  ; conv2_w:u_conv2w|altsyncram:altsyncram_component|altsyncram_2jk1:auto_generated|ram_block1a6~porta_address_reg0  ; acc[62]            ; u_pll|altpll_component|auto_generated|pll1|clk[0] ; clk         ; 10.000       ; 1.460      ; 8.399      ;
; 2.974  ; fc_w:u_fc_w|altsyncram:altsyncram_component|altsyncram_bak1:auto_generated|ram_block1a0~porta_address_reg0       ; acc[62]            ; u_pll|altpll_component|auto_generated|pll1|clk[0] ; clk         ; 10.000       ; 1.484      ; 8.417      ;
; 2.977  ; conv2_w:u_conv2w|altsyncram:altsyncram_component|altsyncram_2jk1:auto_generated|ram_block1a8~porta_address_reg0  ; acc[57]            ; u_pll|altpll_component|auto_generated|pll1|clk[0] ; clk         ; 10.000       ; 1.461      ; 8.391      ;
; 2.978  ; conv2_w:u_conv2w|altsyncram:altsyncram_component|altsyncram_2jk1:auto_generated|ram_block1a6~porta_address_reg0  ; acc[58]            ; u_pll|altpll_component|auto_generated|pll1|clk[0] ; clk         ; 10.000       ; 1.456      ; 8.385      ;
; 2.981  ; conv2_w:u_conv2w|altsyncram:altsyncram_component|altsyncram_2jk1:auto_generated|ram_block1a6~porta_address_reg0  ; acc[60]            ; u_pll|altpll_component|auto_generated|pll1|clk[0] ; clk         ; 10.000       ; 1.460      ; 8.386      ;
; 2.989  ; conv2_w:u_conv2w|altsyncram:altsyncram_component|altsyncram_2jk1:auto_generated|ram_block1a2~porta_address_reg0  ; acc[59]            ; u_pll|altpll_component|auto_generated|pll1|clk[0] ; clk         ; 10.000       ; 1.468      ; 8.386      ;
; 2.990  ; pool1:u_pool1|altsyncram:altsyncram_component|altsyncram_a9g1:auto_generated|ram_block1a0~porta_we_reg           ; acc[62]            ; u_pll|altpll_component|auto_generated|pll1|clk[0] ; clk         ; 10.000       ; 1.450      ; 8.367      ;
; 2.990  ; pool1:u_pool1|altsyncram:altsyncram_component|altsyncram_a9g1:auto_generated|ram_block1a10~porta_we_reg          ; acc[62]            ; u_pll|altpll_component|auto_generated|pll1|clk[0] ; clk         ; 10.000       ; 1.450      ; 8.367      ;
; 2.993  ; conv2_w:u_conv2w|altsyncram:altsyncram_component|altsyncram_2jk1:auto_generated|ram_block1a0~porta_address_reg0  ; acc[57]            ; u_pll|altpll_component|auto_generated|pll1|clk[0] ; clk         ; 10.000       ; 1.480      ; 8.394      ;
; 2.994  ; conv2_w:u_conv2w|altsyncram:altsyncram_component|altsyncram_2jk1:auto_generated|ram_block1a4~porta_address_reg0  ; acc[57]            ; u_pll|altpll_component|auto_generated|pll1|clk[0] ; clk         ; 10.000       ; 1.458      ; 8.371      ;
; 2.999  ; conv2_w:u_conv2w|altsyncram:altsyncram_component|altsyncram_2jk1:auto_generated|ram_block1a2~porta_address_reg0  ; acc[56]            ; u_pll|altpll_component|auto_generated|pll1|clk[0] ; clk         ; 10.000       ; 1.464      ; 8.372      ;
; 3.000  ; pool1:u_pool1|altsyncram:altsyncram_component|altsyncram_a9g1:auto_generated|ram_block1a0~porta_we_reg           ; acc[58]            ; u_pll|altpll_component|auto_generated|pll1|clk[0] ; clk         ; 10.000       ; 1.446      ; 8.353      ;
; 3.000  ; pool1:u_pool1|altsyncram:altsyncram_component|altsyncram_a9g1:auto_generated|ram_block1a10~porta_we_reg          ; acc[58]            ; u_pll|altpll_component|auto_generated|pll1|clk[0] ; clk         ; 10.000       ; 1.446      ; 8.353      ;
; 3.003  ; pool1:u_pool1|altsyncram:altsyncram_component|altsyncram_a9g1:auto_generated|ram_block1a0~porta_we_reg           ; acc[60]            ; u_pll|altpll_component|auto_generated|pll1|clk[0] ; clk         ; 10.000       ; 1.450      ; 8.354      ;
; 3.003  ; fc_w:u_fc_w|altsyncram:altsyncram_component|altsyncram_bak1:auto_generated|ram_block1a0~porta_address_reg0       ; acc[61]            ; u_pll|altpll_component|auto_generated|pll1|clk[0] ; clk         ; 10.000       ; 1.484      ; 8.388      ;
; 3.003  ; pool1:u_pool1|altsyncram:altsyncram_component|altsyncram_a9g1:auto_generated|ram_block1a10~porta_we_reg          ; acc[60]            ; u_pll|altpll_component|auto_generated|pll1|clk[0] ; clk         ; 10.000       ; 1.450      ; 8.354      ;
; 3.005  ; pool1:u_pool1|altsyncram:altsyncram_component|altsyncram_a9g1:auto_generated|ram_block1a26~porta_we_reg          ; acc[62]            ; u_pll|altpll_component|auto_generated|pll1|clk[0] ; clk         ; 10.000       ; 1.450      ; 8.352      ;
; 3.005  ; conv2_w:u_conv2w|altsyncram:altsyncram_component|altsyncram_2jk1:auto_generated|ram_block1a2~porta_address_reg0  ; acc[55]            ; u_pll|altpll_component|auto_generated|pll1|clk[0] ; clk         ; 10.000       ; 1.452      ; 8.354      ;
; 3.011  ; fc_w:u_fc_w|altsyncram:altsyncram_component|altsyncram_bak1:auto_generated|ram_block1a9~porta_address_reg0       ; acc[62]            ; u_pll|altpll_component|auto_generated|pll1|clk[0] ; clk         ; 10.000       ; 1.486      ; 8.382      ;
; 3.014  ; fc_w:u_fc_w|altsyncram:altsyncram_component|altsyncram_bak1:auto_generated|ram_block1a5~porta_address_reg0       ; acc[62]            ; u_pll|altpll_component|auto_generated|pll1|clk[0] ; clk         ; 10.000       ; 1.488      ; 8.381      ;
; 3.014  ; fc_w:u_fc_w|altsyncram:altsyncram_component|altsyncram_bak1:auto_generated|ram_block1a3~porta_address_reg0       ; acc[62]            ; u_pll|altpll_component|auto_generated|pll1|clk[0] ; clk         ; 10.000       ; 1.485      ; 8.378      ;
; 3.015  ; pool1:u_pool1|altsyncram:altsyncram_component|altsyncram_a9g1:auto_generated|ram_block1a26~porta_we_reg          ; acc[58]            ; u_pll|altpll_component|auto_generated|pll1|clk[0] ; clk         ; 10.000       ; 1.446      ; 8.338      ;
; 3.016  ; conv2_w:u_conv2w|altsyncram:altsyncram_component|altsyncram_2jk1:auto_generated|ram_block1a2~porta_address_reg0  ; acc[54]            ; u_pll|altpll_component|auto_generated|pll1|clk[0] ; clk         ; 10.000       ; 1.457      ; 8.348      ;
; 3.017  ; conv2_w:u_conv2w|altsyncram:altsyncram_component|altsyncram_2jk1:auto_generated|ram_block1a8~porta_address_reg0  ; acc[52]            ; u_pll|altpll_component|auto_generated|pll1|clk[0] ; clk         ; 10.000       ; 1.452      ; 8.342      ;
; 3.018  ; pool1:u_pool1|altsyncram:altsyncram_component|altsyncram_a9g1:auto_generated|ram_block1a26~porta_we_reg          ; acc[60]            ; u_pll|altpll_component|auto_generated|pll1|clk[0] ; clk         ; 10.000       ; 1.450      ; 8.339      ;
; 3.022  ; pool2:u_pool2|altsyncram:altsyncram_component|altsyncram_h2i1:auto_generated|ram_block1a0~porta_we_reg           ; acc[62]            ; u_pll|altpll_component|auto_generated|pll1|clk[0] ; clk         ; 10.000       ; 1.465      ; 8.350      ;
; 3.024  ; conv2_w:u_conv2w|altsyncram:altsyncram_component|altsyncram_2jk1:auto_generated|ram_block1a12~porta_address_reg0 ; acc[62]            ; u_pll|altpll_component|auto_generated|pll1|clk[0] ; clk         ; 10.000       ; 1.469      ; 8.352      ;
; 3.025  ; conv2_w:u_conv2w|altsyncram:altsyncram_component|altsyncram_2jk1:auto_generated|ram_block1a6~porta_address_reg0  ; acc[61]            ; u_pll|altpll_component|auto_generated|pll1|clk[0] ; clk         ; 10.000       ; 1.460      ; 8.342      ;
; 3.031  ; fc_w:u_fc_w|altsyncram:altsyncram_component|altsyncram_bak1:auto_generated|ram_block1a13~porta_address_reg0      ; acc[62]            ; u_pll|altpll_component|auto_generated|pll1|clk[0] ; clk         ; 10.000       ; 1.469      ; 8.345      ;
; 3.033  ; conv2_w:u_conv2w|altsyncram:altsyncram_component|altsyncram_2jk1:auto_generated|ram_block1a0~porta_address_reg0  ; acc[52]            ; u_pll|altpll_component|auto_generated|pll1|clk[0] ; clk         ; 10.000       ; 1.471      ; 8.345      ;
; 3.034  ; conv2_w:u_conv2w|altsyncram:altsyncram_component|altsyncram_2jk1:auto_generated|ram_block1a10~porta_address_reg0 ; acc[62]            ; u_pll|altpll_component|auto_generated|pll1|clk[0] ; clk         ; 10.000       ; 1.479      ; 8.352      ;
; 3.034  ; conv2_w:u_conv2w|altsyncram:altsyncram_component|altsyncram_2jk1:auto_generated|ram_block1a12~porta_address_reg0 ; acc[58]            ; u_pll|altpll_component|auto_generated|pll1|clk[0] ; clk         ; 10.000       ; 1.465      ; 8.338      ;
; 3.034  ; fc_w:u_fc_w|altsyncram:altsyncram_component|altsyncram_bak1:auto_generated|ram_block1a0~porta_address_reg0       ; acc[60]            ; u_pll|altpll_component|auto_generated|pll1|clk[0] ; clk         ; 10.000       ; 1.484      ; 8.357      ;
; 3.034  ; conv2_w:u_conv2w|altsyncram:altsyncram_component|altsyncram_2jk1:auto_generated|ram_block1a4~porta_address_reg0  ; acc[52]            ; u_pll|altpll_component|auto_generated|pll1|clk[0] ; clk         ; 10.000       ; 1.449      ; 8.322      ;
+--------+------------------------------------------------------------------------------------------------------------------+--------------------+---------------------------------------------------+-------------+--------------+------------+------------+


+---------------------------------------------------------------------------------------------------------------------------------------------------------+
; Fast 1200mV 0C Model Setup: 'uartWrite:u5|clock'                                                                                                        ;
+--------+------------------------------+------------------------------+--------------------+--------------------+--------------+------------+------------+
; Slack  ; From Node                    ; To Node                      ; Launch Clock       ; Latch Clock        ; Relationship ; Clock Skew ; Data Delay ;
+--------+------------------------------+------------------------------+--------------------+--------------------+--------------+------------+------------+
; -0.281 ; data_uart[2]                 ; uartWrite:u5|tx              ; clk                ; uartWrite:u5|clock ; 1.000        ; -0.222     ; 1.036      ;
; -0.265 ; data_uart[4]                 ; uartWrite:u5|tx              ; clk                ; uartWrite:u5|clock ; 1.000        ; -0.221     ; 1.021      ;
; -0.219 ; data_uart[6]                 ; uartWrite:u5|tx              ; clk                ; uartWrite:u5|clock ; 1.000        ; -0.221     ; 0.975      ;
; -0.111 ; run                          ; uartWrite:u5|tx              ; clk                ; uartWrite:u5|clock ; 1.000        ; -0.225     ; 0.863      ;
; -0.108 ; uartWrite:u5|stt_tx.00000101 ; uartWrite:u5|tx              ; uartWrite:u5|clock ; uartWrite:u5|clock ; 1.000        ; -0.042     ; 1.053      ;
; -0.105 ; data_uart[3]                 ; uartWrite:u5|tx              ; clk                ; uartWrite:u5|clock ; 1.000        ; -0.221     ; 0.861      ;
; -0.101 ; uartWrite:u5|stt_tx.00000100 ; uartWrite:u5|tx              ; uartWrite:u5|clock ; uartWrite:u5|clock ; 1.000        ; -0.043     ; 1.045      ;
; -0.094 ; data_uart[7]                 ; uartWrite:u5|tx              ; clk                ; uartWrite:u5|clock ; 1.000        ; -0.222     ; 0.849      ;
; -0.089 ; uartWrite:u5|stt_tx.00001001 ; uartWrite:u5|tx              ; uartWrite:u5|clock ; uartWrite:u5|clock ; 1.000        ; -0.043     ; 1.033      ;
; -0.086 ; data_uart[1]                 ; uartWrite:u5|tx              ; clk                ; uartWrite:u5|clock ; 1.000        ; -0.222     ; 0.841      ;
; -0.051 ; uartWrite:u5|tx              ; uartWrite:u5|tx              ; uartWrite:u5|clock ; uartWrite:u5|clock ; 1.000        ; -0.043     ; 0.995      ;
; -0.046 ; uartWrite:u5|stt_tx.00001000 ; uartWrite:u5|tx              ; uartWrite:u5|clock ; uartWrite:u5|clock ; 1.000        ; -0.042     ; 0.991      ;
; -0.029 ; data_uart[5]                 ; uartWrite:u5|tx              ; clk                ; uartWrite:u5|clock ; 1.000        ; -0.221     ; 0.785      ;
; -0.024 ; uartWrite:u5|stt_tx.00001100 ; uartWrite:u5|tx              ; uartWrite:u5|clock ; uartWrite:u5|clock ; 1.000        ; -0.045     ; 0.966      ;
; 0.009  ; run                          ; uartWrite:u5|fb              ; clk                ; uartWrite:u5|clock ; 1.000        ; -0.221     ; 0.747      ;
; 0.024  ; data_uart[0]                 ; uartWrite:u5|tx              ; clk                ; uartWrite:u5|clock ; 1.000        ; -0.222     ; 0.731      ;
; 0.049  ; uartWrite:u5|stt_tx.00000110 ; uartWrite:u5|tx              ; uartWrite:u5|clock ; uartWrite:u5|clock ; 1.000        ; -0.042     ; 0.896      ;
; 0.067  ; run                          ; uartWrite:u5|stt_tx.00000000 ; clk                ; uartWrite:u5|clock ; 1.000        ; -0.225     ; 0.685      ;
; 0.071  ; run                          ; uartWrite:u5|stt_tx.00001000 ; clk                ; uartWrite:u5|clock ; 1.000        ; -0.226     ; 0.680      ;
; 0.072  ; run                          ; uartWrite:u5|stt_tx.00000101 ; clk                ; uartWrite:u5|clock ; 1.000        ; -0.226     ; 0.679      ;
; 0.072  ; run                          ; uartWrite:u5|stt_tx.00000110 ; clk                ; uartWrite:u5|clock ; 1.000        ; -0.226     ; 0.679      ;
; 0.074  ; uartWrite:u5|stt_tx.00000011 ; uartWrite:u5|tx              ; uartWrite:u5|clock ; uartWrite:u5|clock ; 1.000        ; -0.043     ; 0.870      ;
; 0.075  ; run                          ; uartWrite:u5|stt_tx.00000111 ; clk                ; uartWrite:u5|clock ; 1.000        ; -0.226     ; 0.676      ;
; 0.113  ; run                          ; uartWrite:u5|stt_tx.00001010 ; clk                ; uartWrite:u5|clock ; 1.000        ; -0.225     ; 0.639      ;
; 0.114  ; run                          ; uartWrite:u5|stt_tx.00000100 ; clk                ; uartWrite:u5|clock ; 1.000        ; -0.225     ; 0.638      ;
; 0.114  ; run                          ; uartWrite:u5|stt_tx.00001001 ; clk                ; uartWrite:u5|clock ; 1.000        ; -0.225     ; 0.638      ;
; 0.114  ; run                          ; uartWrite:u5|stt_tx.00001011 ; clk                ; uartWrite:u5|clock ; 1.000        ; -0.225     ; 0.638      ;
; 0.115  ; run                          ; uartWrite:u5|stt_tx.00000001 ; clk                ; uartWrite:u5|clock ; 1.000        ; -0.225     ; 0.637      ;
; 0.116  ; run                          ; uartWrite:u5|stt_tx.00000010 ; clk                ; uartWrite:u5|clock ; 1.000        ; -0.225     ; 0.636      ;
; 0.116  ; run                          ; uartWrite:u5|stt_tx.00000011 ; clk                ; uartWrite:u5|clock ; 1.000        ; -0.225     ; 0.636      ;
; 0.120  ; run                          ; uartWrite:u5|stt_tx.00001100 ; clk                ; uartWrite:u5|clock ; 1.000        ; -0.223     ; 0.634      ;
; 0.126  ; uartWrite:u5|stt_tx.00000111 ; uartWrite:u5|tx              ; uartWrite:u5|clock ; uartWrite:u5|clock ; 1.000        ; -0.042     ; 0.819      ;
; 0.204  ; uartWrite:u5|stt_tx.00000010 ; uartWrite:u5|tx              ; uartWrite:u5|clock ; uartWrite:u5|clock ; 1.000        ; -0.043     ; 0.740      ;
; 0.213  ; uartWrite:u5|stt_tx.00001010 ; uartWrite:u5|tx              ; uartWrite:u5|clock ; uartWrite:u5|clock ; 1.000        ; -0.043     ; 0.731      ;
; 0.288  ; uartWrite:u5|stt_tx.00000000 ; uartWrite:u5|tx              ; uartWrite:u5|clock ; uartWrite:u5|clock ; 1.000        ; -0.043     ; 0.656      ;
; 0.333  ; uartWrite:u5|stt_tx.00000100 ; uartWrite:u5|stt_tx.00000101 ; uartWrite:u5|clock ; uartWrite:u5|clock ; 1.000        ; -0.044     ; 0.610      ;
; 0.341  ; uartWrite:u5|stt_tx.00001000 ; uartWrite:u5|stt_tx.00001001 ; uartWrite:u5|clock ; uartWrite:u5|clock ; 1.000        ; -0.042     ; 0.604      ;
; 0.352  ; uartWrite:u5|stt_tx.00001011 ; uartWrite:u5|fb              ; uartWrite:u5|clock ; uartWrite:u5|clock ; 1.000        ; -0.039     ; 0.596      ;
; 0.403  ; uartWrite:u5|stt_tx.00001011 ; uartWrite:u5|tx              ; uartWrite:u5|clock ; uartWrite:u5|clock ; 1.000        ; -0.043     ; 0.541      ;
; 0.407  ; uartWrite:u5|stt_tx.00000101 ; uartWrite:u5|stt_tx.00000110 ; uartWrite:u5|clock ; uartWrite:u5|clock ; 1.000        ; -0.043     ; 0.537      ;
; 0.410  ; uartWrite:u5|stt_tx.00000111 ; uartWrite:u5|stt_tx.00001000 ; uartWrite:u5|clock ; uartWrite:u5|clock ; 1.000        ; -0.043     ; 0.534      ;
; 0.410  ; uartWrite:u5|stt_tx.00000110 ; uartWrite:u5|stt_tx.00000111 ; uartWrite:u5|clock ; uartWrite:u5|clock ; 1.000        ; -0.043     ; 0.534      ;
; 0.422  ; uartWrite:u5|stt_tx.00001010 ; uartWrite:u5|stt_tx.00001011 ; uartWrite:u5|clock ; uartWrite:u5|clock ; 1.000        ; -0.043     ; 0.522      ;
; 0.426  ; uartWrite:u5|stt_tx.00000011 ; uartWrite:u5|stt_tx.00000100 ; uartWrite:u5|clock ; uartWrite:u5|clock ; 1.000        ; -0.043     ; 0.518      ;
; 0.427  ; uartWrite:u5|stt_tx.00001001 ; uartWrite:u5|stt_tx.00001010 ; uartWrite:u5|clock ; uartWrite:u5|clock ; 1.000        ; -0.043     ; 0.517      ;
; 0.427  ; uartWrite:u5|stt_tx.00000010 ; uartWrite:u5|stt_tx.00000011 ; uartWrite:u5|clock ; uartWrite:u5|clock ; 1.000        ; -0.043     ; 0.517      ;
; 0.449  ; uartWrite:u5|stt_tx.00001011 ; uartWrite:u5|stt_tx.00001100 ; uartWrite:u5|clock ; uartWrite:u5|clock ; 1.000        ; -0.041     ; 0.497      ;
; 0.498  ; uartWrite:u5|stt_tx.00000001 ; uartWrite:u5|stt_tx.00000010 ; uartWrite:u5|clock ; uartWrite:u5|clock ; 1.000        ; -0.043     ; 0.446      ;
; 0.517  ; uartWrite:u5|stt_tx.00000000 ; uartWrite:u5|stt_tx.00000001 ; uartWrite:u5|clock ; uartWrite:u5|clock ; 1.000        ; -0.043     ; 0.427      ;
; 0.594  ; uartWrite:u5|fb              ; uartWrite:u5|fb              ; uartWrite:u5|clock ; uartWrite:u5|clock ; 1.000        ; -0.043     ; 0.350      ;
; 0.594  ; uartWrite:u5|stt_tx.00001100 ; uartWrite:u5|stt_tx.00001100 ; uartWrite:u5|clock ; uartWrite:u5|clock ; 1.000        ; -0.043     ; 0.350      ;
+--------+------------------------------+------------------------------+--------------------+--------------------+--------------+------------+------------+


+----------------------------------------------------------------------------------------------------------------------------------------------------------------------------------------------------------------------------------------------------------------+
; Fast 1200mV 0C Model Setup: 'u_pll|altpll_component|auto_generated|pll1|clk[0]'                                                                                                                                                                                ;
+-------+--------------------+-----------------------------------------------------------------------------------------------------------------------+--------------+---------------------------------------------------+--------------+------------+------------+
; Slack ; From Node          ; To Node                                                                                                               ; Launch Clock ; Latch Clock                                       ; Relationship ; Clock Skew ; Data Delay ;
+-------+--------------------+-----------------------------------------------------------------------------------------------------------------------+--------------+---------------------------------------------------+--------------+------------+------------+
; 5.556 ; addr_img_conv1[11] ; img_conv1:u_img_conv1|altsyncram:altsyncram_component|altsyncram_i5i1:auto_generated|ram_block1a25~porta_address_reg0 ; clk          ; u_pll|altpll_component|auto_generated|pll1|clk[0] ; 10.000       ; -1.623     ; 2.780      ;
; 5.736 ; addr_img_conv1[11] ; img_conv1:u_img_conv1|altsyncram:altsyncram_component|altsyncram_i5i1:auto_generated|ram_block1a9~porta_address_reg0  ; clk          ; u_pll|altpll_component|auto_generated|pll1|clk[0] ; 10.000       ; -1.618     ; 2.605      ;
; 5.746 ; addr_img_conv1[11] ; img_conv1:u_img_conv1|altsyncram:altsyncram_component|altsyncram_i5i1:auto_generated|ram_block1a15~porta_address_reg0 ; clk          ; u_pll|altpll_component|auto_generated|pll1|clk[0] ; 10.000       ; -1.621     ; 2.592      ;
; 5.763 ; addr_img_conv1[11] ; img_conv1:u_img_conv1|altsyncram:altsyncram_component|altsyncram_i5i1:auto_generated|ram_block1a18~porta_address_reg0 ; clk          ; u_pll|altpll_component|auto_generated|pll1|clk[0] ; 10.000       ; -1.614     ; 2.582      ;
; 5.768 ; addr_img_conv1[11] ; img_conv1:u_img_conv1|altsyncram:altsyncram_component|altsyncram_i5i1:auto_generated|ram_block1a19~porta_address_reg0 ; clk          ; u_pll|altpll_component|auto_generated|pll1|clk[0] ; 10.000       ; -1.617     ; 2.574      ;
; 5.899 ; addr_img_conv1[4]  ; img_conv1:u_img_conv1|altsyncram:altsyncram_component|altsyncram_i5i1:auto_generated|ram_block1a10~porta_address_reg0 ; clk          ; u_pll|altpll_component|auto_generated|pll1|clk[0] ; 10.000       ; -1.603     ; 2.457      ;
; 5.900 ; addr_img_conv1[4]  ; img_conv1:u_img_conv1|altsyncram:altsyncram_component|altsyncram_i5i1:auto_generated|ram_block1a7~porta_address_reg0  ; clk          ; u_pll|altpll_component|auto_generated|pll1|clk[0] ; 10.000       ; -1.603     ; 2.456      ;
; 5.922 ; addr_img_conv1[4]  ; img_conv1:u_img_conv1|altsyncram:altsyncram_component|altsyncram_i5i1:auto_generated|ram_block1a4~porta_address_reg0  ; clk          ; u_pll|altpll_component|auto_generated|pll1|clk[0] ; 10.000       ; -1.603     ; 2.434      ;
; 5.923 ; addr_img_conv1[5]  ; img_conv1:u_img_conv1|altsyncram:altsyncram_component|altsyncram_i5i1:auto_generated|ram_block1a2~porta_address_reg0  ; clk          ; u_pll|altpll_component|auto_generated|pll1|clk[0] ; 10.000       ; -1.612     ; 2.424      ;
; 5.935 ; addr_img_conv1[2]  ; img_conv1:u_img_conv1|altsyncram:altsyncram_component|altsyncram_i5i1:auto_generated|ram_block1a10~porta_address_reg0 ; clk          ; u_pll|altpll_component|auto_generated|pll1|clk[0] ; 10.000       ; -1.603     ; 2.421      ;
; 5.936 ; addr_img_conv1[5]  ; img_conv1:u_img_conv1|altsyncram:altsyncram_component|altsyncram_i5i1:auto_generated|ram_block1a7~porta_address_reg0  ; clk          ; u_pll|altpll_component|auto_generated|pll1|clk[0] ; 10.000       ; -1.603     ; 2.420      ;
; 5.942 ; addr_img_conv1[2]  ; img_conv1:u_img_conv1|altsyncram:altsyncram_component|altsyncram_i5i1:auto_generated|ram_block1a4~porta_address_reg0  ; clk          ; u_pll|altpll_component|auto_generated|pll1|clk[0] ; 10.000       ; -1.603     ; 2.414      ;
; 5.943 ; addr_img_conv1[11] ; img_conv1:u_img_conv1|altsyncram:altsyncram_component|altsyncram_i5i1:auto_generated|ram_block1a4~porta_address_reg0  ; clk          ; u_pll|altpll_component|auto_generated|pll1|clk[0] ; 10.000       ; -1.612     ; 2.404      ;
; 5.948 ; addr_img_conv1[2]  ; img_conv1:u_img_conv1|altsyncram:altsyncram_component|altsyncram_i5i1:auto_generated|ram_block1a7~porta_address_reg0  ; clk          ; u_pll|altpll_component|auto_generated|pll1|clk[0] ; 10.000       ; -1.603     ; 2.408      ;
; 5.954 ; addr_img_conv1[11] ; img_conv1:u_img_conv1|altsyncram:altsyncram_component|altsyncram_i5i1:auto_generated|ram_block1a24~porta_address_reg0 ; clk          ; u_pll|altpll_component|auto_generated|pll1|clk[0] ; 10.000       ; -1.613     ; 2.392      ;
; 5.956 ; addr_img_conv1[5]  ; img_conv1:u_img_conv1|altsyncram:altsyncram_component|altsyncram_i5i1:auto_generated|ram_block1a10~porta_address_reg0 ; clk          ; u_pll|altpll_component|auto_generated|pll1|clk[0] ; 10.000       ; -1.603     ; 2.400      ;
; 5.977 ; addr_img_conv1[11] ; img_conv1:u_img_conv1|altsyncram:altsyncram_component|altsyncram_i5i1:auto_generated|ram_block1a10~porta_address_reg0 ; clk          ; u_pll|altpll_component|auto_generated|pll1|clk[0] ; 10.000       ; -1.612     ; 2.370      ;
; 6.066 ; wren_img_conv1     ; img_conv1:u_img_conv1|altsyncram:altsyncram_component|altsyncram_i5i1:auto_generated|ram_block1a12~porta_we_reg       ; clk          ; u_pll|altpll_component|auto_generated|pll1|clk[0] ; 10.000       ; -1.592     ; 2.301      ;
; 6.094 ; wren_img_conv1     ; img_conv1:u_img_conv1|altsyncram:altsyncram_component|altsyncram_i5i1:auto_generated|ram_block1a28~porta_we_reg       ; clk          ; u_pll|altpll_component|auto_generated|pll1|clk[0] ; 10.000       ; -1.598     ; 2.267      ;
; 6.094 ; wren_img_conv1     ; img_conv1:u_img_conv1|altsyncram:altsyncram_component|altsyncram_i5i1:auto_generated|ram_block1a13~porta_we_reg       ; clk          ; u_pll|altpll_component|auto_generated|pll1|clk[0] ; 10.000       ; -1.594     ; 2.271      ;
; 6.095 ; addr_img_conv1[4]  ; img_conv1:u_img_conv1|altsyncram:altsyncram_component|altsyncram_i5i1:auto_generated|ram_block1a19~porta_address_reg0 ; clk          ; u_pll|altpll_component|auto_generated|pll1|clk[0] ; 10.000       ; -1.608     ; 2.256      ;
; 6.108 ; addr_img_conv1[9]  ; img_conv1:u_img_conv1|altsyncram:altsyncram_component|altsyncram_i5i1:auto_generated|ram_block1a18~porta_address_reg0 ; clk          ; u_pll|altpll_component|auto_generated|pll1|clk[0] ; 10.000       ; -1.605     ; 2.246      ;
; 6.112 ; addr_img_conv1[9]  ; img_conv1:u_img_conv1|altsyncram:altsyncram_component|altsyncram_i5i1:auto_generated|ram_block1a9~porta_address_reg0  ; clk          ; u_pll|altpll_component|auto_generated|pll1|clk[0] ; 10.000       ; -1.609     ; 2.238      ;
; 6.117 ; addr_img_conv1[4]  ; img_conv1:u_img_conv1|altsyncram:altsyncram_component|altsyncram_i5i1:auto_generated|ram_block1a9~porta_address_reg0  ; clk          ; u_pll|altpll_component|auto_generated|pll1|clk[0] ; 10.000       ; -1.609     ; 2.233      ;
; 6.125 ; addr_img_conv1[9]  ; img_conv1:u_img_conv1|altsyncram:altsyncram_component|altsyncram_i5i1:auto_generated|ram_block1a19~porta_address_reg0 ; clk          ; u_pll|altpll_component|auto_generated|pll1|clk[0] ; 10.000       ; -1.608     ; 2.226      ;
; 6.126 ; addr_img_conv1[2]  ; img_conv1:u_img_conv1|altsyncram:altsyncram_component|altsyncram_i5i1:auto_generated|ram_block1a18~porta_address_reg0 ; clk          ; u_pll|altpll_component|auto_generated|pll1|clk[0] ; 10.000       ; -1.605     ; 2.228      ;
; 6.126 ; addr_img_conv1[2]  ; img_conv1:u_img_conv1|altsyncram:altsyncram_component|altsyncram_i5i1:auto_generated|ram_block1a24~porta_address_reg0 ; clk          ; u_pll|altpll_component|auto_generated|pll1|clk[0] ; 10.000       ; -1.604     ; 2.229      ;
; 6.135 ; addr_img_conv1[2]  ; img_conv1:u_img_conv1|altsyncram:altsyncram_component|altsyncram_i5i1:auto_generated|ram_block1a19~porta_address_reg0 ; clk          ; u_pll|altpll_component|auto_generated|pll1|clk[0] ; 10.000       ; -1.608     ; 2.216      ;
; 6.142 ; addr_img_conv1[11] ; img_conv1:u_img_conv1|altsyncram:altsyncram_component|altsyncram_i5i1:auto_generated|ram_block1a7~porta_address_reg0  ; clk          ; u_pll|altpll_component|auto_generated|pll1|clk[0] ; 10.000       ; -1.612     ; 2.205      ;
; 6.146 ; addr_img_conv1[4]  ; img_conv1:u_img_conv1|altsyncram:altsyncram_component|altsyncram_i5i1:auto_generated|ram_block1a17~porta_address_reg0 ; clk          ; u_pll|altpll_component|auto_generated|pll1|clk[0] ; 10.000       ; -1.618     ; 2.195      ;
; 6.148 ; addr_img_conv1[5]  ; img_conv1:u_img_conv1|altsyncram:altsyncram_component|altsyncram_i5i1:auto_generated|ram_block1a4~porta_address_reg0  ; clk          ; u_pll|altpll_component|auto_generated|pll1|clk[0] ; 10.000       ; -1.603     ; 2.208      ;
; 6.149 ; addr_img_conv1[2]  ; img_conv1:u_img_conv1|altsyncram:altsyncram_component|altsyncram_i5i1:auto_generated|ram_block1a9~porta_address_reg0  ; clk          ; u_pll|altpll_component|auto_generated|pll1|clk[0] ; 10.000       ; -1.609     ; 2.201      ;
; 6.153 ; wren_img_conv1     ; img_conv1:u_img_conv1|altsyncram:altsyncram_component|altsyncram_i5i1:auto_generated|ram_block1a24~porta_we_reg       ; clk          ; u_pll|altpll_component|auto_generated|pll1|clk[0] ; 10.000       ; -1.614     ; 2.192      ;
; 6.155 ; wren_img_conv1     ; img_conv1:u_img_conv1|altsyncram:altsyncram_component|altsyncram_i5i1:auto_generated|ram_block1a18~porta_we_reg       ; clk          ; u_pll|altpll_component|auto_generated|pll1|clk[0] ; 10.000       ; -1.615     ; 2.189      ;
; 6.158 ; addr_img_conv1[11] ; img_conv1:u_img_conv1|altsyncram:altsyncram_component|altsyncram_i5i1:auto_generated|ram_block1a2~porta_address_reg0  ; clk          ; u_pll|altpll_component|auto_generated|pll1|clk[0] ; 10.000       ; -1.621     ; 2.180      ;
; 6.159 ; wren_img_conv1     ; img_conv1:u_img_conv1|altsyncram:altsyncram_component|altsyncram_i5i1:auto_generated|ram_block1a19~porta_we_reg       ; clk          ; u_pll|altpll_component|auto_generated|pll1|clk[0] ; 10.000       ; -1.618     ; 2.182      ;
; 6.161 ; addr_img_conv1[5]  ; img_conv1:u_img_conv1|altsyncram:altsyncram_component|altsyncram_i5i1:auto_generated|ram_block1a24~porta_address_reg0 ; clk          ; u_pll|altpll_component|auto_generated|pll1|clk[0] ; 10.000       ; -1.604     ; 2.194      ;
; 6.164 ; wren_img_conv1     ; img_conv1:u_img_conv1|altsyncram:altsyncram_component|altsyncram_i5i1:auto_generated|ram_block1a25~porta_we_reg       ; clk          ; u_pll|altpll_component|auto_generated|pll1|clk[0] ; 10.000       ; -1.624     ; 2.171      ;
; 6.164 ; wren_img_conv1     ; img_conv1:u_img_conv1|altsyncram:altsyncram_component|altsyncram_i5i1:auto_generated|ram_block1a4~porta_we_reg        ; clk          ; u_pll|altpll_component|auto_generated|pll1|clk[0] ; 10.000       ; -1.613     ; 2.182      ;
; 6.171 ; wren_img_conv1     ; img_conv1:u_img_conv1|altsyncram:altsyncram_component|altsyncram_i5i1:auto_generated|ram_block1a10~porta_we_reg       ; clk          ; u_pll|altpll_component|auto_generated|pll1|clk[0] ; 10.000       ; -1.613     ; 2.175      ;
; 6.183 ; wren_img_conv1     ; img_conv1:u_img_conv1|altsyncram:altsyncram_component|altsyncram_i5i1:auto_generated|ram_block1a7~porta_we_reg        ; clk          ; u_pll|altpll_component|auto_generated|pll1|clk[0] ; 10.000       ; -1.613     ; 2.163      ;
; 6.189 ; wren_img_conv1     ; img_conv1:u_img_conv1|altsyncram:altsyncram_component|altsyncram_i5i1:auto_generated|ram_block1a27~porta_we_reg       ; clk          ; u_pll|altpll_component|auto_generated|pll1|clk[0] ; 10.000       ; -1.611     ; 2.159      ;
; 6.202 ; addr_img_conv1[7]  ; img_conv1:u_img_conv1|altsyncram:altsyncram_component|altsyncram_i5i1:auto_generated|ram_block1a15~porta_address_reg0 ; clk          ; u_pll|altpll_component|auto_generated|pll1|clk[0] ; 10.000       ; -1.612     ; 2.145      ;
; 6.212 ; addr_img_conv1[7]  ; img_conv1:u_img_conv1|altsyncram:altsyncram_component|altsyncram_i5i1:auto_generated|ram_block1a25~porta_address_reg0 ; clk          ; u_pll|altpll_component|auto_generated|pll1|clk[0] ; 10.000       ; -1.614     ; 2.133      ;
; 6.216 ; addr_img_conv1[7]  ; img_conv1:u_img_conv1|altsyncram:altsyncram_component|altsyncram_i5i1:auto_generated|ram_block1a24~porta_address_reg0 ; clk          ; u_pll|altpll_component|auto_generated|pll1|clk[0] ; 10.000       ; -1.604     ; 2.139      ;
; 6.223 ; addr_img_conv1[7]  ; img_conv1:u_img_conv1|altsyncram:altsyncram_component|altsyncram_i5i1:auto_generated|ram_block1a10~porta_address_reg0 ; clk          ; u_pll|altpll_component|auto_generated|pll1|clk[0] ; 10.000       ; -1.603     ; 2.133      ;
; 6.224 ; addr_img_conv1[7]  ; img_conv1:u_img_conv1|altsyncram:altsyncram_component|altsyncram_i5i1:auto_generated|ram_block1a4~porta_address_reg0  ; clk          ; u_pll|altpll_component|auto_generated|pll1|clk[0] ; 10.000       ; -1.603     ; 2.132      ;
; 6.230 ; addr_img_conv1[7]  ; img_conv1:u_img_conv1|altsyncram:altsyncram_component|altsyncram_i5i1:auto_generated|ram_block1a2~porta_address_reg0  ; clk          ; u_pll|altpll_component|auto_generated|pll1|clk[0] ; 10.000       ; -1.612     ; 2.117      ;
; 6.235 ; addr_img_conv1[7]  ; img_conv1:u_img_conv1|altsyncram:altsyncram_component|altsyncram_i5i1:auto_generated|ram_block1a9~porta_address_reg0  ; clk          ; u_pll|altpll_component|auto_generated|pll1|clk[0] ; 10.000       ; -1.609     ; 2.115      ;
; 6.242 ; addr_img_conv1[7]  ; img_conv1:u_img_conv1|altsyncram:altsyncram_component|altsyncram_i5i1:auto_generated|ram_block1a18~porta_address_reg0 ; clk          ; u_pll|altpll_component|auto_generated|pll1|clk[0] ; 10.000       ; -1.605     ; 2.112      ;
; 6.244 ; addr_img_conv1[4]  ; img_conv1:u_img_conv1|altsyncram:altsyncram_component|altsyncram_i5i1:auto_generated|ram_block1a2~porta_address_reg0  ; clk          ; u_pll|altpll_component|auto_generated|pll1|clk[0] ; 10.000       ; -1.612     ; 2.103      ;
; 6.256 ; wren_img_conv1     ; img_conv1:u_img_conv1|altsyncram:altsyncram_component|altsyncram_i5i1:auto_generated|ram_block1a14~porta_we_reg       ; clk          ; u_pll|altpll_component|auto_generated|pll1|clk[0] ; 10.000       ; -1.600     ; 2.103      ;
; 6.259 ; addr_img_conv1[7]  ; img_conv1:u_img_conv1|altsyncram:altsyncram_component|altsyncram_i5i1:auto_generated|ram_block1a1~porta_address_reg0  ; clk          ; u_pll|altpll_component|auto_generated|pll1|clk[0] ; 10.000       ; -1.585     ; 2.115      ;
; 6.266 ; wren_img_conv1     ; img_conv1:u_img_conv1|altsyncram:altsyncram_component|altsyncram_i5i1:auto_generated|ram_block1a26~porta_we_reg       ; clk          ; u_pll|altpll_component|auto_generated|pll1|clk[0] ; 10.000       ; -1.596     ; 2.097      ;
; 6.275 ; addr_img_conv1[9]  ; img_conv1:u_img_conv1|altsyncram:altsyncram_component|altsyncram_i5i1:auto_generated|ram_block1a25~porta_address_reg0 ; clk          ; u_pll|altpll_component|auto_generated|pll1|clk[0] ; 10.000       ; -1.614     ; 2.070      ;
; 6.278 ; addr_img_conv1[7]  ; img_conv1:u_img_conv1|altsyncram:altsyncram_component|altsyncram_i5i1:auto_generated|ram_block1a19~porta_address_reg0 ; clk          ; u_pll|altpll_component|auto_generated|pll1|clk[0] ; 10.000       ; -1.608     ; 2.073      ;
; 6.287 ; wren_img_conv1     ; img_conv1:u_img_conv1|altsyncram:altsyncram_component|altsyncram_i5i1:auto_generated|ram_block1a22~porta_we_reg       ; clk          ; u_pll|altpll_component|auto_generated|pll1|clk[0] ; 10.000       ; -1.604     ; 2.068      ;
; 6.292 ; addr_img_conv1[4]  ; img_conv1:u_img_conv1|altsyncram:altsyncram_component|altsyncram_i5i1:auto_generated|ram_block1a25~porta_address_reg0 ; clk          ; u_pll|altpll_component|auto_generated|pll1|clk[0] ; 10.000       ; -1.614     ; 2.053      ;
; 6.307 ; addr_img_conv1[9]  ; img_conv1:u_img_conv1|altsyncram:altsyncram_component|altsyncram_i5i1:auto_generated|ram_block1a7~porta_address_reg0  ; clk          ; u_pll|altpll_component|auto_generated|pll1|clk[0] ; 10.000       ; -1.603     ; 2.049      ;
; 6.325 ; wren_img_conv1     ; img_conv1:u_img_conv1|altsyncram:altsyncram_component|altsyncram_i5i1:auto_generated|ram_block1a15~porta_we_reg       ; clk          ; u_pll|altpll_component|auto_generated|pll1|clk[0] ; 10.000       ; -1.622     ; 2.012      ;
; 6.328 ; addr_img_conv1[2]  ; img_conv1:u_img_conv1|altsyncram:altsyncram_component|altsyncram_i5i1:auto_generated|ram_block1a25~porta_address_reg0 ; clk          ; u_pll|altpll_component|auto_generated|pll1|clk[0] ; 10.000       ; -1.614     ; 2.017      ;
; 6.329 ; wren_img_conv1     ; img_conv1:u_img_conv1|altsyncram:altsyncram_component|altsyncram_i5i1:auto_generated|ram_block1a9~porta_we_reg        ; clk          ; u_pll|altpll_component|auto_generated|pll1|clk[0] ; 10.000       ; -1.619     ; 2.011      ;
; 6.346 ; wren_img_conv1     ; img_conv1:u_img_conv1|altsyncram:altsyncram_component|altsyncram_i5i1:auto_generated|ram_block1a2~porta_we_reg        ; clk          ; u_pll|altpll_component|auto_generated|pll1|clk[0] ; 10.000       ; -1.622     ; 1.991      ;
; 6.349 ; addr_img_conv1[5]  ; img_conv1:u_img_conv1|altsyncram:altsyncram_component|altsyncram_i5i1:auto_generated|ram_block1a18~porta_address_reg0 ; clk          ; u_pll|altpll_component|auto_generated|pll1|clk[0] ; 10.000       ; -1.605     ; 2.005      ;
; 6.351 ; addr_img_conv1[5]  ; img_conv1:u_img_conv1|altsyncram:altsyncram_component|altsyncram_i5i1:auto_generated|ram_block1a9~porta_address_reg0  ; clk          ; u_pll|altpll_component|auto_generated|pll1|clk[0] ; 10.000       ; -1.609     ; 1.999      ;
; 6.353 ; addr_img_conv1[6]  ; img_conv1:u_img_conv1|altsyncram:altsyncram_component|altsyncram_i5i1:auto_generated|ram_block1a17~porta_address_reg0 ; clk          ; u_pll|altpll_component|auto_generated|pll1|clk[0] ; 10.000       ; -1.627     ; 1.979      ;
; 6.360 ; addr_img_conv1[5]  ; img_conv1:u_img_conv1|altsyncram:altsyncram_component|altsyncram_i5i1:auto_generated|ram_block1a25~porta_address_reg0 ; clk          ; u_pll|altpll_component|auto_generated|pll1|clk[0] ; 10.000       ; -1.614     ; 1.985      ;
; 6.371 ; addr_img_conv1[5]  ; img_conv1:u_img_conv1|altsyncram:altsyncram_component|altsyncram_i5i1:auto_generated|ram_block1a19~porta_address_reg0 ; clk          ; u_pll|altpll_component|auto_generated|pll1|clk[0] ; 10.000       ; -1.608     ; 1.980      ;
; 6.388 ; addr_img_conv1[0]  ; img_conv1:u_img_conv1|altsyncram:altsyncram_component|altsyncram_i5i1:auto_generated|ram_block1a2~porta_address_reg0  ; clk          ; u_pll|altpll_component|auto_generated|pll1|clk[0] ; 10.000       ; -1.612     ; 1.959      ;
; 6.388 ; addr_img_conv1[0]  ; img_conv1:u_img_conv1|altsyncram:altsyncram_component|altsyncram_i5i1:auto_generated|ram_block1a7~porta_address_reg0  ; clk          ; u_pll|altpll_component|auto_generated|pll1|clk[0] ; 10.000       ; -1.603     ; 1.968      ;
; 6.399 ; addr_img_conv1[1]  ; img_conv1:u_img_conv1|altsyncram:altsyncram_component|altsyncram_i5i1:auto_generated|ram_block1a17~porta_address_reg0 ; clk          ; u_pll|altpll_component|auto_generated|pll1|clk[0] ; 10.000       ; -1.618     ; 1.942      ;
; 6.399 ; addr_img_conv1[7]  ; img_conv1:u_img_conv1|altsyncram:altsyncram_component|altsyncram_i5i1:auto_generated|ram_block1a7~porta_address_reg0  ; clk          ; u_pll|altpll_component|auto_generated|pll1|clk[0] ; 10.000       ; -1.603     ; 1.957      ;
; 6.405 ; addr_img_conv1[9]  ; img_conv1:u_img_conv1|altsyncram:altsyncram_component|altsyncram_i5i1:auto_generated|ram_block1a4~porta_address_reg0  ; clk          ; u_pll|altpll_component|auto_generated|pll1|clk[0] ; 10.000       ; -1.603     ; 1.951      ;
; 6.427 ; addr_img_conv1[8]  ; img_conv1:u_img_conv1|altsyncram:altsyncram_component|altsyncram_i5i1:auto_generated|ram_block1a17~porta_address_reg0 ; clk          ; u_pll|altpll_component|auto_generated|pll1|clk[0] ; 10.000       ; -1.627     ; 1.905      ;
; 6.437 ; addr_img_conv1[7]  ; img_conv1:u_img_conv1|altsyncram:altsyncram_component|altsyncram_i5i1:auto_generated|ram_block1a17~porta_address_reg0 ; clk          ; u_pll|altpll_component|auto_generated|pll1|clk[0] ; 10.000       ; -1.618     ; 1.904      ;
; 6.444 ; addr_img_conv1[7]  ; img_conv1:u_img_conv1|altsyncram:altsyncram_component|altsyncram_i5i1:auto_generated|ram_block1a21~porta_address_reg0 ; clk          ; u_pll|altpll_component|auto_generated|pll1|clk[0] ; 10.000       ; -1.595     ; 1.920      ;
; 6.447 ; addr_img_conv1[9]  ; img_conv1:u_img_conv1|altsyncram:altsyncram_component|altsyncram_i5i1:auto_generated|ram_block1a10~porta_address_reg0 ; clk          ; u_pll|altpll_component|auto_generated|pll1|clk[0] ; 10.000       ; -1.603     ; 1.909      ;
; 6.450 ; addr_img_conv1[7]  ; img_conv1:u_img_conv1|altsyncram:altsyncram_component|altsyncram_i5i1:auto_generated|ram_block1a6~porta_address_reg0  ; clk          ; u_pll|altpll_component|auto_generated|pll1|clk[0] ; 10.000       ; -1.594     ; 1.915      ;
; 6.451 ; addr_img_conv1[7]  ; img_conv1:u_img_conv1|altsyncram:altsyncram_component|altsyncram_i5i1:auto_generated|ram_block1a23~porta_address_reg0 ; clk          ; u_pll|altpll_component|auto_generated|pll1|clk[0] ; 10.000       ; -1.590     ; 1.918      ;
; 6.452 ; addr_img_conv1[4]  ; img_conv1:u_img_conv1|altsyncram:altsyncram_component|altsyncram_i5i1:auto_generated|ram_block1a18~porta_address_reg0 ; clk          ; u_pll|altpll_component|auto_generated|pll1|clk[0] ; 10.000       ; -1.605     ; 1.902      ;
; 6.452 ; addr_img_conv1[3]  ; img_conv1:u_img_conv1|altsyncram:altsyncram_component|altsyncram_i5i1:auto_generated|ram_block1a2~porta_address_reg0  ; clk          ; u_pll|altpll_component|auto_generated|pll1|clk[0] ; 10.000       ; -1.612     ; 1.895      ;
; 6.453 ; addr_img_conv1[4]  ; img_conv1:u_img_conv1|altsyncram:altsyncram_component|altsyncram_i5i1:auto_generated|ram_block1a24~porta_address_reg0 ; clk          ; u_pll|altpll_component|auto_generated|pll1|clk[0] ; 10.000       ; -1.604     ; 1.902      ;
; 6.455 ; addr_fcw[3]        ; fc_w:u_fc_w|altsyncram:altsyncram_component|altsyncram_bak1:auto_generated|ram_block1a9~porta_address_reg0            ; clk          ; u_pll|altpll_component|auto_generated|pll1|clk[0] ; 10.000       ; -1.606     ; 1.898      ;
; 6.456 ; addr_img_conv1[3]  ; img_conv1:u_img_conv1|altsyncram:altsyncram_component|altsyncram_i5i1:auto_generated|ram_block1a10~porta_address_reg0 ; clk          ; u_pll|altpll_component|auto_generated|pll1|clk[0] ; 10.000       ; -1.603     ; 1.900      ;
; 6.460 ; addr_img_conv1[3]  ; img_conv1:u_img_conv1|altsyncram:altsyncram_component|altsyncram_i5i1:auto_generated|ram_block1a21~porta_address_reg0 ; clk          ; u_pll|altpll_component|auto_generated|pll1|clk[0] ; 10.000       ; -1.595     ; 1.904      ;
; 6.465 ; addr_img_conv1[3]  ; img_conv1:u_img_conv1|altsyncram:altsyncram_component|altsyncram_i5i1:auto_generated|ram_block1a7~porta_address_reg0  ; clk          ; u_pll|altpll_component|auto_generated|pll1|clk[0] ; 10.000       ; -1.603     ; 1.891      ;
; 6.466 ; addr_img_conv1[9]  ; img_conv1:u_img_conv1|altsyncram:altsyncram_component|altsyncram_i5i1:auto_generated|ram_block1a24~porta_address_reg0 ; clk          ; u_pll|altpll_component|auto_generated|pll1|clk[0] ; 10.000       ; -1.604     ; 1.889      ;
; 6.467 ; addr_img_conv1[2]  ; img_conv1:u_img_conv1|altsyncram:altsyncram_component|altsyncram_i5i1:auto_generated|ram_block1a15~porta_address_reg0 ; clk          ; u_pll|altpll_component|auto_generated|pll1|clk[0] ; 10.000       ; -1.612     ; 1.880      ;
; 6.473 ; addr_img_conv1[3]  ; img_conv1:u_img_conv1|altsyncram:altsyncram_component|altsyncram_i5i1:auto_generated|ram_block1a1~porta_address_reg0  ; clk          ; u_pll|altpll_component|auto_generated|pll1|clk[0] ; 10.000       ; -1.585     ; 1.901      ;
; 6.477 ; addr_fcw[3]        ; fc_w:u_fc_w|altsyncram:altsyncram_component|altsyncram_bak1:auto_generated|ram_block1a7~porta_address_reg0            ; clk          ; u_pll|altpll_component|auto_generated|pll1|clk[0] ; 10.000       ; -1.604     ; 1.878      ;
; 6.478 ; addr_fcw[3]        ; fc_w:u_fc_w|altsyncram:altsyncram_component|altsyncram_bak1:auto_generated|ram_block1a3~porta_address_reg0            ; clk          ; u_pll|altpll_component|auto_generated|pll1|clk[0] ; 10.000       ; -1.605     ; 1.876      ;
; 6.486 ; addr_fcw[3]        ; fc_w:u_fc_w|altsyncram:altsyncram_component|altsyncram_bak1:auto_generated|ram_block1a5~porta_address_reg0            ; clk          ; u_pll|altpll_component|auto_generated|pll1|clk[0] ; 10.000       ; -1.608     ; 1.865      ;
; 6.490 ; addr_img_conv1[3]  ; img_conv1:u_img_conv1|altsyncram:altsyncram_component|altsyncram_i5i1:auto_generated|ram_block1a18~porta_address_reg0 ; clk          ; u_pll|altpll_component|auto_generated|pll1|clk[0] ; 10.000       ; -1.605     ; 1.864      ;
; 6.490 ; addr_img_conv1[3]  ; img_conv1:u_img_conv1|altsyncram:altsyncram_component|altsyncram_i5i1:auto_generated|ram_block1a19~porta_address_reg0 ; clk          ; u_pll|altpll_component|auto_generated|pll1|clk[0] ; 10.000       ; -1.608     ; 1.861      ;
; 6.501 ; addr_img_conv1[6]  ; img_conv1:u_img_conv1|altsyncram:altsyncram_component|altsyncram_i5i1:auto_generated|ram_block1a21~porta_address_reg0 ; clk          ; u_pll|altpll_component|auto_generated|pll1|clk[0] ; 10.000       ; -1.604     ; 1.854      ;
; 6.501 ; addr_img_conv1[4]  ; img_conv1:u_img_conv1|altsyncram:altsyncram_component|altsyncram_i5i1:auto_generated|ram_block1a15~porta_address_reg0 ; clk          ; u_pll|altpll_component|auto_generated|pll1|clk[0] ; 10.000       ; -1.612     ; 1.846      ;
; 6.506 ; addr_img_conv1[4]  ; img_conv1:u_img_conv1|altsyncram:altsyncram_component|altsyncram_i5i1:auto_generated|ram_block1a20~porta_address_reg0 ; clk          ; u_pll|altpll_component|auto_generated|pll1|clk[0] ; 10.000       ; -1.607     ; 1.846      ;
; 6.512 ; wren_img_conv1     ; img_conv1:u_img_conv1|altsyncram:altsyncram_component|altsyncram_i5i1:auto_generated|ram_block1a31~porta_we_reg       ; clk          ; u_pll|altpll_component|auto_generated|pll1|clk[0] ; 10.000       ; -1.607     ; 1.840      ;
; 6.512 ; addr_img_conv1[8]  ; img_conv1:u_img_conv1|altsyncram:altsyncram_component|altsyncram_i5i1:auto_generated|ram_block1a25~porta_address_reg0 ; clk          ; u_pll|altpll_component|auto_generated|pll1|clk[0] ; 10.000       ; -1.623     ; 1.824      ;
; 6.522 ; addr_img_conv1[4]  ; img_conv1:u_img_conv1|altsyncram:altsyncram_component|altsyncram_i5i1:auto_generated|ram_block1a3~porta_address_reg0  ; clk          ; u_pll|altpll_component|auto_generated|pll1|clk[0] ; 10.000       ; -1.596     ; 1.841      ;
+-------+--------------------+-----------------------------------------------------------------------------------------------------------------------+--------------+---------------------------------------------------+--------------+------------+------------+


+-------------------------------------------------------------------------------------------------------------------------------------------------------------------------------------------------------------------------------+
; Fast 1200mV 0C Model Hold: 'clk'                                                                                                                                                                                              ;
+-------+-----------------------------+-------------------------------------------------------------------------------------------------------------------+--------------+-------------+--------------+------------+------------+
; Slack ; From Node                   ; To Node                                                                                                           ; Launch Clock ; Latch Clock ; Relationship ; Clock Skew ; Data Delay ;
+-------+-----------------------------+-------------------------------------------------------------------------------------------------------------------+--------------+-------------+--------------+------------+------------+
; 0.145 ; data_w_uart_img[1]          ; ram_uart:u_ram_uart|altsyncram:altsyncram_component|altsyncram_off2:auto_generated|ram_block1a0~porta_datain_reg0 ; clk          ; clk         ; 0.000        ; 0.237      ; 0.486      ;
; 0.180 ; addr_img_conv2[4]           ; addr_img_conv2[4]                                                                                                 ; clk          ; clk         ; 0.000        ; 0.043      ; 0.307      ;
; 0.180 ; addr_img_conv2[7]           ; addr_img_conv2[7]                                                                                                 ; clk          ; clk         ; 0.000        ; 0.043      ; 0.307      ;
; 0.180 ; row[3]                      ; row[3]                                                                                                            ; clk          ; clk         ; 0.000        ; 0.043      ; 0.307      ;
; 0.180 ; row[4]                      ; row[4]                                                                                                            ; clk          ; clk         ; 0.000        ; 0.043      ; 0.307      ;
; 0.180 ; row[2]                      ; row[2]                                                                                                            ; clk          ; clk         ; 0.000        ; 0.043      ; 0.307      ;
; 0.181 ; ch[1]                       ; ch[1]                                                                                                             ; clk          ; clk         ; 0.000        ; 0.042      ; 0.307      ;
; 0.181 ; ch[2]                       ; ch[2]                                                                                                             ; clk          ; clk         ; 0.000        ; 0.042      ; 0.307      ;
; 0.181 ; ch[3]                       ; ch[3]                                                                                                             ; clk          ; clk         ; 0.000        ; 0.042      ; 0.307      ;
; 0.181 ; state.S_CONV2               ; state.S_CONV2                                                                                                     ; clk          ; clk         ; 0.000        ; 0.042      ; 0.307      ;
; 0.181 ; addr_fcw[0]                 ; addr_fcw[0]                                                                                                       ; clk          ; clk         ; 0.000        ; 0.042      ; 0.307      ;
; 0.181 ; best_digit[3]               ; best_digit[3]                                                                                                     ; clk          ; clk         ; 0.000        ; 0.042      ; 0.307      ;
; 0.181 ; best_digit[2]               ; best_digit[2]                                                                                                     ; clk          ; clk         ; 0.000        ; 0.042      ; 0.307      ;
; 0.181 ; best_digit[1]               ; best_digit[1]                                                                                                     ; clk          ; clk         ; 0.000        ; 0.042      ; 0.307      ;
; 0.181 ; best_digit[0]               ; best_digit[0]                                                                                                     ; clk          ; clk         ; 0.000        ; 0.042      ; 0.307      ;
; 0.181 ; state.S_UART                ; state.S_UART                                                                                                      ; clk          ; clk         ; 0.000        ; 0.042      ; 0.307      ;
; 0.181 ; state.S_DONE                ; state.S_DONE                                                                                                      ; clk          ; clk         ; 0.000        ; 0.042      ; 0.307      ;
; 0.181 ; state.S_ARGMAX              ; state.S_ARGMAX                                                                                                    ; clk          ; clk         ; 0.000        ; 0.042      ; 0.307      ;
; 0.181 ; stt_uart.00010              ; stt_uart.00010                                                                                                    ; clk          ; clk         ; 0.000        ; 0.042      ; 0.307      ;
; 0.181 ; state.S_IDLE                ; state.S_IDLE                                                                                                      ; clk          ; clk         ; 0.000        ; 0.042      ; 0.307      ;
; 0.181 ; kh[1]                       ; kh[1]                                                                                                             ; clk          ; clk         ; 0.000        ; 0.042      ; 0.307      ;
; 0.181 ; kh[0]                       ; kh[0]                                                                                                             ; clk          ; clk         ; 0.000        ; 0.042      ; 0.307      ;
; 0.181 ; kw[1]                       ; kw[1]                                                                                                             ; clk          ; clk         ; 0.000        ; 0.042      ; 0.307      ;
; 0.181 ; cls[3]                      ; cls[3]                                                                                                            ; clk          ; clk         ; 0.000        ; 0.042      ; 0.307      ;
; 0.181 ; cls[1]                      ; cls[1]                                                                                                            ; clk          ; clk         ; 0.000        ; 0.042      ; 0.307      ;
; 0.181 ; cls[0]                      ; cls[0]                                                                                                            ; clk          ; clk         ; 0.000        ; 0.042      ; 0.307      ;
; 0.181 ; cls[2]                      ; cls[2]                                                                                                            ; clk          ; clk         ; 0.000        ; 0.042      ; 0.307      ;
; 0.181 ; i[8]                        ; i[8]                                                                                                              ; clk          ; clk         ; 0.000        ; 0.042      ; 0.307      ;
; 0.181 ; i[5]                        ; i[5]                                                                                                              ; clk          ; clk         ; 0.000        ; 0.042      ; 0.307      ;
; 0.181 ; i[6]                        ; i[6]                                                                                                              ; clk          ; clk         ; 0.000        ; 0.042      ; 0.307      ;
; 0.181 ; i[7]                        ; i[7]                                                                                                              ; clk          ; clk         ; 0.000        ; 0.042      ; 0.307      ;
; 0.181 ; i[4]                        ; i[4]                                                                                                              ; clk          ; clk         ; 0.000        ; 0.042      ; 0.307      ;
; 0.181 ; ic[2]                       ; ic[2]                                                                                                             ; clk          ; clk         ; 0.000        ; 0.042      ; 0.307      ;
; 0.181 ; ic[1]                       ; ic[1]                                                                                                             ; clk          ; clk         ; 0.000        ; 0.042      ; 0.307      ;
; 0.181 ; wren_pool1                  ; wren_pool1                                                                                                        ; clk          ; clk         ; 0.000        ; 0.042      ; 0.307      ;
; 0.181 ; wren_pool2                  ; wren_pool2                                                                                                        ; clk          ; clk         ; 0.000        ; 0.042      ; 0.307      ;
; 0.181 ; wren_img_conv2              ; wren_img_conv2                                                                                                    ; clk          ; clk         ; 0.000        ; 0.042      ; 0.307      ;
; 0.181 ; wren_img_conv1              ; wren_img_conv1                                                                                                    ; clk          ; clk         ; 0.000        ; 0.042      ; 0.307      ;
; 0.181 ; col[4]                      ; col[4]                                                                                                            ; clk          ; clk         ; 0.000        ; 0.042      ; 0.307      ;
; 0.181 ; col[1]                      ; col[1]                                                                                                            ; clk          ; clk         ; 0.000        ; 0.042      ; 0.307      ;
; 0.181 ; col[2]                      ; col[2]                                                                                                            ; clk          ; clk         ; 0.000        ; 0.042      ; 0.307      ;
; 0.181 ; col[0]                      ; col[0]                                                                                                            ; clk          ; clk         ; 0.000        ; 0.042      ; 0.307      ;
; 0.181 ; col[3]                      ; col[3]                                                                                                            ; clk          ; clk         ; 0.000        ; 0.042      ; 0.307      ;
; 0.181 ; stt.00110                   ; stt.00110                                                                                                         ; clk          ; clk         ; 0.000        ; 0.042      ; 0.307      ;
; 0.181 ; stt.00100                   ; stt.00100                                                                                                         ; clk          ; clk         ; 0.000        ; 0.042      ; 0.307      ;
; 0.182 ; stt_uart.00000              ; stt_uart.00000                                                                                                    ; clk          ; clk         ; 0.000        ; 0.041      ; 0.307      ;
; 0.182 ; stt_uart.00101              ; stt_uart.00101                                                                                                    ; clk          ; clk         ; 0.000        ; 0.041      ; 0.307      ;
; 0.183 ; uartRead:read1|rx_shift[0]  ; uartRead:read1|rx_shift[0]                                                                                        ; clk          ; clk         ; 0.000        ; 0.040      ; 0.307      ;
; 0.183 ; uartRead:read1|rx_shift[1]  ; uartRead:read1|rx_shift[1]                                                                                        ; clk          ; clk         ; 0.000        ; 0.040      ; 0.307      ;
; 0.183 ; uartRead:read1|rx_shift[2]  ; uartRead:read1|rx_shift[2]                                                                                        ; clk          ; clk         ; 0.000        ; 0.040      ; 0.307      ;
; 0.183 ; uartRead:read1|rx_shift[3]  ; uartRead:read1|rx_shift[3]                                                                                        ; clk          ; clk         ; 0.000        ; 0.040      ; 0.307      ;
; 0.183 ; uartRead:read1|rx_shift[4]  ; uartRead:read1|rx_shift[4]                                                                                        ; clk          ; clk         ; 0.000        ; 0.040      ; 0.307      ;
; 0.183 ; uartRead:read1|rx_shift[5]  ; uartRead:read1|rx_shift[5]                                                                                        ; clk          ; clk         ; 0.000        ; 0.040      ; 0.307      ;
; 0.183 ; uartRead:read1|rx_shift[6]  ; uartRead:read1|rx_shift[6]                                                                                        ; clk          ; clk         ; 0.000        ; 0.040      ; 0.307      ;
; 0.183 ; uartRead:read1|rx_shift[7]  ; uartRead:read1|rx_shift[7]                                                                                        ; clk          ; clk         ; 0.000        ; 0.040      ; 0.307      ;
; 0.183 ; addr_uart_img[0]            ; addr_uart_img[0]                                                                                                  ; clk          ; clk         ; 0.000        ; 0.040      ; 0.307      ;
; 0.183 ; uartRead:read1|state.STOP   ; uartRead:read1|state.STOP                                                                                         ; clk          ; clk         ; 0.000        ; 0.040      ; 0.307      ;
; 0.183 ; uartRead:read1|state.START  ; uartRead:read1|state.START                                                                                        ; clk          ; clk         ; 0.000        ; 0.040      ; 0.307      ;
; 0.183 ; uartRead:read1|state.DATA   ; uartRead:read1|state.DATA                                                                                         ; clk          ; clk         ; 0.000        ; 0.040      ; 0.307      ;
; 0.183 ; uartRead:read1|bit_index[0] ; uartRead:read1|bit_index[0]                                                                                       ; clk          ; clk         ; 0.000        ; 0.040      ; 0.307      ;
; 0.183 ; uartRead:read1|bit_index[1] ; uartRead:read1|bit_index[1]                                                                                       ; clk          ; clk         ; 0.000        ; 0.040      ; 0.307      ;
; 0.183 ; uartRead:read1|bit_index[2] ; uartRead:read1|bit_index[2]                                                                                       ; clk          ; clk         ; 0.000        ; 0.040      ; 0.307      ;
; 0.188 ; state.S_POOL2               ; state.S_POOL2                                                                                                     ; clk          ; clk         ; 0.000        ; 0.042      ; 0.314      ;
; 0.188 ; ch[0]                       ; ch[0]                                                                                                             ; clk          ; clk         ; 0.000        ; 0.042      ; 0.314      ;
; 0.188 ; state.S_POOL1               ; state.S_POOL1                                                                                                     ; clk          ; clk         ; 0.000        ; 0.042      ; 0.314      ;
; 0.188 ; kw[0]                       ; kw[0]                                                                                                             ; clk          ; clk         ; 0.000        ; 0.042      ; 0.314      ;
; 0.188 ; ic[0]                       ; ic[0]                                                                                                             ; clk          ; clk         ; 0.000        ; 0.042      ; 0.314      ;
; 0.189 ; uartRead:read1|rx_shift[7]  ; uartRead:read1|data[7]                                                                                            ; clk          ; clk         ; 0.000        ; 0.040      ; 0.313      ;
; 0.190 ; uartRead:read1|rx_shift[0]  ; uartRead:read1|data[0]                                                                                            ; clk          ; clk         ; 0.000        ; 0.040      ; 0.314      ;
; 0.190 ; uartRead:read1|rx_shift[3]  ; uartRead:read1|data[3]                                                                                            ; clk          ; clk         ; 0.000        ; 0.040      ; 0.314      ;
; 0.190 ; uartRead:read1|rx_shift[5]  ; uartRead:read1|data[5]                                                                                            ; clk          ; clk         ; 0.000        ; 0.040      ; 0.314      ;
; 0.190 ; uartRead:read1|rx_shift[6]  ; uartRead:read1|data[6]                                                                                            ; clk          ; clk         ; 0.000        ; 0.040      ; 0.314      ;
; 0.191 ; uartRead:read1|rx_shift[4]  ; uartRead:read1|data[4]                                                                                            ; clk          ; clk         ; 0.000        ; 0.040      ; 0.315      ;
; 0.192 ; uartRead:read1|rx_shift[1]  ; uartRead:read1|data[1]                                                                                            ; clk          ; clk         ; 0.000        ; 0.040      ; 0.316      ;
; 0.199 ; max_val[23]                 ; data_w_pool1[23]                                                                                                  ; clk          ; clk         ; 0.000        ; 0.042      ; 0.325      ;
; 0.201 ; max_val[28]                 ; data_w_pool1[28]                                                                                                  ; clk          ; clk         ; 0.000        ; 0.042      ; 0.327      ;
; 0.201 ; max_val[9]                  ; data_w_pool1[9]                                                                                                   ; clk          ; clk         ; 0.000        ; 0.042      ; 0.327      ;
; 0.202 ; kh[1]                       ; kh[2]                                                                                                             ; clk          ; clk         ; 0.000        ; 0.042      ; 0.328      ;
; 0.202 ; uartRead:read1|clk_count[8] ; uartRead:read1|clk_count[8]                                                                                       ; clk          ; clk         ; 0.000        ; 0.040      ; 0.326      ;
; 0.203 ; stt_uart.00110              ; stt_uart.00001                                                                                                    ; clk          ; clk         ; 0.000        ; 0.042      ; 0.329      ;
; 0.206 ; ic[1]                       ; ic[2]                                                                                                             ; clk          ; clk         ; 0.000        ; 0.042      ; 0.332      ;
; 0.214 ; kw[0]                       ; kw[2]                                                                                                             ; clk          ; clk         ; 0.000        ; 0.042      ; 0.340      ;
; 0.219 ; uartRead:read1|state.DATA   ; uartRead:read1|bit_index[0]                                                                                       ; clk          ; clk         ; 0.000        ; 0.040      ; 0.343      ;
; 0.247 ; score_rtl_0_bypass[11]      ; best_score[2]                                                                                                     ; clk          ; clk         ; 0.000        ; 0.042      ; 0.373      ;
; 0.248 ; score_rtl_0_bypass[12]      ; best_score[3]                                                                                                     ; clk          ; clk         ; 0.000        ; 0.042      ; 0.374      ;
; 0.248 ; score_rtl_0_bypass[28]      ; best_score[19]                                                                                                    ; clk          ; clk         ; 0.000        ; 0.042      ; 0.374      ;
; 0.248 ; score_rtl_0_bypass[34]      ; best_score[25]                                                                                                    ; clk          ; clk         ; 0.000        ; 0.042      ; 0.374      ;
; 0.249 ; score_rtl_0_bypass[16]      ; best_score[7]                                                                                                     ; clk          ; clk         ; 0.000        ; 0.042      ; 0.375      ;
; 0.249 ; score_rtl_0_bypass[17]      ; best_score[8]                                                                                                     ; clk          ; clk         ; 0.000        ; 0.041      ; 0.374      ;
; 0.249 ; score_rtl_0_bypass[32]      ; best_score[23]                                                                                                    ; clk          ; clk         ; 0.000        ; 0.041      ; 0.374      ;
; 0.249 ; score_rtl_0_bypass[37]      ; best_score[28]                                                                                                    ; clk          ; clk         ; 0.000        ; 0.042      ; 0.375      ;
; 0.256 ; uartRead:read1|data[2]      ; data_w_uart_img[2]                                                                                                ; clk          ; clk         ; 0.000        ; 0.042      ; 0.382      ;
; 0.256 ; uartRead:read1|data[7]      ; data_w_uart_img[7]                                                                                                ; clk          ; clk         ; 0.000        ; 0.042      ; 0.382      ;
; 0.263 ; data_w_uart_img[0]          ; ram_uart:u_ram_uart|altsyncram:altsyncram_component|altsyncram_off2:auto_generated|ram_block1a0~porta_datain_reg0 ; clk          ; clk         ; 0.000        ; 0.244      ; 0.611      ;
; 0.265 ; best_digit[2]               ; digit[2]                                                                                                          ; clk          ; clk         ; 0.000        ; 0.042      ; 0.391      ;
; 0.265 ; uartRead:read1|data[3]      ; data_w_uart_img[3]                                                                                                ; clk          ; clk         ; 0.000        ; 0.042      ; 0.391      ;
; 0.265 ; uartRead:read1|data[4]      ; data_w_uart_img[4]                                                                                                ; clk          ; clk         ; 0.000        ; 0.042      ; 0.391      ;
; 0.266 ; best_digit[0]               ; digit[0]                                                                                                          ; clk          ; clk         ; 0.000        ; 0.042      ; 0.392      ;
; 0.266 ; uartRead:read1|rx_shift[2]  ; uartRead:read1|data[2]                                                                                            ; clk          ; clk         ; 0.000        ; 0.040      ; 0.390      ;
; 0.267 ; kw[1]                       ; kw[2]                                                                                                             ; clk          ; clk         ; 0.000        ; 0.042      ; 0.393      ;
+-------+-----------------------------+-------------------------------------------------------------------------------------------------------------------+--------------+-------------+--------------+------------+------------+


+--------------------------------------------------------------------------------------------------------------------------------------------------------+
; Fast 1200mV 0C Model Hold: 'uartWrite:u5|clock'                                                                                                        ;
+-------+------------------------------+------------------------------+--------------------+--------------------+--------------+------------+------------+
; Slack ; From Node                    ; To Node                      ; Launch Clock       ; Latch Clock        ; Relationship ; Clock Skew ; Data Delay ;
+-------+------------------------------+------------------------------+--------------------+--------------------+--------------+------------+------------+
; 0.180 ; uartWrite:u5|stt_tx.00001100 ; uartWrite:u5|stt_tx.00001100 ; uartWrite:u5|clock ; uartWrite:u5|clock ; 0.000        ; 0.043      ; 0.307      ;
; 0.180 ; uartWrite:u5|fb              ; uartWrite:u5|fb              ; uartWrite:u5|clock ; uartWrite:u5|clock ; 0.000        ; 0.043      ; 0.307      ;
; 0.246 ; uartWrite:u5|stt_tx.00000001 ; uartWrite:u5|stt_tx.00000010 ; uartWrite:u5|clock ; uartWrite:u5|clock ; 0.000        ; 0.043      ; 0.373      ;
; 0.251 ; uartWrite:u5|stt_tx.00000000 ; uartWrite:u5|stt_tx.00000001 ; uartWrite:u5|clock ; uartWrite:u5|clock ; 0.000        ; 0.043      ; 0.378      ;
; 0.291 ; uartWrite:u5|stt_tx.00000010 ; uartWrite:u5|stt_tx.00000011 ; uartWrite:u5|clock ; uartWrite:u5|clock ; 0.000        ; 0.043      ; 0.418      ;
; 0.292 ; uartWrite:u5|stt_tx.00001011 ; uartWrite:u5|stt_tx.00001100 ; uartWrite:u5|clock ; uartWrite:u5|clock ; 0.000        ; 0.045      ; 0.421      ;
; 0.294 ; uartWrite:u5|stt_tx.00001001 ; uartWrite:u5|stt_tx.00001010 ; uartWrite:u5|clock ; uartWrite:u5|clock ; 0.000        ; 0.043      ; 0.421      ;
; 0.294 ; uartWrite:u5|stt_tx.00000011 ; uartWrite:u5|stt_tx.00000100 ; uartWrite:u5|clock ; uartWrite:u5|clock ; 0.000        ; 0.043      ; 0.421      ;
; 0.300 ; uartWrite:u5|stt_tx.00001010 ; uartWrite:u5|stt_tx.00001011 ; uartWrite:u5|clock ; uartWrite:u5|clock ; 0.000        ; 0.043      ; 0.427      ;
; 0.325 ; uartWrite:u5|stt_tx.00000101 ; uartWrite:u5|stt_tx.00000110 ; uartWrite:u5|clock ; uartWrite:u5|clock ; 0.000        ; 0.043      ; 0.452      ;
; 0.327 ; uartWrite:u5|stt_tx.00000111 ; uartWrite:u5|stt_tx.00001000 ; uartWrite:u5|clock ; uartWrite:u5|clock ; 0.000        ; 0.043      ; 0.454      ;
; 0.327 ; uartWrite:u5|stt_tx.00000110 ; uartWrite:u5|stt_tx.00000111 ; uartWrite:u5|clock ; uartWrite:u5|clock ; 0.000        ; 0.043      ; 0.454      ;
; 0.353 ; uartWrite:u5|stt_tx.00001011 ; uartWrite:u5|tx              ; uartWrite:u5|clock ; uartWrite:u5|clock ; 0.000        ; 0.043      ; 0.480      ;
; 0.367 ; uartWrite:u5|stt_tx.00001000 ; uartWrite:u5|stt_tx.00001001 ; uartWrite:u5|clock ; uartWrite:u5|clock ; 0.000        ; 0.044      ; 0.495      ;
; 0.381 ; uartWrite:u5|stt_tx.00000100 ; uartWrite:u5|stt_tx.00000101 ; uartWrite:u5|clock ; uartWrite:u5|clock ; 0.000        ; 0.042      ; 0.507      ;
; 0.383 ; uartWrite:u5|stt_tx.00001011 ; uartWrite:u5|fb              ; uartWrite:u5|clock ; uartWrite:u5|clock ; 0.000        ; 0.047      ; 0.514      ;
; 0.471 ; uartWrite:u5|stt_tx.00000000 ; uartWrite:u5|tx              ; uartWrite:u5|clock ; uartWrite:u5|clock ; 0.000        ; 0.043      ; 0.598      ;
; 0.506 ; run                          ; uartWrite:u5|stt_tx.00001100 ; clk                ; uartWrite:u5|clock ; 0.000        ; -0.091     ; 0.529      ;
; 0.506 ; uartWrite:u5|stt_tx.00000010 ; uartWrite:u5|tx              ; uartWrite:u5|clock ; uartWrite:u5|clock ; 0.000        ; 0.043      ; 0.633      ;
; 0.516 ; uartWrite:u5|stt_tx.00001010 ; uartWrite:u5|tx              ; uartWrite:u5|clock ; uartWrite:u5|clock ; 0.000        ; 0.043      ; 0.643      ;
; 0.517 ; run                          ; uartWrite:u5|stt_tx.00000011 ; clk                ; uartWrite:u5|clock ; 0.000        ; -0.093     ; 0.538      ;
; 0.518 ; run                          ; uartWrite:u5|stt_tx.00000010 ; clk                ; uartWrite:u5|clock ; 0.000        ; -0.093     ; 0.539      ;
; 0.519 ; run                          ; uartWrite:u5|stt_tx.00000001 ; clk                ; uartWrite:u5|clock ; 0.000        ; -0.093     ; 0.540      ;
; 0.519 ; run                          ; uartWrite:u5|stt_tx.00000100 ; clk                ; uartWrite:u5|clock ; 0.000        ; -0.093     ; 0.540      ;
; 0.519 ; run                          ; uartWrite:u5|stt_tx.00001001 ; clk                ; uartWrite:u5|clock ; 0.000        ; -0.093     ; 0.540      ;
; 0.519 ; run                          ; uartWrite:u5|stt_tx.00001011 ; clk                ; uartWrite:u5|clock ; 0.000        ; -0.093     ; 0.540      ;
; 0.520 ; run                          ; uartWrite:u5|stt_tx.00001010 ; clk                ; uartWrite:u5|clock ; 0.000        ; -0.093     ; 0.541      ;
; 0.549 ; run                          ; uartWrite:u5|stt_tx.00000111 ; clk                ; uartWrite:u5|clock ; 0.000        ; -0.094     ; 0.569      ;
; 0.552 ; run                          ; uartWrite:u5|stt_tx.00000101 ; clk                ; uartWrite:u5|clock ; 0.000        ; -0.094     ; 0.572      ;
; 0.552 ; run                          ; uartWrite:u5|stt_tx.00000110 ; clk                ; uartWrite:u5|clock ; 0.000        ; -0.094     ; 0.572      ;
; 0.553 ; run                          ; uartWrite:u5|stt_tx.00001000 ; clk                ; uartWrite:u5|clock ; 0.000        ; -0.094     ; 0.573      ;
; 0.585 ; run                          ; uartWrite:u5|stt_tx.00000000 ; clk                ; uartWrite:u5|clock ; 0.000        ; -0.093     ; 0.606      ;
; 0.585 ; uartWrite:u5|stt_tx.00000111 ; uartWrite:u5|tx              ; uartWrite:u5|clock ; uartWrite:u5|clock ; 0.000        ; 0.044      ; 0.713      ;
; 0.603 ; run                          ; uartWrite:u5|fb              ; clk                ; uartWrite:u5|clock ; 0.000        ; -0.089     ; 0.628      ;
; 0.607 ; data_uart[0]                 ; uartWrite:u5|tx              ; clk                ; uartWrite:u5|clock ; 0.000        ; -0.091     ; 0.630      ;
; 0.636 ; uartWrite:u5|stt_tx.00000011 ; uartWrite:u5|tx              ; uartWrite:u5|clock ; uartWrite:u5|clock ; 0.000        ; 0.043      ; 0.763      ;
; 0.646 ; uartWrite:u5|stt_tx.00000110 ; uartWrite:u5|tx              ; uartWrite:u5|clock ; uartWrite:u5|clock ; 0.000        ; 0.044      ; 0.774      ;
; 0.670 ; data_uart[5]                 ; uartWrite:u5|tx              ; clk                ; uartWrite:u5|clock ; 0.000        ; -0.089     ; 0.695      ;
; 0.688 ; uartWrite:u5|stt_tx.00001000 ; uartWrite:u5|tx              ; uartWrite:u5|clock ; uartWrite:u5|clock ; 0.000        ; 0.044      ; 0.816      ;
; 0.714 ; uartWrite:u5|stt_tx.00001100 ; uartWrite:u5|tx              ; uartWrite:u5|clock ; uartWrite:u5|clock ; 0.000        ; 0.041      ; 0.839      ;
; 0.729 ; data_uart[1]                 ; uartWrite:u5|tx              ; clk                ; uartWrite:u5|clock ; 0.000        ; -0.091     ; 0.752      ;
; 0.730 ; data_uart[7]                 ; uartWrite:u5|tx              ; clk                ; uartWrite:u5|clock ; 0.000        ; -0.091     ; 0.753      ;
; 0.731 ; data_uart[3]                 ; uartWrite:u5|tx              ; clk                ; uartWrite:u5|clock ; 0.000        ; -0.089     ; 0.756      ;
; 0.741 ; uartWrite:u5|stt_tx.00001001 ; uartWrite:u5|tx              ; uartWrite:u5|clock ; uartWrite:u5|clock ; 0.000        ; 0.043      ; 0.868      ;
; 0.743 ; run                          ; uartWrite:u5|tx              ; clk                ; uartWrite:u5|clock ; 0.000        ; -0.093     ; 0.764      ;
; 0.746 ; uartWrite:u5|stt_tx.00000100 ; uartWrite:u5|tx              ; uartWrite:u5|clock ; uartWrite:u5|clock ; 0.000        ; 0.043      ; 0.873      ;
; 0.754 ; uartWrite:u5|stt_tx.00000101 ; uartWrite:u5|tx              ; uartWrite:u5|clock ; uartWrite:u5|clock ; 0.000        ; 0.044      ; 0.882      ;
; 0.778 ; data_uart[6]                 ; uartWrite:u5|tx              ; clk                ; uartWrite:u5|clock ; 0.000        ; -0.089     ; 0.803      ;
; 0.796 ; uartWrite:u5|tx              ; uartWrite:u5|tx              ; uartWrite:u5|clock ; uartWrite:u5|clock ; 0.000        ; 0.043      ; 0.923      ;
; 0.838 ; data_uart[2]                 ; uartWrite:u5|tx              ; clk                ; uartWrite:u5|clock ; 0.000        ; -0.091     ; 0.861      ;
; 0.839 ; data_uart[4]                 ; uartWrite:u5|tx              ; clk                ; uartWrite:u5|clock ; 0.000        ; -0.089     ; 0.864      ;
+-------+------------------------------+------------------------------+--------------------+--------------------+--------------+------------+------------+


+------------------------------------------------------------------------------------------------------------------------------------------------------------------------------------------------------------------------------------------------------------------+
; Fast 1200mV 0C Model Hold: 'u_pll|altpll_component|auto_generated|pll1|clk[0]'                                                                                                                                                                                   ;
+-------+----------------------+-----------------------------------------------------------------------------------------------------------------------+--------------+---------------------------------------------------+--------------+------------+------------+
; Slack ; From Node            ; To Node                                                                                                               ; Launch Clock ; Latch Clock                                       ; Relationship ; Clock Skew ; Data Delay ;
+-------+----------------------+-----------------------------------------------------------------------------------------------------------------------+--------------+---------------------------------------------------+--------------+------------+------------+
; 1.523 ; data_w_img_conv2[13] ; img_conv2:u_img_conv2|altsyncram:altsyncram_component|altsyncram_45i1:auto_generated|ram_block1a6~porta_datain_reg0   ; clk          ; u_pll|altpll_component|auto_generated|pll1|clk[0] ; 0.000        ; -1.258     ; 0.469      ;
; 1.525 ; data_w_img_conv2[12] ; img_conv2:u_img_conv2|altsyncram:altsyncram_component|altsyncram_45i1:auto_generated|ram_block1a6~porta_datain_reg0   ; clk          ; u_pll|altpll_component|auto_generated|pll1|clk[0] ; 0.000        ; -1.258     ; 0.471      ;
; 1.526 ; addr_conv1w[6]       ; conv1:conv1_w|altsyncram:altsyncram_component|altsyncram_ejk1:auto_generated|ram_block1a0~porta_address_reg0          ; clk          ; u_pll|altpll_component|auto_generated|pll1|clk[0] ; 0.000        ; -1.259     ; 0.471      ;
; 1.527 ; data_w_img_conv1[1]  ; img_conv1:u_img_conv1|altsyncram:altsyncram_component|altsyncram_i5i1:auto_generated|ram_block1a1~porta_datain_reg0   ; clk          ; u_pll|altpll_component|auto_generated|pll1|clk[0] ; 0.000        ; -1.258     ; 0.473      ;
; 1.527 ; data_w_img_conv2[9]  ; img_conv2:u_img_conv2|altsyncram:altsyncram_component|altsyncram_45i1:auto_generated|ram_block1a6~porta_datain_reg0   ; clk          ; u_pll|altpll_component|auto_generated|pll1|clk[0] ; 0.000        ; -1.258     ; 0.473      ;
; 1.528 ; addr_conv2w[0]       ; conv2_w:u_conv2w|altsyncram:altsyncram_component|altsyncram_2jk1:auto_generated|ram_block1a6~porta_address_reg0       ; clk          ; u_pll|altpll_component|auto_generated|pll1|clk[0] ; 0.000        ; -1.257     ; 0.475      ;
; 1.529 ; data_w_img_conv2[7]  ; img_conv2:u_img_conv2|altsyncram:altsyncram_component|altsyncram_45i1:auto_generated|ram_block1a6~porta_datain_reg0   ; clk          ; u_pll|altpll_component|auto_generated|pll1|clk[0] ; 0.000        ; -1.258     ; 0.475      ;
; 1.530 ; data_w_img_conv2[14] ; img_conv2:u_img_conv2|altsyncram:altsyncram_component|altsyncram_45i1:auto_generated|ram_block1a6~porta_datain_reg0   ; clk          ; u_pll|altpll_component|auto_generated|pll1|clk[0] ; 0.000        ; -1.258     ; 0.476      ;
; 1.531 ; addr_fcw[11]         ; fc_w:u_fc_w|altsyncram:altsyncram_component|altsyncram_bak1:auto_generated|ram_block1a1~porta_address_reg0            ; clk          ; u_pll|altpll_component|auto_generated|pll1|clk[0] ; 0.000        ; -1.260     ; 0.475      ;
; 1.532 ; addr_fcw[2]          ; fc_w:u_fc_w|altsyncram:altsyncram_component|altsyncram_bak1:auto_generated|ram_block1a1~porta_address_reg0            ; clk          ; u_pll|altpll_component|auto_generated|pll1|clk[0] ; 0.000        ; -1.260     ; 0.476      ;
; 1.534 ; addr_conv2w[9]       ; conv2_w:u_conv2w|altsyncram:altsyncram_component|altsyncram_2jk1:auto_generated|ram_block1a6~porta_address_reg0       ; clk          ; u_pll|altpll_component|auto_generated|pll1|clk[0] ; 0.000        ; -1.258     ; 0.480      ;
; 1.535 ; addr_fcw[10]         ; fc_w:u_fc_w|altsyncram:altsyncram_component|altsyncram_bak1:auto_generated|ram_block1a11~porta_address_reg0           ; clk          ; u_pll|altpll_component|auto_generated|pll1|clk[0] ; 0.000        ; -1.261     ; 0.478      ;
; 1.535 ; addr_conv2w[2]       ; conv2_w:u_conv2w|altsyncram:altsyncram_component|altsyncram_2jk1:auto_generated|ram_block1a6~porta_address_reg0       ; clk          ; u_pll|altpll_component|auto_generated|pll1|clk[0] ; 0.000        ; -1.257     ; 0.482      ;
; 1.535 ; addr_conv2w[6]       ; conv2_w:u_conv2w|altsyncram:altsyncram_component|altsyncram_2jk1:auto_generated|ram_block1a6~porta_address_reg0       ; clk          ; u_pll|altpll_component|auto_generated|pll1|clk[0] ; 0.000        ; -1.257     ; 0.482      ;
; 1.537 ; addr_fcw[9]          ; fc_w:u_fc_w|altsyncram:altsyncram_component|altsyncram_bak1:auto_generated|ram_block1a11~porta_address_reg0           ; clk          ; u_pll|altpll_component|auto_generated|pll1|clk[0] ; 0.000        ; -1.261     ; 0.480      ;
; 1.538 ; data_w_img_conv2[10] ; img_conv2:u_img_conv2|altsyncram:altsyncram_component|altsyncram_45i1:auto_generated|ram_block1a6~porta_datain_reg0   ; clk          ; u_pll|altpll_component|auto_generated|pll1|clk[0] ; 0.000        ; -1.258     ; 0.484      ;
; 1.538 ; addr_conv1w[3]       ; conv1:conv1_w|altsyncram:altsyncram_component|altsyncram_ejk1:auto_generated|ram_block1a0~porta_address_reg0          ; clk          ; u_pll|altpll_component|auto_generated|pll1|clk[0] ; 0.000        ; -1.259     ; 0.483      ;
; 1.539 ; addr_conv1w[1]       ; conv1:conv1_w|altsyncram:altsyncram_component|altsyncram_ejk1:auto_generated|ram_block1a0~porta_address_reg0          ; clk          ; u_pll|altpll_component|auto_generated|pll1|clk[0] ; 0.000        ; -1.259     ; 0.484      ;
; 1.540 ; addr_fcw[0]          ; fc_w:u_fc_w|altsyncram:altsyncram_component|altsyncram_bak1:auto_generated|ram_block1a1~porta_address_reg0            ; clk          ; u_pll|altpll_component|auto_generated|pll1|clk[0] ; 0.000        ; -1.260     ; 0.484      ;
; 1.540 ; addr_conv2w[4]       ; conv2_w:u_conv2w|altsyncram:altsyncram_component|altsyncram_2jk1:auto_generated|ram_block1a6~porta_address_reg0       ; clk          ; u_pll|altpll_component|auto_generated|pll1|clk[0] ; 0.000        ; -1.257     ; 0.487      ;
; 1.542 ; addr_pool1[8]        ; pool1:u_pool1|altsyncram:altsyncram_component|altsyncram_a9g1:auto_generated|ram_block1a22~porta_address_reg0         ; clk          ; u_pll|altpll_component|auto_generated|pll1|clk[0] ; 0.000        ; -1.263     ; 0.483      ;
; 1.543 ; data_w_img_conv2[11] ; img_conv2:u_img_conv2|altsyncram:altsyncram_component|altsyncram_45i1:auto_generated|ram_block1a6~porta_datain_reg0   ; clk          ; u_pll|altpll_component|auto_generated|pll1|clk[0] ; 0.000        ; -1.258     ; 0.489      ;
; 1.545 ; addr_fcw[10]         ; fc_w:u_fc_w|altsyncram:altsyncram_component|altsyncram_bak1:auto_generated|ram_block1a13~porta_address_reg0           ; clk          ; u_pll|altpll_component|auto_generated|pll1|clk[0] ; 0.000        ; -1.262     ; 0.487      ;
; 1.545 ; addr_pool1[3]        ; pool1:u_pool1|altsyncram:altsyncram_component|altsyncram_a9g1:auto_generated|ram_block1a14~porta_address_reg0         ; clk          ; u_pll|altpll_component|auto_generated|pll1|clk[0] ; 0.000        ; -1.263     ; 0.486      ;
; 1.548 ; addr_fcw[8]          ; fc_w:u_fc_w|altsyncram:altsyncram_component|altsyncram_bak1:auto_generated|ram_block1a11~porta_address_reg0           ; clk          ; u_pll|altpll_component|auto_generated|pll1|clk[0] ; 0.000        ; -1.261     ; 0.491      ;
; 1.548 ; addr_pool1[7]        ; pool1:u_pool1|altsyncram:altsyncram_component|altsyncram_a9g1:auto_generated|ram_block1a26~porta_address_reg0         ; clk          ; u_pll|altpll_component|auto_generated|pll1|clk[0] ; 0.000        ; -1.254     ; 0.498      ;
; 1.548 ; addr_conv1w[8]       ; conv1:conv1_w|altsyncram:altsyncram_component|altsyncram_ejk1:auto_generated|ram_block1a0~porta_address_reg0          ; clk          ; u_pll|altpll_component|auto_generated|pll1|clk[0] ; 0.000        ; -1.259     ; 0.493      ;
; 1.549 ; addr_fcw[1]          ; fc_w:u_fc_w|altsyncram:altsyncram_component|altsyncram_bak1:auto_generated|ram_block1a1~porta_address_reg0            ; clk          ; u_pll|altpll_component|auto_generated|pll1|clk[0] ; 0.000        ; -1.260     ; 0.493      ;
; 1.549 ; addr_fcw[9]          ; fc_w:u_fc_w|altsyncram:altsyncram_component|altsyncram_bak1:auto_generated|ram_block1a13~porta_address_reg0           ; clk          ; u_pll|altpll_component|auto_generated|pll1|clk[0] ; 0.000        ; -1.262     ; 0.491      ;
; 1.550 ; addr_conv1w[2]       ; conv1:conv1_w|altsyncram:altsyncram_component|altsyncram_ejk1:auto_generated|ram_block1a0~porta_address_reg0          ; clk          ; u_pll|altpll_component|auto_generated|pll1|clk[0] ; 0.000        ; -1.259     ; 0.495      ;
; 1.550 ; addr_conv2w[11]      ; conv2_w:u_conv2w|altsyncram:altsyncram_component|altsyncram_2jk1:auto_generated|ram_block1a6~porta_address_reg0       ; clk          ; u_pll|altpll_component|auto_generated|pll1|clk[0] ; 0.000        ; -1.258     ; 0.496      ;
; 1.551 ; addr_conv1w[5]       ; conv1:conv1_w|altsyncram:altsyncram_component|altsyncram_ejk1:auto_generated|ram_block1a0~porta_address_reg0          ; clk          ; u_pll|altpll_component|auto_generated|pll1|clk[0] ; 0.000        ; -1.259     ; 0.496      ;
; 1.553 ; addr_pool1[10]       ; pool1:u_pool1|altsyncram:altsyncram_component|altsyncram_a9g1:auto_generated|ram_block1a22~porta_address_reg0         ; clk          ; u_pll|altpll_component|auto_generated|pll1|clk[0] ; 0.000        ; -1.263     ; 0.494      ;
; 1.553 ; addr_conv2w[9]       ; conv2_w:u_conv2w|altsyncram:altsyncram_component|altsyncram_2jk1:auto_generated|ram_block1a4~porta_address_reg0       ; clk          ; u_pll|altpll_component|auto_generated|pll1|clk[0] ; 0.000        ; -1.260     ; 0.497      ;
; 1.555 ; addr_pool1[10]       ; pool1:u_pool1|altsyncram:altsyncram_component|altsyncram_a9g1:auto_generated|ram_block1a14~porta_address_reg0         ; clk          ; u_pll|altpll_component|auto_generated|pll1|clk[0] ; 0.000        ; -1.263     ; 0.496      ;
; 1.555 ; addr_pool1[3]        ; pool1:u_pool1|altsyncram:altsyncram_component|altsyncram_a9g1:auto_generated|ram_block1a26~porta_address_reg0         ; clk          ; u_pll|altpll_component|auto_generated|pll1|clk[0] ; 0.000        ; -1.254     ; 0.505      ;
; 1.555 ; addr_conv2w[4]       ; conv2_w:u_conv2w|altsyncram:altsyncram_component|altsyncram_2jk1:auto_generated|ram_block1a8~porta_address_reg0       ; clk          ; u_pll|altpll_component|auto_generated|pll1|clk[0] ; 0.000        ; -1.262     ; 0.497      ;
; 1.555 ; addr_conv2w[6]       ; conv2_w:u_conv2w|altsyncram:altsyncram_component|altsyncram_2jk1:auto_generated|ram_block1a8~porta_address_reg0       ; clk          ; u_pll|altpll_component|auto_generated|pll1|clk[0] ; 0.000        ; -1.262     ; 0.497      ;
; 1.556 ; addr_pool1[4]        ; pool1:u_pool1|altsyncram:altsyncram_component|altsyncram_a9g1:auto_generated|ram_block1a14~porta_address_reg0         ; clk          ; u_pll|altpll_component|auto_generated|pll1|clk[0] ; 0.000        ; -1.263     ; 0.497      ;
; 1.557 ; data_w_pool2[27]     ; pool2:u_pool2|altsyncram:altsyncram_component|altsyncram_h2i1:auto_generated|ram_block1a14~porta_datain_reg0          ; clk          ; u_pll|altpll_component|auto_generated|pll1|clk[0] ; 0.000        ; -1.264     ; 0.497      ;
; 1.557 ; data_w_pool2[10]     ; pool2:u_pool2|altsyncram:altsyncram_component|altsyncram_h2i1:auto_generated|ram_block1a0~porta_datain_reg0           ; clk          ; u_pll|altpll_component|auto_generated|pll1|clk[0] ; 0.000        ; -1.264     ; 0.497      ;
; 1.558 ; addr_pool1[7]        ; pool1:u_pool1|altsyncram:altsyncram_component|altsyncram_a9g1:auto_generated|ram_block1a10~porta_address_reg0         ; clk          ; u_pll|altpll_component|auto_generated|pll1|clk[0] ; 0.000        ; -1.254     ; 0.508      ;
; 1.558 ; addr_conv2w[4]       ; conv2_w:u_conv2w|altsyncram:altsyncram_component|altsyncram_2jk1:auto_generated|ram_block1a4~porta_address_reg0       ; clk          ; u_pll|altpll_component|auto_generated|pll1|clk[0] ; 0.000        ; -1.259     ; 0.503      ;
; 1.559 ; addr_conv2w[6]       ; conv2_w:u_conv2w|altsyncram:altsyncram_component|altsyncram_2jk1:auto_generated|ram_block1a4~porta_address_reg0       ; clk          ; u_pll|altpll_component|auto_generated|pll1|clk[0] ; 0.000        ; -1.259     ; 0.504      ;
; 1.560 ; addr_pool1[4]        ; pool1:u_pool1|altsyncram:altsyncram_component|altsyncram_a9g1:auto_generated|ram_block1a26~porta_address_reg0         ; clk          ; u_pll|altpll_component|auto_generated|pll1|clk[0] ; 0.000        ; -1.254     ; 0.510      ;
; 1.561 ; addr_fcw[4]          ; fc_w:u_fc_w|altsyncram:altsyncram_component|altsyncram_bak1:auto_generated|ram_block1a13~porta_address_reg0           ; clk          ; u_pll|altpll_component|auto_generated|pll1|clk[0] ; 0.000        ; -1.262     ; 0.503      ;
; 1.561 ; addr_fcw[8]          ; fc_w:u_fc_w|altsyncram:altsyncram_component|altsyncram_bak1:auto_generated|ram_block1a13~porta_address_reg0           ; clk          ; u_pll|altpll_component|auto_generated|pll1|clk[0] ; 0.000        ; -1.262     ; 0.503      ;
; 1.561 ; addr_pool1[8]        ; pool1:u_pool1|altsyncram:altsyncram_component|altsyncram_a9g1:auto_generated|ram_block1a14~porta_address_reg0         ; clk          ; u_pll|altpll_component|auto_generated|pll1|clk[0] ; 0.000        ; -1.263     ; 0.502      ;
; 1.562 ; data_w_pool2[9]      ; pool2:u_pool2|altsyncram:altsyncram_component|altsyncram_h2i1:auto_generated|ram_block1a0~porta_datain_reg0           ; clk          ; u_pll|altpll_component|auto_generated|pll1|clk[0] ; 0.000        ; -1.264     ; 0.502      ;
; 1.562 ; addr_pool1[10]       ; pool1:u_pool1|altsyncram:altsyncram_component|altsyncram_a9g1:auto_generated|ram_block1a26~porta_address_reg0         ; clk          ; u_pll|altpll_component|auto_generated|pll1|clk[0] ; 0.000        ; -1.254     ; 0.512      ;
; 1.563 ; addr_fcw[4]          ; fc_w:u_fc_w|altsyncram:altsyncram_component|altsyncram_bak1:auto_generated|ram_block1a11~porta_address_reg0           ; clk          ; u_pll|altpll_component|auto_generated|pll1|clk[0] ; 0.000        ; -1.261     ; 0.506      ;
; 1.563 ; addr_pool1[4]        ; pool1:u_pool1|altsyncram:altsyncram_component|altsyncram_a9g1:auto_generated|ram_block1a0~porta_address_reg0          ; clk          ; u_pll|altpll_component|auto_generated|pll1|clk[0] ; 0.000        ; -1.254     ; 0.513      ;
; 1.564 ; data_w_pool2[24]     ; pool2:u_pool2|altsyncram:altsyncram_component|altsyncram_h2i1:auto_generated|ram_block1a14~porta_datain_reg0          ; clk          ; u_pll|altpll_component|auto_generated|pll1|clk[0] ; 0.000        ; -1.264     ; 0.504      ;
; 1.564 ; addr_pool1[7]        ; pool1:u_pool1|altsyncram:altsyncram_component|altsyncram_a9g1:auto_generated|ram_block1a0~porta_address_reg0          ; clk          ; u_pll|altpll_component|auto_generated|pll1|clk[0] ; 0.000        ; -1.254     ; 0.514      ;
; 1.566 ; data_w_pool2[26]     ; pool2:u_pool2|altsyncram:altsyncram_component|altsyncram_h2i1:auto_generated|ram_block1a14~porta_datain_reg0          ; clk          ; u_pll|altpll_component|auto_generated|pll1|clk[0] ; 0.000        ; -1.264     ; 0.506      ;
; 1.566 ; addr_pool1[8]        ; pool1:u_pool1|altsyncram:altsyncram_component|altsyncram_a9g1:auto_generated|ram_block1a10~porta_address_reg0         ; clk          ; u_pll|altpll_component|auto_generated|pll1|clk[0] ; 0.000        ; -1.254     ; 0.516      ;
; 1.567 ; data_w_pool2[5]      ; pool2:u_pool2|altsyncram:altsyncram_component|altsyncram_h2i1:auto_generated|ram_block1a0~porta_datain_reg0           ; clk          ; u_pll|altpll_component|auto_generated|pll1|clk[0] ; 0.000        ; -1.264     ; 0.507      ;
; 1.568 ; data_w_pool2[25]     ; pool2:u_pool2|altsyncram:altsyncram_component|altsyncram_h2i1:auto_generated|ram_block1a14~porta_datain_reg0          ; clk          ; u_pll|altpll_component|auto_generated|pll1|clk[0] ; 0.000        ; -1.264     ; 0.508      ;
; 1.568 ; addr_pool1[8]        ; pool1:u_pool1|altsyncram:altsyncram_component|altsyncram_a9g1:auto_generated|ram_block1a26~porta_address_reg0         ; clk          ; u_pll|altpll_component|auto_generated|pll1|clk[0] ; 0.000        ; -1.254     ; 0.518      ;
; 1.570 ; addr_fcw[4]          ; fc_w:u_fc_w|altsyncram:altsyncram_component|altsyncram_bak1:auto_generated|ram_block1a1~porta_address_reg0            ; clk          ; u_pll|altpll_component|auto_generated|pll1|clk[0] ; 0.000        ; -1.260     ; 0.514      ;
; 1.570 ; addr_pool1[4]        ; pool1:u_pool1|altsyncram:altsyncram_component|altsyncram_a9g1:auto_generated|ram_block1a10~porta_address_reg0         ; clk          ; u_pll|altpll_component|auto_generated|pll1|clk[0] ; 0.000        ; -1.254     ; 0.520      ;
; 1.571 ; addr_pool1[3]        ; pool1:u_pool1|altsyncram:altsyncram_component|altsyncram_a9g1:auto_generated|ram_block1a0~porta_address_reg0          ; clk          ; u_pll|altpll_component|auto_generated|pll1|clk[0] ; 0.000        ; -1.254     ; 0.521      ;
; 1.572 ; addr_pool1[10]       ; pool1:u_pool1|altsyncram:altsyncram_component|altsyncram_a9g1:auto_generated|ram_block1a10~porta_address_reg0         ; clk          ; u_pll|altpll_component|auto_generated|pll1|clk[0] ; 0.000        ; -1.254     ; 0.522      ;
; 1.576 ; data_w_pool2[8]      ; pool2:u_pool2|altsyncram:altsyncram_component|altsyncram_h2i1:auto_generated|ram_block1a0~porta_datain_reg0           ; clk          ; u_pll|altpll_component|auto_generated|pll1|clk[0] ; 0.000        ; -1.264     ; 0.516      ;
; 1.577 ; addr_pool1[3]        ; pool1:u_pool1|altsyncram:altsyncram_component|altsyncram_a9g1:auto_generated|ram_block1a10~porta_address_reg0         ; clk          ; u_pll|altpll_component|auto_generated|pll1|clk[0] ; 0.000        ; -1.254     ; 0.527      ;
; 1.578 ; addr_pool1[10]       ; pool1:u_pool1|altsyncram:altsyncram_component|altsyncram_a9g1:auto_generated|ram_block1a0~porta_address_reg0          ; clk          ; u_pll|altpll_component|auto_generated|pll1|clk[0] ; 0.000        ; -1.254     ; 0.528      ;
; 1.584 ; addr_pool1[8]        ; pool1:u_pool1|altsyncram:altsyncram_component|altsyncram_a9g1:auto_generated|ram_block1a0~porta_address_reg0          ; clk          ; u_pll|altpll_component|auto_generated|pll1|clk[0] ; 0.000        ; -1.254     ; 0.534      ;
; 1.593 ; addr_conv2w[11]      ; conv2_w:u_conv2w|altsyncram:altsyncram_component|altsyncram_2jk1:auto_generated|ram_block1a4~porta_address_reg0       ; clk          ; u_pll|altpll_component|auto_generated|pll1|clk[0] ; 0.000        ; -1.260     ; 0.537      ;
; 1.618 ; data_w_img_conv2[29] ; img_conv2:u_img_conv2|altsyncram:altsyncram_component|altsyncram_45i1:auto_generated|ram_block1a0~porta_datain_reg0   ; clk          ; u_pll|altpll_component|auto_generated|pll1|clk[0] ; 0.000        ; -1.258     ; 0.564      ;
; 1.618 ; data_w_img_conv2[30] ; img_conv2:u_img_conv2|altsyncram:altsyncram_component|altsyncram_45i1:auto_generated|ram_block1a0~porta_datain_reg0   ; clk          ; u_pll|altpll_component|auto_generated|pll1|clk[0] ; 0.000        ; -1.258     ; 0.564      ;
; 1.622 ; data_w_img_conv2[27] ; img_conv2:u_img_conv2|altsyncram:altsyncram_component|altsyncram_45i1:auto_generated|ram_block1a0~porta_datain_reg0   ; clk          ; u_pll|altpll_component|auto_generated|pll1|clk[0] ; 0.000        ; -1.258     ; 0.568      ;
; 1.629 ; data_w_img_conv2[28] ; img_conv2:u_img_conv2|altsyncram:altsyncram_component|altsyncram_45i1:auto_generated|ram_block1a0~porta_datain_reg0   ; clk          ; u_pll|altpll_component|auto_generated|pll1|clk[0] ; 0.000        ; -1.258     ; 0.575      ;
; 1.630 ; data_w_img_conv2[24] ; img_conv2:u_img_conv2|altsyncram:altsyncram_component|altsyncram_45i1:auto_generated|ram_block1a0~porta_datain_reg0   ; clk          ; u_pll|altpll_component|auto_generated|pll1|clk[0] ; 0.000        ; -1.258     ; 0.576      ;
; 1.630 ; data_w_img_conv2[26] ; img_conv2:u_img_conv2|altsyncram:altsyncram_component|altsyncram_45i1:auto_generated|ram_block1a0~porta_datain_reg0   ; clk          ; u_pll|altpll_component|auto_generated|pll1|clk[0] ; 0.000        ; -1.258     ; 0.576      ;
; 1.634 ; data_w_img_conv2[0]  ; img_conv2:u_img_conv2|altsyncram:altsyncram_component|altsyncram_45i1:auto_generated|ram_block1a0~porta_datain_reg0   ; clk          ; u_pll|altpll_component|auto_generated|pll1|clk[0] ; 0.000        ; -1.258     ; 0.580      ;
; 1.637 ; addr_pool2[6]        ; pool2:u_pool2|altsyncram:altsyncram_component|altsyncram_h2i1:auto_generated|ram_block1a14~porta_address_reg0         ; clk          ; u_pll|altpll_component|auto_generated|pll1|clk[0] ; 0.000        ; -1.273     ; 0.568      ;
; 1.637 ; addr_pool2[6]        ; pool2:u_pool2|altsyncram:altsyncram_component|altsyncram_h2i1:auto_generated|ram_block1a0~porta_address_reg0          ; clk          ; u_pll|altpll_component|auto_generated|pll1|clk[0] ; 0.000        ; -1.273     ; 0.568      ;
; 1.644 ; data_w_img_conv2[31] ; img_conv2:u_img_conv2|altsyncram:altsyncram_component|altsyncram_45i1:auto_generated|ram_block1a0~porta_datain_reg0   ; clk          ; u_pll|altpll_component|auto_generated|pll1|clk[0] ; 0.000        ; -1.258     ; 0.590      ;
; 1.645 ; addr_pool2[5]        ; pool2:u_pool2|altsyncram:altsyncram_component|altsyncram_h2i1:auto_generated|ram_block1a14~porta_address_reg0         ; clk          ; u_pll|altpll_component|auto_generated|pll1|clk[0] ; 0.000        ; -1.261     ; 0.588      ;
; 1.645 ; addr_pool2[5]        ; pool2:u_pool2|altsyncram:altsyncram_component|altsyncram_h2i1:auto_generated|ram_block1a0~porta_address_reg0          ; clk          ; u_pll|altpll_component|auto_generated|pll1|clk[0] ; 0.000        ; -1.261     ; 0.588      ;
; 1.658 ; addr_pool1[6]        ; pool1:u_pool1|altsyncram:altsyncram_component|altsyncram_a9g1:auto_generated|ram_block1a14~porta_address_reg0         ; clk          ; u_pll|altpll_component|auto_generated|pll1|clk[0] ; 0.000        ; -1.263     ; 0.599      ;
; 1.659 ; addr_img_conv2[3]    ; img_conv2:u_img_conv2|altsyncram:altsyncram_component|altsyncram_45i1:auto_generated|ram_block1a1~porta_address_reg0  ; clk          ; u_pll|altpll_component|auto_generated|pll1|clk[0] ; 0.000        ; -1.261     ; 0.602      ;
; 1.662 ; addr_fcw[6]          ; fc_w:u_fc_w|altsyncram:altsyncram_component|altsyncram_bak1:auto_generated|ram_block1a11~porta_address_reg0           ; clk          ; u_pll|altpll_component|auto_generated|pll1|clk[0] ; 0.000        ; -1.261     ; 0.605      ;
; 1.662 ; addr_fcw[6]          ; fc_w:u_fc_w|altsyncram:altsyncram_component|altsyncram_bak1:auto_generated|ram_block1a13~porta_address_reg0           ; clk          ; u_pll|altpll_component|auto_generated|pll1|clk[0] ; 0.000        ; -1.262     ; 0.604      ;
; 1.664 ; addr_pool1[6]        ; pool1:u_pool1|altsyncram:altsyncram_component|altsyncram_a9g1:auto_generated|ram_block1a10~porta_address_reg0         ; clk          ; u_pll|altpll_component|auto_generated|pll1|clk[0] ; 0.000        ; -1.254     ; 0.614      ;
; 1.666 ; addr_fcw[5]          ; fc_w:u_fc_w|altsyncram:altsyncram_component|altsyncram_bak1:auto_generated|ram_block1a13~porta_address_reg0           ; clk          ; u_pll|altpll_component|auto_generated|pll1|clk[0] ; 0.000        ; -1.262     ; 0.608      ;
; 1.666 ; data_w_img_conv2[5]  ; img_conv2:u_img_conv2|altsyncram:altsyncram_component|altsyncram_45i1:auto_generated|ram_block1a1~porta_datain_reg0   ; clk          ; u_pll|altpll_component|auto_generated|pll1|clk[0] ; 0.000        ; -1.258     ; 0.612      ;
; 1.667 ; data_w_img_conv2[6]  ; img_conv2:u_img_conv2|altsyncram:altsyncram_component|altsyncram_45i1:auto_generated|ram_block1a6~porta_datain_reg0   ; clk          ; u_pll|altpll_component|auto_generated|pll1|clk[0] ; 0.000        ; -1.258     ; 0.613      ;
; 1.670 ; data_w_pool2[22]     ; pool2:u_pool2|altsyncram:altsyncram_component|altsyncram_h2i1:auto_generated|ram_block1a14~porta_datain_reg0          ; clk          ; u_pll|altpll_component|auto_generated|pll1|clk[0] ; 0.000        ; -1.263     ; 0.611      ;
; 1.670 ; addr_img[1]          ; ram_uart:u_ram_uart|altsyncram:altsyncram_component|altsyncram_off2:auto_generated|ram_block1a3~portb_address_reg0    ; clk          ; u_pll|altpll_component|auto_generated|pll1|clk[0] ; 0.000        ; -1.312     ; 0.562      ;
; 1.673 ; data_w_img_conv2[1]  ; img_conv2:u_img_conv2|altsyncram:altsyncram_component|altsyncram_45i1:auto_generated|ram_block1a1~porta_datain_reg0   ; clk          ; u_pll|altpll_component|auto_generated|pll1|clk[0] ; 0.000        ; -1.258     ; 0.619      ;
; 1.674 ; data_w_pool2[30]     ; pool2:u_pool2|altsyncram:altsyncram_component|altsyncram_h2i1:auto_generated|ram_block1a14~porta_datain_reg0          ; clk          ; u_pll|altpll_component|auto_generated|pll1|clk[0] ; 0.000        ; -1.263     ; 0.615      ;
; 1.674 ; data_w_img_conv2[18] ; img_conv2:u_img_conv2|altsyncram:altsyncram_component|altsyncram_45i1:auto_generated|ram_block1a15~porta_datain_reg0  ; clk          ; u_pll|altpll_component|auto_generated|pll1|clk[0] ; 0.000        ; -1.259     ; 0.619      ;
; 1.676 ; addr_img[0]          ; ram_uart:u_ram_uart|altsyncram:altsyncram_component|altsyncram_off2:auto_generated|ram_block1a3~portb_address_reg0    ; clk          ; u_pll|altpll_component|auto_generated|pll1|clk[0] ; 0.000        ; -1.312     ; 0.568      ;
; 1.677 ; data_w_img_conv2[16] ; img_conv2:u_img_conv2|altsyncram:altsyncram_component|altsyncram_45i1:auto_generated|ram_block1a15~porta_datain_reg0  ; clk          ; u_pll|altpll_component|auto_generated|pll1|clk[0] ; 0.000        ; -1.260     ; 0.621      ;
; 1.677 ; data_w_img_conv2[4]  ; img_conv2:u_img_conv2|altsyncram:altsyncram_component|altsyncram_45i1:auto_generated|ram_block1a1~porta_datain_reg0   ; clk          ; u_pll|altpll_component|auto_generated|pll1|clk[0] ; 0.000        ; -1.258     ; 0.623      ;
; 1.677 ; data_w_img_conv2[8]  ; img_conv2:u_img_conv2|altsyncram:altsyncram_component|altsyncram_45i1:auto_generated|ram_block1a6~porta_datain_reg0   ; clk          ; u_pll|altpll_component|auto_generated|pll1|clk[0] ; 0.000        ; -1.258     ; 0.623      ;
; 1.677 ; addr_conv2w[5]       ; conv2_w:u_conv2w|altsyncram:altsyncram_component|altsyncram_2jk1:auto_generated|ram_block1a4~porta_address_reg0       ; clk          ; u_pll|altpll_component|auto_generated|pll1|clk[0] ; 0.000        ; -1.259     ; 0.622      ;
; 1.679 ; data_w_img_conv2[25] ; img_conv2:u_img_conv2|altsyncram:altsyncram_component|altsyncram_45i1:auto_generated|ram_block1a0~porta_datain_reg0   ; clk          ; u_pll|altpll_component|auto_generated|pll1|clk[0] ; 0.000        ; -1.258     ; 0.625      ;
; 1.679 ; addr_img_conv1[6]    ; img_conv1:u_img_conv1|altsyncram:altsyncram_component|altsyncram_i5i1:auto_generated|ram_block1a16~porta_address_reg0 ; clk          ; u_pll|altpll_component|auto_generated|pll1|clk[0] ; 0.000        ; -1.260     ; 0.623      ;
+-------+----------------------+-----------------------------------------------------------------------------------------------------------------------+--------------+---------------------------------------------------+--------------+------------+------------+


----------------------------------------------
; Fast 1200mV 0C Model Metastability Summary ;
----------------------------------------------
The design MTBF is not calculated because there are no specified synchronizers in the design.
Number of Synchronizer Chains Found: 129
Shortest Synchronizer Chain: 2 Registers
Fraction of Chains for which MTBFs Could Not be Calculated: 1.000
Worst Case Available Settling Time: 6.746 ns




+------------------------------------------------------------------------------------------------------------------+
; Multicorner Timing Analysis Summary                                                                              ;
+----------------------------------------------------+----------+-------+----------+---------+---------------------+
; Clock                                              ; Setup    ; Hold  ; Recovery ; Removal ; Minimum Pulse Width ;
+----------------------------------------------------+----------+-------+----------+---------+---------------------+
; Worst-case Slack                                   ; -5.408   ; 0.145 ; N/A      ; N/A     ; -1.285              ;
;  clk                                               ; -5.408   ; 0.145 ; N/A      ; N/A     ; 9.372               ;
;  u_pll|altpll_component|auto_generated|pll1|clk[0] ; 2.085    ; 1.523 ; N/A      ; N/A     ; 4.750               ;
;  uartWrite:u5|clock                                ; -1.568   ; 0.180 ; N/A      ; N/A     ; -1.285              ;
; Design-wide TNS                                    ; -254.551 ; 0.0   ; 0.0      ; 0.0     ; -19.275             ;
;  clk                                               ; -242.791 ; 0.000 ; N/A      ; N/A     ; 0.000               ;
;  u_pll|altpll_component|auto_generated|pll1|clk[0] ; 0.000    ; 0.000 ; N/A      ; N/A     ; 0.000               ;
;  uartWrite:u5|clock                                ; -11.760  ; 0.000 ; N/A      ; N/A     ; -19.275             ;
+----------------------------------------------------+----------+-------+----------+---------+---------------------+


+------------------------------------------------------------------------------------------------------------------------------------------------------------------------------------------------------------------------------------------------------------------------------------------------------------------------------------------------------------------------------------------------------------------+
; Board Trace Model Assignments                                                                                                                                                                                                                                                                                                                                                                                    ;
+---------------+--------------+-------------------+-------------------------+-------------------------+---------------+---------------------+----------------+------------------+--------+------------------+------------------------+------------------------+--------------+---------------+-----------------+-------+---------------------+--------------------+---------------+-----------------+-------------+
; Pin           ; I/O Standard ; Near Tline Length ; Near Tline L per Length ; Near Tline C per Length ; Near Series R ; Near Differential R ; Near Pull-up R ; Near Pull-down R ; Near C ; Far Tline Length ; Far Tline L per Length ; Far Tline C per Length ; Far Series R ; Far Pull-up R ; Far Pull-down R ; Far C ; Termination Voltage ; Far Differential R ; EBD File Name ; EBD Signal Name ; EBD Far-end ;
+---------------+--------------+-------------------+-------------------------+-------------------------+---------------+---------------------+----------------+------------------+--------+------------------+------------------------+------------------------+--------------+---------------+-----------------+-------+---------------------+--------------------+---------------+-----------------+-------------+
; LED_seg[0]    ; 2.5 V        ; 0 in              ; 0 H/in                  ; 0 F/in                  ; short         ; -                   ; open           ; open             ; open   ; 0 in             ; 0 H/in                 ; 0 F/in                 ; short        ; open          ; open            ; open  ; 0 V                 ; -                  ; n/a           ; n/a             ; n/a         ;
; LED_seg[1]    ; 2.5 V        ; 0 in              ; 0 H/in                  ; 0 F/in                  ; short         ; -                   ; open           ; open             ; open   ; 0 in             ; 0 H/in                 ; 0 F/in                 ; short        ; open          ; open            ; open  ; 0 V                 ; -                  ; n/a           ; n/a             ; n/a         ;
; LED_seg[2]    ; 2.5 V        ; 0 in              ; 0 H/in                  ; 0 F/in                  ; short         ; -                   ; open           ; open             ; open   ; 0 in             ; 0 H/in                 ; 0 F/in                 ; short        ; open          ; open            ; open  ; 0 V                 ; -                  ; n/a           ; n/a             ; n/a         ;
; LED_seg[3]    ; 2.5 V        ; 0 in              ; 0 H/in                  ; 0 F/in                  ; short         ; -                   ; open           ; open             ; open   ; 0 in             ; 0 H/in                 ; 0 F/in                 ; short        ; open          ; open            ; open  ; 0 V                 ; -                  ; n/a           ; n/a             ; n/a         ;
; LED_seg[4]    ; 2.5 V        ; 0 in              ; 0 H/in                  ; 0 F/in                  ; short         ; -                   ; open           ; open             ; open   ; 0 in             ; 0 H/in                 ; 0 F/in                 ; short        ; open          ; open            ; open  ; 0 V                 ; -                  ; n/a           ; n/a             ; n/a         ;
; LED_seg[5]    ; 2.5 V        ; 0 in              ; 0 H/in                  ; 0 F/in                  ; short         ; -                   ; open           ; open             ; open   ; 0 in             ; 0 H/in                 ; 0 F/in                 ; short        ; open          ; open            ; open  ; 0 V                 ; -                  ; n/a           ; n/a             ; n/a         ;
; LED_seg[6]    ; 2.5 V        ; 0 in              ; 0 H/in                  ; 0 F/in                  ; short         ; -                   ; open           ; open             ; open   ; 0 in             ; 0 H/in                 ; 0 F/in                 ; short        ; open          ; open            ; open  ; 0 V                 ; -                  ; n/a           ; n/a             ; n/a         ;
; LED_R[0]      ; 2.5 V        ; 0 in              ; 0 H/in                  ; 0 F/in                  ; short         ; -                   ; open           ; open             ; open   ; 0 in             ; 0 H/in                 ; 0 F/in                 ; short        ; open          ; open            ; open  ; 0 V                 ; -                  ; n/a           ; n/a             ; n/a         ;
; LED_R[1]      ; 2.5 V        ; 0 in              ; 0 H/in                  ; 0 F/in                  ; short         ; -                   ; open           ; open             ; open   ; 0 in             ; 0 H/in                 ; 0 F/in                 ; short        ; open          ; open            ; open  ; 0 V                 ; -                  ; n/a           ; n/a             ; n/a         ;
; LED_R[2]      ; 2.5 V        ; 0 in              ; 0 H/in                  ; 0 F/in                  ; short         ; -                   ; open           ; open             ; open   ; 0 in             ; 0 H/in                 ; 0 F/in                 ; short        ; open          ; open            ; open  ; 0 V                 ; -                  ; n/a           ; n/a             ; n/a         ;
; LED_R[3]      ; 2.5 V        ; 0 in              ; 0 H/in                  ; 0 F/in                  ; short         ; -                   ; open           ; open             ; open   ; 0 in             ; 0 H/in                 ; 0 F/in                 ; short        ; open          ; open            ; open  ; 0 V                 ; -                  ; n/a           ; n/a             ; n/a         ;
; LED_R[4]      ; 2.5 V        ; 0 in              ; 0 H/in                  ; 0 F/in                  ; short         ; -                   ; open           ; open             ; open   ; 0 in             ; 0 H/in                 ; 0 F/in                 ; short        ; open          ; open            ; open  ; 0 V                 ; -                  ; n/a           ; n/a             ; n/a         ;
; LED_R[5]      ; 2.5 V        ; 0 in              ; 0 H/in                  ; 0 F/in                  ; short         ; -                   ; open           ; open             ; open   ; 0 in             ; 0 H/in                 ; 0 F/in                 ; short        ; open          ; open            ; open  ; 0 V                 ; -                  ; n/a           ; n/a             ; n/a         ;
; LED_R[6]      ; 2.5 V        ; 0 in              ; 0 H/in                  ; 0 F/in                  ; short         ; -                   ; open           ; open             ; open   ; 0 in             ; 0 H/in                 ; 0 F/in                 ; short        ; open          ; open            ; open  ; 0 V                 ; -                  ; n/a           ; n/a             ; n/a         ;
; LED_R[7]      ; 2.5 V        ; 0 in              ; 0 H/in                  ; 0 F/in                  ; short         ; -                   ; open           ; open             ; open   ; 0 in             ; 0 H/in                 ; 0 F/in                 ; short        ; open          ; open            ; open  ; 0 V                 ; -                  ; n/a           ; n/a             ; n/a         ;
; LED_R[8]      ; 2.5 V        ; 0 in              ; 0 H/in                  ; 0 F/in                  ; short         ; -                   ; open           ; open             ; open   ; 0 in             ; 0 H/in                 ; 0 F/in                 ; short        ; open          ; open            ; open  ; 0 V                 ; -                  ; n/a           ; n/a             ; n/a         ;
; LED_R[9]      ; 2.5 V        ; 0 in              ; 0 H/in                  ; 0 F/in                  ; short         ; -                   ; open           ; open             ; open   ; 0 in             ; 0 H/in                 ; 0 F/in                 ; short        ; open          ; open            ; open  ; 0 V                 ; -                  ; n/a           ; n/a             ; n/a         ;
; UART_TX       ; 2.5 V        ; 0 in              ; 0 H/in                  ; 0 F/in                  ; short         ; -                   ; open           ; open             ; open   ; 0 in             ; 0 H/in                 ; 0 F/in                 ; short        ; open          ; open            ; open  ; 0 V                 ; -                  ; n/a           ; n/a             ; n/a         ;
; ~ALTERA_DCLK~ ; 2.5 V        ; 0 in              ; 0 H/in                  ; 0 F/in                  ; short         ; -                   ; open           ; open             ; open   ; 0 in             ; 0 H/in                 ; 0 F/in                 ; short        ; open          ; open            ; open  ; 0 V                 ; -                  ; n/a           ; n/a             ; n/a         ;
; ~ALTERA_nCEO~ ; 2.5 V        ; 0 in              ; 0 H/in                  ; 0 F/in                  ; short         ; -                   ; open           ; open             ; open   ; 0 in             ; 0 H/in                 ; 0 F/in                 ; short        ; open          ; open            ; open  ; 0 V                 ; -                  ; n/a           ; n/a             ; n/a         ;
+---------------+--------------+-------------------+-------------------------+-------------------------+---------------+---------------------+----------------+------------------+--------+------------------+------------------------+------------------------+--------------+---------------+-----------------+-------+---------------------+--------------------+---------------+-----------------+-------------+


+----------------------------------------------------------------------------+
; Input Transition Times                                                     ;
+-------------------------+--------------+-----------------+-----------------+
; Pin                     ; I/O Standard ; 10-90 Rise Time ; 90-10 Fall Time ;
+-------------------------+--------------+-----------------+-----------------+
; stop                    ; 2.5 V        ; 2000 ps         ; 2000 ps         ;
; clk                     ; 2.5 V        ; 2000 ps         ; 2000 ps         ;
; reset_n                 ; 2.5 V        ; 2000 ps         ; 2000 ps         ;
; start                   ; 2.5 V        ; 2000 ps         ; 2000 ps         ;
; UART_RX                 ; 2.5 V        ; 2000 ps         ; 2000 ps         ;
; ~ALTERA_ASDO_DATA1~     ; 2.5 V        ; 2000 ps         ; 2000 ps         ;
; ~ALTERA_FLASH_nCE_nCSO~ ; 2.5 V        ; 2000 ps         ; 2000 ps         ;
; ~ALTERA_DATA0~          ; 2.5 V        ; 2000 ps         ; 2000 ps         ;
+-------------------------+--------------+-----------------+-----------------+


+--------------------------------------------------------------------------------------------------------------------------------------------------------------------------------------------------------------------------------------------------------------------------------------------------------------------------------------------------------------------------------------------------------------------------------------------------------------------------------------------------------------------------------------------------------------------------------------------------------------------------------------------------------------------------------------------+
; Signal Integrity Metrics (Slow 1200mv 0c Model)                                                                                                                                                                                                                                                                                                                                                                                                                                                                                                                                                                                                                                            ;
+---------------+--------------+---------------------+---------------------+------------------------------+------------------------------+---------------------+---------------------+--------------------------------------+--------------------------------------+-----------------------------+-----------------------------+----------------------------+----------------------------+-----------------------------+-----------------------------+--------------------+--------------------+-------------------------------------+-------------------------------------+----------------------------+----------------------------+---------------------------+---------------------------+
; Pin           ; I/O Standard ; Board Delay on Rise ; Board Delay on Fall ; Steady State Voh at FPGA Pin ; Steady State Vol at FPGA Pin ; Voh Max at FPGA Pin ; Vol Min at FPGA Pin ; Ringback Voltage on Rise at FPGA Pin ; Ringback Voltage on Fall at FPGA Pin ; 10-90 Rise Time at FPGA Pin ; 90-10 Fall Time at FPGA Pin ; Monotonic Rise at FPGA Pin ; Monotonic Fall at FPGA Pin ; Steady State Voh at Far-end ; Steady State Vol at Far-end ; Voh Max at Far-end ; Vol Min at Far-end ; Ringback Voltage on Rise at Far-end ; Ringback Voltage on Fall at Far-end ; 10-90 Rise Time at Far-end ; 90-10 Fall Time at Far-end ; Monotonic Rise at Far-end ; Monotonic Fall at Far-end ;
+---------------+--------------+---------------------+---------------------+------------------------------+------------------------------+---------------------+---------------------+--------------------------------------+--------------------------------------+-----------------------------+-----------------------------+----------------------------+----------------------------+-----------------------------+-----------------------------+--------------------+--------------------+-------------------------------------+-------------------------------------+----------------------------+----------------------------+---------------------------+---------------------------+
; LED_seg[0]    ; 2.5 V        ; 0 s                 ; 0 s                 ; 2.32 V                       ; 4.49e-09 V                   ; 2.38 V              ; -0.00552 V          ; 0.096 V                              ; 0.019 V                              ; 4.18e-10 s                  ; 3.59e-10 s                  ; No                         ; Yes                        ; 2.32 V                      ; 4.49e-09 V                  ; 2.38 V             ; -0.00552 V         ; 0.096 V                             ; 0.019 V                             ; 4.18e-10 s                 ; 3.59e-10 s                 ; No                        ; Yes                       ;
; LED_seg[1]    ; 2.5 V        ; 0 s                 ; 0 s                 ; 2.32 V                       ; 4.49e-09 V                   ; 2.33 V              ; -0.00467 V          ; 0.226 V                              ; 0.087 V                              ; 2.91e-09 s                  ; 2.74e-09 s                  ; Yes                        ; Yes                        ; 2.32 V                      ; 4.49e-09 V                  ; 2.33 V             ; -0.00467 V         ; 0.226 V                             ; 0.087 V                             ; 2.91e-09 s                 ; 2.74e-09 s                 ; Yes                       ; Yes                       ;
; LED_seg[2]    ; 2.5 V        ; 0 s                 ; 0 s                 ; 2.32 V                       ; 4.49e-09 V                   ; 2.38 V              ; -0.00552 V          ; 0.096 V                              ; 0.019 V                              ; 4.18e-10 s                  ; 3.59e-10 s                  ; No                         ; Yes                        ; 2.32 V                      ; 4.49e-09 V                  ; 2.38 V             ; -0.00552 V         ; 0.096 V                             ; 0.019 V                             ; 4.18e-10 s                 ; 3.59e-10 s                 ; No                        ; Yes                       ;
; LED_seg[3]    ; 2.5 V        ; 0 s                 ; 0 s                 ; 2.32 V                       ; 3.07e-09 V                   ; 2.38 V              ; -0.0144 V           ; 0.227 V                              ; 0.024 V                              ; 3.14e-10 s                  ; 3.39e-10 s                  ; Yes                        ; Yes                        ; 2.32 V                      ; 3.07e-09 V                  ; 2.38 V             ; -0.0144 V          ; 0.227 V                             ; 0.024 V                             ; 3.14e-10 s                 ; 3.39e-10 s                 ; Yes                       ; Yes                       ;
; LED_seg[4]    ; 2.5 V        ; 0 s                 ; 0 s                 ; 2.32 V                       ; 3.07e-09 V                   ; 2.38 V              ; -0.0144 V           ; 0.227 V                              ; 0.024 V                              ; 3.14e-10 s                  ; 3.39e-10 s                  ; Yes                        ; Yes                        ; 2.32 V                      ; 3.07e-09 V                  ; 2.38 V             ; -0.0144 V          ; 0.227 V                             ; 0.024 V                             ; 3.14e-10 s                 ; 3.39e-10 s                 ; Yes                       ; Yes                       ;
; LED_seg[5]    ; 2.5 V        ; 0 s                 ; 0 s                 ; 2.32 V                       ; 3.07e-09 V                   ; 2.33 V              ; -0.00496 V          ; 0.223 V                              ; 0.086 V                              ; 2.9e-09 s                   ; 2.73e-09 s                  ; Yes                        ; Yes                        ; 2.32 V                      ; 3.07e-09 V                  ; 2.33 V             ; -0.00496 V         ; 0.223 V                             ; 0.086 V                             ; 2.9e-09 s                  ; 2.73e-09 s                 ; Yes                       ; Yes                       ;
; LED_seg[6]    ; 2.5 V        ; 0 s                 ; 0 s                 ; 2.32 V                       ; 3.07e-09 V                   ; 2.38 V              ; -0.0144 V           ; 0.227 V                              ; 0.024 V                              ; 3.14e-10 s                  ; 3.39e-10 s                  ; Yes                        ; Yes                        ; 2.32 V                      ; 3.07e-09 V                  ; 2.38 V             ; -0.0144 V          ; 0.227 V                             ; 0.024 V                             ; 3.14e-10 s                 ; 3.39e-10 s                 ; Yes                       ; Yes                       ;
; LED_R[0]      ; 2.5 V        ; 0 s                 ; 0 s                 ; 2.32 V                       ; 4.49e-09 V                   ; 2.38 V              ; -0.00552 V          ; 0.096 V                              ; 0.019 V                              ; 4.18e-10 s                  ; 3.59e-10 s                  ; No                         ; Yes                        ; 2.32 V                      ; 4.49e-09 V                  ; 2.38 V             ; -0.00552 V         ; 0.096 V                             ; 0.019 V                             ; 4.18e-10 s                 ; 3.59e-10 s                 ; No                        ; Yes                       ;
; LED_R[1]      ; 2.5 V        ; 0 s                 ; 0 s                 ; 2.32 V                       ; 4.49e-09 V                   ; 2.38 V              ; -0.00552 V          ; 0.096 V                              ; 0.019 V                              ; 4.18e-10 s                  ; 3.59e-10 s                  ; No                         ; Yes                        ; 2.32 V                      ; 4.49e-09 V                  ; 2.38 V             ; -0.00552 V         ; 0.096 V                             ; 0.019 V                             ; 4.18e-10 s                 ; 3.59e-10 s                 ; No                        ; Yes                       ;
; LED_R[2]      ; 2.5 V        ; 0 s                 ; 0 s                 ; 2.32 V                       ; 4.49e-09 V                   ; 2.38 V              ; -0.00552 V          ; 0.096 V                              ; 0.019 V                              ; 4.18e-10 s                  ; 3.59e-10 s                  ; No                         ; Yes                        ; 2.32 V                      ; 4.49e-09 V                  ; 2.38 V             ; -0.00552 V         ; 0.096 V                             ; 0.019 V                             ; 4.18e-10 s                 ; 3.59e-10 s                 ; No                        ; Yes                       ;
; LED_R[3]      ; 2.5 V        ; 0 s                 ; 0 s                 ; 2.32 V                       ; 4.49e-09 V                   ; 2.38 V              ; -0.00552 V          ; 0.096 V                              ; 0.019 V                              ; 4.18e-10 s                  ; 3.59e-10 s                  ; No                         ; Yes                        ; 2.32 V                      ; 4.49e-09 V                  ; 2.38 V             ; -0.00552 V         ; 0.096 V                             ; 0.019 V                             ; 4.18e-10 s                 ; 3.59e-10 s                 ; No                        ; Yes                       ;
; LED_R[4]      ; 2.5 V        ; 0 s                 ; 0 s                 ; 2.32 V                       ; 4.49e-09 V                   ; 2.38 V              ; -0.00552 V          ; 0.096 V                              ; 0.019 V                              ; 4.18e-10 s                  ; 3.59e-10 s                  ; No                         ; Yes                        ; 2.32 V                      ; 4.49e-09 V                  ; 2.38 V             ; -0.00552 V         ; 0.096 V                             ; 0.019 V                             ; 4.18e-10 s                 ; 3.59e-10 s                 ; No                        ; Yes                       ;
; LED_R[5]      ; 2.5 V        ; 0 s                 ; 0 s                 ; 2.32 V                       ; 4.49e-09 V                   ; 2.38 V              ; -0.00552 V          ; 0.096 V                              ; 0.019 V                              ; 4.18e-10 s                  ; 3.59e-10 s                  ; No                         ; Yes                        ; 2.32 V                      ; 4.49e-09 V                  ; 2.38 V             ; -0.00552 V         ; 0.096 V                             ; 0.019 V                             ; 4.18e-10 s                 ; 3.59e-10 s                 ; No                        ; Yes                       ;
; LED_R[6]      ; 2.5 V        ; 0 s                 ; 0 s                 ; 2.32 V                       ; 4.49e-09 V                   ; 2.38 V              ; -0.00552 V          ; 0.096 V                              ; 0.019 V                              ; 4.18e-10 s                  ; 3.59e-10 s                  ; No                         ; Yes                        ; 2.32 V                      ; 4.49e-09 V                  ; 2.38 V             ; -0.00552 V         ; 0.096 V                             ; 0.019 V                             ; 4.18e-10 s                 ; 3.59e-10 s                 ; No                        ; Yes                       ;
; LED_R[7]      ; 2.5 V        ; 0 s                 ; 0 s                 ; 2.32 V                       ; 4.49e-09 V                   ; 2.38 V              ; -0.00552 V          ; 0.096 V                              ; 0.019 V                              ; 4.18e-10 s                  ; 3.59e-10 s                  ; No                         ; Yes                        ; 2.32 V                      ; 4.49e-09 V                  ; 2.38 V             ; -0.00552 V         ; 0.096 V                             ; 0.019 V                             ; 4.18e-10 s                 ; 3.59e-10 s                 ; No                        ; Yes                       ;
; LED_R[8]      ; 2.5 V        ; 0 s                 ; 0 s                 ; 2.32 V                       ; 4.49e-09 V                   ; 2.38 V              ; -0.00552 V          ; 0.096 V                              ; 0.019 V                              ; 4.18e-10 s                  ; 3.59e-10 s                  ; No                         ; Yes                        ; 2.32 V                      ; 4.49e-09 V                  ; 2.38 V             ; -0.00552 V         ; 0.096 V                             ; 0.019 V                             ; 4.18e-10 s                 ; 3.59e-10 s                 ; No                        ; Yes                       ;
; LED_R[9]      ; 2.5 V        ; 0 s                 ; 0 s                 ; 2.32 V                       ; 4.49e-09 V                   ; 2.33 V              ; -0.00467 V          ; 0.226 V                              ; 0.087 V                              ; 2.91e-09 s                  ; 2.74e-09 s                  ; Yes                        ; Yes                        ; 2.32 V                      ; 4.49e-09 V                  ; 2.33 V             ; -0.00467 V         ; 0.226 V                             ; 0.087 V                             ; 2.91e-09 s                 ; 2.74e-09 s                 ; Yes                       ; Yes                       ;
; UART_TX       ; 2.5 V        ; 0 s                 ; 0 s                 ; 2.32 V                       ; 4.49e-09 V                   ; 2.33 V              ; -0.00467 V          ; 0.226 V                              ; 0.087 V                              ; 2.91e-09 s                  ; 2.74e-09 s                  ; Yes                        ; Yes                        ; 2.32 V                      ; 4.49e-09 V                  ; 2.33 V             ; -0.00467 V         ; 0.226 V                             ; 0.087 V                             ; 2.91e-09 s                 ; 2.74e-09 s                 ; Yes                       ; Yes                       ;
; ~ALTERA_DCLK~ ; 2.5 V        ; 0 s                 ; 0 s                 ; 2.32 V                       ; 2.67e-09 V                   ; 2.38 V              ; -0.0485 V           ; 0.167 V                              ; 0.096 V                              ; 2.95e-10 s                  ; 2.73e-10 s                  ; Yes                        ; Yes                        ; 2.32 V                      ; 2.67e-09 V                  ; 2.38 V             ; -0.0485 V          ; 0.167 V                             ; 0.096 V                             ; 2.95e-10 s                 ; 2.73e-10 s                 ; Yes                       ; Yes                       ;
; ~ALTERA_nCEO~ ; 2.5 V        ; 0 s                 ; 0 s                 ; 2.32 V                       ; 4.18e-09 V                   ; 2.38 V              ; -0.00483 V          ; 0.152 V                              ; 0.012 V                              ; 4.81e-10 s                  ; 6.29e-10 s                  ; Yes                        ; Yes                        ; 2.32 V                      ; 4.18e-09 V                  ; 2.38 V             ; -0.00483 V         ; 0.152 V                             ; 0.012 V                             ; 4.81e-10 s                 ; 6.29e-10 s                 ; Yes                       ; Yes                       ;
+---------------+--------------+---------------------+---------------------+------------------------------+------------------------------+---------------------+---------------------+--------------------------------------+--------------------------------------+-----------------------------+-----------------------------+----------------------------+----------------------------+-----------------------------+-----------------------------+--------------------+--------------------+-------------------------------------+-------------------------------------+----------------------------+----------------------------+---------------------------+---------------------------+


+--------------------------------------------------------------------------------------------------------------------------------------------------------------------------------------------------------------------------------------------------------------------------------------------------------------------------------------------------------------------------------------------------------------------------------------------------------------------------------------------------------------------------------------------------------------------------------------------------------------------------------------------------------------------------------------------+
; Signal Integrity Metrics (Slow 1200mv 85c Model)                                                                                                                                                                                                                                                                                                                                                                                                                                                                                                                                                                                                                                           ;
+---------------+--------------+---------------------+---------------------+------------------------------+------------------------------+---------------------+---------------------+--------------------------------------+--------------------------------------+-----------------------------+-----------------------------+----------------------------+----------------------------+-----------------------------+-----------------------------+--------------------+--------------------+-------------------------------------+-------------------------------------+----------------------------+----------------------------+---------------------------+---------------------------+
; Pin           ; I/O Standard ; Board Delay on Rise ; Board Delay on Fall ; Steady State Voh at FPGA Pin ; Steady State Vol at FPGA Pin ; Voh Max at FPGA Pin ; Vol Min at FPGA Pin ; Ringback Voltage on Rise at FPGA Pin ; Ringback Voltage on Fall at FPGA Pin ; 10-90 Rise Time at FPGA Pin ; 90-10 Fall Time at FPGA Pin ; Monotonic Rise at FPGA Pin ; Monotonic Fall at FPGA Pin ; Steady State Voh at Far-end ; Steady State Vol at Far-end ; Voh Max at Far-end ; Vol Min at Far-end ; Ringback Voltage on Rise at Far-end ; Ringback Voltage on Fall at Far-end ; 10-90 Rise Time at Far-end ; 90-10 Fall Time at Far-end ; Monotonic Rise at Far-end ; Monotonic Fall at Far-end ;
+---------------+--------------+---------------------+---------------------+------------------------------+------------------------------+---------------------+---------------------+--------------------------------------+--------------------------------------+-----------------------------+-----------------------------+----------------------------+----------------------------+-----------------------------+-----------------------------+--------------------+--------------------+-------------------------------------+-------------------------------------+----------------------------+----------------------------+---------------------------+---------------------------+
; LED_seg[0]    ; 2.5 V        ; 0 s                 ; 0 s                 ; 2.32 V                       ; 6.92e-07 V                   ; 2.35 V              ; -0.00996 V          ; 0.121 V                              ; 0.03 V                               ; 4.64e-10 s                  ; 4.47e-10 s                  ; Yes                        ; Yes                        ; 2.32 V                      ; 6.92e-07 V                  ; 2.35 V             ; -0.00996 V         ; 0.121 V                             ; 0.03 V                              ; 4.64e-10 s                 ; 4.47e-10 s                 ; Yes                       ; Yes                       ;
; LED_seg[1]    ; 2.5 V        ; 0 s                 ; 0 s                 ; 2.32 V                       ; 6.92e-07 V                   ; 2.33 V              ; -0.00265 V          ; 0.133 V                              ; 0.056 V                              ; 3.55e-09 s                  ; 3.31e-09 s                  ; Yes                        ; Yes                        ; 2.32 V                      ; 6.92e-07 V                  ; 2.33 V             ; -0.00265 V         ; 0.133 V                             ; 0.056 V                             ; 3.55e-09 s                 ; 3.31e-09 s                 ; Yes                       ; Yes                       ;
; LED_seg[2]    ; 2.5 V        ; 0 s                 ; 0 s                 ; 2.32 V                       ; 6.92e-07 V                   ; 2.35 V              ; -0.00996 V          ; 0.121 V                              ; 0.03 V                               ; 4.64e-10 s                  ; 4.47e-10 s                  ; Yes                        ; Yes                        ; 2.32 V                      ; 6.92e-07 V                  ; 2.35 V             ; -0.00996 V         ; 0.121 V                             ; 0.03 V                              ; 4.64e-10 s                 ; 4.47e-10 s                 ; Yes                       ; Yes                       ;
; LED_seg[3]    ; 2.5 V        ; 0 s                 ; 0 s                 ; 2.32 V                       ; 4.67e-07 V                   ; 2.36 V              ; -0.00552 V          ; 0.11 V                               ; 0.007 V                              ; 4.54e-10 s                  ; 4.35e-10 s                  ; Yes                        ; Yes                        ; 2.32 V                      ; 4.67e-07 V                  ; 2.36 V             ; -0.00552 V         ; 0.11 V                              ; 0.007 V                             ; 4.54e-10 s                 ; 4.35e-10 s                 ; Yes                       ; Yes                       ;
; LED_seg[4]    ; 2.5 V        ; 0 s                 ; 0 s                 ; 2.32 V                       ; 4.67e-07 V                   ; 2.36 V              ; -0.00552 V          ; 0.11 V                               ; 0.007 V                              ; 4.54e-10 s                  ; 4.35e-10 s                  ; Yes                        ; Yes                        ; 2.32 V                      ; 4.67e-07 V                  ; 2.36 V             ; -0.00552 V         ; 0.11 V                              ; 0.007 V                             ; 4.54e-10 s                 ; 4.35e-10 s                 ; Yes                       ; Yes                       ;
; LED_seg[5]    ; 2.5 V        ; 0 s                 ; 0 s                 ; 2.32 V                       ; 4.67e-07 V                   ; 2.33 V              ; -0.00269 V          ; 0.13 V                               ; 0.055 V                              ; 3.54e-09 s                  ; 3.29e-09 s                  ; Yes                        ; Yes                        ; 2.32 V                      ; 4.67e-07 V                  ; 2.33 V             ; -0.00269 V         ; 0.13 V                              ; 0.055 V                             ; 3.54e-09 s                 ; 3.29e-09 s                 ; Yes                       ; Yes                       ;
; LED_seg[6]    ; 2.5 V        ; 0 s                 ; 0 s                 ; 2.32 V                       ; 4.67e-07 V                   ; 2.36 V              ; -0.00552 V          ; 0.11 V                               ; 0.007 V                              ; 4.54e-10 s                  ; 4.35e-10 s                  ; Yes                        ; Yes                        ; 2.32 V                      ; 4.67e-07 V                  ; 2.36 V             ; -0.00552 V         ; 0.11 V                              ; 0.007 V                             ; 4.54e-10 s                 ; 4.35e-10 s                 ; Yes                       ; Yes                       ;
; LED_R[0]      ; 2.5 V        ; 0 s                 ; 0 s                 ; 2.32 V                       ; 6.92e-07 V                   ; 2.35 V              ; -0.00996 V          ; 0.121 V                              ; 0.03 V                               ; 4.64e-10 s                  ; 4.47e-10 s                  ; Yes                        ; Yes                        ; 2.32 V                      ; 6.92e-07 V                  ; 2.35 V             ; -0.00996 V         ; 0.121 V                             ; 0.03 V                              ; 4.64e-10 s                 ; 4.47e-10 s                 ; Yes                       ; Yes                       ;
; LED_R[1]      ; 2.5 V        ; 0 s                 ; 0 s                 ; 2.32 V                       ; 6.92e-07 V                   ; 2.35 V              ; -0.00996 V          ; 0.121 V                              ; 0.03 V                               ; 4.64e-10 s                  ; 4.47e-10 s                  ; Yes                        ; Yes                        ; 2.32 V                      ; 6.92e-07 V                  ; 2.35 V             ; -0.00996 V         ; 0.121 V                             ; 0.03 V                              ; 4.64e-10 s                 ; 4.47e-10 s                 ; Yes                       ; Yes                       ;
; LED_R[2]      ; 2.5 V        ; 0 s                 ; 0 s                 ; 2.32 V                       ; 6.92e-07 V                   ; 2.35 V              ; -0.00996 V          ; 0.121 V                              ; 0.03 V                               ; 4.64e-10 s                  ; 4.47e-10 s                  ; Yes                        ; Yes                        ; 2.32 V                      ; 6.92e-07 V                  ; 2.35 V             ; -0.00996 V         ; 0.121 V                             ; 0.03 V                              ; 4.64e-10 s                 ; 4.47e-10 s                 ; Yes                       ; Yes                       ;
; LED_R[3]      ; 2.5 V        ; 0 s                 ; 0 s                 ; 2.32 V                       ; 6.92e-07 V                   ; 2.35 V              ; -0.00996 V          ; 0.121 V                              ; 0.03 V                               ; 4.64e-10 s                  ; 4.47e-10 s                  ; Yes                        ; Yes                        ; 2.32 V                      ; 6.92e-07 V                  ; 2.35 V             ; -0.00996 V         ; 0.121 V                             ; 0.03 V                              ; 4.64e-10 s                 ; 4.47e-10 s                 ; Yes                       ; Yes                       ;
; LED_R[4]      ; 2.5 V        ; 0 s                 ; 0 s                 ; 2.32 V                       ; 6.92e-07 V                   ; 2.35 V              ; -0.00996 V          ; 0.121 V                              ; 0.03 V                               ; 4.64e-10 s                  ; 4.47e-10 s                  ; Yes                        ; Yes                        ; 2.32 V                      ; 6.92e-07 V                  ; 2.35 V             ; -0.00996 V         ; 0.121 V                             ; 0.03 V                              ; 4.64e-10 s                 ; 4.47e-10 s                 ; Yes                       ; Yes                       ;
; LED_R[5]      ; 2.5 V        ; 0 s                 ; 0 s                 ; 2.32 V                       ; 6.92e-07 V                   ; 2.35 V              ; -0.00996 V          ; 0.121 V                              ; 0.03 V                               ; 4.64e-10 s                  ; 4.47e-10 s                  ; Yes                        ; Yes                        ; 2.32 V                      ; 6.92e-07 V                  ; 2.35 V             ; -0.00996 V         ; 0.121 V                             ; 0.03 V                              ; 4.64e-10 s                 ; 4.47e-10 s                 ; Yes                       ; Yes                       ;
; LED_R[6]      ; 2.5 V        ; 0 s                 ; 0 s                 ; 2.32 V                       ; 6.92e-07 V                   ; 2.35 V              ; -0.00996 V          ; 0.121 V                              ; 0.03 V                               ; 4.64e-10 s                  ; 4.47e-10 s                  ; Yes                        ; Yes                        ; 2.32 V                      ; 6.92e-07 V                  ; 2.35 V             ; -0.00996 V         ; 0.121 V                             ; 0.03 V                              ; 4.64e-10 s                 ; 4.47e-10 s                 ; Yes                       ; Yes                       ;
; LED_R[7]      ; 2.5 V        ; 0 s                 ; 0 s                 ; 2.32 V                       ; 6.92e-07 V                   ; 2.35 V              ; -0.00996 V          ; 0.121 V                              ; 0.03 V                               ; 4.64e-10 s                  ; 4.47e-10 s                  ; Yes                        ; Yes                        ; 2.32 V                      ; 6.92e-07 V                  ; 2.35 V             ; -0.00996 V         ; 0.121 V                             ; 0.03 V                              ; 4.64e-10 s                 ; 4.47e-10 s                 ; Yes                       ; Yes                       ;
; LED_R[8]      ; 2.5 V        ; 0 s                 ; 0 s                 ; 2.32 V                       ; 6.92e-07 V                   ; 2.35 V              ; -0.00996 V          ; 0.121 V                              ; 0.03 V                               ; 4.64e-10 s                  ; 4.47e-10 s                  ; Yes                        ; Yes                        ; 2.32 V                      ; 6.92e-07 V                  ; 2.35 V             ; -0.00996 V         ; 0.121 V                             ; 0.03 V                              ; 4.64e-10 s                 ; 4.47e-10 s                 ; Yes                       ; Yes                       ;
; LED_R[9]      ; 2.5 V        ; 0 s                 ; 0 s                 ; 2.32 V                       ; 6.92e-07 V                   ; 2.33 V              ; -0.00265 V          ; 0.133 V                              ; 0.056 V                              ; 3.55e-09 s                  ; 3.31e-09 s                  ; Yes                        ; Yes                        ; 2.32 V                      ; 6.92e-07 V                  ; 2.33 V             ; -0.00265 V         ; 0.133 V                             ; 0.056 V                             ; 3.55e-09 s                 ; 3.31e-09 s                 ; Yes                       ; Yes                       ;
; UART_TX       ; 2.5 V        ; 0 s                 ; 0 s                 ; 2.32 V                       ; 6.92e-07 V                   ; 2.33 V              ; -0.00265 V          ; 0.133 V                              ; 0.056 V                              ; 3.55e-09 s                  ; 3.31e-09 s                  ; Yes                        ; Yes                        ; 2.32 V                      ; 6.92e-07 V                  ; 2.33 V             ; -0.00265 V         ; 0.133 V                             ; 0.056 V                             ; 3.55e-09 s                 ; 3.31e-09 s                 ; Yes                       ; Yes                       ;
; ~ALTERA_DCLK~ ; 2.5 V        ; 0 s                 ; 0 s                 ; 2.32 V                       ; 3.75e-07 V                   ; 2.35 V              ; -0.0109 V           ; 0.084 V                              ; 0.027 V                              ; 4.31e-10 s                  ; 3.61e-10 s                  ; Yes                        ; Yes                        ; 2.32 V                      ; 3.75e-07 V                  ; 2.35 V             ; -0.0109 V          ; 0.084 V                             ; 0.027 V                             ; 4.31e-10 s                 ; 3.61e-10 s                 ; Yes                       ; Yes                       ;
; ~ALTERA_nCEO~ ; 2.5 V        ; 0 s                 ; 0 s                 ; 2.32 V                       ; 6.15e-07 V                   ; 2.35 V              ; -0.00712 V          ; 0.093 V                              ; 0.02 V                               ; 6.21e-10 s                  ; 7.9e-10 s                   ; Yes                        ; Yes                        ; 2.32 V                      ; 6.15e-07 V                  ; 2.35 V             ; -0.00712 V         ; 0.093 V                             ; 0.02 V                              ; 6.21e-10 s                 ; 7.9e-10 s                  ; Yes                       ; Yes                       ;
+---------------+--------------+---------------------+---------------------+------------------------------+------------------------------+---------------------+---------------------+--------------------------------------+--------------------------------------+-----------------------------+-----------------------------+----------------------------+----------------------------+-----------------------------+-----------------------------+--------------------+--------------------+-------------------------------------+-------------------------------------+----------------------------+----------------------------+---------------------------+---------------------------+


+--------------------------------------------------------------------------------------------------------------------------------------------------------------------------------------------------------------------------------------------------------------------------------------------------------------------------------------------------------------------------------------------------------------------------------------------------------------------------------------------------------------------------------------------------------------------------------------------------------------------------------------------------------------------------------------------+
; Signal Integrity Metrics (Fast 1200mv 0c Model)                                                                                                                                                                                                                                                                                                                                                                                                                                                                                                                                                                                                                                            ;
+---------------+--------------+---------------------+---------------------+------------------------------+------------------------------+---------------------+---------------------+--------------------------------------+--------------------------------------+-----------------------------+-----------------------------+----------------------------+----------------------------+-----------------------------+-----------------------------+--------------------+--------------------+-------------------------------------+-------------------------------------+----------------------------+----------------------------+---------------------------+---------------------------+
; Pin           ; I/O Standard ; Board Delay on Rise ; Board Delay on Fall ; Steady State Voh at FPGA Pin ; Steady State Vol at FPGA Pin ; Voh Max at FPGA Pin ; Vol Min at FPGA Pin ; Ringback Voltage on Rise at FPGA Pin ; Ringback Voltage on Fall at FPGA Pin ; 10-90 Rise Time at FPGA Pin ; 90-10 Fall Time at FPGA Pin ; Monotonic Rise at FPGA Pin ; Monotonic Fall at FPGA Pin ; Steady State Voh at Far-end ; Steady State Vol at Far-end ; Voh Max at Far-end ; Vol Min at Far-end ; Ringback Voltage on Rise at Far-end ; Ringback Voltage on Fall at Far-end ; 10-90 Rise Time at Far-end ; 90-10 Fall Time at Far-end ; Monotonic Rise at Far-end ; Monotonic Fall at Far-end ;
+---------------+--------------+---------------------+---------------------+------------------------------+------------------------------+---------------------+---------------------+--------------------------------------+--------------------------------------+-----------------------------+-----------------------------+----------------------------+----------------------------+-----------------------------+-----------------------------+--------------------+--------------------+-------------------------------------+-------------------------------------+----------------------------+----------------------------+---------------------------+---------------------------+
; LED_seg[0]    ; 2.5 V        ; 0 s                 ; 0 s                 ; 2.62 V                       ; 4.05e-08 V                   ; 2.72 V              ; -0.0349 V           ; 0.173 V                              ; 0.1 V                                ; 2.72e-10 s                  ; 2.69e-10 s                  ; Yes                        ; Yes                        ; 2.62 V                      ; 4.05e-08 V                  ; 2.72 V             ; -0.0349 V          ; 0.173 V                             ; 0.1 V                               ; 2.72e-10 s                 ; 2.69e-10 s                 ; Yes                       ; Yes                       ;
; LED_seg[1]    ; 2.5 V        ; 0 s                 ; 0 s                 ; 2.62 V                       ; 4.05e-08 V                   ; 2.64 V              ; -0.0113 V           ; 0.208 V                              ; 0.179 V                              ; 2.38e-09 s                  ; 2.23e-09 s                  ; No                         ; Yes                        ; 2.62 V                      ; 4.05e-08 V                  ; 2.64 V             ; -0.0113 V          ; 0.208 V                             ; 0.179 V                             ; 2.38e-09 s                 ; 2.23e-09 s                 ; No                        ; Yes                       ;
; LED_seg[2]    ; 2.5 V        ; 0 s                 ; 0 s                 ; 2.62 V                       ; 4.05e-08 V                   ; 2.72 V              ; -0.0349 V           ; 0.173 V                              ; 0.1 V                                ; 2.72e-10 s                  ; 2.69e-10 s                  ; Yes                        ; Yes                        ; 2.62 V                      ; 4.05e-08 V                  ; 2.72 V             ; -0.0349 V          ; 0.173 V                             ; 0.1 V                               ; 2.72e-10 s                 ; 2.69e-10 s                 ; Yes                       ; Yes                       ;
; LED_seg[3]    ; 2.5 V        ; 0 s                 ; 0 s                 ; 2.62 V                       ; 2.74e-08 V                   ; 2.73 V              ; -0.0384 V           ; 0.169 V                              ; 0.089 V                              ; 2.7e-10 s                   ; 2.62e-10 s                  ; Yes                        ; Yes                        ; 2.62 V                      ; 2.74e-08 V                  ; 2.73 V             ; -0.0384 V          ; 0.169 V                             ; 0.089 V                             ; 2.7e-10 s                  ; 2.62e-10 s                 ; Yes                       ; Yes                       ;
; LED_seg[4]    ; 2.5 V        ; 0 s                 ; 0 s                 ; 2.62 V                       ; 2.74e-08 V                   ; 2.73 V              ; -0.0384 V           ; 0.169 V                              ; 0.089 V                              ; 2.7e-10 s                   ; 2.62e-10 s                  ; Yes                        ; Yes                        ; 2.62 V                      ; 2.74e-08 V                  ; 2.73 V             ; -0.0384 V          ; 0.169 V                             ; 0.089 V                             ; 2.7e-10 s                  ; 2.62e-10 s                 ; Yes                       ; Yes                       ;
; LED_seg[5]    ; 2.5 V        ; 0 s                 ; 0 s                 ; 2.62 V                       ; 2.74e-08 V                   ; 2.64 V              ; -0.0117 V           ; 0.202 V                              ; 0.176 V                              ; 2.38e-09 s                  ; 2.22e-09 s                  ; No                         ; Yes                        ; 2.62 V                      ; 2.74e-08 V                  ; 2.64 V             ; -0.0117 V          ; 0.202 V                             ; 0.176 V                             ; 2.38e-09 s                 ; 2.22e-09 s                 ; No                        ; Yes                       ;
; LED_seg[6]    ; 2.5 V        ; 0 s                 ; 0 s                 ; 2.62 V                       ; 2.74e-08 V                   ; 2.73 V              ; -0.0384 V           ; 0.169 V                              ; 0.089 V                              ; 2.7e-10 s                   ; 2.62e-10 s                  ; Yes                        ; Yes                        ; 2.62 V                      ; 2.74e-08 V                  ; 2.73 V             ; -0.0384 V          ; 0.169 V                             ; 0.089 V                             ; 2.7e-10 s                  ; 2.62e-10 s                 ; Yes                       ; Yes                       ;
; LED_R[0]      ; 2.5 V        ; 0 s                 ; 0 s                 ; 2.62 V                       ; 4.05e-08 V                   ; 2.72 V              ; -0.0349 V           ; 0.173 V                              ; 0.1 V                                ; 2.72e-10 s                  ; 2.69e-10 s                  ; Yes                        ; Yes                        ; 2.62 V                      ; 4.05e-08 V                  ; 2.72 V             ; -0.0349 V          ; 0.173 V                             ; 0.1 V                               ; 2.72e-10 s                 ; 2.69e-10 s                 ; Yes                       ; Yes                       ;
; LED_R[1]      ; 2.5 V        ; 0 s                 ; 0 s                 ; 2.62 V                       ; 4.05e-08 V                   ; 2.72 V              ; -0.0349 V           ; 0.173 V                              ; 0.1 V                                ; 2.72e-10 s                  ; 2.69e-10 s                  ; Yes                        ; Yes                        ; 2.62 V                      ; 4.05e-08 V                  ; 2.72 V             ; -0.0349 V          ; 0.173 V                             ; 0.1 V                               ; 2.72e-10 s                 ; 2.69e-10 s                 ; Yes                       ; Yes                       ;
; LED_R[2]      ; 2.5 V        ; 0 s                 ; 0 s                 ; 2.62 V                       ; 4.05e-08 V                   ; 2.72 V              ; -0.0349 V           ; 0.173 V                              ; 0.1 V                                ; 2.72e-10 s                  ; 2.69e-10 s                  ; Yes                        ; Yes                        ; 2.62 V                      ; 4.05e-08 V                  ; 2.72 V             ; -0.0349 V          ; 0.173 V                             ; 0.1 V                               ; 2.72e-10 s                 ; 2.69e-10 s                 ; Yes                       ; Yes                       ;
; LED_R[3]      ; 2.5 V        ; 0 s                 ; 0 s                 ; 2.62 V                       ; 4.05e-08 V                   ; 2.72 V              ; -0.0349 V           ; 0.173 V                              ; 0.1 V                                ; 2.72e-10 s                  ; 2.69e-10 s                  ; Yes                        ; Yes                        ; 2.62 V                      ; 4.05e-08 V                  ; 2.72 V             ; -0.0349 V          ; 0.173 V                             ; 0.1 V                               ; 2.72e-10 s                 ; 2.69e-10 s                 ; Yes                       ; Yes                       ;
; LED_R[4]      ; 2.5 V        ; 0 s                 ; 0 s                 ; 2.62 V                       ; 4.05e-08 V                   ; 2.72 V              ; -0.0349 V           ; 0.173 V                              ; 0.1 V                                ; 2.72e-10 s                  ; 2.69e-10 s                  ; Yes                        ; Yes                        ; 2.62 V                      ; 4.05e-08 V                  ; 2.72 V             ; -0.0349 V          ; 0.173 V                             ; 0.1 V                               ; 2.72e-10 s                 ; 2.69e-10 s                 ; Yes                       ; Yes                       ;
; LED_R[5]      ; 2.5 V        ; 0 s                 ; 0 s                 ; 2.62 V                       ; 4.05e-08 V                   ; 2.72 V              ; -0.0349 V           ; 0.173 V                              ; 0.1 V                                ; 2.72e-10 s                  ; 2.69e-10 s                  ; Yes                        ; Yes                        ; 2.62 V                      ; 4.05e-08 V                  ; 2.72 V             ; -0.0349 V          ; 0.173 V                             ; 0.1 V                               ; 2.72e-10 s                 ; 2.69e-10 s                 ; Yes                       ; Yes                       ;
; LED_R[6]      ; 2.5 V        ; 0 s                 ; 0 s                 ; 2.62 V                       ; 4.05e-08 V                   ; 2.72 V              ; -0.0349 V           ; 0.173 V                              ; 0.1 V                                ; 2.72e-10 s                  ; 2.69e-10 s                  ; Yes                        ; Yes                        ; 2.62 V                      ; 4.05e-08 V                  ; 2.72 V             ; -0.0349 V          ; 0.173 V                             ; 0.1 V                               ; 2.72e-10 s                 ; 2.69e-10 s                 ; Yes                       ; Yes                       ;
; LED_R[7]      ; 2.5 V        ; 0 s                 ; 0 s                 ; 2.62 V                       ; 4.05e-08 V                   ; 2.72 V              ; -0.0349 V           ; 0.173 V                              ; 0.1 V                                ; 2.72e-10 s                  ; 2.69e-10 s                  ; Yes                        ; Yes                        ; 2.62 V                      ; 4.05e-08 V                  ; 2.72 V             ; -0.0349 V          ; 0.173 V                             ; 0.1 V                               ; 2.72e-10 s                 ; 2.69e-10 s                 ; Yes                       ; Yes                       ;
; LED_R[8]      ; 2.5 V        ; 0 s                 ; 0 s                 ; 2.62 V                       ; 4.05e-08 V                   ; 2.72 V              ; -0.0349 V           ; 0.173 V                              ; 0.1 V                                ; 2.72e-10 s                  ; 2.69e-10 s                  ; Yes                        ; Yes                        ; 2.62 V                      ; 4.05e-08 V                  ; 2.72 V             ; -0.0349 V          ; 0.173 V                             ; 0.1 V                               ; 2.72e-10 s                 ; 2.69e-10 s                 ; Yes                       ; Yes                       ;
; LED_R[9]      ; 2.5 V        ; 0 s                 ; 0 s                 ; 2.62 V                       ; 4.05e-08 V                   ; 2.64 V              ; -0.0113 V           ; 0.208 V                              ; 0.179 V                              ; 2.38e-09 s                  ; 2.23e-09 s                  ; No                         ; Yes                        ; 2.62 V                      ; 4.05e-08 V                  ; 2.64 V             ; -0.0113 V          ; 0.208 V                             ; 0.179 V                             ; 2.38e-09 s                 ; 2.23e-09 s                 ; No                        ; Yes                       ;
; UART_TX       ; 2.5 V        ; 0 s                 ; 0 s                 ; 2.62 V                       ; 4.05e-08 V                   ; 2.64 V              ; -0.0113 V           ; 0.208 V                              ; 0.179 V                              ; 2.38e-09 s                  ; 2.23e-09 s                  ; No                         ; Yes                        ; 2.62 V                      ; 4.05e-08 V                  ; 2.64 V             ; -0.0113 V          ; 0.208 V                             ; 0.179 V                             ; 2.38e-09 s                 ; 2.23e-09 s                 ; No                        ; Yes                       ;
; ~ALTERA_DCLK~ ; 2.5 V        ; 0 s                 ; 0 s                 ; 2.62 V                       ; 2.22e-08 V                   ; 2.74 V              ; -0.06 V             ; 0.158 V                              ; 0.08 V                               ; 2.68e-10 s                  ; 2.19e-10 s                  ; Yes                        ; Yes                        ; 2.62 V                      ; 2.22e-08 V                  ; 2.74 V             ; -0.06 V            ; 0.158 V                             ; 0.08 V                              ; 2.68e-10 s                 ; 2.19e-10 s                 ; Yes                       ; Yes                       ;
; ~ALTERA_nCEO~ ; 2.5 V        ; 0 s                 ; 0 s                 ; 2.62 V                       ; 3.54e-08 V                   ; 2.7 V               ; -0.00943 V          ; 0.276 V                              ; 0.035 V                              ; 3.19e-10 s                  ; 4.99e-10 s                  ; No                         ; Yes                        ; 2.62 V                      ; 3.54e-08 V                  ; 2.7 V              ; -0.00943 V         ; 0.276 V                             ; 0.035 V                             ; 3.19e-10 s                 ; 4.99e-10 s                 ; No                        ; Yes                       ;
+---------------+--------------+---------------------+---------------------+------------------------------+------------------------------+---------------------+---------------------+--------------------------------------+--------------------------------------+-----------------------------+-----------------------------+----------------------------+----------------------------+-----------------------------+-----------------------------+--------------------+--------------------+-------------------------------------+-------------------------------------+----------------------------+----------------------------+---------------------------+---------------------------+


+---------------------------------------------------------------------------------------------------------------------------------------------------+
; Setup Transfers                                                                                                                                   ;
+---------------------------------------------------+---------------------------------------------------+----------+----------+----------+----------+
; From Clock                                        ; To Clock                                          ; RR Paths ; FR Paths ; RF Paths ; FF Paths ;
+---------------------------------------------------+---------------------------------------------------+----------+----------+----------+----------+
; clk                                               ; clk                                               ; 151310   ; 0        ; 0        ; 0        ;
; u_pll|altpll_component|auto_generated|pll1|clk[0] ; clk                                               ; 18785726 ; 0        ; 0        ; 0        ;
; uartWrite:u5|clock                                ; clk                                               ; 32       ; 1        ; 0        ; 0        ;
; clk                                               ; u_pll|altpll_component|auto_generated|pll1|clk[0] ; 955      ; 0        ; 0        ; 0        ;
; clk                                               ; uartWrite:u5|clock                                ; 23       ; 0        ; 0        ; 0        ;
; uartWrite:u5|clock                                ; uartWrite:u5|clock                                ; 28       ; 0        ; 0        ; 0        ;
+---------------------------------------------------+---------------------------------------------------+----------+----------+----------+----------+
Entries labeled "false path" only account for clock-to-clock false paths and not path-based false paths. As a result, actual path counts may be lower than reported.


+---------------------------------------------------------------------------------------------------------------------------------------------------+
; Hold Transfers                                                                                                                                    ;
+---------------------------------------------------+---------------------------------------------------+----------+----------+----------+----------+
; From Clock                                        ; To Clock                                          ; RR Paths ; FR Paths ; RF Paths ; FF Paths ;
+---------------------------------------------------+---------------------------------------------------+----------+----------+----------+----------+
; clk                                               ; clk                                               ; 151310   ; 0        ; 0        ; 0        ;
; u_pll|altpll_component|auto_generated|pll1|clk[0] ; clk                                               ; 18785726 ; 0        ; 0        ; 0        ;
; uartWrite:u5|clock                                ; clk                                               ; 32       ; 1        ; 0        ; 0        ;
; clk                                               ; u_pll|altpll_component|auto_generated|pll1|clk[0] ; 955      ; 0        ; 0        ; 0        ;
; clk                                               ; uartWrite:u5|clock                                ; 23       ; 0        ; 0        ; 0        ;
; uartWrite:u5|clock                                ; uartWrite:u5|clock                                ; 28       ; 0        ; 0        ; 0        ;
+---------------------------------------------------+---------------------------------------------------+----------+----------+----------+----------+
Entries labeled "false path" only account for clock-to-clock false paths and not path-based false paths. As a result, actual path counts may be lower than reported.


---------------
; Report TCCS ;
---------------
No dedicated SERDES Transmitter circuitry present in device or used in design


---------------
; Report RSKM ;
---------------
No non-DPA dedicated SERDES Receiver circuitry present in device or used in design


+------------------------------------------------+
; Unconstrained Paths Summary                    ;
+---------------------------------+-------+------+
; Property                        ; Setup ; Hold ;
+---------------------------------+-------+------+
; Illegal Clocks                  ; 0     ; 0    ;
; Unconstrained Clocks            ; 0     ; 0    ;
; Unconstrained Input Ports       ; 3     ; 3    ;
; Unconstrained Input Port Paths  ; 859   ; 859  ;
; Unconstrained Output Ports      ; 18    ; 18   ;
; Unconstrained Output Port Paths ; 39    ; 39   ;
+---------------------------------+-------+------+


+---------------------------------------------------------------------------------------------------------------------------------+
; Clock Status Summary                                                                                                            ;
+---------------------------------------------------+---------------------------------------------------+-----------+-------------+
; Target                                            ; Clock                                             ; Type      ; Status      ;
+---------------------------------------------------+---------------------------------------------------+-----------+-------------+
; clk                                               ; clk                                               ; Base      ; Constrained ;
; u_pll|altpll_component|auto_generated|pll1|clk[0] ; u_pll|altpll_component|auto_generated|pll1|clk[0] ; Generated ; Constrained ;
; uartWrite:u5|clock                                ; uartWrite:u5|clock                                ; Base      ; Constrained ;
+---------------------------------------------------+---------------------------------------------------+-----------+-------------+


+---------------------------------------------------------------------------------------------------+
; Unconstrained Input Ports                                                                         ;
+------------+--------------------------------------------------------------------------------------+
; Input Port ; Comment                                                                              ;
+------------+--------------------------------------------------------------------------------------+
; UART_RX    ; No input delay, min/max delays, false-path exceptions, or max skew assignments found ;
; reset_n    ; No input delay, min/max delays, false-path exceptions, or max skew assignments found ;
; start      ; No input delay, min/max delays, false-path exceptions, or max skew assignments found ;
+------------+--------------------------------------------------------------------------------------+


+-----------------------------------------------------------------------------------------------------+
; Unconstrained Output Ports                                                                          ;
+-------------+---------------------------------------------------------------------------------------+
; Output Port ; Comment                                                                               ;
+-------------+---------------------------------------------------------------------------------------+
; LED_R[0]    ; No output delay, min/max delays, false-path exceptions, or max skew assignments found ;
; LED_R[1]    ; No output delay, min/max delays, false-path exceptions, or max skew assignments found ;
; LED_R[2]    ; No output delay, min/max delays, false-path exceptions, or max skew assignments found ;
; LED_R[3]    ; No output delay, min/max delays, false-path exceptions, or max skew assignments found ;
; LED_R[4]    ; No output delay, min/max delays, false-path exceptions, or max skew assignments found ;
; LED_R[5]    ; No output delay, min/max delays, false-path exceptions, or max skew assignments found ;
; LED_R[6]    ; No output delay, min/max delays, false-path exceptions, or max skew assignments found ;
; LED_R[7]    ; No output delay, min/max delays, false-path exceptions, or max skew assignments found ;
; LED_R[8]    ; No output delay, min/max delays, false-path exceptions, or max skew assignments found ;
; LED_R[9]    ; No output delay, min/max delays, false-path exceptions, or max skew assignments found ;
; LED_seg[0]  ; No output delay, min/max delays, false-path exceptions, or max skew assignments found ;
; LED_seg[1]  ; No output delay, min/max delays, false-path exceptions, or max skew assignments found ;
; LED_seg[2]  ; No output delay, min/max delays, false-path exceptions, or max skew assignments found ;
; LED_seg[3]  ; No output delay, min/max delays, false-path exceptions, or max skew assignments found ;
; LED_seg[4]  ; No output delay, min/max delays, false-path exceptions, or max skew assignments found ;
; LED_seg[5]  ; No output delay, min/max delays, false-path exceptions, or max skew assignments found ;
; LED_seg[6]  ; No output delay, min/max delays, false-path exceptions, or max skew assignments found ;
; UART_TX     ; No output delay, min/max delays, false-path exceptions, or max skew assignments found ;
+-------------+---------------------------------------------------------------------------------------+


+---------------------------------------------------------------------------------------------------+
; Unconstrained Input Ports                                                                         ;
+------------+--------------------------------------------------------------------------------------+
; Input Port ; Comment                                                                              ;
+------------+--------------------------------------------------------------------------------------+
; UART_RX    ; No input delay, min/max delays, false-path exceptions, or max skew assignments found ;
; reset_n    ; No input delay, min/max delays, false-path exceptions, or max skew assignments found ;
; start      ; No input delay, min/max delays, false-path exceptions, or max skew assignments found ;
+------------+--------------------------------------------------------------------------------------+


+-----------------------------------------------------------------------------------------------------+
; Unconstrained Output Ports                                                                          ;
+-------------+---------------------------------------------------------------------------------------+
; Output Port ; Comment                                                                               ;
+-------------+---------------------------------------------------------------------------------------+
; LED_R[0]    ; No output delay, min/max delays, false-path exceptions, or max skew assignments found ;
; LED_R[1]    ; No output delay, min/max delays, false-path exceptions, or max skew assignments found ;
; LED_R[2]    ; No output delay, min/max delays, false-path exceptions, or max skew assignments found ;
; LED_R[3]    ; No output delay, min/max delays, false-path exceptions, or max skew assignments found ;
; LED_R[4]    ; No output delay, min/max delays, false-path exceptions, or max skew assignments found ;
; LED_R[5]    ; No output delay, min/max delays, false-path exceptions, or max skew assignments found ;
; LED_R[6]    ; No output delay, min/max delays, false-path exceptions, or max skew assignments found ;
; LED_R[7]    ; No output delay, min/max delays, false-path exceptions, or max skew assignments found ;
; LED_R[8]    ; No output delay, min/max delays, false-path exceptions, or max skew assignments found ;
; LED_R[9]    ; No output delay, min/max delays, false-path exceptions, or max skew assignments found ;
; LED_seg[0]  ; No output delay, min/max delays, false-path exceptions, or max skew assignments found ;
; LED_seg[1]  ; No output delay, min/max delays, false-path exceptions, or max skew assignments found ;
; LED_seg[2]  ; No output delay, min/max delays, false-path exceptions, or max skew assignments found ;
; LED_seg[3]  ; No output delay, min/max delays, false-path exceptions, or max skew assignments found ;
; LED_seg[4]  ; No output delay, min/max delays, false-path exceptions, or max skew assignments found ;
; LED_seg[5]  ; No output delay, min/max delays, false-path exceptions, or max skew assignments found ;
; LED_seg[6]  ; No output delay, min/max delays, false-path exceptions, or max skew assignments found ;
; UART_TX     ; No output delay, min/max delays, false-path exceptions, or max skew assignments found ;
+-------------+---------------------------------------------------------------------------------------+


+------------------------------------+
; TimeQuest Timing Analyzer Messages ;
+------------------------------------+
Info: *******************************************************************
Info: Running Quartus Prime TimeQuest Timing Analyzer
    Info: Version 17.1.0 Build 590 10/25/2017 SJ Lite Edition
    Info: Processing started: Fri Sep 18 13:41:35 2026
Info: Command: quartus_sta top -c top
Info: qsta_default_script.tcl version: #3
Warning (18236): Number of processors has not been specified which may cause overloading on shared machines.  Set the global assignment NUM_PARALLEL_PROCESSORS in your QSF to an appropriate value for best performance.
Info (20030): Parallel compilation is enabled and will use 4 of the 4 processors detected
Info (21077): Low junction temperature is 0 degrees C
Info (21077): High junction temperature is 85 degrees C
Critical Warning (332012): Synopsys Design Constraints File file not found: 'top.sdc'. A Synopsys Design Constraints File is required by the TimeQuest Timing Analyzer to get proper timing constraints. Without it, the Compiler will not properly optimize the design.
Info (332142): No user constrained generated clocks found in the design. Calling "derive_pll_clocks -create_base_clocks"
Info (332110): Deriving PLL clocks
    Info (332110): create_clock -period 20.000 -waveform {0.000 10.000} -name clk clk
    Info (332110): create_generated_clock -source {u_pll|altpll_component|auto_generated|pll1|inclk[0]} -multiply_by 2 -duty_cycle 50.00 -name {u_pll|altpll_component|auto_generated|pll1|clk[0]} {u_pll|altpll_component|auto_generated|pll1|clk[0]}
Info (332142): No user constrained base clocks found in the design. Calling "derive_clocks -period 1.0"
Info (332105): Deriving Clocks
    Info (332105): create_clock -period 1.000 -name uartWrite:u5|clock uartWrite:u5|clock
Info (332143): No user constrained clock uncertainty found in the design. Calling "derive_clock_uncertainty"
Info (332123): Deriving Clock Uncertainty. Please refer to report_sdc in TimeQuest to see clock uncertainties.
Info: Found TIMEQUEST_REPORT_SCRIPT_INCLUDE_DEFAULT_ANALYSIS = ON
Info: Analyzing Slow 1200mV 85C Model
Critical Warning (332148): Timing requirements not met
    Info (11105): For recommendations on closing timing, run Report Timing Closure Recommendations in the TimeQuest Timing Analyzer.
Info (332146): Worst-case setup slack is -5.408
    Info (332119):     Slack       End Point TNS Clock 
    Info (332119): ========= =================== =====================
    Info (332119):    -5.408            -242.791 clk 
    Info (332119):    -1.568             -11.760 uartWrite:u5|clock 
    Info (332119):     2.085               0.000 u_pll|altpll_component|auto_generated|pll1|clk[0] 
Info (332146): Worst-case hold slack is 0.376
    Info (332119):     Slack       End Point TNS Clock 
    Info (332119): ========= =================== =====================
    Info (332119):     0.376               0.000 clk 
    Info (332119):     0.402               0.000 uartWrite:u5|clock 
    Info (332119):     2.928               0.000 u_pll|altpll_component|auto_generated|pll1|clk[0] 
Info (332140): No Recovery paths to report
Info (332140): No Removal paths to report
Info (332146): Worst-case minimum pulse width slack is -1.285
    Info (332119):     Slack       End Point TNS Clock 
    Info (332119): ========= =================== =====================
    Info (332119):    -1.285             -19.275 uartWrite:u5|clock 
    Info (332119):     4.750               0.000 u_pll|altpll_component|auto_generated|pll1|clk[0] 
    Info (332119):     9.629               0.000 clk 
Info (332114): Report Metastability: Found 129 synchronizer chains.
    Info (332114): The design MTBF is not calculated because there are no specified synchronizers in the design.
    Info (332114): Number of Synchronizer Chains Found: 129
    Info (332114): Shortest Synchronizer Chain: 2 Registers
    Info (332114): Fraction of Chains for which MTBFs Could Not be Calculated: 1.000
    Info (332114): Worst Case Available Settling Time: 4.202 ns
    Info (332114): 
Info: Analyzing Slow 1200mV 0C Model
Info (334003): Started post-fitting delay annotation
Info (334004): Delay annotation completed successfully
Info (332123): Deriving Clock Uncertainty. Please refer to report_sdc in TimeQuest to see clock uncertainties.
Critical Warning (332148): Timing requirements not met
    Info (11105): For recommendations on closing timing, run Report Timing Closure Recommendations in the TimeQuest Timing Analyzer.
Info (332146): Worst-case setup slack is -4.157
    Info (332119):     Slack       End Point TNS Clock 
    Info (332119): ========= =================== =====================
    Info (332119):    -4.157            -167.380 clk 
    Info (332119):    -1.350              -9.756 uartWrite:u5|clock 
    Info (332119):     2.729               0.000 u_pll|altpll_component|auto_generated|pll1|clk[0] 
Info (332146): Worst-case hold slack is 0.352
    Info (332119):     Slack       End Point TNS Clock 
    Info (332119): ========= =================== =====================
    Info (332119):     0.352               0.000 clk 
    Info (332119):     0.354               0.000 uartWrite:u5|clock 
    Info (332119):     2.591               0.000 u_pll|altpll_component|auto_generated|pll1|clk[0] 
Info (332140): No Recovery paths to report
Info (332140): No Removal paths to report
Info (332146): Worst-case minimum pulse width slack is -1.285
    Info (332119):     Slack       End Point TNS Clock 
    Info (332119): ========= =================== =====================
    Info (332119):    -1.285             -19.275 uartWrite:u5|clock 
    Info (332119):     4.752               0.000 u_pll|altpll_component|auto_generated|pll1|clk[0] 
    Info (332119):     9.647               0.000 clk 
Info (332114): Report Metastability: Found 129 synchronizer chains.
    Info (332114): The design MTBF is not calculated because there are no specified synchronizers in the design.
    Info (332114): Number of Synchronizer Chains Found: 129
    Info (332114): Shortest Synchronizer Chain: 2 Registers
    Info (332114): Fraction of Chains for which MTBFs Could Not be Calculated: 1.000
    Info (332114): Worst Case Available Settling Time: 4.763 ns
    Info (332114): 
Info: Analyzing Fast 1200mV 0C Model
Info (332123): Deriving Clock Uncertainty. Please refer to report_sdc in TimeQuest to see clock uncertainties.
Critical Warning (332148): Timing requirements not met
    Info (11105): For recommendations on closing timing, run Report Timing Closure Recommendations in the TimeQuest Timing Analyzer.
Info (332146): Worst-case setup slack is -0.429
    Info (332119):     Slack       End Point TNS Clock 
    Info (332119): ========= =================== =====================
    Info (332119):    -0.429              -4.873 clk 
    Info (332119):    -0.281              -0.281 uartWrite:u5|clock 
    Info (332119):     5.556               0.000 u_pll|altpll_component|auto_generated|pll1|clk[0] 
Info (332146): Worst-case hold slack is 0.145
    Info (332119):     Slack       End Point TNS Clock 
    Info (332119): ========= =================== =====================
    Info (332119):     0.145               0.000 clk 
    Info (332119):     0.180               0.000 uartWrite:u5|clock 
    Info (332119):     1.523               0.000 u_pll|altpll_component|auto_generated|pll1|clk[0] 
Info (332140): No Recovery paths to report
Info (332140): No Removal paths to report
Info (332146): Worst-case minimum pulse width slack is -1.000
    Info (332119):     Slack       End Point TNS Clock 
    Info (332119): ========= =================== =====================
    Info (332119):    -1.000             -15.000 uartWrite:u5|clock 
    Info (332119):     4.751               0.000 u_pll|altpll_component|auto_generated|pll1|clk[0] 
    Info (332119):     9.372               0.000 clk 
Info (332114): Report Metastability: Found 129 synchronizer chains.
    Info (332114): The design MTBF is not calculated because there are no specified synchronizers in the design.
    Info (332114): Number of Synchronizer Chains Found: 129
    Info (332114): Shortest Synchronizer Chain: 2 Registers
    Info (332114): Fraction of Chains for which MTBFs Could Not be Calculated: 1.000
    Info (332114): Worst Case Available Settling Time: 6.746 ns
    Info (332114): 
Info (332102): Design is not fully constrained for setup requirements
Info (332102): Design is not fully constrained for hold requirements
Info: Quartus Prime TimeQuest Timing Analyzer was successful. 0 errors, 5 warnings
    Info: Peak virtual memory: 4871 megabytes
    Info: Processing ended: Fri Sep 18 13:41:37 2026
    Info: Elapsed time: 00:00:02
    Info: Total CPU time (on all processors): 00:00:03


